solid JSCAD
facet normal -0.9995078940006696 -0.03136829339231726 0
outer loop
vertex 5.474368 2.912106666666667 1.9999573333333336
vertex 5.474368 2.912106666666667 0
vertex 5.485162666666667 2.5681493333333334 0
endloop
endfacet
facet normal -0.9995078940006696 -0.03136829339231726 0
outer loop
vertex 5.474368 2.912106666666667 1.9999573333333336
vertex 5.485162666666667 2.5681493333333334 0
vertex 5.485162666666667 2.5681493333333334 1.9999573333333336
endloop
endfacet
facet normal -0.03136829339231726 -0.9995078940006696 0
outer loop
vertex 2.5681493333333334 5.485162666666667 1.9999573333333336
vertex 2.5681493333333334 5.485162666666667 0
vertex 2.912106666666667 5.474368 0
endloop
endfacet
facet normal -0.03136829339231726 -0.9995078940006696 0
outer loop
vertex 2.5681493333333334 5.485162666666667 1.9999573333333336
vertex 2.912106666666667 5.474368 0
vertex 2.912106666666667 5.474368 1.9999573333333336
endloop
endfacet
facet normal -0.995559348542323 -0.09413598424611827 0
outer loop
vertex 5.458176000000001 3.0833493333333335 0
vertex 5.474368 2.912106666666667 0
vertex 5.474368 2.912106666666667 1.9999573333333336
endloop
endfacet
facet normal -0.995559348542323 -0.09413598424611827 0
outer loop
vertex 5.458176000000001 3.0833493333333335 0
vertex 5.474368 2.912106666666667 1.9999573333333336
vertex 5.458176000000001 3.0833493333333335 1.9999573333333336
endloop
endfacet
facet normal -0.09413598424611827 -0.995559348542323 0
outer loop
vertex 3.0833493333333335 5.458176000000001 1.9999573333333336
vertex 2.912106666666667 5.474368 1.9999573333333336
vertex 2.912106666666667 5.474368 0
endloop
endfacet
facet normal -0.09413598424611827 -0.995559348542323 0
outer loop
vertex 3.0833493333333335 5.458176000000001 1.9999573333333336
vertex 2.912106666666667 5.474368 0
vertex 3.0833493333333335 5.458176000000001 0
endloop
endfacet
facet normal -0.27923401188551583 -0.9602230816879583 0
outer loop
vertex 3.421418666666667 5.393898666666667 0
vertex 3.586773333333334 5.345813333333334 0
vertex 3.586773333333334 5.345813333333334 1.9999573333333336
endloop
endfacet
facet normal -0.27923401188551583 -0.9602230816879583 0
outer loop
vertex 3.421418666666667 5.393898666666667 0
vertex 3.586773333333334 5.345813333333334 1.9999573333333336
vertex 3.421418666666667 5.393898666666667 1.9999573333333336
endloop
endfacet
facet normal -0.9602230816879583 -0.27923401188551583 0
outer loop
vertex 5.393898666666667 3.421418666666667 1.9999573333333336
vertex 5.345813333333334 3.586773333333334 1.9999573333333336
vertex 5.345813333333334 3.586773333333334 0
endloop
endfacet
facet normal -0.9602230816879583 -0.27923401188551583 0
outer loop
vertex 5.393898666666667 3.421418666666667 1.9999573333333336
vertex 5.345813333333334 3.586773333333334 0
vertex 5.393898666666667 3.421418666666667 0
endloop
endfacet
facet normal -0.9881164523796757 -0.1537070037035272 -0.00018316410086747893
outer loop
vertex 5.441493333333334 3.1893333333333334 0.9999786666666668
vertex 5.43168 3.253610666666667 0
vertex 5.435114666666667 3.231530666666667 0
endloop
endfacet
facet normal -0.9881054063068898 -0.15377799369676923 -0.00018623021390233225
outer loop
vertex 5.441493333333334 3.1893333333333334 0.9999786666666668
vertex 5.435114666666667 3.231530666666667 0
vertex 5.458176000000001 3.0833493333333335 0
endloop
endfacet
facet normal -0.9878370155952199 -0.15549286356591818 0
outer loop
vertex 5.441493333333334 3.1893333333333334 0.9999786666666668
vertex 5.458176000000001 3.0833493333333335 0
vertex 5.458176000000001 3.0833493333333335 1.9999573333333336
endloop
endfacet
facet normal -0.9881054063068898 -0.15377799369676923 0.00018623021390233225
outer loop
vertex 5.441493333333334 3.1893333333333334 0.9999786666666668
vertex 5.458176000000001 3.0833493333333335 1.9999573333333336
vertex 5.435114666666667 3.231530666666667 1.9999573333333336
endloop
endfacet
facet normal -0.9881164523796757 -0.1537070037035272 0.00018316410086747893
outer loop
vertex 5.441493333333334 3.1893333333333334 0.9999786666666668
vertex 5.435114666666667 3.231530666666667 1.9999573333333336
vertex 5.43168 3.253610666666667 1.9999573333333336
endloop
endfacet
facet normal -0.9885455244236248 -0.15092298082803912 0
outer loop
vertex 5.441493333333334 3.1893333333333334 0.9999786666666668
vertex 5.43168 3.253610666666667 1.9999573333333336
vertex 5.43168 3.253610666666667 0
endloop
endfacet
facet normal -0.975579201575757 -0.21964794889278683 0
outer loop
vertex 5.393898666666667 3.421418666666667 1.9999573333333336
vertex 5.393898666666667 3.421418666666667 0
vertex 5.43168 3.253610666666667 0
endloop
endfacet
facet normal -0.975579201575757 -0.21964794889278683 0
outer loop
vertex 5.393898666666667 3.421418666666667 1.9999573333333336
vertex 5.43168 3.253610666666667 0
vertex 5.43168 3.253610666666667 1.9999573333333336
endloop
endfacet
facet normal -0.8909741087064884 -0.4540541130908062 0
outer loop
vertex 5.2192213333333335 3.9066880000000004 0
vertex 5.2192213333333335 3.9066880000000004 1.9999573333333336
vertex 5.141205333333334 4.059776 1.9999573333333336
endloop
endfacet
facet normal -0.8909741087064884 -0.4540541130908062 0
outer loop
vertex 5.2192213333333335 3.9066880000000004 0
vertex 5.141205333333334 4.059776 1.9999573333333336
vertex 5.141205333333334 4.059776 0
endloop
endfacet
facet normal -0.8602452601336767 -0.5098804687547296 0
outer loop
vertex 5.141205333333334 4.059776 1.9999573333333336
vertex 5.053376 4.207957333333334 1.9999573333333336
vertex 5.053376 4.207957333333334 0
endloop
endfacet
facet normal -0.8602452601336767 -0.5098804687547296 0
outer loop
vertex 5.141205333333334 4.059776 1.9999573333333336
vertex 5.053376 4.207957333333334 0
vertex 5.141205333333334 4.059776 0
endloop
endfacet
facet normal -0.7499210618143651 -0.66152732449024 0
outer loop
vertex 4.737386666666667 4.615701333333334 0
vertex 4.851221333333334 4.486656 0
vertex 4.851221333333334 4.486656 1.9999573333333336
endloop
endfacet
facet normal -0.7499210618143651 -0.66152732449024 0
outer loop
vertex 4.737386666666667 4.615701333333334 0
vertex 4.851221333333334 4.486656 1.9999573333333336
vertex 4.737386666666667 4.615701333333334 1.9999573333333336
endloop
endfacet
facet normal -0.7071067811865475 -0.7071067811865475 0
outer loop
vertex 4.615701333333334 4.737386666666667 1.9999573333333336
vertex 4.615701333333334 4.737386666666667 0
vertex 4.737386666666667 4.615701333333334 0
endloop
endfacet
facet normal -0.7071067811865475 -0.7071067811865475 0
outer loop
vertex 4.615701333333334 4.737386666666667 1.9999573333333336
vertex 4.737386666666667 4.615701333333334 0
vertex 4.737386666666667 4.615701333333334 1.9999573333333336
endloop
endfacet
facet normal -0.8280891486967606 -0.5605964339974652 0
outer loop
vertex 4.956714666666667 4.350741333333334 0
vertex 5.053376 4.207957333333334 0
vertex 5.053376 4.207957333333334 1.9999573333333336
endloop
endfacet
facet normal -0.8280891486967606 -0.5605964339974652 0
outer loop
vertex 4.956714666666667 4.350741333333334 0
vertex 5.053376 4.207957333333334 1.9999573333333336
vertex 4.956714666666667 4.350741333333334 1.9999573333333336
endloop
endfacet
facet normal -0.7899660697354961 -0.6131505595419883 0
outer loop
vertex 4.851221333333334 4.486656 1.9999573333333336
vertex 4.851221333333334 4.486656 0
vertex 4.956714666666667 4.350741333333334 0
endloop
endfacet
facet normal -0.7899660697354961 -0.6131505595419883 0
outer loop
vertex 4.851221333333334 4.486656 1.9999573333333336
vertex 4.956714666666667 4.350741333333334 0
vertex 4.956714666666667 4.350741333333334 1.9999573333333336
endloop
endfacet
facet normal -0.5605964339974652 -0.8280891486967606 0
outer loop
vertex 4.350741333333334 4.956714666666667 0
vertex 4.350741333333334 4.956714666666667 1.9999573333333336
vertex 4.207957333333334 5.053376 1.9999573333333336
endloop
endfacet
facet normal -0.5605964339974652 -0.8280891486967606 0
outer loop
vertex 4.350741333333334 4.956714666666667 0
vertex 4.207957333333334 5.053376 1.9999573333333336
vertex 4.207957333333334 5.053376 0
endloop
endfacet
facet normal -0.21964794889278683 -0.975579201575757 0
outer loop
vertex 3.253610666666667 5.43168 0
vertex 3.421418666666667 5.393898666666667 0
vertex 3.421418666666667 5.393898666666667 1.9999573333333336
endloop
endfacet
facet normal -0.21964794889278683 -0.975579201575757 0
outer loop
vertex 3.253610666666667 5.43168 0
vertex 3.421418666666667 5.393898666666667 1.9999573333333336
vertex 3.253610666666667 5.43168 1.9999573333333336
endloop
endfacet
facet normal -0.15376879029122745 -0.9881068561306378 0
outer loop
vertex 3.0833493333333335 5.458176000000001 1.9999573333333336
vertex 3.0833493333333335 5.458176000000001 0
vertex 3.253610666666667 5.43168 0
endloop
endfacet
facet normal -0.15376879029122745 -0.9881068561306378 0
outer loop
vertex 3.0833493333333335 5.458176000000001 1.9999573333333336
vertex 3.253610666666667 5.43168 0
vertex 3.253610666666667 5.43168 1.9999573333333336
endloop
endfacet
facet normal -0.39632677887550916 -0.9181095165317497 0
outer loop
vertex 3.7486933333333337 5.287424000000001 0
vertex 3.9066880000000004 5.2192213333333335 0
vertex 3.9066880000000004 5.2192213333333335 1.9999573333333336
endloop
endfacet
facet normal -0.39632677887550916 -0.9181095165317497 0
outer loop
vertex 3.7486933333333337 5.287424000000001 0
vertex 3.9066880000000004 5.2192213333333335 1.9999573333333336
vertex 3.7486933333333337 5.287424000000001 1.9999573333333336
endloop
endfacet
facet normal -0.339224133237896 -0.9407055795672725 0
outer loop
vertex 3.586773333333334 5.345813333333334 1.9999573333333336
vertex 3.586773333333334 5.345813333333334 0
vertex 3.7486933333333337 5.287424000000001 0
endloop
endfacet
facet normal -0.339224133237896 -0.9407055795672725 0
outer loop
vertex 3.586773333333334 5.345813333333334 1.9999573333333336
vertex 3.7486933333333337 5.287424000000001 0
vertex 3.7486933333333337 5.287424000000001 1.9999573333333336
endloop
endfacet
facet normal -0.4540541130908062 -0.8909741087064884 0
outer loop
vertex 3.9066880000000004 5.2192213333333335 1.9999573333333336
vertex 3.9066880000000004 5.2192213333333335 0
vertex 4.059776 5.141205333333334 0
endloop
endfacet
facet normal -0.4540541130908062 -0.8909741087064884 0
outer loop
vertex 3.9066880000000004 5.2192213333333335 1.9999573333333336
vertex 4.059776 5.141205333333334 0
vertex 4.059776 5.141205333333334 1.9999573333333336
endloop
endfacet
facet normal -0.5098804687547296 -0.8602452601336767 0
outer loop
vertex 4.059776 5.141205333333334 0
vertex 4.207957333333334 5.053376 0
vertex 4.207957333333334 5.053376 1.9999573333333336
endloop
endfacet
facet normal -0.5098804687547296 -0.8602452601336767 0
outer loop
vertex 4.059776 5.141205333333334 0
vertex 4.207957333333334 5.053376 1.9999573333333336
vertex 4.059776 5.141205333333334 1.9999573333333336
endloop
endfacet
facet normal -0.9407055795672725 -0.339224133237896 0
outer loop
vertex 5.287424000000001 3.7486933333333337 0
vertex 5.345813333333334 3.586773333333334 0
vertex 5.345813333333334 3.586773333333334 1.9999573333333336
endloop
endfacet
facet normal -0.9407055795672725 -0.339224133237896 0
outer loop
vertex 5.287424000000001 3.7486933333333337 0
vertex 5.345813333333334 3.586773333333334 1.9999573333333336
vertex 5.287424000000001 3.7486933333333337 1.9999573333333336
endloop
endfacet
facet normal -0.9181095165317497 -0.39632677887550916 0
outer loop
vertex 5.2192213333333335 3.9066880000000004 1.9999573333333336
vertex 5.2192213333333335 3.9066880000000004 0
vertex 5.287424000000001 3.7486933333333337 0
endloop
endfacet
facet normal -0.9181095165317497 -0.39632677887550916 0
outer loop
vertex 5.2192213333333335 3.9066880000000004 1.9999573333333336
vertex 5.287424000000001 3.7486933333333337 0
vertex 5.287424000000001 3.7486933333333337 1.9999573333333336
endloop
endfacet
facet normal -0.6131505595419883 -0.7899660697354961 0
outer loop
vertex 4.350741333333334 4.956714666666667 1.9999573333333336
vertex 4.350741333333334 4.956714666666667 0
vertex 4.486656 4.851221333333334 0
endloop
endfacet
facet normal -0.6131505595419883 -0.7899660697354961 0
outer loop
vertex 4.350741333333334 4.956714666666667 1.9999573333333336
vertex 4.486656 4.851221333333334 0
vertex 4.486656 4.851221333333334 1.9999573333333336
endloop
endfacet
facet normal -0.66152732449024 -0.7499210618143651 0
outer loop
vertex 4.486656 4.851221333333334 0
vertex 4.615701333333334 4.737386666666667 0
vertex 4.615701333333334 4.737386666666667 1.9999573333333336
endloop
endfacet
facet normal -0.66152732449024 -0.7499210618143651 0
outer loop
vertex 4.486656 4.851221333333334 0
vertex 4.615701333333334 4.737386666666667 1.9999573333333336
vertex 4.486656 4.851221333333334 1.9999573333333336
endloop
endfacet
facet normal 0.9995078940006693 -0.03136829339232499 0
outer loop
vertex 72.11475200000001 2.5681493333333334 1.9999573333333336
vertex 72.11475200000001 2.5681493333333334 0
vertex 72.12554666666668 2.912106666666667 0
endloop
endfacet
facet normal 0.9995078940006693 -0.03136829339232499 0
outer loop
vertex 72.11475200000001 2.5681493333333334 1.9999573333333336
vertex 72.12554666666668 2.912106666666667 0
vertex 72.12554666666668 2.912106666666667 1.9999573333333336
endloop
endfacet
facet normal 0.031323653087767724 -0.9995092939824208 0
outer loop
vertex 74.687808 5.474368 1.9999573333333336
vertex 74.687808 5.474368 0
vertex 75.032256 5.485162666666667 0
endloop
endfacet
facet normal 0.031323653087767724 -0.9995092939824208 0
outer loop
vertex 74.687808 5.474368 1.9999573333333336
vertex 75.032256 5.485162666666667 0
vertex 75.032256 5.485162666666667 1.9999573333333336
endloop
endfacet
facet normal 0.5098804687547115 -0.8602452601336875 0
outer loop
vertex 73.54013866666668 5.141205333333334 1.9999573333333336
vertex 73.39195733333334 5.053376 1.9999573333333336
vertex 73.39195733333334 5.053376 0
endloop
endfacet
facet normal 0.5098804687547115 -0.8602452601336875 0
outer loop
vertex 73.54013866666668 5.141205333333334 1.9999573333333336
vertex 73.39195733333334 5.053376 0
vertex 73.54013866666668 5.141205333333334 0
endloop
endfacet
facet normal 0.5619198624098259 -0.8271916756286433 0
outer loop
vertex 73.39195733333334 5.053376 0
vertex 73.39195733333334 5.053376 1.9999573333333336
vertex 73.24966400000001 4.956714666666667 1.9999573333333336
endloop
endfacet
facet normal 0.5619198624098259 -0.8271916756286433 0
outer loop
vertex 73.39195733333334 5.053376 0
vertex 73.24966400000001 4.956714666666667 1.9999573333333336
vertex 73.24966400000001 4.956714666666667 0
endloop
endfacet
facet normal 0.0941359842461156 -0.9955593485423233 0
outer loop
vertex 74.687808 5.474368 0
vertex 74.687808 5.474368 1.9999573333333336
vertex 74.51656533333333 5.458176000000001 1.9999573333333336
endloop
endfacet
facet normal 0.0941359842461156 -0.9955593485423233 0
outer loop
vertex 74.687808 5.474368 0
vertex 74.51656533333333 5.458176000000001 1.9999573333333336
vertex 74.51656533333333 5.458176000000001 0
endloop
endfacet
facet normal 0.15420265603988761 -0.9880392405518337 0
outer loop
vertex 74.51656533333333 5.458176000000001 1.9999573333333336
vertex 74.34679466666667 5.43168 1.9999573333333336
vertex 74.34679466666667 5.43168 0
endloop
endfacet
facet normal 0.15420265603988761 -0.9880392405518337 0
outer loop
vertex 74.51656533333333 5.458176000000001 1.9999573333333336
vertex 74.34679466666667 5.43168 0
vertex 74.51656533333333 5.458176000000001 0
endloop
endfacet
facet normal 0.21903834230673017 -0.9757162520935684 0
outer loop
vertex 74.17849600000001 5.393898666666667 0
vertex 74.34679466666667 5.43168 0
vertex 74.34679466666667 5.43168 1.9999573333333336
endloop
endfacet
facet normal 0.21903834230673017 -0.9757162520935684 0
outer loop
vertex 74.17849600000001 5.393898666666667 0
vertex 74.34679466666667 5.43168 1.9999573333333336
vertex 74.17849600000001 5.393898666666667 1.9999573333333336
endloop
endfacet
facet normal 0.2792340118855069 -0.9602230816879611 0
outer loop
vertex 74.17849600000001 5.393898666666667 0
vertex 74.17849600000001 5.393898666666667 1.9999573333333336
vertex 74.01314133333334 5.345813333333334 1.9999573333333336
endloop
endfacet
facet normal 0.2792340118855069 -0.9602230816879611 0
outer loop
vertex 74.17849600000001 5.393898666666667 0
vertex 74.01314133333334 5.345813333333334 1.9999573333333336
vertex 74.01314133333334 5.345813333333334 0
endloop
endfacet
facet normal 0.33922413323790507 -0.9407055795672693 0
outer loop
vertex 74.01314133333334 5.345813333333334 1.9999573333333336
vertex 73.85122133333334 5.287424000000001 1.9999573333333336
vertex 73.85122133333334 5.287424000000001 0
endloop
endfacet
facet normal 0.33922413323790507 -0.9407055795672693 0
outer loop
vertex 74.01314133333334 5.345813333333334 1.9999573333333336
vertex 73.85122133333334 5.287424000000001 0
vertex 74.01314133333334 5.345813333333334 0
endloop
endfacet
facet normal 0.611771381857453 -0.7910346239831874 0
outer loop
vertex 73.24966400000001 4.956714666666667 0
vertex 73.24966400000001 4.956714666666667 1.9999573333333336
vertex 73.11325866666667 4.851221333333334 1.9999573333333336
endloop
endfacet
facet normal 0.611771381857453 -0.7910346239831874 0
outer loop
vertex 73.24966400000001 4.956714666666667 0
vertex 73.11325866666667 4.851221333333334 1.9999573333333336
vertex 73.11325866666667 4.851221333333334 0
endloop
endfacet
facet normal 0.6615273244902706 -0.7499210618143379 0
outer loop
vertex 73.11325866666667 4.851221333333334 1.9999573333333336
vertex 72.98421333333334 4.737386666666667 1.9999573333333336
vertex 72.98421333333334 4.737386666666667 0
endloop
endfacet
facet normal 0.6615273244902706 -0.7499210618143379 0
outer loop
vertex 73.11325866666667 4.851221333333334 1.9999573333333336
vertex 72.98421333333334 4.737386666666667 0
vertex 73.11325866666667 4.851221333333334 0
endloop
endfacet
facet normal 0.9876704794633477 -0.1565471941512874 0
outer loop
vertex 72.14173866666667 3.0833493333333335 0
vertex 72.16872533333334 3.253610666666667 0
vertex 72.16872533333334 3.253610666666667 1.9999573333333336
endloop
endfacet
facet normal 0.9876704794633477 -0.1565471941512874 0
outer loop
vertex 72.14173866666667 3.0833493333333335 0
vertex 72.16872533333334 3.253610666666667 1.9999573333333336
vertex 72.14173866666667 3.0833493333333335 1.9999573333333336
endloop
endfacet
facet normal 0.9955593485423283 -0.09413598424606197 0
outer loop
vertex 72.12554666666668 2.912106666666667 1.9999573333333336
vertex 72.12554666666668 2.912106666666667 0
vertex 72.14173866666667 3.0833493333333335 0
endloop
endfacet
facet normal 0.9955593485423283 -0.09413598424606197 0
outer loop
vertex 72.12554666666668 2.912106666666667 1.9999573333333336
vertex 72.14173866666667 3.0833493333333335 0
vertex 72.14173866666667 3.0833493333333335 1.9999573333333336
endloop
endfacet
facet normal 0.9407055795672643 -0.33922413323791883 0
outer loop
vertex 72.25410133333334 3.586773333333334 1.9999573333333336
vertex 72.25410133333334 3.586773333333334 0
vertex 72.31249066666668 3.7486933333333337 0
endloop
endfacet
facet normal 0.9407055795672643 -0.33922413323791883 0
outer loop
vertex 72.25410133333334 3.586773333333334 1.9999573333333336
vertex 72.31249066666668 3.7486933333333337 0
vertex 72.31249066666668 3.7486933333333337 1.9999573333333336
endloop
endfacet
facet normal 0.7071067811865501 -0.707106781186545 0
outer loop
vertex 72.86252800000001 4.615701333333334 0
vertex 72.98421333333334 4.737386666666667 0
vertex 72.98421333333334 4.737386666666667 1.9999573333333336
endloop
endfacet
facet normal 0.7071067811865501 -0.707106781186545 0
outer loop
vertex 72.86252800000001 4.615701333333334 0
vertex 72.98421333333334 4.737386666666667 1.9999573333333336
vertex 72.86252800000001 4.615701333333334 1.9999573333333336
endloop
endfacet
facet normal 0.7499210618143395 -0.661527324490269 0
outer loop
vertex 72.86252800000001 4.615701333333334 0
vertex 72.86252800000001 4.615701333333334 1.9999573333333336
vertex 72.74869333333334 4.486656 1.9999573333333336
endloop
endfacet
facet normal 0.7499210618143395 -0.661527324490269 0
outer loop
vertex 72.86252800000001 4.615701333333334 0
vertex 72.74869333333334 4.486656 1.9999573333333336
vertex 72.74869333333334 4.486656 0
endloop
endfacet
facet normal 0.3963267788755082 -0.9181095165317502 0
outer loop
vertex 73.69322666666667 5.2192213333333335 0
vertex 73.85122133333334 5.287424000000001 0
vertex 73.85122133333334 5.287424000000001 1.9999573333333336
endloop
endfacet
facet normal 0.3963267788755082 -0.9181095165317502 0
outer loop
vertex 73.69322666666667 5.2192213333333335 0
vertex 73.85122133333334 5.287424000000001 1.9999573333333336
vertex 73.69322666666667 5.2192213333333335 1.9999573333333336
endloop
endfacet
facet normal 0.4540541130908134 -0.8909741087064845 0
outer loop
vertex 73.54013866666668 5.141205333333334 1.9999573333333336
vertex 73.54013866666668 5.141205333333334 0
vertex 73.69322666666667 5.2192213333333335 0
endloop
endfacet
facet normal 0.4540541130908134 -0.8909741087064845 0
outer loop
vertex 73.54013866666668 5.141205333333334 1.9999573333333336
vertex 73.69322666666667 5.2192213333333335 0
vertex 73.69322666666667 5.2192213333333335 1.9999573333333336
endloop
endfacet
facet normal 0.9761870601839564 -0.21693045781863976 0
outer loop
vertex 72.206016 3.421418666666667 1.9999573333333336
vertex 72.16872533333334 3.253610666666667 1.9999573333333336
vertex 72.16872533333334 3.253610666666667 0
endloop
endfacet
facet normal 0.9761870601839564 -0.21693045781863976 0
outer loop
vertex 72.206016 3.421418666666667 1.9999573333333336
vertex 72.16872533333334 3.253610666666667 0
vertex 72.206016 3.421418666666667 0
endloop
endfacet
facet normal 0.9602230816879583 -0.27923401188551583 0
outer loop
vertex 72.25410133333334 3.586773333333334 0
vertex 72.25410133333334 3.586773333333334 1.9999573333333336
vertex 72.206016 3.421418666666667 1.9999573333333336
endloop
endfacet
facet normal 0.9602230816879583 -0.27923401188551583 0
outer loop
vertex 72.25410133333334 3.586773333333334 0
vertex 72.206016 3.421418666666667 1.9999573333333336
vertex 72.206016 3.421418666666667 0
endloop
endfacet
facet normal 0.7899660697355086 -0.6131505595419722 0
outer loop
vertex 72.64320000000001 4.350741333333334 0
vertex 72.74869333333334 4.486656 0
vertex 72.74869333333334 4.486656 1.9999573333333336
endloop
endfacet
facet normal 0.7899660697355086 -0.6131505595419722 0
outer loop
vertex 72.64320000000001 4.350741333333334 0
vertex 72.74869333333334 4.486656 1.9999573333333336
vertex 72.64320000000001 4.350741333333334 1.9999573333333336
endloop
endfacet
facet normal 0.8602452601336812 -0.5098804687547219 0
outer loop
vertex 72.54653866666668 4.207957333333334 1.9999573333333336
vertex 72.45870933333335 4.059776 1.9999573333333336
vertex 72.45870933333335 4.059776 0
endloop
endfacet
facet normal 0.8602452601336812 -0.5098804687547219 0
outer loop
vertex 72.54653866666668 4.207957333333334 1.9999573333333336
vertex 72.45870933333335 4.059776 0
vertex 72.54653866666668 4.207957333333334 0
endloop
endfacet
facet normal 0.8280891486967702 -0.560596433997451 0
outer loop
vertex 72.64320000000001 4.350741333333334 0
vertex 72.64320000000001 4.350741333333334 1.9999573333333336
vertex 72.54653866666668 4.207957333333334 1.9999573333333336
endloop
endfacet
facet normal 0.8280891486967702 -0.560596433997451 0
outer loop
vertex 72.64320000000001 4.350741333333334 0
vertex 72.54653866666668 4.207957333333334 1.9999573333333336
vertex 72.54653866666668 4.207957333333334 0
endloop
endfacet
facet normal 0.9181095165317553 -0.39632677887549606 0
outer loop
vertex 72.38069333333334 3.9066880000000004 1.9999573333333336
vertex 72.31249066666668 3.7486933333333337 1.9999573333333336
vertex 72.31249066666668 3.7486933333333337 0
endloop
endfacet
facet normal 0.9181095165317553 -0.39632677887549606 0
outer loop
vertex 72.38069333333334 3.9066880000000004 1.9999573333333336
vertex 72.31249066666668 3.7486933333333337 0
vertex 72.38069333333334 3.9066880000000004 0
endloop
endfacet
facet normal 0.890974108706476 -0.4540541130908308 0
outer loop
vertex 72.45870933333335 4.059776 0
vertex 72.45870933333335 4.059776 1.9999573333333336
vertex 72.38069333333334 3.9066880000000004 1.9999573333333336
endloop
endfacet
facet normal 0.890974108706476 -0.4540541130908308 0
outer loop
vertex 72.45870933333335 4.059776 0
vertex 72.38069333333334 3.9066880000000004 1.9999573333333336
vertex 72.38069333333334 3.9066880000000004 0
endloop
endfacet
facet normal -0.15654719415124718 0.9876704794633541 0
outer loop
vertex 3.253610666666667 62.168448000000005 1.9999573333333336
vertex 3.253610666666667 62.168448000000005 0
vertex 3.0833493333333335 62.14146133333334 0
endloop
endfacet
facet normal -0.15654719415124718 0.9876704794633541 0
outer loop
vertex 3.253610666666667 62.168448000000005 1.9999573333333336
vertex 3.0833493333333335 62.14146133333334 0
vertex 3.0833493333333335 62.14146133333334 1.9999573333333336
endloop
endfacet
facet normal -0.9995078940006695 0.03136829339231705 0
outer loop
vertex 5.485162666666667 65.03197866666667 1.9999573333333336
vertex 5.485162666666667 65.03197866666667 0
vertex 5.474368 64.68802133333334 0
endloop
endfacet
facet normal -0.9995078940006695 0.03136829339231705 0
outer loop
vertex 5.485162666666667 65.03197866666667 1.9999573333333336
vertex 5.474368 64.68802133333334 0
vertex 5.474368 64.68802133333334 1.9999573333333336
endloop
endfacet
facet normal -0.707106781186545 0.7071067811865501 0
outer loop
vertex 4.737386666666667 62.98442666666667 0
vertex 4.615701333333334 62.86274133333334 0
vertex 4.615701333333334 62.86274133333334 1.9999573333333336
endloop
endfacet
facet normal -0.707106781186545 0.7071067811865501 0
outer loop
vertex 4.737386666666667 62.98442666666667 0
vertex 4.615701333333334 62.86274133333334 1.9999573333333336
vertex 4.737386666666667 62.98442666666667 1.9999573333333336
endloop
endfacet
facet normal -0.09413598424614386 0.9955593485423205 0
outer loop
vertex 3.0833493333333335 62.14146133333334 1.9999573333333336
vertex 3.0833493333333335 62.14146133333334 0
vertex 2.912106666666667 62.125269333333335 0
endloop
endfacet
facet normal -0.09413598424614386 0.9955593485423205 0
outer loop
vertex 3.0833493333333335 62.14146133333334 1.9999573333333336
vertex 2.912106666666667 62.125269333333335 0
vertex 2.912106666666667 62.125269333333335 1.9999573333333336
endloop
endfacet
facet normal -0.03136829339230437 0.9995078940006699 0
outer loop
vertex 2.912106666666667 62.125269333333335 1.9999573333333336
vertex 2.912106666666667 62.125269333333335 0
vertex 2.5681493333333334 62.11447466666667 0
endloop
endfacet
facet normal -0.03136829339230437 0.9995078940006699 0
outer loop
vertex 2.912106666666667 62.125269333333335 1.9999573333333336
vertex 2.5681493333333334 62.11447466666667 0
vertex 2.5681493333333334 62.11447466666667 1.9999573333333336
endloop
endfacet
facet normal -0.33669788539980017 0.9416127303553745 0
outer loop
vertex 3.586773333333334 62.25431466666667 0
vertex 3.586773333333334 62.25431466666667 1.9999573333333336
vertex 3.7486933333333337 62.31221333333334 1.9999573333333336
endloop
endfacet
facet normal -0.33669788539980017 0.9416127303553745 0
outer loop
vertex 3.586773333333334 62.25431466666667 0
vertex 3.7486933333333337 62.31221333333334 1.9999573333333336
vertex 3.7486933333333337 62.31221333333334 0
endloop
endfacet
facet normal -0.6131505595419979 0.7899660697354887 0
outer loop
vertex 4.350741333333334 62.643413333333335 0
vertex 4.350741333333334 62.643413333333335 1.9999573333333336
vertex 4.486656 62.74890666666667 1.9999573333333336
endloop
endfacet
facet normal -0.6131505595419979 0.7899660697354887 0
outer loop
vertex 4.350741333333334 62.643413333333335 0
vertex 4.486656 62.74890666666667 1.9999573333333336
vertex 4.486656 62.74890666666667 0
endloop
endfacet
facet normal -0.6615273244902458 0.74992106181436 0
outer loop
vertex 4.486656 62.74890666666667 1.9999573333333336
vertex 4.615701333333334 62.86274133333334 1.9999573333333336
vertex 4.615701333333334 62.86274133333334 0
endloop
endfacet
facet normal -0.6615273244902458 0.74992106181436 0
outer loop
vertex 4.486656 62.74890666666667 1.9999573333333336
vertex 4.615701333333334 62.86274133333334 0
vertex 4.486656 62.74890666666667 0
endloop
endfacet
facet normal -0.9955593485423233 0.0941359842461156 0
outer loop
vertex 5.474368 64.68802133333334 1.9999573333333336
vertex 5.474368 64.68802133333334 0
vertex 5.458176000000001 64.51677866666667 0
endloop
endfacet
facet normal -0.9955593485423233 0.0941359842461156 0
outer loop
vertex 5.474368 64.68802133333334 1.9999573333333336
vertex 5.458176000000001 64.51677866666667 0
vertex 5.458176000000001 64.51677866666667 1.9999573333333336
endloop
endfacet
facet normal -0.9881054063068887 0.15377799369677644 -0.00018623021390271115
outer loop
vertex 5.441493333333334 64.41079466666667 0.9999786666666668
vertex 5.458176000000001 64.51677866666667 0
vertex 5.435114666666667 64.36859733333334 0
endloop
endfacet
facet normal -0.9881164523796785 0.1537070037035091 -0.00018316410086676593
outer loop
vertex 5.441493333333334 64.41079466666667 0.9999786666666668
vertex 5.435114666666667 64.36859733333334 0
vertex 5.43168 64.34651733333334 0
endloop
endfacet
facet normal -0.9885455244236258 0.15092298082803196 0
outer loop
vertex 5.441493333333334 64.41079466666667 0.9999786666666668
vertex 5.43168 64.34651733333334 0
vertex 5.43168 64.34651733333334 1.9999573333333336
endloop
endfacet
facet normal -0.9881164523796785 0.1537070037035091 0.00018316410086676593
outer loop
vertex 5.441493333333334 64.41079466666667 0.9999786666666668
vertex 5.43168 64.34651733333334 1.9999573333333336
vertex 5.435114666666667 64.36859733333334 1.9999573333333336
endloop
endfacet
facet normal -0.9881054063068887 0.15377799369677644 0.00018623021390271115
outer loop
vertex 5.441493333333334 64.41079466666667 0.9999786666666668
vertex 5.435114666666667 64.36859733333334 1.9999573333333336
vertex 5.458176000000001 64.51677866666667 1.9999573333333336
endloop
endfacet
facet normal -0.9878370155952182 0.155492863565929 0
outer loop
vertex 5.441493333333334 64.41079466666667 0.9999786666666668
vertex 5.458176000000001 64.51677866666667 1.9999573333333336
vertex 5.458176000000001 64.51677866666667 0
endloop
endfacet
facet normal -0.9755792015757554 0.2196479488927946 0
outer loop
vertex 5.393898666666667 64.17870933333334 1.9999573333333336
vertex 5.43168 64.34651733333334 1.9999573333333336
vertex 5.43168 64.34651733333334 0
endloop
endfacet
facet normal -0.9755792015757554 0.2196479488927946 0
outer loop
vertex 5.393898666666667 64.17870933333334 1.9999573333333336
vertex 5.43168 64.34651733333334 0
vertex 5.393898666666667 64.17870933333334 0
endloop
endfacet
facet normal -0.9602230816879611 0.2792340118855069 0
outer loop
vertex 5.393898666666667 64.17870933333334 1.9999573333333336
vertex 5.393898666666667 64.17870933333334 0
vertex 5.345813333333334 64.01335466666667 0
endloop
endfacet
facet normal -0.9602230816879611 0.2792340118855069 0
outer loop
vertex 5.393898666666667 64.17870933333334 1.9999573333333336
vertex 5.345813333333334 64.01335466666667 0
vertex 5.345813333333334 64.01335466666667 1.9999573333333336
endloop
endfacet
facet normal -0.9407055795672741 0.3392241332378919 0
outer loop
vertex 5.345813333333334 64.01335466666667 0
vertex 5.287424000000001 63.85143466666667 0
vertex 5.287424000000001 63.85143466666667 1.9999573333333336
endloop
endfacet
facet normal -0.9407055795672741 0.3392241332378919 0
outer loop
vertex 5.345813333333334 64.01335466666667 0
vertex 5.287424000000001 63.85143466666667 1.9999573333333336
vertex 5.345813333333334 64.01335466666667 1.9999573333333336
endloop
endfacet
facet normal -0.7499210618143561 0.6615273244902502 0
outer loop
vertex 4.851221333333334 63.113472 0
vertex 4.737386666666667 62.98442666666667 0
vertex 4.737386666666667 62.98442666666667 1.9999573333333336
endloop
endfacet
facet normal -0.7499210618143561 0.6615273244902502 0
outer loop
vertex 4.851221333333334 63.113472 0
vertex 4.737386666666667 62.98442666666667 1.9999573333333336
vertex 4.851221333333334 63.113472 1.9999573333333336
endloop
endfacet
facet normal -0.7899660697355078 0.6131505595419733 0
outer loop
vertex 4.956714666666667 63.24938666666667 1.9999573333333336
vertex 4.956714666666667 63.24938666666667 0
vertex 4.851221333333334 63.113472 0
endloop
endfacet
facet normal -0.7899660697355078 0.6131505595419733 0
outer loop
vertex 4.956714666666667 63.24938666666667 1.9999573333333336
vertex 4.851221333333334 63.113472 0
vertex 4.851221333333334 63.113472 1.9999573333333336
endloop
endfacet
facet normal -0.21964794889279668 0.9755792015757548 0
outer loop
vertex 3.421418666666667 62.20622933333334 0
vertex 3.253610666666667 62.168448000000005 0
vertex 3.253610666666667 62.168448000000005 1.9999573333333336
endloop
endfacet
facet normal -0.21964794889279668 0.9755792015757548 0
outer loop
vertex 3.421418666666667 62.20622933333334 0
vertex 3.253610666666667 62.168448000000005 1.9999573333333336
vertex 3.421418666666667 62.20622933333334 1.9999573333333336
endloop
endfacet
facet normal -0.27923401188551583 0.9602230816879583 0
outer loop
vertex 3.586773333333334 62.25431466666667 1.9999573333333336
vertex 3.586773333333334 62.25431466666667 0
vertex 3.421418666666667 62.20622933333334 0
endloop
endfacet
facet normal -0.27923401188551583 0.9602230816879583 0
outer loop
vertex 3.586773333333334 62.25431466666667 1.9999573333333336
vertex 3.421418666666667 62.20622933333334 0
vertex 3.421418666666667 62.20622933333334 1.9999573333333336
endloop
endfacet
facet normal -0.5098804687547219 0.8602452601336812 0
outer loop
vertex 4.207957333333334 62.546752000000005 0
vertex 4.059776 62.45892266666667 0
vertex 4.059776 62.45892266666667 1.9999573333333336
endloop
endfacet
facet normal -0.5098804687547219 0.8602452601336812 0
outer loop
vertex 4.207957333333334 62.546752000000005 0
vertex 4.059776 62.45892266666667 1.9999573333333336
vertex 4.207957333333334 62.546752000000005 1.9999573333333336
endloop
endfacet
facet normal -0.560596433997451 0.8280891486967702 0
outer loop
vertex 4.350741333333334 62.643413333333335 1.9999573333333336
vertex 4.350741333333334 62.643413333333335 0
vertex 4.207957333333334 62.546752000000005 0
endloop
endfacet
facet normal -0.560596433997451 0.8280891486967702 0
outer loop
vertex 4.350741333333334 62.643413333333335 1.9999573333333336
vertex 4.207957333333334 62.546752000000005 0
vertex 4.207957333333334 62.546752000000005 1.9999573333333336
endloop
endfacet
facet normal -0.8602452601336767 0.5098804687547296 0
outer loop
vertex 5.053376 63.39168000000001 1.9999573333333336
vertex 5.141205333333334 63.53986133333334 1.9999573333333336
vertex 5.141205333333334 63.53986133333334 0
endloop
endfacet
facet normal -0.8602452601336767 0.5098804687547296 0
outer loop
vertex 5.053376 63.39168000000001 1.9999573333333336
vertex 5.141205333333334 63.53986133333334 0
vertex 5.053376 63.39168000000001 0
endloop
endfacet
facet normal -0.8271916756286563 0.5619198624098067 0
outer loop
vertex 4.956714666666667 63.24938666666667 0
vertex 4.956714666666667 63.24938666666667 1.9999573333333336
vertex 5.053376 63.39168000000001 1.9999573333333336
endloop
endfacet
facet normal -0.8271916756286563 0.5619198624098067 0
outer loop
vertex 4.956714666666667 63.24938666666667 0
vertex 5.053376 63.39168000000001 1.9999573333333336
vertex 5.053376 63.39168000000001 0
endloop
endfacet
facet normal -0.9181095165317502 0.3963267788755082 0
outer loop
vertex 5.2192213333333335 63.69344 1.9999573333333336
vertex 5.287424000000001 63.85143466666667 1.9999573333333336
vertex 5.287424000000001 63.85143466666667 0
endloop
endfacet
facet normal -0.9181095165317502 0.3963267788755082 0
outer loop
vertex 5.2192213333333335 63.69344 1.9999573333333336
vertex 5.287424000000001 63.85143466666667 0
vertex 5.2192213333333335 63.69344 0
endloop
endfacet
facet normal -0.8915606118170537 0.45290139705724136 0
outer loop
vertex 5.141205333333334 63.53986133333334 0
vertex 5.141205333333334 63.53986133333334 1.9999573333333336
vertex 5.2192213333333335 63.69344 1.9999573333333336
endloop
endfacet
facet normal -0.8915606118170537 0.45290139705724136 0
outer loop
vertex 5.141205333333334 63.53986133333334 0
vertex 5.2192213333333335 63.69344 1.9999573333333336
vertex 5.2192213333333335 63.69344 0
endloop
endfacet
facet normal -0.3987261114144269 0.9170700562532451 0
outer loop
vertex 3.9066880000000004 62.38090666666667 0
vertex 3.7486933333333337 62.31221333333334 0
vertex 3.7486933333333337 62.31221333333334 1.9999573333333336
endloop
endfacet
facet normal -0.3987261114144269 0.9170700562532451 0
outer loop
vertex 3.9066880000000004 62.38090666666667 0
vertex 3.7486933333333337 62.31221333333334 1.9999573333333336
vertex 3.9066880000000004 62.38090666666667 1.9999573333333336
endloop
endfacet
facet normal -0.4540541130908308 0.890974108706476 0
outer loop
vertex 4.059776 62.45892266666667 1.9999573333333336
vertex 4.059776 62.45892266666667 0
vertex 3.9066880000000004 62.38090666666667 0
endloop
endfacet
facet normal -0.4540541130908308 0.890974108706476 0
outer loop
vertex 4.059776 62.45892266666667 1.9999573333333336
vertex 3.9066880000000004 62.38090666666667 0
vertex 3.9066880000000004 62.38090666666667 1.9999573333333336
endloop
endfacet
facet normal 0.03132365308775485 0.9995092939824212 0
outer loop
vertex 75.032256 62.11447466666667 1.9999573333333336
vertex 75.032256 62.11447466666667 0
vertex 74.687808 62.125269333333335 0
endloop
endfacet
facet normal 0.03132365308775485 0.9995092939824212 0
outer loop
vertex 75.032256 62.11447466666667 1.9999573333333336
vertex 74.687808 62.125269333333335 0
vertex 74.687808 62.125269333333335 1.9999573333333336
endloop
endfacet
facet normal 0.9995078940006692 0.03136829339232479 0
outer loop
vertex 72.12554666666668 64.68802133333334 1.9999573333333336
vertex 72.12554666666668 64.68802133333334 0
vertex 72.11475200000001 65.03197866666667 0
endloop
endfacet
facet normal 0.9995078940006692 0.03136829339232479 0
outer loop
vertex 72.12554666666668 64.68802133333334 1.9999573333333336
vertex 72.11475200000001 65.03197866666667 0
vertex 72.11475200000001 65.03197866666667 1.9999573333333336
endloop
endfacet
facet normal 0.21903834230673996 0.9757162520935662 0
outer loop
vertex 74.34679466666667 62.168448000000005 0
vertex 74.17849600000001 62.20622933333334 0
vertex 74.17849600000001 62.20622933333334 1.9999573333333336
endloop
endfacet
facet normal 0.21903834230673996 0.9757162520935662 0
outer loop
vertex 74.34679466666667 62.168448000000005 0
vertex 74.17849600000001 62.20622933333334 1.9999573333333336
vertex 74.34679466666667 62.168448000000005 1.9999573333333336
endloop
endfacet
facet normal 0.0941359842461412 0.9955593485423209 0
outer loop
vertex 74.51656533333333 62.14146133333334 1.9999573333333336
vertex 74.687808 62.125269333333335 1.9999573333333336
vertex 74.687808 62.125269333333335 0
endloop
endfacet
facet normal 0.0941359842461412 0.9955593485423209 0
outer loop
vertex 74.51656533333333 62.14146133333334 1.9999573333333336
vertex 74.687808 62.125269333333335 0
vertex 74.51656533333333 62.14146133333334 0
endloop
endfacet
facet normal 0.15698850759041752 0.987600429568828 0
outer loop
vertex 74.34679466666667 62.168448000000005 0
vertex 74.34679466666667 62.168448000000005 1.9999573333333336
vertex 74.51656533333333 62.14146133333334 1.9999573333333336
endloop
endfacet
facet normal 0.15698850759041752 0.987600429568828 0
outer loop
vertex 74.34679466666667 62.168448000000005 0
vertex 74.51656533333333 62.14146133333334 1.9999573333333336
vertex 74.51656533333333 62.14146133333334 0
endloop
endfacet
facet normal 0.9761870601839547 0.21693045781864742 0
outer loop
vertex 72.16872533333334 64.34651733333334 1.9999573333333336
vertex 72.206016 64.17870933333334 1.9999573333333336
vertex 72.206016 64.17870933333334 0
endloop
endfacet
facet normal 0.9761870601839547 0.21693045781864742 0
outer loop
vertex 72.16872533333334 64.34651733333334 1.9999573333333336
vertex 72.206016 64.17870933333334 0
vertex 72.16872533333334 64.34651733333334 0
endloop
endfacet
facet normal 0.9955593485423285 0.0941359842460593 0
outer loop
vertex 72.14173866666667 64.51677866666667 0
vertex 72.12554666666668 64.68802133333334 0
vertex 72.12554666666668 64.68802133333334 1.9999573333333336
endloop
endfacet
facet normal 0.9955593485423285 0.0941359842460593 0
outer loop
vertex 72.14173866666667 64.51677866666667 0
vertex 72.12554666666668 64.68802133333334 1.9999573333333336
vertex 72.14173866666667 64.51677866666667 1.9999573333333336
endloop
endfacet
facet normal 0.9876704794633471 0.15654719415129137 0
outer loop
vertex 72.16872533333334 64.34651733333334 1.9999573333333336
vertex 72.16872533333334 64.34651733333334 0
vertex 72.14173866666667 64.51677866666667 0
endloop
endfacet
facet normal 0.9876704794633471 0.15654719415129137 0
outer loop
vertex 72.16872533333334 64.34651733333334 1.9999573333333336
vertex 72.14173866666667 64.51677866666667 0
vertex 72.14173866666667 64.51677866666667 1.9999573333333336
endloop
endfacet
facet normal 0.7899660697355202 0.6131505595419571 0
outer loop
vertex 72.74869333333334 63.113472 1.9999573333333336
vertex 72.74869333333334 63.113472 0
vertex 72.64320000000001 63.24938666666667 0
endloop
endfacet
facet normal 0.7899660697355202 0.6131505595419571 0
outer loop
vertex 72.74869333333334 63.113472 1.9999573333333336
vertex 72.64320000000001 63.24938666666667 0
vertex 72.64320000000001 63.24938666666667 1.9999573333333336
endloop
endfacet
facet normal 0.3987261114144259 0.9170700562532454 0
outer loop
vertex 73.69322666666667 62.38090666666667 1.9999573333333336
vertex 73.85122133333334 62.31221333333334 1.9999573333333336
vertex 73.85122133333334 62.31221333333334 0
endloop
endfacet
facet normal 0.3987261114144259 0.9170700562532454 0
outer loop
vertex 73.69322666666667 62.38090666666667 1.9999573333333336
vertex 73.85122133333334 62.31221333333334 0
vertex 73.69322666666667 62.38090666666667 0
endloop
endfacet
facet normal 0.9602230816879611 0.2792340118855069 0
outer loop
vertex 72.206016 64.17870933333334 0
vertex 72.206016 64.17870933333334 1.9999573333333336
vertex 72.25410133333334 64.01335466666667 1.9999573333333336
endloop
endfacet
facet normal 0.9602230816879611 0.2792340118855069 0
outer loop
vertex 72.206016 64.17870933333334 0
vertex 72.25410133333334 64.01335466666667 1.9999573333333336
vertex 72.25410133333334 64.01335466666667 0
endloop
endfacet
facet normal 0.9181095165317558 0.39632677887549517 0
outer loop
vertex 72.38069333333334 63.69344 1.9999573333333336
vertex 72.38069333333334 63.69344 0
vertex 72.31249066666668 63.85143466666667 0
endloop
endfacet
facet normal 0.9181095165317558 0.39632677887549517 0
outer loop
vertex 72.38069333333334 63.69344 1.9999573333333336
vertex 72.31249066666668 63.85143466666667 0
vertex 72.31249066666668 63.85143466666667 1.9999573333333336
endloop
endfacet
facet normal 0.9407055795672659 0.3392241332379148 0
outer loop
vertex 72.31249066666668 63.85143466666667 0
vertex 72.25410133333334 64.01335466666667 0
vertex 72.25410133333334 64.01335466666667 1.9999573333333336
endloop
endfacet
facet normal 0.9407055795672659 0.3392241332379148 0
outer loop
vertex 72.31249066666668 63.85143466666667 0
vertex 72.25410133333334 64.01335466666667 1.9999573333333336
vertex 72.31249066666668 63.85143466666667 1.9999573333333336
endloop
endfacet
facet normal 0.7499210618143304 0.6615273244902792 0
outer loop
vertex 72.86252800000001 62.98442666666667 0
vertex 72.74869333333334 63.113472 0
vertex 72.74869333333334 63.113472 1.9999573333333336
endloop
endfacet
facet normal 0.7499210618143304 0.6615273244902792 0
outer loop
vertex 72.86252800000001 62.98442666666667 0
vertex 72.74869333333334 63.113472 1.9999573333333336
vertex 72.86252800000001 62.98442666666667 1.9999573333333336
endloop
endfacet
facet normal 0.6615273244902764 0.7499210618143328 0
outer loop
vertex 72.98421333333334 62.86274133333334 1.9999573333333336
vertex 73.11325866666667 62.74890666666667 1.9999573333333336
vertex 73.11325866666667 62.74890666666667 0
endloop
endfacet
facet normal 0.6615273244902764 0.7499210618143328 0
outer loop
vertex 72.98421333333334 62.86274133333334 1.9999573333333336
vertex 73.11325866666667 62.74890666666667 0
vertex 72.98421333333334 62.86274133333334 0
endloop
endfacet
facet normal 0.7071067811865475 0.7071067811865475 0
outer loop
vertex 72.86252800000001 62.98442666666667 0
vertex 72.86252800000001 62.98442666666667 1.9999573333333336
vertex 72.98421333333334 62.86274133333334 1.9999573333333336
endloop
endfacet
facet normal 0.7071067811865475 0.7071067811865475 0
outer loop
vertex 72.86252800000001 62.98442666666667 0
vertex 72.98421333333334 62.86274133333334 1.9999573333333336
vertex 72.98421333333334 62.86274133333334 0
endloop
endfacet
facet normal 0.8271916756286658 0.5619198624097926 0
outer loop
vertex 72.54653866666668 63.39168000000001 1.9999573333333336
vertex 72.64320000000001 63.24938666666667 1.9999573333333336
vertex 72.64320000000001 63.24938666666667 0
endloop
endfacet
facet normal 0.8271916756286658 0.5619198624097926 0
outer loop
vertex 72.54653866666668 63.39168000000001 1.9999573333333336
vertex 72.64320000000001 63.24938666666667 0
vertex 72.54653866666668 63.39168000000001 0
endloop
endfacet
facet normal 0.8915606118170412 0.4529013970572659 0
outer loop
vertex 72.45870933333335 63.53986133333334 0
vertex 72.38069333333334 63.69344 0
vertex 72.38069333333334 63.69344 1.9999573333333336
endloop
endfacet
facet normal 0.8915606118170412 0.4529013970572659 0
outer loop
vertex 72.45870933333335 63.53986133333334 0
vertex 72.38069333333334 63.69344 1.9999573333333336
vertex 72.45870933333335 63.53986133333334 1.9999573333333336
endloop
endfacet
facet normal 0.8602452601336812 0.5098804687547219 0
outer loop
vertex 72.54653866666668 63.39168000000001 1.9999573333333336
vertex 72.54653866666668 63.39168000000001 0
vertex 72.45870933333335 63.53986133333334 0
endloop
endfacet
facet normal 0.8602452601336812 0.5098804687547219 0
outer loop
vertex 72.54653866666668 63.39168000000001 1.9999573333333336
vertex 72.45870933333335 63.53986133333334 0
vertex 72.45870933333335 63.53986133333334 1.9999573333333336
endloop
endfacet
facet normal 0.6117713818574625 0.7910346239831798 0
outer loop
vertex 73.24966400000001 62.643413333333335 0
vertex 73.11325866666667 62.74890666666667 0
vertex 73.11325866666667 62.74890666666667 1.9999573333333336
endloop
endfacet
facet normal 0.6117713818574625 0.7910346239831798 0
outer loop
vertex 73.24966400000001 62.643413333333335 0
vertex 73.11325866666667 62.74890666666667 1.9999573333333336
vertex 73.24966400000001 62.643413333333335 1.9999573333333336
endloop
endfacet
facet normal 0.5619198624098118 0.8271916756286528 0
outer loop
vertex 73.39195733333334 62.546752000000005 1.9999573333333336
vertex 73.39195733333334 62.546752000000005 0
vertex 73.24966400000001 62.643413333333335 0
endloop
endfacet
facet normal 0.5619198624098118 0.8271916756286528 0
outer loop
vertex 73.39195733333334 62.546752000000005 1.9999573333333336
vertex 73.24966400000001 62.643413333333335 0
vertex 73.24966400000001 62.643413333333335 1.9999573333333336
endloop
endfacet
facet normal 0.4540541130908381 0.8909741087064721 0
outer loop
vertex 73.54013866666668 62.45892266666667 1.9999573333333336
vertex 73.69322666666667 62.38090666666667 1.9999573333333336
vertex 73.69322666666667 62.38090666666667 0
endloop
endfacet
facet normal 0.4540541130908381 0.8909741087064721 0
outer loop
vertex 73.54013866666668 62.45892266666667 1.9999573333333336
vertex 73.69322666666667 62.38090666666667 0
vertex 73.54013866666668 62.45892266666667 0
endloop
endfacet
facet normal 0.5098804687547038 0.8602452601336921 0
outer loop
vertex 73.39195733333334 62.546752000000005 0
vertex 73.39195733333334 62.546752000000005 1.9999573333333336
vertex 73.54013866666668 62.45892266666667 1.9999573333333336
endloop
endfacet
facet normal 0.5098804687547038 0.8602452601336921 0
outer loop
vertex 73.39195733333334 62.546752000000005 0
vertex 73.54013866666668 62.45892266666667 1.9999573333333336
vertex 73.54013866666668 62.45892266666667 0
endloop
endfacet
facet normal 0.33669788539980916 0.9416127303553712 0
outer loop
vertex 74.01314133333334 62.25431466666667 0
vertex 73.85122133333334 62.31221333333334 0
vertex 73.85122133333334 62.31221333333334 1.9999573333333336
endloop
endfacet
facet normal 0.33669788539980916 0.9416127303553712 0
outer loop
vertex 74.01314133333334 62.25431466666667 0
vertex 73.85122133333334 62.31221333333334 1.9999573333333336
vertex 74.01314133333334 62.25431466666667 1.9999573333333336
endloop
endfacet
facet normal 0.2792340118855069 0.9602230816879611 0
outer loop
vertex 74.17849600000001 62.20622933333334 1.9999573333333336
vertex 74.17849600000001 62.20622933333334 0
vertex 74.01314133333334 62.25431466666667 0
endloop
endfacet
facet normal 0.2792340118855069 0.9602230816879611 0
outer loop
vertex 74.17849600000001 62.20622933333334 1.9999573333333336
vertex 74.01314133333334 62.25431466666667 0
vertex 74.01314133333334 62.25431466666667 1.9999573333333336
endloop
endfacet
facet normal -0.2800000000000021 -0.9599999999999994 0
outer loop
vertex 2.058346666666667 5.566122666666667 0
vertex 2.058346666666667 5.566122666666667 1.9999573333333336
vertex 1.8934826666666669 5.6142080000000005 1.9999573333333336
endloop
endfacet
facet normal -0.2800000000000021 -0.9599999999999994 0
outer loop
vertex 2.058346666666667 5.566122666666667 0
vertex 1.8934826666666669 5.6142080000000005 1.9999573333333336
vertex 1.8934826666666669 5.6142080000000005 0
endloop
endfacet
facet normal -0.2190383423067197 -0.9757162520935707 0
outer loop
vertex 2.058346666666667 5.566122666666667 1.9999573333333336
vertex 2.058346666666667 5.566122666666667 0
vertex 2.2266453333333334 5.5283413333333336 0
endloop
endfacet
facet normal -0.2190383423067197 -0.9757162520935707 0
outer loop
vertex 2.058346666666667 5.566122666666667 1.9999573333333336
vertex 2.2266453333333334 5.5283413333333336 0
vertex 2.2266453333333334 5.5283413333333336 1.9999573333333336
endloop
endfacet
facet normal -0.09668772019142845 -0.9953147666764439 0
outer loop
vertex 2.3964160000000003 5.501845333333334 0
vertex 2.5681493333333334 5.485162666666667 0
vertex 2.5681493333333334 5.485162666666667 1.9999573333333336
endloop
endfacet
facet normal -0.09668772019142845 -0.9953147666764439 0
outer loop
vertex 2.3964160000000003 5.501845333333334 0
vertex 2.5681493333333334 5.485162666666667 1.9999573333333336
vertex 2.3964160000000003 5.501845333333334 1.9999573333333336
endloop
endfacet
facet normal -0.15420265603988056 -0.9880392405518346 0
outer loop
vertex 2.3964160000000003 5.501845333333334 0
vertex 2.3964160000000003 5.501845333333334 1.9999573333333336
vertex 2.2266453333333334 5.5283413333333336 1.9999573333333336
endloop
endfacet
facet normal -0.15420265603988056 -0.9880392405518346 0
outer loop
vertex 2.3964160000000003 5.501845333333334 0
vertex 2.2266453333333334 5.5283413333333336 1.9999573333333336
vertex 2.2266453333333334 5.5283413333333336 0
endloop
endfacet
facet normal -0.9955593485423226 -0.09413598424612246 0
outer loop
vertex 0.005397333333333334 8.047914666666667 1.9999573333333336
vertex 0.005397333333333334 8.047914666666667 0
vertex 0.021589333333333335 7.876672000000001 0
endloop
endfacet
facet normal -0.9955593485423226 -0.09413598424612246 0
outer loop
vertex 0.005397333333333334 8.047914666666667 1.9999573333333336
vertex 0.021589333333333335 7.876672000000001 0
vertex 0.021589333333333335 7.876672000000001 1.9999573333333336
endloop
endfacet
facet normal -0.9995092939824207 -0.03132365308776818 0
outer loop
vertex 0 8.220138666666667 1.9999573333333336
vertex 0 8.220138666666667 0
vertex 0.005397333333333334 8.047914666666667 0
endloop
endfacet
facet normal -0.9995092939824207 -0.03132365308776818 0
outer loop
vertex 0 8.220138666666667 1.9999573333333336
vertex 0.005397333333333334 8.047914666666667 0
vertex 0.005397333333333334 8.047914666666667 1.9999573333333336
endloop
endfacet
facet normal -0.7885851351494615 -0.6149255927519243 0
outer loop
vertex 0.5230506666666667 6.609280000000001 1.9999573333333336
vertex 0.5230506666666667 6.609280000000001 0
vertex 0.6290346666666667 6.473365333333334 0
endloop
endfacet
facet normal -0.7885851351494615 -0.6149255927519243 0
outer loop
vertex 0.5230506666666667 6.609280000000001 1.9999573333333336
vertex 0.6290346666666667 6.473365333333334 0
vertex 0.6290346666666667 6.473365333333334 1.9999573333333336
endloop
endfacet
facet normal -0.45290139705723237 -0.8915606118170581 0
outer loop
vertex 1.4199893333333335 5.818816000000001 0
vertex 1.573568 5.7408 0
vertex 1.573568 5.7408 1.9999573333333336
endloop
endfacet
facet normal -0.45290139705723237 -0.8915606118170581 0
outer loop
vertex 1.4199893333333335 5.818816000000001 0
vertex 1.573568 5.7408 1.9999573333333336
vertex 1.4199893333333335 5.818816000000001 1.9999573333333336
endloop
endfacet
facet normal -0.5098804687547258 -0.8602452601336791 0
outer loop
vertex 1.4199893333333335 5.818816000000001 0
vertex 1.4199893333333335 5.818816000000001 1.9999573333333336
vertex 1.271808 5.9066453333333335 1.9999573333333336
endloop
endfacet
facet normal -0.5098804687547258 -0.8602452601336791 0
outer loop
vertex 1.4199893333333335 5.818816000000001 0
vertex 1.271808 5.9066453333333335 1.9999573333333336
vertex 1.271808 5.9066453333333335 0
endloop
endfacet
facet normal -0.9602230816879573 -0.27923401188551905 0
outer loop
vertex 0.13395200000000002 7.373248 0
vertex 0.13395200000000002 7.373248 1.9999573333333336
vertex 0.08586666666666667 7.538602666666667 1.9999573333333336
endloop
endfacet
facet normal -0.9602230816879573 -0.27923401188551905 0
outer loop
vertex 0.13395200000000002 7.373248 0
vertex 0.08586666666666667 7.538602666666667 1.9999573333333336
vertex 0.08586666666666667 7.538602666666667 0
endloop
endfacet
facet normal -0.918109516531751 -0.39632677887550616 0
outer loop
vertex 0.19234133333333334 7.211328000000001 1.9999573333333336
vertex 0.19234133333333334 7.211328000000001 0
vertex 0.260544 7.053333333333334 0
endloop
endfacet
facet normal -0.918109516531751 -0.39632677887550616 0
outer loop
vertex 0.19234133333333334 7.211328000000001 1.9999573333333336
vertex 0.260544 7.053333333333334 0
vertex 0.260544 7.053333333333334 1.9999573333333336
endloop
endfacet
facet normal -0.9407055795672724 -0.3392241332378964 0
outer loop
vertex 0.13395200000000002 7.373248 1.9999573333333336
vertex 0.13395200000000002 7.373248 0
vertex 0.19234133333333334 7.211328000000001 0
endloop
endfacet
facet normal -0.9407055795672724 -0.3392241332378964 0
outer loop
vertex 0.13395200000000002 7.373248 1.9999573333333336
vertex 0.19234133333333334 7.211328000000001 0
vertex 0.19234133333333334 7.211328000000001 1.9999573333333336
endloop
endfacet
facet normal -0.9876704794633534 -0.15654719415125196 0
outer loop
vertex 0.048576 7.706410666666668 0
vertex 0.048576 7.706410666666668 1.9999573333333336
vertex 0.021589333333333335 7.876672000000001 1.9999573333333336
endloop
endfacet
facet normal -0.9876704794633534 -0.15654719415125196 0
outer loop
vertex 0.048576 7.706410666666668 0
vertex 0.021589333333333335 7.876672000000001 1.9999573333333336
vertex 0.021589333333333335 7.876672000000001 0
endloop
endfacet
facet normal -0.976187060183953 -0.21693045781865516 0
outer loop
vertex 0.048576 7.706410666666668 0
vertex 0.08586666666666667 7.538602666666667 0
vertex 0.08586666666666667 7.538602666666667 1.9999573333333336
endloop
endfacet
facet normal -0.976187060183953 -0.21693045781865516 0
outer loop
vertex 0.048576 7.706410666666668 0
vertex 0.08586666666666667 7.538602666666667 1.9999573333333336
vertex 0.048576 7.706410666666668 1.9999573333333336
endloop
endfacet
facet normal -0.7499210618143651 -0.66152732449024 0
outer loop
vertex 0.6290346666666667 6.473365333333334 1.9999573333333336
vertex 0.6290346666666667 6.473365333333334 0
vertex 0.7428693333333334 6.344320000000001 0
endloop
endfacet
facet normal -0.7499210618143651 -0.66152732449024 0
outer loop
vertex 0.6290346666666667 6.473365333333334 1.9999573333333336
vertex 0.7428693333333334 6.344320000000001 0
vertex 0.7428693333333334 6.344320000000001 1.9999573333333336
endloop
endfacet
facet normal -0.6615273244902387 -0.7499210618143664 0
outer loop
vertex 0.8645546666666667 6.222634666666667 0
vertex 0.9936 6.1088000000000005 0
vertex 0.9936 6.1088000000000005 1.9999573333333336
endloop
endfacet
facet normal -0.6615273244902387 -0.7499210618143664 0
outer loop
vertex 0.8645546666666667 6.222634666666667 0
vertex 0.9936 6.1088000000000005 1.9999573333333336
vertex 0.8645546666666667 6.222634666666667 1.9999573333333336
endloop
endfacet
facet normal -0.7071067811865465 -0.7071067811865485 0
outer loop
vertex 6.222634666666667 0.8645546666666667 1.9999573333333336
vertex 6.222634666666667 0.8645546666666667 0
vertex 6.344320000000001 0.7428693333333334 0
endloop
endfacet
facet normal -0.7071067811865465 -0.7071067811865485 0
outer loop
vertex 6.222634666666667 0.8645546666666667 1.9999573333333336
vertex 6.344320000000001 0.7428693333333334 0
vertex 6.344320000000001 0.7428693333333334 1.9999573333333336
endloop
endfacet
facet normal -0.7071067811865485 -0.7071067811865465 0
outer loop
vertex 0.7428693333333334 6.344320000000001 1.9999573333333336
vertex 0.7428693333333334 6.344320000000001 0
vertex 0.8645546666666667 6.222634666666667 0
endloop
endfacet
facet normal -0.7071067811865485 -0.7071067811865465 0
outer loop
vertex 0.7428693333333334 6.344320000000001 1.9999573333333336
vertex 0.8645546666666667 6.222634666666667 0
vertex 0.8645546666666667 6.222634666666667 1.9999573333333336
endloop
endfacet
facet normal -0.8280891486967611 -0.5605964339974644 0
outer loop
vertex 0.42638933333333334 6.752064000000001 0
vertex 0.5230506666666667 6.609280000000001 0
vertex 0.5230506666666667 6.609280000000001 1.9999573333333336
endloop
endfacet
facet normal -0.8280891486967611 -0.5605964339974644 0
outer loop
vertex 0.42638933333333334 6.752064000000001 0
vertex 0.5230506666666667 6.609280000000001 1.9999573333333336
vertex 0.42638933333333334 6.752064000000001 1.9999573333333336
endloop
endfacet
facet normal -0.8904090623750526 -0.45516118204475636 0
outer loop
vertex 0.260544 7.053333333333334 1.9999573333333336
vertex 0.260544 7.053333333333334 0
vertex 0.33905066666666667 6.899754666666667 0
endloop
endfacet
facet normal -0.8904090623750526 -0.45516118204475636 0
outer loop
vertex 0.260544 7.053333333333334 1.9999573333333336
vertex 0.33905066666666667 6.899754666666667 0
vertex 0.33905066666666667 6.899754666666667 1.9999573333333336
endloop
endfacet
facet normal -0.8607556887563258 -0.5090183142811496 0
outer loop
vertex 0.33905066666666667 6.899754666666667 1.9999573333333336
vertex 0.33905066666666667 6.899754666666667 0
vertex 0.42638933333333334 6.752064000000001 0
endloop
endfacet
facet normal -0.8607556887563258 -0.5090183142811496 0
outer loop
vertex 0.33905066666666667 6.899754666666667 1.9999573333333336
vertex 0.42638933333333334 6.752064000000001 0
vertex 0.42638933333333334 6.752064000000001 1.9999573333333336
endloop
endfacet
facet normal -0.6131505595419908 -0.7899660697354942 0
outer loop
vertex 0.9936 6.1088000000000005 1.9999573333333336
vertex 0.9936 6.1088000000000005 0
vertex 1.1295146666666667 6.003306666666667 0
endloop
endfacet
facet normal -0.6131505595419908 -0.7899660697354942 0
outer loop
vertex 0.9936 6.1088000000000005 1.9999573333333336
vertex 1.1295146666666667 6.003306666666667 0
vertex 1.1295146666666667 6.003306666666667 1.9999573333333336
endloop
endfacet
facet normal -0.5619198624098103 -0.8271916756286538 0
outer loop
vertex 1.1295146666666667 6.003306666666667 1.9999573333333336
vertex 1.1295146666666667 6.003306666666667 0
vertex 1.271808 5.9066453333333335 0
endloop
endfacet
facet normal -0.5619198624098103 -0.8271916756286538 0
outer loop
vertex 1.1295146666666667 6.003306666666667 1.9999573333333336
vertex 1.271808 5.9066453333333335 0
vertex 1.271808 5.9066453333333335 1.9999573333333336
endloop
endfacet
facet normal -0.3963267788755048 -0.9181095165317517 0
outer loop
vertex 1.573568 5.7408 1.9999573333333336
vertex 1.573568 5.7408 0
vertex 1.7315626666666668 5.672597333333334 0
endloop
endfacet
facet normal -0.3963267788755048 -0.9181095165317517 0
outer loop
vertex 1.573568 5.7408 1.9999573333333336
vertex 1.7315626666666668 5.672597333333334 0
vertex 1.7315626666666668 5.672597333333334 1.9999573333333336
endloop
endfacet
facet normal -0.33922413323789563 -0.9407055795672729 0
outer loop
vertex 1.7315626666666668 5.672597333333334 1.9999573333333336
vertex 1.7315626666666668 5.672597333333334 0
vertex 1.8934826666666669 5.6142080000000005 0
endloop
endfacet
facet normal -0.33922413323789563 -0.9407055795672729 0
outer loop
vertex 1.7315626666666668 5.672597333333334 1.9999573333333336
vertex 1.8934826666666669 5.6142080000000005 0
vertex 1.8934826666666669 5.6142080000000005 1.9999573333333336
endloop
endfacet
facet normal -1 0 0
outer loop
vertex 0 33.800064 0.9999786666666668
vertex 0 8.252032 1.9999573333333336
vertex 0 8.400213333333333 1.9999573333333336
endloop
endfacet
facet normal -1 0 0
outer loop
vertex 0 33.800064 0.9999786666666668
vertex 0 8.400213333333333 1.9999573333333336
vertex 0 8.553301333333334 1.9999573333333336
endloop
endfacet
facet normal -1 0 0
outer loop
vertex 0 33.800064 0.9999786666666668
vertex 0 8.553301333333334 1.9999573333333336
vertex 0 8.711296 1.9999573333333336
endloop
endfacet
facet normal -1 0 0
outer loop
vertex 0 33.800064 0.9999786666666668
vertex 0 8.711296 1.9999573333333336
vertex 0 8.873216000000001 1.9999573333333336
endloop
endfacet
facet normal -1 0 0
outer loop
vertex 0 33.800064 0.9999786666666668
vertex 0 8.873216000000001 1.9999573333333336
vertex 0 9.038570666666667 1.9999573333333336
endloop
endfacet
facet normal -1 0 0
outer loop
vertex 0 33.800064 0.9999786666666668
vertex 0 9.038570666666667 1.9999573333333336
vertex 0 9.206378666666668 1.9999573333333336
endloop
endfacet
facet normal -0.9999999999999999 0 0
outer loop
vertex 0 33.800064 0.9999786666666668
vertex 0 9.206378666666668 1.9999573333333336
vertex 0 9.37664 1.9999573333333336
endloop
endfacet
facet normal -1 0 0
outer loop
vertex 0 33.800064 0.9999786666666668
vertex 0 9.37664 1.9999573333333336
vertex 0 9.547882666666668 1.9999573333333336
endloop
endfacet
facet normal -1 0 0
outer loop
vertex 0 33.800064 0.9999786666666668
vertex 0 9.547882666666668 1.9999573333333336
vertex 0 9.720106666666668 1.9999573333333336
endloop
endfacet
facet normal -1 0 0
outer loop
vertex 0 33.800064 0.9999786666666668
vertex 0 9.720106666666668 1.9999573333333336
vertex 0 57.88002133333334 1.9999573333333336
endloop
endfacet
facet normal -1 0 0
outer loop
vertex 0 33.800064 0.9999786666666668
vertex 0 57.88002133333334 1.9999573333333336
vertex 0 58.05224533333334 1.9999573333333336
endloop
endfacet
facet normal -1 0 0
outer loop
vertex 0 33.800064 0.9999786666666668
vertex 0 58.05224533333334 1.9999573333333336
vertex 0 58.223488 1.9999573333333336
endloop
endfacet
facet normal -1 0 0
outer loop
vertex 0 33.800064 0.9999786666666668
vertex 0 58.223488 1.9999573333333336
vertex 0 58.39325866666667 1.9999573333333336
endloop
endfacet
facet normal -0.9999999999999999 0 0
outer loop
vertex 0 33.800064 0.9999786666666668
vertex 0 58.39325866666667 1.9999573333333336
vertex 0 58.56155733333334 1.9999573333333336
endloop
endfacet
facet normal -1 0 0
outer loop
vertex 0 33.800064 0.9999786666666668
vertex 0 58.56155733333334 1.9999573333333336
vertex 0 58.726912000000006 1.9999573333333336
endloop
endfacet
facet normal -1 0 0
outer loop
vertex 0 33.800064 0.9999786666666668
vertex 0 58.726912000000006 1.9999573333333336
vertex 0 58.88883200000001 1.9999573333333336
endloop
endfacet
facet normal -0.9999999999999999 0 0
outer loop
vertex 0 33.800064 0.9999786666666668
vertex 0 58.88883200000001 1.9999573333333336
vertex 0 59.04682666666667 1.9999573333333336
endloop
endfacet
facet normal -1 0 0
outer loop
vertex 0 33.800064 0.9999786666666668
vertex 0 59.04682666666667 1.9999573333333336
vertex 0 59.19991466666667 1.9999573333333336
endloop
endfacet
facet normal -1 0 0
outer loop
vertex 0 33.800064 0.9999786666666668
vertex 0 59.19991466666667 1.9999573333333336
vertex 0 59.348096000000005 1.9999573333333336
endloop
endfacet
facet normal -1 0 0
outer loop
vertex 0 33.800064 0.9999786666666668
vertex 0 59.348096000000005 1.9999573333333336
vertex 0 59.379989333333334 1.9999573333333336
endloop
endfacet
facet normal -1 0 0
outer loop
vertex 0 33.800064 0.9999786666666668
vertex 0 59.379989333333334 1.9999573333333336
vertex 0 59.379989333333334 0
endloop
endfacet
facet normal -1 0 0
outer loop
vertex 0 33.800064 0.9999786666666668
vertex 0 59.379989333333334 0
vertex 0 59.348096000000005 0
endloop
endfacet
facet normal -1 0 0
outer loop
vertex 0 33.800064 0.9999786666666668
vertex 0 59.348096000000005 0
vertex 0 59.19991466666667 0
endloop
endfacet
facet normal -1 0 0
outer loop
vertex 0 33.800064 0.9999786666666668
vertex 0 59.19991466666667 0
vertex 0 59.04682666666667 0
endloop
endfacet
facet normal -0.9999999999999999 0 0
outer loop
vertex 0 33.800064 0.9999786666666668
vertex 0 59.04682666666667 0
vertex 0 58.88883200000001 0
endloop
endfacet
facet normal -1 0 0
outer loop
vertex 0 33.800064 0.9999786666666668
vertex 0 58.88883200000001 0
vertex 0 58.726912000000006 0
endloop
endfacet
facet normal -1 0 0
outer loop
vertex 0 33.800064 0.9999786666666668
vertex 0 58.726912000000006 0
vertex 0 58.56155733333334 0
endloop
endfacet
facet normal -0.9999999999999999 0 0
outer loop
vertex 0 33.800064 0.9999786666666668
vertex 0 58.56155733333334 0
vertex 0 58.39325866666667 0
endloop
endfacet
facet normal -1 0 0
outer loop
vertex 0 33.800064 0.9999786666666668
vertex 0 58.39325866666667 0
vertex 0 58.223488 0
endloop
endfacet
facet normal -1 0 0
outer loop
vertex 0 33.800064 0.9999786666666668
vertex 0 58.223488 0
vertex 0 58.05224533333334 0
endloop
endfacet
facet normal -1 0 0
outer loop
vertex 0 33.800064 0.9999786666666668
vertex 0 58.05224533333334 0
vertex 0 57.88002133333334 0
endloop
endfacet
facet normal -1 0 0
outer loop
vertex 0 33.800064 0.9999786666666668
vertex 0 57.88002133333334 0
vertex 0 9.720106666666668 0
endloop
endfacet
facet normal -1 0 0
outer loop
vertex 0 33.800064 0.9999786666666668
vertex 0 9.720106666666668 0
vertex 0 9.547882666666668 0
endloop
endfacet
facet normal -1 0 0
outer loop
vertex 0 33.800064 0.9999786666666668
vertex 0 9.547882666666668 0
vertex 0 9.37664 0
endloop
endfacet
facet normal -0.9999999999999999 0 0
outer loop
vertex 0 33.800064 0.9999786666666668
vertex 0 9.37664 0
vertex 0 9.206378666666668 0
endloop
endfacet
facet normal -1 0 0
outer loop
vertex 0 33.800064 0.9999786666666668
vertex 0 9.206378666666668 0
vertex 0 9.038570666666667 0
endloop
endfacet
facet normal -1 0 0
outer loop
vertex 0 33.800064 0.9999786666666668
vertex 0 9.038570666666667 0
vertex 0 8.873216000000001 0
endloop
endfacet
facet normal -1 0 0
outer loop
vertex 0 33.800064 0.9999786666666668
vertex 0 8.873216000000001 0
vertex 0 8.711296 0
endloop
endfacet
facet normal -1 0 0
outer loop
vertex 0 33.800064 0.9999786666666668
vertex 0 8.711296 0
vertex 0 8.553301333333334 0
endloop
endfacet
facet normal -1 0 0
outer loop
vertex 0 33.800064 0.9999786666666668
vertex 0 8.553301333333334 0
vertex 0 8.400213333333333 0
endloop
endfacet
facet normal -1 0 0
outer loop
vertex 0 33.800064 0.9999786666666668
vertex 0 8.400213333333333 0
vertex 0 8.252032 0
endloop
endfacet
facet normal -1 0 0
outer loop
vertex 0 33.800064 0.9999786666666668
vertex 0 8.252032 0
vertex 0 8.220138666666667 0
endloop
endfacet
facet normal -1 0 0
outer loop
vertex 0 33.800064 0.9999786666666668
vertex 0 8.220138666666667 0
vertex 0 8.220138666666667 1.9999573333333336
endloop
endfacet
facet normal -1 0 0
outer loop
vertex 0 33.800064 0.9999786666666668
vertex 0 8.220138666666667 1.9999573333333336
vertex 0 8.252032 1.9999573333333336
endloop
endfacet
facet normal -0.03132365308776818 -0.9995092939824207 0
outer loop
vertex 8.047914666666667 0.005397333333333334 0
vertex 8.220138666666667 0 0
vertex 8.220138666666667 0 1.9999573333333336
endloop
endfacet
facet normal -0.03132365308776818 -0.9995092939824207 0
outer loop
vertex 8.047914666666667 0.005397333333333334 0
vertex 8.220138666666667 0 1.9999573333333336
vertex 8.047914666666667 0.005397333333333334 1.9999573333333336
endloop
endfacet
facet normal -0.27923401188551905 -0.9602230816879573 0
outer loop
vertex 7.538602666666667 0.08586666666666667 0
vertex 7.538602666666667 0.08586666666666667 1.9999573333333336
vertex 7.373248 0.13395200000000002 1.9999573333333336
endloop
endfacet
facet normal -0.27923401188551905 -0.9602230816879573 0
outer loop
vertex 7.538602666666667 0.08586666666666667 0
vertex 7.373248 0.13395200000000002 1.9999573333333336
vertex 7.373248 0.13395200000000002 0
endloop
endfacet
facet normal -0.21693045781865516 -0.976187060183953 0
outer loop
vertex 7.538602666666667 0.08586666666666667 1.9999573333333336
vertex 7.538602666666667 0.08586666666666667 0
vertex 7.706410666666668 0.048576 0
endloop
endfacet
facet normal -0.21693045781865516 -0.976187060183953 0
outer loop
vertex 7.538602666666667 0.08586666666666667 1.9999573333333336
vertex 7.706410666666668 0.048576 0
vertex 7.706410666666668 0.048576 1.9999573333333336
endloop
endfacet
facet normal -0.09413598424612246 -0.9955593485423226 0
outer loop
vertex 7.876672000000001 0.021589333333333335 0
vertex 8.047914666666667 0.005397333333333334 0
vertex 8.047914666666667 0.005397333333333334 1.9999573333333336
endloop
endfacet
facet normal -0.09413598424612246 -0.9955593485423226 0
outer loop
vertex 7.876672000000001 0.021589333333333335 0
vertex 8.047914666666667 0.005397333333333334 1.9999573333333336
vertex 7.876672000000001 0.021589333333333335 1.9999573333333336
endloop
endfacet
facet normal -0.15654719415125196 -0.9876704794633534 0
outer loop
vertex 7.876672000000001 0.021589333333333335 0
vertex 7.876672000000001 0.021589333333333335 1.9999573333333336
vertex 7.706410666666668 0.048576 1.9999573333333336
endloop
endfacet
facet normal -0.15654719415125196 -0.9876704794633534 0
outer loop
vertex 7.876672000000001 0.021589333333333335 0
vertex 7.706410666666668 0.048576 1.9999573333333336
vertex 7.706410666666668 0.048576 0
endloop
endfacet
facet normal -0.9953147666764439 -0.09668772019142845 0
outer loop
vertex 5.485162666666667 2.5681493333333334 1.9999573333333336
vertex 5.485162666666667 2.5681493333333334 0
vertex 5.501845333333334 2.3964160000000003 0
endloop
endfacet
facet normal -0.9953147666764439 -0.09668772019142845 0
outer loop
vertex 5.485162666666667 2.5681493333333334 1.9999573333333336
vertex 5.501845333333334 2.3964160000000003 0
vertex 5.501845333333334 2.3964160000000003 1.9999573333333336
endloop
endfacet
facet normal -0.7899660697354942 -0.6131505595419908 0
outer loop
vertex 6.003306666666667 1.1295146666666667 1.9999573333333336
vertex 6.003306666666667 1.1295146666666667 0
vertex 6.1088000000000005 0.9936 0
endloop
endfacet
facet normal -0.7899660697354942 -0.6131505595419908 0
outer loop
vertex 6.003306666666667 1.1295146666666667 1.9999573333333336
vertex 6.1088000000000005 0.9936 0
vertex 6.1088000000000005 0.9936 1.9999573333333336
endloop
endfacet
facet normal -0.45516118204475636 -0.8904090623750526 0
outer loop
vertex 6.899754666666667 0.33905066666666667 0
vertex 7.053333333333334 0.260544 0
vertex 7.053333333333334 0.260544 1.9999573333333336
endloop
endfacet
facet normal -0.45516118204475636 -0.8904090623750526 0
outer loop
vertex 6.899754666666667 0.33905066666666667 0
vertex 7.053333333333334 0.260544 1.9999573333333336
vertex 6.899754666666667 0.33905066666666667 1.9999573333333336
endloop
endfacet
facet normal -0.5090183142811496 -0.8607556887563258 0
outer loop
vertex 6.899754666666667 0.33905066666666667 0
vertex 6.899754666666667 0.33905066666666667 1.9999573333333336
vertex 6.752064000000001 0.42638933333333334 1.9999573333333336
endloop
endfacet
facet normal -0.5090183142811496 -0.8607556887563258 0
outer loop
vertex 6.899754666666667 0.33905066666666667 0
vertex 6.752064000000001 0.42638933333333334 1.9999573333333336
vertex 6.752064000000001 0.42638933333333334 0
endloop
endfacet
facet normal -0.9599999999999994 -0.2800000000000021 0
outer loop
vertex 5.6142080000000005 1.8934826666666669 0
vertex 5.6142080000000005 1.8934826666666669 1.9999573333333336
vertex 5.566122666666667 2.058346666666667 1.9999573333333336
endloop
endfacet
facet normal -0.9599999999999994 -0.2800000000000021 0
outer loop
vertex 5.6142080000000005 1.8934826666666669 0
vertex 5.566122666666667 2.058346666666667 1.9999573333333336
vertex 5.566122666666667 2.058346666666667 0
endloop
endfacet
facet normal -0.9181095165317517 -0.3963267788755048 0
outer loop
vertex 5.672597333333334 1.7315626666666668 1.9999573333333336
vertex 5.672597333333334 1.7315626666666668 0
vertex 5.7408 1.573568 0
endloop
endfacet
facet normal -0.9181095165317517 -0.3963267788755048 0
outer loop
vertex 5.672597333333334 1.7315626666666668 1.9999573333333336
vertex 5.7408 1.573568 0
vertex 5.7408 1.573568 1.9999573333333336
endloop
endfacet
facet normal -0.9407055795672729 -0.33922413323789563 0
outer loop
vertex 5.6142080000000005 1.8934826666666669 1.9999573333333336
vertex 5.6142080000000005 1.8934826666666669 0
vertex 5.672597333333334 1.7315626666666668 0
endloop
endfacet
facet normal -0.9407055795672729 -0.33922413323789563 0
outer loop
vertex 5.6142080000000005 1.8934826666666669 1.9999573333333336
vertex 5.672597333333334 1.7315626666666668 0
vertex 5.672597333333334 1.7315626666666668 1.9999573333333336
endloop
endfacet
facet normal -0.9880392405518346 -0.15420265603988056 0
outer loop
vertex 5.5283413333333336 2.2266453333333334 0
vertex 5.5283413333333336 2.2266453333333334 1.9999573333333336
vertex 5.501845333333334 2.3964160000000003 1.9999573333333336
endloop
endfacet
facet normal -0.9880392405518346 -0.15420265603988056 0
outer loop
vertex 5.5283413333333336 2.2266453333333334 0
vertex 5.501845333333334 2.3964160000000003 1.9999573333333336
vertex 5.501845333333334 2.3964160000000003 0
endloop
endfacet
facet normal -0.9757162520935707 -0.2190383423067197 0
outer loop
vertex 5.5283413333333336 2.2266453333333334 0
vertex 5.566122666666667 2.058346666666667 0
vertex 5.566122666666667 2.058346666666667 1.9999573333333336
endloop
endfacet
facet normal -0.9757162520935707 -0.2190383423067197 0
outer loop
vertex 5.5283413333333336 2.2266453333333334 0
vertex 5.566122666666667 2.058346666666667 1.9999573333333336
vertex 5.5283413333333336 2.2266453333333334 1.9999573333333336
endloop
endfacet
facet normal -0.7499210618143664 -0.6615273244902387 0
outer loop
vertex 6.1088000000000005 0.9936 1.9999573333333336
vertex 6.1088000000000005 0.9936 0
vertex 6.222634666666667 0.8645546666666667 0
endloop
endfacet
facet normal -0.7499210618143664 -0.6615273244902387 0
outer loop
vertex 6.1088000000000005 0.9936 1.9999573333333336
vertex 6.222634666666667 0.8645546666666667 0
vertex 6.222634666666667 0.8645546666666667 1.9999573333333336
endloop
endfacet
facet normal -0.66152732449024 -0.7499210618143651 0
outer loop
vertex 6.344320000000001 0.7428693333333334 0
vertex 6.473365333333334 0.6290346666666667 0
vertex 6.473365333333334 0.6290346666666667 1.9999573333333336
endloop
endfacet
facet normal -0.66152732449024 -0.7499210618143651 0
outer loop
vertex 6.344320000000001 0.7428693333333334 0
vertex 6.473365333333334 0.6290346666666667 1.9999573333333336
vertex 6.344320000000001 0.7428693333333334 1.9999573333333336
endloop
endfacet
facet normal -0.8271916756286538 -0.5619198624098103 0
outer loop
vertex 5.9066453333333335 1.271808 0
vertex 6.003306666666667 1.1295146666666667 0
vertex 6.003306666666667 1.1295146666666667 1.9999573333333336
endloop
endfacet
facet normal -0.8271916756286538 -0.5619198624098103 0
outer loop
vertex 5.9066453333333335 1.271808 0
vertex 6.003306666666667 1.1295146666666667 1.9999573333333336
vertex 5.9066453333333335 1.271808 1.9999573333333336
endloop
endfacet
facet normal -0.8915606118170581 -0.45290139705723237 0
outer loop
vertex 5.7408 1.573568 1.9999573333333336
vertex 5.7408 1.573568 0
vertex 5.818816000000001 1.4199893333333335 0
endloop
endfacet
facet normal -0.8915606118170581 -0.45290139705723237 0
outer loop
vertex 5.7408 1.573568 1.9999573333333336
vertex 5.818816000000001 1.4199893333333335 0
vertex 5.818816000000001 1.4199893333333335 1.9999573333333336
endloop
endfacet
facet normal -0.8602452601336791 -0.5098804687547258 0
outer loop
vertex 5.818816000000001 1.4199893333333335 1.9999573333333336
vertex 5.818816000000001 1.4199893333333335 0
vertex 5.9066453333333335 1.271808 0
endloop
endfacet
facet normal -0.8602452601336791 -0.5098804687547258 0
outer loop
vertex 5.818816000000001 1.4199893333333335 1.9999573333333336
vertex 5.9066453333333335 1.271808 0
vertex 5.9066453333333335 1.271808 1.9999573333333336
endloop
endfacet
facet normal -0.6149255927519243 -0.7885851351494615 0
outer loop
vertex 6.473365333333334 0.6290346666666667 1.9999573333333336
vertex 6.473365333333334 0.6290346666666667 0
vertex 6.609280000000001 0.5230506666666667 0
endloop
endfacet
facet normal -0.6149255927519243 -0.7885851351494615 0
outer loop
vertex 6.473365333333334 0.6290346666666667 1.9999573333333336
vertex 6.609280000000001 0.5230506666666667 0
vertex 6.609280000000001 0.5230506666666667 1.9999573333333336
endloop
endfacet
facet normal -0.5605964339974644 -0.8280891486967611 0
outer loop
vertex 6.609280000000001 0.5230506666666667 1.9999573333333336
vertex 6.609280000000001 0.5230506666666667 0
vertex 6.752064000000001 0.42638933333333334 0
endloop
endfacet
facet normal -0.5605964339974644 -0.8280891486967611 0
outer loop
vertex 6.609280000000001 0.5230506666666667 1.9999573333333336
vertex 6.752064000000001 0.42638933333333334 0
vertex 6.752064000000001 0.42638933333333334 1.9999573333333336
endloop
endfacet
facet normal -0.39632677887550616 -0.918109516531751 0
outer loop
vertex 7.053333333333334 0.260544 1.9999573333333336
vertex 7.053333333333334 0.260544 0
vertex 7.211328000000001 0.19234133333333334 0
endloop
endfacet
facet normal -0.39632677887550616 -0.918109516531751 0
outer loop
vertex 7.053333333333334 0.260544 1.9999573333333336
vertex 7.211328000000001 0.19234133333333334 0
vertex 7.211328000000001 0.19234133333333334 1.9999573333333336
endloop
endfacet
facet normal -0.3392241332378964 -0.9407055795672724 0
outer loop
vertex 7.211328000000001 0.19234133333333334 1.9999573333333336
vertex 7.211328000000001 0.19234133333333334 0
vertex 7.373248 0.13395200000000002 0
endloop
endfacet
facet normal -0.3392241332378964 -0.9407055795672724 0
outer loop
vertex 7.211328000000001 0.19234133333333334 1.9999573333333336
vertex 7.373248 0.13395200000000002 0
vertex 7.373248 0.13395200000000002 1.9999573333333336
endloop
endfacet
facet normal 0 -0.9999999999999999 0
outer loop
vertex 8.220138666666667 0 1.9999573333333336
vertex 8.220138666666667 0 0
vertex 69.379776 0 0
endloop
endfacet
facet normal 0 -0.9999999999999999 0
outer loop
vertex 8.220138666666667 0 1.9999573333333336
vertex 69.379776 0 0
vertex 69.379776 0 1.9999573333333336
endloop
endfacet
facet normal 0.9995092939824204 -0.03132365308777544 0
outer loop
vertex 77.59451733333334 8.047914666666667 0
vertex 77.59991466666668 8.220138666666667 0
vertex 77.59991466666668 8.220138666666667 1.9999573333333336
endloop
endfacet
facet normal 0.9995092939824204 -0.03132365308777544 0
outer loop
vertex 77.59451733333334 8.047914666666667 0
vertex 77.59991466666668 8.220138666666667 1.9999573333333336
vertex 77.59451733333334 8.047914666666667 1.9999573333333336
endloop
endfacet
facet normal 0.9602230816879582 -0.27923401188551655 0
outer loop
vertex 77.514048 7.538602666666667 0
vertex 77.514048 7.538602666666667 1.9999573333333336
vertex 77.46596266666667 7.373248 1.9999573333333336
endloop
endfacet
facet normal 0.9602230816879582 -0.27923401188551655 0
outer loop
vertex 77.514048 7.538602666666667 0
vertex 77.46596266666667 7.373248 1.9999573333333336
vertex 77.46596266666667 7.373248 0
endloop
endfacet
facet normal 0.9761870601839565 -0.21693045781863865 0
outer loop
vertex 77.514048 7.538602666666667 1.9999573333333336
vertex 77.514048 7.538602666666667 0
vertex 77.55133866666667 7.706410666666668 0
endloop
endfacet
facet normal 0.9761870601839565 -0.21693045781863865 0
outer loop
vertex 77.514048 7.538602666666667 1.9999573333333336
vertex 77.55133866666667 7.706410666666668 0
vertex 77.55133866666667 7.706410666666668 1.9999573333333336
endloop
endfacet
facet normal 0.9955593485423205 -0.0941359842461441 0
outer loop
vertex 77.57832533333334 7.876672000000001 0
vertex 77.59451733333334 8.047914666666667 0
vertex 77.59451733333334 8.047914666666667 1.9999573333333336
endloop
endfacet
facet normal 0.9955593485423205 -0.0941359842461441 0
outer loop
vertex 77.57832533333334 7.876672000000001 0
vertex 77.59451733333334 8.047914666666667 1.9999573333333336
vertex 77.57832533333334 7.876672000000001 1.9999573333333336
endloop
endfacet
facet normal 0.9876704794633477 -0.1565471941512874 0
outer loop
vertex 77.57832533333334 7.876672000000001 0
vertex 77.57832533333334 7.876672000000001 1.9999573333333336
vertex 77.55133866666667 7.706410666666668 1.9999573333333336
endloop
endfacet
facet normal 0.9876704794633477 -0.1565471941512874 0
outer loop
vertex 77.57832533333334 7.876672000000001 0
vertex 77.55133866666667 7.706410666666668 1.9999573333333336
vertex 77.55133866666667 7.706410666666668 0
endloop
endfacet
facet normal 0.09696216139910743 -0.9952880684790777 0
outer loop
vertex 75.032256 5.485162666666667 1.9999573333333336
vertex 75.032256 5.485162666666667 0
vertex 75.20349866666668 5.501845333333334 0
endloop
endfacet
facet normal 0.09696216139910743 -0.9952880684790777 0
outer loop
vertex 75.032256 5.485162666666667 1.9999573333333336
vertex 75.20349866666668 5.501845333333334 0
vertex 75.20349866666668 5.501845333333334 1.9999573333333336
endloop
endfacet
facet normal 0.6131505595419965 -0.7899660697354898 0
outer loop
vertex 76.47040000000001 6.003306666666667 1.9999573333333336
vertex 76.47040000000001 6.003306666666667 0
vertex 76.60631466666668 6.1088000000000005 0
endloop
endfacet
facet normal 0.6131505595419965 -0.7899660697354898 0
outer loop
vertex 76.47040000000001 6.003306666666667 1.9999573333333336
vertex 76.60631466666668 6.1088000000000005 0
vertex 76.60631466666668 6.1088000000000005 1.9999573333333336
endloop
endfacet
facet normal 0.8904090623750796 -0.4551611820447035 0
outer loop
vertex 77.26086400000001 6.899754666666667 0
vertex 77.33937066666667 7.053333333333334 0
vertex 77.33937066666667 7.053333333333334 1.9999573333333336
endloop
endfacet
facet normal 0.8904090623750796 -0.4551611820447035 0
outer loop
vertex 77.26086400000001 6.899754666666667 0
vertex 77.33937066666667 7.053333333333334 1.9999573333333336
vertex 77.26086400000001 6.899754666666667 1.9999573333333336
endloop
endfacet
facet normal 0.8607556887563236 -0.5090183142811535 0
outer loop
vertex 77.26086400000001 6.899754666666667 0
vertex 77.26086400000001 6.899754666666667 1.9999573333333336
vertex 77.17352533333334 6.752064000000001 1.9999573333333336
endloop
endfacet
facet normal 0.8607556887563236 -0.5090183142811535 0
outer loop
vertex 77.26086400000001 6.899754666666667 0
vertex 77.17352533333334 6.752064000000001 1.9999573333333336
vertex 77.17352533333334 6.752064000000001 0
endloop
endfacet
facet normal 0.27923401188553376 -0.9602230816879532 0
outer loop
vertex 75.70692266666667 5.6142080000000005 0
vertex 75.70692266666667 5.6142080000000005 1.9999573333333336
vertex 75.54156800000001 5.566122666666667 1.9999573333333336
endloop
endfacet
facet normal 0.27923401188553376 -0.9602230816879532 0
outer loop
vertex 75.70692266666667 5.6142080000000005 0
vertex 75.54156800000001 5.566122666666667 1.9999573333333336
vertex 75.54156800000001 5.566122666666667 0
endloop
endfacet
facet normal 0.3963267788755039 -0.918109516531752 0
outer loop
vertex 75.86884266666667 5.672597333333334 1.9999573333333336
vertex 75.86884266666667 5.672597333333334 0
vertex 76.02683733333333 5.7408 0
endloop
endfacet
facet normal 0.3963267788755039 -0.918109516531752 0
outer loop
vertex 75.86884266666667 5.672597333333334 1.9999573333333336
vertex 76.02683733333333 5.7408 0
vertex 76.02683733333333 5.7408 1.9999573333333336
endloop
endfacet
facet normal 0.33922413323790507 -0.9407055795672693 0
outer loop
vertex 75.70692266666667 5.6142080000000005 1.9999573333333336
vertex 75.70692266666667 5.6142080000000005 0
vertex 75.86884266666667 5.672597333333334 0
endloop
endfacet
facet normal 0.33922413323790507 -0.9407055795672693 0
outer loop
vertex 75.70692266666667 5.6142080000000005 1.9999573333333336
vertex 75.86884266666667 5.672597333333334 0
vertex 75.86884266666667 5.672597333333334 1.9999573333333336
endloop
endfacet
facet normal 0.15420265603988254 -0.9880392405518343 0
outer loop
vertex 75.37326933333334 5.5283413333333336 0
vertex 75.37326933333334 5.5283413333333336 1.9999573333333336
vertex 75.20349866666668 5.501845333333334 1.9999573333333336
endloop
endfacet
facet normal 0.15420265603988254 -0.9880392405518343 0
outer loop
vertex 75.37326933333334 5.5283413333333336 0
vertex 75.20349866666668 5.501845333333334 1.9999573333333336
vertex 75.20349866666668 5.501845333333334 0
endloop
endfacet
facet normal 0.2190383423067125 -0.9757162520935722 0
outer loop
vertex 75.37326933333334 5.5283413333333336 0
vertex 75.54156800000001 5.566122666666667 0
vertex 75.54156800000001 5.566122666666667 1.9999573333333336
endloop
endfacet
facet normal 0.2190383423067125 -0.9757162520935722 0
outer loop
vertex 75.37326933333334 5.5283413333333336 0
vertex 75.54156800000001 5.566122666666667 1.9999573333333336
vertex 75.37326933333334 5.5283413333333336 1.9999573333333336
endloop
endfacet
facet normal 0.6601146077286736 -0.7511648984498805 0
outer loop
vertex 76.60631466666668 6.1088000000000005 1.9999573333333336
vertex 76.60631466666668 6.1088000000000005 0
vertex 76.73585066666668 6.222634666666667 0
endloop
endfacet
facet normal 0.6601146077286736 -0.7511648984498805 0
outer loop
vertex 76.60631466666668 6.1088000000000005 1.9999573333333336
vertex 76.73585066666668 6.222634666666667 0
vertex 76.73585066666668 6.222634666666667 1.9999573333333336
endloop
endfacet
facet normal 0.7499210618143782 -0.6615273244902251 0
outer loop
vertex 76.85753600000001 6.344320000000001 0
vertex 76.97137066666667 6.473365333333334 0
vertex 76.97137066666667 6.473365333333334 1.9999573333333336
endloop
endfacet
facet normal 0.7499210618143782 -0.6615273244902251 0
outer loop
vertex 76.85753600000001 6.344320000000001 0
vertex 76.97137066666667 6.473365333333334 1.9999573333333336
vertex 76.85753600000001 6.344320000000001 1.9999573333333336
endloop
endfacet
facet normal 0.7071067811865527 -0.7071067811865424 0
outer loop
vertex 76.73585066666668 6.222634666666667 1.9999573333333336
vertex 76.73585066666668 6.222634666666667 0
vertex 76.85753600000001 6.344320000000001 0
endloop
endfacet
facet normal 0.7071067811865527 -0.7071067811865424 0
outer loop
vertex 76.73585066666668 6.222634666666667 1.9999573333333336
vertex 76.85753600000001 6.344320000000001 0
vertex 76.85753600000001 6.344320000000001 1.9999573333333336
endloop
endfacet
facet normal 0.7071067811865518 -0.7071067811865434 0
outer loop
vertex 71.25559466666667 0.7428693333333334 1.9999573333333336
vertex 71.25559466666667 0.7428693333333334 0
vertex 71.37728 0.8645546666666667 0
endloop
endfacet
facet normal 0.7071067811865518 -0.7071067811865434 0
outer loop
vertex 71.25559466666667 0.7428693333333334 1.9999573333333336
vertex 71.37728 0.8645546666666667 0
vertex 71.37728 0.8645546666666667 1.9999573333333336
endloop
endfacet
facet normal 0.5619198624097875 -0.8271916756286692 0
outer loop
vertex 76.32810666666667 5.9066453333333335 0
vertex 76.47040000000001 6.003306666666667 0
vertex 76.47040000000001 6.003306666666667 1.9999573333333336
endloop
endfacet
facet normal 0.5619198624097875 -0.8271916756286692 0
outer loop
vertex 76.32810666666667 5.9066453333333335 0
vertex 76.47040000000001 6.003306666666667 1.9999573333333336
vertex 76.32810666666667 5.9066453333333335 1.9999573333333336
endloop
endfacet
facet normal 0.45405411309078414 -0.8909741087064996 0
outer loop
vertex 76.02683733333333 5.7408 1.9999573333333336
vertex 76.02683733333333 5.7408 0
vertex 76.17992533333334 5.818816000000001 0
endloop
endfacet
facet normal 0.45405411309078414 -0.8909741087064996 0
outer loop
vertex 76.02683733333333 5.7408 1.9999573333333336
vertex 76.17992533333334 5.818816000000001 0
vertex 76.17992533333334 5.818816000000001 1.9999573333333336
endloop
endfacet
facet normal 0.5098804687547438 -0.8602452601336683 0
outer loop
vertex 76.17992533333334 5.818816000000001 1.9999573333333336
vertex 76.17992533333334 5.818816000000001 0
vertex 76.32810666666667 5.9066453333333335 0
endloop
endfacet
facet normal 0.5098804687547438 -0.8602452601336683 0
outer loop
vertex 76.17992533333334 5.818816000000001 1.9999573333333336
vertex 76.32810666666667 5.9066453333333335 0
vertex 76.32810666666667 5.9066453333333335 1.9999573333333336
endloop
endfacet
facet normal 0.7899660697355106 -0.6131505595419696 0
outer loop
vertex 76.97137066666667 6.473365333333334 1.9999573333333336
vertex 76.97137066666667 6.473365333333334 0
vertex 77.076864 6.609280000000001 0
endloop
endfacet
facet normal 0.7899660697355106 -0.6131505595419696 0
outer loop
vertex 76.97137066666667 6.473365333333334 1.9999573333333336
vertex 77.076864 6.609280000000001 0
vertex 77.076864 6.609280000000001 1.9999573333333336
endloop
endfacet
facet normal 0.8280891486967319 -0.5605964339975075 0
outer loop
vertex 77.076864 6.609280000000001 1.9999573333333336
vertex 77.076864 6.609280000000001 0
vertex 77.17352533333334 6.752064000000001 0
endloop
endfacet
facet normal 0.8280891486967319 -0.5605964339975075 0
outer loop
vertex 77.076864 6.609280000000001 1.9999573333333336
vertex 77.17352533333334 6.752064000000001 0
vertex 77.17352533333334 6.752064000000001 1.9999573333333336
endloop
endfacet
facet normal 0.9181095165317258 -0.3963267788755648 0
outer loop
vertex 77.33937066666667 7.053333333333334 1.9999573333333336
vertex 77.33937066666667 7.053333333333334 0
vertex 77.40757333333335 7.211328000000001 0
endloop
endfacet
facet normal 0.9181095165317258 -0.3963267788755648 0
outer loop
vertex 77.33937066666667 7.053333333333334 1.9999573333333336
vertex 77.40757333333335 7.211328000000001 0
vertex 77.40757333333335 7.211328000000001 1.9999573333333336
endloop
endfacet
facet normal 0.9407055795672904 -0.3392241332378466 0
outer loop
vertex 77.40757333333335 7.211328000000001 1.9999573333333336
vertex 77.40757333333335 7.211328000000001 0
vertex 77.46596266666667 7.373248 0
endloop
endfacet
facet normal 0.9407055795672904 -0.3392241332378466 0
outer loop
vertex 77.40757333333335 7.211328000000001 1.9999573333333336
vertex 77.46596266666667 7.373248 0
vertex 77.46596266666667 7.373248 1.9999573333333336
endloop
endfacet
facet normal 0.960000000000001 -0.27999999999999736 0
outer loop
vertex 72.033792 2.058346666666667 0
vertex 72.033792 2.058346666666667 1.9999573333333336
vertex 71.98570666666667 1.8934826666666669 1.9999573333333336
endloop
endfacet
facet normal 0.960000000000001 -0.27999999999999736 0
outer loop
vertex 72.033792 2.058346666666667 0
vertex 71.98570666666667 1.8934826666666669 1.9999573333333336
vertex 71.98570666666667 1.8934826666666669 0
endloop
endfacet
facet normal 0.9757162520935773 -0.21903834230669028 0
outer loop
vertex 72.033792 2.058346666666667 1.9999573333333336
vertex 72.033792 2.058346666666667 0
vertex 72.07157333333333 2.2266453333333334 0
endloop
endfacet
facet normal 0.9757162520935773 -0.21903834230669028 0
outer loop
vertex 72.033792 2.058346666666667 1.9999573333333336
vertex 72.07157333333333 2.2266453333333334 0
vertex 72.07157333333333 2.2266453333333334 1.9999573333333336
endloop
endfacet
facet normal 0.995584519865884 -0.09386939758737672 0
outer loop
vertex 72.09856 2.3964160000000003 0
vertex 72.11475200000001 2.5681493333333334 0
vertex 72.11475200000001 2.5681493333333334 1.9999573333333336
endloop
endfacet
facet normal 0.995584519865884 -0.09386939758737672 0
outer loop
vertex 72.09856 2.3964160000000003 0
vertex 72.11475200000001 2.5681493333333334 1.9999573333333336
vertex 72.09856 2.3964160000000003 1.9999573333333336
endloop
endfacet
facet normal 0.9876004295688218 -0.15698850759045582 0
outer loop
vertex 72.09856 2.3964160000000003 0
vertex 72.09856 2.3964160000000003 1.9999573333333336
vertex 72.07157333333333 2.2266453333333334 1.9999573333333336
endloop
endfacet
facet normal 0.9876004295688218 -0.15698850759045582 0
outer loop
vertex 72.09856 2.3964160000000003 0
vertex 72.07157333333333 2.2266453333333334 1.9999573333333336
vertex 72.07157333333333 2.2266453333333334 0
endloop
endfacet
facet normal 0.09413598424611955 -0.995559348542323 0
outer loop
vertex 69.552 0.005397333333333334 1.9999573333333336
vertex 69.552 0.005397333333333334 0
vertex 69.72324266666668 0.021589333333333335 0
endloop
endfacet
facet normal 0.09413598424611955 -0.995559348542323 0
outer loop
vertex 69.552 0.005397333333333334 1.9999573333333336
vertex 69.72324266666668 0.021589333333333335 0
vertex 69.72324266666668 0.021589333333333335 1.9999573333333336
endloop
endfacet
facet normal 0.03132365308776818 -0.9995092939824207 0
outer loop
vertex 69.379776 0 1.9999573333333336
vertex 69.379776 0 0
vertex 69.552 0.005397333333333334 0
endloop
endfacet
facet normal 0.03132365308776818 -0.9995092939824207 0
outer loop
vertex 69.379776 0 1.9999573333333336
vertex 69.552 0.005397333333333334 0
vertex 69.552 0.005397333333333334 1.9999573333333336
endloop
endfacet
facet normal 0.6149255927518917 -0.7885851351494868 0
outer loop
vertex 70.99063466666666 0.5230506666666667 1.9999573333333336
vertex 70.99063466666666 0.5230506666666667 0
vertex 71.12654933333334 0.6290346666666667 0
endloop
endfacet
facet normal 0.6149255927518917 -0.7885851351494868 0
outer loop
vertex 70.99063466666666 0.5230506666666667 1.9999573333333336
vertex 71.12654933333334 0.6290346666666667 0
vertex 71.12654933333334 0.6290346666666667 1.9999573333333336
endloop
endfacet
facet normal 0.8915606118170479 -0.45290139705725296 0
outer loop
vertex 71.78109866666667 1.4199893333333335 0
vertex 71.85911466666667 1.573568 0
vertex 71.85911466666667 1.573568 1.9999573333333336
endloop
endfacet
facet normal 0.8915606118170479 -0.45290139705725296 0
outer loop
vertex 71.78109866666667 1.4199893333333335 0
vertex 71.85911466666667 1.573568 1.9999573333333336
vertex 71.78109866666667 1.4199893333333335 1.9999573333333336
endloop
endfacet
facet normal 0.8602452601336812 -0.5098804687547219 0
outer loop
vertex 71.78109866666667 1.4199893333333335 0
vertex 71.78109866666667 1.4199893333333335 1.9999573333333336
vertex 71.69326933333333 1.271808 1.9999573333333336
endloop
endfacet
facet normal 0.8602452601336812 -0.5098804687547219 0
outer loop
vertex 71.78109866666667 1.4199893333333335 0
vertex 71.69326933333333 1.271808 1.9999573333333336
vertex 71.69326933333333 1.271808 0
endloop
endfacet
facet normal 0.2792340118855094 -0.9602230816879602 0
outer loop
vertex 70.22666666666667 0.13395200000000002 0
vertex 70.22666666666667 0.13395200000000002 1.9999573333333336
vertex 70.061312 0.08586666666666667 1.9999573333333336
endloop
endfacet
facet normal 0.2792340118855094 -0.9602230816879602 0
outer loop
vertex 70.22666666666667 0.13395200000000002 0
vertex 70.061312 0.08586666666666667 1.9999573333333336
vertex 70.061312 0.08586666666666667 0
endloop
endfacet
facet normal 0.39632677887550616 -0.918109516531751 0
outer loop
vertex 70.38858666666667 0.19234133333333334 1.9999573333333336
vertex 70.38858666666667 0.19234133333333334 0
vertex 70.54658133333334 0.260544 0
endloop
endfacet
facet normal 0.39632677887550616 -0.918109516531751 0
outer loop
vertex 70.38858666666667 0.19234133333333334 1.9999573333333336
vertex 70.54658133333334 0.260544 0
vertex 70.54658133333334 0.260544 1.9999573333333336
endloop
endfacet
facet normal 0.3392241332379047 -0.9407055795672694 0
outer loop
vertex 70.22666666666667 0.13395200000000002 1.9999573333333336
vertex 70.22666666666667 0.13395200000000002 0
vertex 70.38858666666667 0.19234133333333334 0
endloop
endfacet
facet normal 0.3392241332379047 -0.9407055795672694 0
outer loop
vertex 70.22666666666667 0.13395200000000002 1.9999573333333336
vertex 70.38858666666667 0.19234133333333334 0
vertex 70.38858666666667 0.19234133333333334 1.9999573333333336
endloop
endfacet
facet normal 0.15654719415125593 -0.9876704794633527 0
outer loop
vertex 69.89350400000001 0.048576 0
vertex 69.89350400000001 0.048576 1.9999573333333336
vertex 69.72324266666668 0.021589333333333335 1.9999573333333336
endloop
endfacet
facet normal 0.15654719415125593 -0.9876704794633527 0
outer loop
vertex 69.89350400000001 0.048576 0
vertex 69.72324266666668 0.021589333333333335 1.9999573333333336
vertex 69.72324266666668 0.021589333333333335 0
endloop
endfacet
facet normal 0.2169304578186639 -0.976187060183951 0
outer loop
vertex 69.89350400000001 0.048576 0
vertex 70.061312 0.08586666666666667 0
vertex 70.061312 0.08586666666666667 1.9999573333333336
endloop
endfacet
facet normal 0.2169304578186639 -0.976187060183951 0
outer loop
vertex 69.89350400000001 0.048576 0
vertex 70.061312 0.08586666666666667 1.9999573333333336
vertex 69.89350400000001 0.048576 1.9999573333333336
endloop
endfacet
facet normal 0.6615273244902681 -0.7499210618143403 0
outer loop
vertex 71.12654933333334 0.6290346666666667 1.9999573333333336
vertex 71.12654933333334 0.6290346666666667 0
vertex 71.25559466666667 0.7428693333333334 0
endloop
endfacet
facet normal 0.6615273244902681 -0.7499210618143403 0
outer loop
vertex 71.12654933333334 0.6290346666666667 1.9999573333333336
vertex 71.25559466666667 0.7428693333333334 0
vertex 71.25559466666667 0.7428693333333334 1.9999573333333336
endloop
endfacet
facet normal 0.7499210618143382 -0.6615273244902705 0
outer loop
vertex 71.37728 0.8645546666666667 0
vertex 71.49111466666668 0.9936 0
vertex 71.49111466666668 0.9936 1.9999573333333336
endloop
endfacet
facet normal 0.7499210618143382 -0.6615273244902705 0
outer loop
vertex 71.37728 0.8645546666666667 0
vertex 71.49111466666668 0.9936 1.9999573333333336
vertex 71.37728 0.8645546666666667 1.9999573333333336
endloop
endfacet
facet normal 0.5619198624098253 -0.8271916756286436 0
outer loop
vertex 70.84834133333334 0.42638933333333334 0
vertex 70.99063466666666 0.5230506666666667 0
vertex 70.99063466666666 0.5230506666666667 1.9999573333333336
endloop
endfacet
facet normal 0.5619198624098253 -0.8271916756286436 0
outer loop
vertex 70.84834133333334 0.42638933333333334 0
vertex 70.99063466666666 0.5230506666666667 1.9999573333333336
vertex 70.84834133333334 0.42638933333333334 1.9999573333333336
endloop
endfacet
facet normal 0.45516118204473544 -0.8904090623750631 0
outer loop
vertex 70.54658133333334 0.260544 1.9999573333333336
vertex 70.54658133333334 0.260544 0
vertex 70.70016000000001 0.33905066666666667 0
endloop
endfacet
facet normal 0.45516118204473544 -0.8904090623750631 0
outer loop
vertex 70.54658133333334 0.260544 1.9999573333333336
vertex 70.70016000000001 0.33905066666666667 0
vertex 70.70016000000001 0.33905066666666667 1.9999573333333336
endloop
endfacet
facet normal 0.5077679257189498 -0.8614938964444699 0
outer loop
vertex 70.70016000000001 0.33905066666666667 1.9999573333333336
vertex 70.70016000000001 0.33905066666666667 0
vertex 70.84834133333334 0.42638933333333334 0
endloop
endfacet
facet normal 0.5077679257189498 -0.8614938964444699 0
outer loop
vertex 70.70016000000001 0.33905066666666667 1.9999573333333336
vertex 70.84834133333334 0.42638933333333334 0
vertex 70.84834133333334 0.42638933333333334 1.9999573333333336
endloop
endfacet
facet normal 0.789966069735509 -0.6131505595419714 0
outer loop
vertex 71.49111466666668 0.9936 1.9999573333333336
vertex 71.49111466666668 0.9936 0
vertex 71.596608 1.1295146666666667 0
endloop
endfacet
facet normal 0.789966069735509 -0.6131505595419714 0
outer loop
vertex 71.49111466666668 0.9936 1.9999573333333336
vertex 71.596608 1.1295146666666667 0
vertex 71.596608 1.1295146666666667 1.9999573333333336
endloop
endfacet
facet normal 0.8271916756286634 -0.5619198624097962 0
outer loop
vertex 71.596608 1.1295146666666667 1.9999573333333336
vertex 71.596608 1.1295146666666667 0
vertex 71.69326933333333 1.271808 0
endloop
endfacet
facet normal 0.8271916756286634 -0.5619198624097962 0
outer loop
vertex 71.596608 1.1295146666666667 1.9999573333333336
vertex 71.69326933333333 1.271808 0
vertex 71.69326933333333 1.271808 1.9999573333333336
endloop
endfacet
facet normal 0.9170700562532451 -0.3987261114144269 0
outer loop
vertex 71.85911466666667 1.573568 1.9999573333333336
vertex 71.85911466666667 1.573568 0
vertex 71.927808 1.7315626666666668 0
endloop
endfacet
facet normal 0.9170700562532451 -0.3987261114144269 0
outer loop
vertex 71.85911466666667 1.573568 1.9999573333333336
vertex 71.927808 1.7315626666666668 0
vertex 71.927808 1.7315626666666668 1.9999573333333336
endloop
endfacet
facet normal 0.9416127303553614 -0.33669788539983636 0
outer loop
vertex 71.927808 1.7315626666666668 1.9999573333333336
vertex 71.927808 1.7315626666666668 0
vertex 71.98570666666667 1.8934826666666669 0
endloop
endfacet
facet normal 0.9416127303553614 -0.33669788539983636 0
outer loop
vertex 71.927808 1.7315626666666668 1.9999573333333336
vertex 71.98570666666667 1.8934826666666669 0
vertex 71.98570666666667 1.8934826666666669 1.9999573333333336
endloop
endfacet
facet normal 0.279234011885529 0.9602230816879546 0
outer loop
vertex 75.54156800000001 62.03400533333334 0
vertex 75.54156800000001 62.03400533333334 1.9999573333333336
vertex 75.70692266666667 61.98592000000001 1.9999573333333336
endloop
endfacet
facet normal 0.279234011885529 0.9602230816879546 0
outer loop
vertex 75.54156800000001 62.03400533333334 0
vertex 75.70692266666667 61.98592000000001 1.9999573333333336
vertex 75.70692266666667 61.98592000000001 0
endloop
endfacet
facet normal 0.21632764593312312 0.9763208230930206 0
outer loop
vertex 75.54156800000001 62.03400533333334 1.9999573333333336
vertex 75.54156800000001 62.03400533333334 0
vertex 75.37326933333334 62.071296000000004 0
endloop
endfacet
facet normal 0.21632764593312312 0.9763208230930206 0
outer loop
vertex 75.54156800000001 62.03400533333334 1.9999573333333336
vertex 75.37326933333334 62.071296000000004 0
vertex 75.37326933333334 62.071296000000004 1.9999573333333336
endloop
endfacet
facet normal 0.0941359842461412 0.9955593485423209 0
outer loop
vertex 75.20349866666668 62.09828266666667 0
vertex 75.032256 62.11447466666667 0
vertex 75.032256 62.11447466666667 1.9999573333333336
endloop
endfacet
facet normal 0.0941359842461412 0.9955593485423209 0
outer loop
vertex 75.20349866666668 62.09828266666667 0
vertex 75.032256 62.11447466666667 1.9999573333333336
vertex 75.20349866666668 62.09828266666667 1.9999573333333336
endloop
endfacet
facet normal 0.15698850759041752 0.987600429568828 0
outer loop
vertex 75.20349866666668 62.09828266666667 0
vertex 75.20349866666668 62.09828266666667 1.9999573333333336
vertex 75.37326933333334 62.071296000000004 1.9999573333333336
endloop
endfacet
facet normal 0.15698850759041752 0.987600429568828 0
outer loop
vertex 75.20349866666668 62.09828266666667 0
vertex 75.37326933333334 62.071296000000004 1.9999573333333336
vertex 75.37326933333334 62.071296000000004 0
endloop
endfacet
facet normal 0.9955593485423209 0.0941359842461412 0
outer loop
vertex 77.59451733333334 59.552213333333334 1.9999573333333336
vertex 77.59451733333334 59.552213333333334 0
vertex 77.57832533333334 59.723456000000006 0
endloop
endfacet
facet normal 0.9955593485423209 0.0941359842461412 0
outer loop
vertex 77.59451733333334 59.552213333333334 1.9999573333333336
vertex 77.57832533333334 59.723456000000006 0
vertex 77.57832533333334 59.723456000000006 1.9999573333333336
endloop
endfacet
facet normal 0.9995092939824204 0.03132365308777544 0
outer loop
vertex 77.59991466666668 59.379989333333334 1.9999573333333336
vertex 77.59991466666668 59.379989333333334 0
vertex 77.59451733333334 59.552213333333334 0
endloop
endfacet
facet normal 0.9995092939824204 0.03132365308777544 0
outer loop
vertex 77.59991466666668 59.379989333333334 1.9999573333333336
vertex 77.59451733333334 59.552213333333334 0
vertex 77.59451733333334 59.552213333333334 1.9999573333333336
endloop
endfacet
facet normal 0.7910346239831844 0.6117713818574567 0
outer loop
vertex 77.076864 60.990357333333336 1.9999573333333336
vertex 77.076864 60.990357333333336 0
vertex 76.97137066666667 61.12676266666667 0
endloop
endfacet
facet normal 0.7910346239831844 0.6117713818574567 0
outer loop
vertex 77.076864 60.990357333333336 1.9999573333333336
vertex 76.97137066666667 61.12676266666667 0
vertex 76.97137066666667 61.12676266666667 1.9999573333333336
endloop
endfacet
facet normal 0.4540541130907717 0.8909741087065057 0
outer loop
vertex 76.17992533333334 61.78131200000001 0
vertex 76.02683733333333 61.859328000000005 0
vertex 76.02683733333333 61.859328000000005 1.9999573333333336
endloop
endfacet
facet normal 0.4540541130907717 0.8909741087065057 0
outer loop
vertex 76.17992533333334 61.78131200000001 0
vertex 76.02683733333333 61.859328000000005 1.9999573333333336
vertex 76.17992533333334 61.78131200000001 1.9999573333333336
endloop
endfacet
facet normal 0.5098804687547706 0.8602452601336524 0
outer loop
vertex 76.17992533333334 61.78131200000001 0
vertex 76.17992533333334 61.78131200000001 1.9999573333333336
vertex 76.32810666666667 61.69348266666667 1.9999573333333336
endloop
endfacet
facet normal 0.5098804687547706 0.8602452601336524 0
outer loop
vertex 76.17992533333334 61.78131200000001 0
vertex 76.32810666666667 61.69348266666667 1.9999573333333336
vertex 76.32810666666667 61.69348266666667 0
endloop
endfacet
facet normal 0.9602230816879578 0.27923401188551794 0
outer loop
vertex 77.46596266666667 60.22688 0
vertex 77.46596266666667 60.22688 1.9999573333333336
vertex 77.514048 60.061525333333336 1.9999573333333336
endloop
endfacet
facet normal 0.9602230816879578 0.27923401188551794 0
outer loop
vertex 77.46596266666667 60.22688 0
vertex 77.514048 60.061525333333336 1.9999573333333336
vertex 77.514048 60.061525333333336 0
endloop
endfacet
facet normal 0.9181095165317258 0.3963267788755648 0
outer loop
vertex 77.40757333333335 60.3888 1.9999573333333336
vertex 77.40757333333335 60.3888 0
vertex 77.33937066666667 60.54679466666667 0
endloop
endfacet
facet normal 0.9181095165317258 0.3963267788755648 0
outer loop
vertex 77.40757333333335 60.3888 1.9999573333333336
vertex 77.33937066666667 60.54679466666667 0
vertex 77.33937066666667 60.54679466666667 1.9999573333333336
endloop
endfacet
facet normal 0.9407055795672921 0.3392241332378416 0
outer loop
vertex 77.46596266666667 60.22688 1.9999573333333336
vertex 77.46596266666667 60.22688 0
vertex 77.40757333333335 60.3888 0
endloop
endfacet
facet normal 0.9407055795672921 0.3392241332378416 0
outer loop
vertex 77.46596266666667 60.22688 1.9999573333333336
vertex 77.40757333333335 60.3888 0
vertex 77.40757333333335 60.3888 1.9999573333333336
endloop
endfacet
facet normal 0.9876004295688215 0.15698850759045785 0
outer loop
vertex 77.55133866666667 59.89322666666667 0
vertex 77.55133866666667 59.89322666666667 1.9999573333333336
vertex 77.57832533333334 59.723456000000006 1.9999573333333336
endloop
endfacet
facet normal 0.9876004295688215 0.15698850759045785 0
outer loop
vertex 77.55133866666667 59.89322666666667 0
vertex 77.57832533333334 59.723456000000006 1.9999573333333336
vertex 77.57832533333334 59.723456000000006 0
endloop
endfacet
facet normal 0.9763208230930187 0.21632764593313183 0
outer loop
vertex 77.55133866666667 59.89322666666667 0
vertex 77.514048 60.061525333333336 0
vertex 77.514048 60.061525333333336 1.9999573333333336
endloop
endfacet
facet normal 0.9763208230930187 0.21632764593313183 0
outer loop
vertex 77.55133866666667 59.89322666666667 0
vertex 77.514048 60.061525333333336 1.9999573333333336
vertex 77.55133866666667 59.89322666666667 1.9999573333333336
endloop
endfacet
facet normal 0.7499210618143715 0.6615273244902328 0
outer loop
vertex 76.97137066666667 61.12676266666667 1.9999573333333336
vertex 76.97137066666667 61.12676266666667 0
vertex 76.85753600000001 61.255808 0
endloop
endfacet
facet normal 0.7499210618143715 0.6615273244902328 0
outer loop
vertex 76.97137066666667 61.12676266666667 1.9999573333333336
vertex 76.85753600000001 61.255808 0
vertex 76.85753600000001 61.255808 1.9999573333333336
endloop
endfacet
facet normal 0.6601146077286593 0.7511648984498934 0
outer loop
vertex 76.73585066666668 61.37749333333334 0
vertex 76.60631466666668 61.491328 0
vertex 76.60631466666668 61.491328 1.9999573333333336
endloop
endfacet
facet normal 0.6601146077286593 0.7511648984498934 0
outer loop
vertex 76.73585066666668 61.37749333333334 0
vertex 76.60631466666668 61.491328 1.9999573333333336
vertex 76.73585066666668 61.37749333333334 1.9999573333333336
endloop
endfacet
facet normal 0.7071067811865475 0.7071067811865475 0
outer loop
vertex 71.37728 66.73557333333333 1.9999573333333336
vertex 71.37728 66.73557333333333 0
vertex 71.25559466666667 66.85725866666667 0
endloop
endfacet
facet normal 0.7071067811865475 0.7071067811865475 0
outer loop
vertex 71.37728 66.73557333333333 1.9999573333333336
vertex 71.25559466666667 66.85725866666667 0
vertex 71.25559466666667 66.85725866666667 1.9999573333333336
endloop
endfacet
facet normal 0.7071067811865682 0.7071067811865269 0
outer loop
vertex 76.85753600000001 61.255808 1.9999573333333336
vertex 76.85753600000001 61.255808 0
vertex 76.73585066666668 61.37749333333334 0
endloop
endfacet
facet normal 0.7071067811865682 0.7071067811865269 0
outer loop
vertex 76.85753600000001 61.255808 1.9999573333333336
vertex 76.73585066666668 61.37749333333334 0
vertex 76.73585066666668 61.37749333333334 1.9999573333333336
endloop
endfacet
facet normal 0.8271916756286143 0.5619198624098682 0
outer loop
vertex 77.17352533333334 60.84806400000001 0
vertex 77.076864 60.990357333333336 0
vertex 77.076864 60.990357333333336 1.9999573333333336
endloop
endfacet
facet normal 0.8271916756286143 0.5619198624098682 0
outer loop
vertex 77.17352533333334 60.84806400000001 0
vertex 77.076864 60.990357333333336 1.9999573333333336
vertex 77.17352533333334 60.84806400000001 1.9999573333333336
endloop
endfacet
facet normal 0.8898174628127689 0.4563166475962133 0
outer loop
vertex 77.33937066666667 60.54679466666667 1.9999573333333336
vertex 77.33937066666667 60.54679466666667 0
vertex 77.26086400000001 60.699882666666674 0
endloop
endfacet
facet normal 0.8898174628127689 0.4563166475962133 0
outer loop
vertex 77.33937066666667 60.54679466666667 1.9999573333333336
vertex 77.26086400000001 60.699882666666674 0
vertex 77.26086400000001 60.699882666666674 1.9999573333333336
endloop
endfacet
facet normal 0.8614938964444782 0.5077679257189355 0
outer loop
vertex 77.26086400000001 60.699882666666674 1.9999573333333336
vertex 77.26086400000001 60.699882666666674 0
vertex 77.17352533333334 60.84806400000001 0
endloop
endfacet
facet normal 0.8614938964444782 0.5077679257189355 0
outer loop
vertex 77.26086400000001 60.699882666666674 1.9999573333333336
vertex 77.17352533333334 60.84806400000001 0
vertex 77.17352533333334 60.84806400000001 1.9999573333333336
endloop
endfacet
facet normal 0.6131505595420029 0.7899660697354849 0
outer loop
vertex 76.60631466666668 61.491328 1.9999573333333336
vertex 76.60631466666668 61.491328 0
vertex 76.47040000000001 61.59682133333334 0
endloop
endfacet
facet normal 0.6131505595420029 0.7899660697354849 0
outer loop
vertex 76.60631466666668 61.491328 1.9999573333333336
vertex 76.47040000000001 61.59682133333334 0
vertex 76.47040000000001 61.59682133333334 1.9999573333333336
endloop
endfacet
facet normal 0.5619198624097733 0.8271916756286788 0
outer loop
vertex 76.47040000000001 61.59682133333334 1.9999573333333336
vertex 76.47040000000001 61.59682133333334 0
vertex 76.32810666666667 61.69348266666667 0
endloop
endfacet
facet normal 0.5619198624097733 0.8271916756286788 0
outer loop
vertex 76.47040000000001 61.59682133333334 1.9999573333333336
vertex 76.32810666666667 61.69348266666667 0
vertex 76.32810666666667 61.69348266666667 1.9999573333333336
endloop
endfacet
facet normal 0.39632677887549517 0.9181095165317558 0
outer loop
vertex 76.02683733333333 61.859328000000005 1.9999573333333336
vertex 76.02683733333333 61.859328000000005 0
vertex 75.86884266666667 61.92753066666667 0
endloop
endfacet
facet normal 0.39632677887549517 0.9181095165317558 0
outer loop
vertex 76.02683733333333 61.859328000000005 1.9999573333333336
vertex 75.86884266666667 61.92753066666667 0
vertex 75.86884266666667 61.92753066666667 1.9999573333333336
endloop
endfacet
facet normal 0.3392241332379279 0.940705579567261 0
outer loop
vertex 75.86884266666667 61.92753066666667 1.9999573333333336
vertex 75.86884266666667 61.92753066666667 0
vertex 75.70692266666667 61.98592000000001 0
endloop
endfacet
facet normal 0.3392241332379279 0.940705579567261 0
outer loop
vertex 75.86884266666667 61.92753066666667 1.9999573333333336
vertex 75.70692266666667 61.98592000000001 0
vertex 75.70692266666667 61.98592000000001 1.9999573333333336
endloop
endfacet
facet normal 1 0 0
outer loop
vertex 77.59991466666668 33.800064 0.9999786666666668
vertex 77.59991466666668 59.348096000000005 1.9999573333333336
vertex 77.59991466666668 59.19991466666667 1.9999573333333336
endloop
endfacet
facet normal 1 0 0
outer loop
vertex 77.59991466666668 33.800064 0.9999786666666668
vertex 77.59991466666668 59.19991466666667 1.9999573333333336
vertex 77.59991466666668 59.04682666666667 1.9999573333333336
endloop
endfacet
facet normal 0.9999999999999999 0 0
outer loop
vertex 77.59991466666668 33.800064 0.9999786666666668
vertex 77.59991466666668 59.04682666666667 1.9999573333333336
vertex 77.59991466666668 58.88883200000001 1.9999573333333336
endloop
endfacet
facet normal 1 0 0
outer loop
vertex 77.59991466666668 33.800064 0.9999786666666668
vertex 77.59991466666668 58.88883200000001 1.9999573333333336
vertex 77.59991466666668 58.726912000000006 1.9999573333333336
endloop
endfacet
facet normal 1 0 0
outer loop
vertex 77.59991466666668 33.800064 0.9999786666666668
vertex 77.59991466666668 58.726912000000006 1.9999573333333336
vertex 77.59991466666668 58.56155733333334 1.9999573333333336
endloop
endfacet
facet normal 0.9999999999999999 0 0
outer loop
vertex 77.59991466666668 33.800064 0.9999786666666668
vertex 77.59991466666668 58.56155733333334 1.9999573333333336
vertex 77.59991466666668 58.39325866666667 1.9999573333333336
endloop
endfacet
facet normal 1 0 0
outer loop
vertex 77.59991466666668 33.800064 0.9999786666666668
vertex 77.59991466666668 58.39325866666667 1.9999573333333336
vertex 77.59991466666668 58.223488 1.9999573333333336
endloop
endfacet
facet normal 1 0 0
outer loop
vertex 77.59991466666668 33.800064 0.9999786666666668
vertex 77.59991466666668 58.223488 1.9999573333333336
vertex 77.59991466666668 58.05224533333334 1.9999573333333336
endloop
endfacet
facet normal 1 0 0
outer loop
vertex 77.59991466666668 33.800064 0.9999786666666668
vertex 77.59991466666668 58.05224533333334 1.9999573333333336
vertex 77.59991466666668 57.88002133333334 1.9999573333333336
endloop
endfacet
facet normal 1 0 0
outer loop
vertex 77.59991466666668 33.800064 0.9999786666666668
vertex 77.59991466666668 57.88002133333334 1.9999573333333336
vertex 77.59991466666668 9.720106666666668 1.9999573333333336
endloop
endfacet
facet normal 1 0 0
outer loop
vertex 77.59991466666668 33.800064 0.9999786666666668
vertex 77.59991466666668 9.720106666666668 1.9999573333333336
vertex 77.59991466666668 9.547882666666668 1.9999573333333336
endloop
endfacet
facet normal 1 0 0
outer loop
vertex 77.59991466666668 33.800064 0.9999786666666668
vertex 77.59991466666668 9.547882666666668 1.9999573333333336
vertex 77.59991466666668 9.37664 1.9999573333333336
endloop
endfacet
facet normal 0.9999999999999999 0 0
outer loop
vertex 77.59991466666668 33.800064 0.9999786666666668
vertex 77.59991466666668 9.37664 1.9999573333333336
vertex 77.59991466666668 9.206378666666668 1.9999573333333336
endloop
endfacet
facet normal 1 0 0
outer loop
vertex 77.59991466666668 33.800064 0.9999786666666668
vertex 77.59991466666668 9.206378666666668 1.9999573333333336
vertex 77.59991466666668 9.038570666666667 1.9999573333333336
endloop
endfacet
facet normal 1 0 0
outer loop
vertex 77.59991466666668 33.800064 0.9999786666666668
vertex 77.59991466666668 9.038570666666667 1.9999573333333336
vertex 77.59991466666668 8.873216000000001 1.9999573333333336
endloop
endfacet
facet normal 1 0 0
outer loop
vertex 77.59991466666668 33.800064 0.9999786666666668
vertex 77.59991466666668 8.873216000000001 1.9999573333333336
vertex 77.59991466666668 8.711296 1.9999573333333336
endloop
endfacet
facet normal 1 0 0
outer loop
vertex 77.59991466666668 33.800064 0.9999786666666668
vertex 77.59991466666668 8.711296 1.9999573333333336
vertex 77.59991466666668 8.553301333333334 1.9999573333333336
endloop
endfacet
facet normal 1 0 0
outer loop
vertex 77.59991466666668 33.800064 0.9999786666666668
vertex 77.59991466666668 8.553301333333334 1.9999573333333336
vertex 77.59991466666668 8.400213333333333 1.9999573333333336
endloop
endfacet
facet normal 1 0 0
outer loop
vertex 77.59991466666668 33.800064 0.9999786666666668
vertex 77.59991466666668 8.400213333333333 1.9999573333333336
vertex 77.59991466666668 8.252032 1.9999573333333336
endloop
endfacet
facet normal 1 0 0
outer loop
vertex 77.59991466666668 33.800064 0.9999786666666668
vertex 77.59991466666668 8.252032 1.9999573333333336
vertex 77.59991466666668 8.220138666666667 1.9999573333333336
endloop
endfacet
facet normal 1 0 0
outer loop
vertex 77.59991466666668 33.800064 0.9999786666666668
vertex 77.59991466666668 8.220138666666667 1.9999573333333336
vertex 77.59991466666668 8.220138666666667 0
endloop
endfacet
facet normal 1 0 0
outer loop
vertex 77.59991466666668 33.800064 0.9999786666666668
vertex 77.59991466666668 8.220138666666667 0
vertex 77.59991466666668 8.252032 0
endloop
endfacet
facet normal 1 0 0
outer loop
vertex 77.59991466666668 33.800064 0.9999786666666668
vertex 77.59991466666668 8.252032 0
vertex 77.59991466666668 8.400213333333333 0
endloop
endfacet
facet normal 1 0 0
outer loop
vertex 77.59991466666668 33.800064 0.9999786666666668
vertex 77.59991466666668 8.400213333333333 0
vertex 77.59991466666668 8.553301333333334 0
endloop
endfacet
facet normal 1 0 0
outer loop
vertex 77.59991466666668 33.800064 0.9999786666666668
vertex 77.59991466666668 8.553301333333334 0
vertex 77.59991466666668 8.711296 0
endloop
endfacet
facet normal 1 0 0
outer loop
vertex 77.59991466666668 33.800064 0.9999786666666668
vertex 77.59991466666668 8.711296 0
vertex 77.59991466666668 8.873216000000001 0
endloop
endfacet
facet normal 1 0 0
outer loop
vertex 77.59991466666668 33.800064 0.9999786666666668
vertex 77.59991466666668 8.873216000000001 0
vertex 77.59991466666668 9.038570666666667 0
endloop
endfacet
facet normal 1 0 0
outer loop
vertex 77.59991466666668 33.800064 0.9999786666666668
vertex 77.59991466666668 9.038570666666667 0
vertex 77.59991466666668 9.206378666666668 0
endloop
endfacet
facet normal 0.9999999999999999 0 0
outer loop
vertex 77.59991466666668 33.800064 0.9999786666666668
vertex 77.59991466666668 9.206378666666668 0
vertex 77.59991466666668 9.37664 0
endloop
endfacet
facet normal 1 0 0
outer loop
vertex 77.59991466666668 33.800064 0.9999786666666668
vertex 77.59991466666668 9.37664 0
vertex 77.59991466666668 9.547882666666668 0
endloop
endfacet
facet normal 1 0 0
outer loop
vertex 77.59991466666668 33.800064 0.9999786666666668
vertex 77.59991466666668 9.547882666666668 0
vertex 77.59991466666668 9.720106666666668 0
endloop
endfacet
facet normal 1 0 0
outer loop
vertex 77.59991466666668 33.800064 0.9999786666666668
vertex 77.59991466666668 9.720106666666668 0
vertex 77.59991466666668 57.88002133333334 0
endloop
endfacet
facet normal 1 0 0
outer loop
vertex 77.59991466666668 33.800064 0.9999786666666668
vertex 77.59991466666668 57.88002133333334 0
vertex 77.59991466666668 58.05224533333334 0
endloop
endfacet
facet normal 1 0 0
outer loop
vertex 77.59991466666668 33.800064 0.9999786666666668
vertex 77.59991466666668 58.05224533333334 0
vertex 77.59991466666668 58.223488 0
endloop
endfacet
facet normal 1 0 0
outer loop
vertex 77.59991466666668 33.800064 0.9999786666666668
vertex 77.59991466666668 58.223488 0
vertex 77.59991466666668 58.39325866666667 0
endloop
endfacet
facet normal 0.9999999999999999 0 0
outer loop
vertex 77.59991466666668 33.800064 0.9999786666666668
vertex 77.59991466666668 58.39325866666667 0
vertex 77.59991466666668 58.56155733333334 0
endloop
endfacet
facet normal 1 0 0
outer loop
vertex 77.59991466666668 33.800064 0.9999786666666668
vertex 77.59991466666668 58.56155733333334 0
vertex 77.59991466666668 58.726912000000006 0
endloop
endfacet
facet normal 1 0 0
outer loop
vertex 77.59991466666668 33.800064 0.9999786666666668
vertex 77.59991466666668 58.726912000000006 0
vertex 77.59991466666668 58.88883200000001 0
endloop
endfacet
facet normal 0.9999999999999999 0 0
outer loop
vertex 77.59991466666668 33.800064 0.9999786666666668
vertex 77.59991466666668 58.88883200000001 0
vertex 77.59991466666668 59.04682666666667 0
endloop
endfacet
facet normal 1 0 0
outer loop
vertex 77.59991466666668 33.800064 0.9999786666666668
vertex 77.59991466666668 59.04682666666667 0
vertex 77.59991466666668 59.19991466666667 0
endloop
endfacet
facet normal 1 0 0
outer loop
vertex 77.59991466666668 33.800064 0.9999786666666668
vertex 77.59991466666668 59.19991466666667 0
vertex 77.59991466666668 59.348096000000005 0
endloop
endfacet
facet normal 1 0 0
outer loop
vertex 77.59991466666668 33.800064 0.9999786666666668
vertex 77.59991466666668 59.348096000000005 0
vertex 77.59991466666668 59.379989333333334 0
endloop
endfacet
facet normal 1 0 0
outer loop
vertex 77.59991466666668 33.800064 0.9999786666666668
vertex 77.59991466666668 59.379989333333334 0
vertex 77.59991466666668 59.379989333333334 1.9999573333333336
endloop
endfacet
facet normal 1 0 0
outer loop
vertex 77.59991466666668 33.800064 0.9999786666666668
vertex 77.59991466666668 59.379989333333334 1.9999573333333336
vertex 77.59991466666668 59.348096000000005 1.9999573333333336
endloop
endfacet
facet normal 0.031323653087693054 0.999509293982423 0
outer loop
vertex 69.552 67.59473066666668 0
vertex 69.379776 67.600128 0
vertex 69.379776 67.600128 1.9999573333333336
endloop
endfacet
facet normal 0.031323653087693054 0.999509293982423 0
outer loop
vertex 69.552 67.59473066666668 0
vertex 69.379776 67.600128 1.9999573333333336
vertex 69.552 67.59473066666668 1.9999573333333336
endloop
endfacet
facet normal 0.2792340118855069 0.9602230816879611 0
outer loop
vertex 70.061312 67.51377066666667 0
vertex 70.061312 67.51377066666667 1.9999573333333336
vertex 70.22666666666667 67.46568533333334 1.9999573333333336
endloop
endfacet
facet normal 0.2792340118855069 0.9602230816879611 0
outer loop
vertex 70.061312 67.51377066666667 0
vertex 70.22666666666667 67.46568533333334 1.9999573333333336
vertex 70.22666666666667 67.46568533333334 0
endloop
endfacet
facet normal 0.2196479488927651 0.975579201575762 0
outer loop
vertex 70.061312 67.51377066666667 1.9999573333333336
vertex 70.061312 67.51377066666667 0
vertex 69.89350400000001 67.551552 0
endloop
endfacet
facet normal 0.2196479488927651 0.975579201575762 0
outer loop
vertex 70.061312 67.51377066666667 1.9999573333333336
vertex 69.89350400000001 67.551552 0
vertex 69.89350400000001 67.551552 1.9999573333333336
endloop
endfacet
facet normal 0.0941359842461412 0.9955593485423209 0
outer loop
vertex 69.72324266666668 67.57853866666667 0
vertex 69.552 67.59473066666668 0
vertex 69.552 67.59473066666668 1.9999573333333336
endloop
endfacet
facet normal 0.0941359842461412 0.9955593485423209 0
outer loop
vertex 69.72324266666668 67.57853866666667 0
vertex 69.552 67.59473066666668 1.9999573333333336
vertex 69.72324266666668 67.57853866666667 1.9999573333333336
endloop
endfacet
facet normal 0.15654719415129137 0.9876704794633471 0
outer loop
vertex 69.72324266666668 67.57853866666667 0
vertex 69.72324266666668 67.57853866666667 1.9999573333333336
vertex 69.89350400000001 67.551552 1.9999573333333336
endloop
endfacet
facet normal 0.15654719415129137 0.9876704794633471 0
outer loop
vertex 69.72324266666668 67.57853866666667 0
vertex 69.89350400000001 67.551552 1.9999573333333336
vertex 69.89350400000001 67.551552 0
endloop
endfacet
facet normal 0.9955593485423202 0.09413598424614894 0
outer loop
vertex 72.11475200000001 65.03197866666667 1.9999573333333336
vertex 72.11475200000001 65.03197866666667 0
vertex 72.09856 65.20322133333333 0
endloop
endfacet
facet normal 0.9955593485423202 0.09413598424614894 0
outer loop
vertex 72.11475200000001 65.03197866666667 1.9999573333333336
vertex 72.09856 65.20322133333333 0
vertex 72.09856 65.20322133333333 1.9999573333333336
endloop
endfacet
facet normal 0.7899660697355358 0.6131505595419371 0
outer loop
vertex 71.596608 66.47061333333333 1.9999573333333336
vertex 71.596608 66.47061333333333 0
vertex 71.49111466666668 66.60652800000001 0
endloop
endfacet
facet normal 0.7899660697355358 0.6131505595419371 0
outer loop
vertex 71.596608 66.47061333333333 1.9999573333333336
vertex 71.49111466666668 66.60652800000001 0
vertex 71.49111466666668 66.60652800000001 1.9999573333333336
endloop
endfacet
facet normal 0.45290139705723265 0.8915606118170583 0
outer loop
vertex 70.70016000000001 67.26107733333333 0
vertex 70.54658133333334 67.33909333333334 0
vertex 70.54658133333334 67.33909333333334 1.9999573333333336
endloop
endfacet
facet normal 0.45290139705723265 0.8915606118170583 0
outer loop
vertex 70.70016000000001 67.26107733333333 0
vertex 70.54658133333334 67.33909333333334 1.9999573333333336
vertex 70.70016000000001 67.26107733333333 1.9999573333333336
endloop
endfacet
facet normal 0.50988046875474 0.8602452601336705 0
outer loop
vertex 70.70016000000001 67.26107733333333 0
vertex 70.70016000000001 67.26107733333333 1.9999573333333336
vertex 70.84834133333334 67.173248 1.9999573333333336
endloop
endfacet
facet normal 0.50988046875474 0.8602452601336705 0
outer loop
vertex 70.70016000000001 67.26107733333333 0
vertex 70.84834133333334 67.173248 1.9999573333333336
vertex 70.84834133333334 67.173248 0
endloop
endfacet
facet normal 0.9602230816879611 0.2792340118855069 0
outer loop
vertex 71.98570666666667 65.70664533333334 0
vertex 71.98570666666667 65.70664533333334 1.9999573333333336
vertex 72.033792 65.54129066666667 1.9999573333333336
endloop
endfacet
facet normal 0.9602230816879611 0.2792340118855069 0
outer loop
vertex 71.98570666666667 65.70664533333334 0
vertex 72.033792 65.54129066666667 1.9999573333333336
vertex 72.033792 65.54129066666667 0
endloop
endfacet
facet normal 0.9170700562532454 0.3987261114144259 0
outer loop
vertex 71.927808 65.86856533333334 1.9999573333333336
vertex 71.927808 65.86856533333334 0
vertex 71.85911466666667 66.02656 0
endloop
endfacet
facet normal 0.9170700562532454 0.3987261114144259 0
outer loop
vertex 71.927808 65.86856533333334 1.9999573333333336
vertex 71.85911466666667 66.02656 0
vertex 71.85911466666667 66.02656 1.9999573333333336
endloop
endfacet
facet normal 0.9416127303553582 0.3366978853998458 0
outer loop
vertex 71.98570666666667 65.70664533333334 1.9999573333333336
vertex 71.98570666666667 65.70664533333334 0
vertex 71.927808 65.86856533333334 0
endloop
endfacet
facet normal 0.9416127303553582 0.3366978853998458 0
outer loop
vertex 71.98570666666667 65.70664533333334 1.9999573333333336
vertex 71.927808 65.86856533333334 0
vertex 71.927808 65.86856533333334 1.9999573333333336
endloop
endfacet
facet normal 0.9876704794633491 0.15654719415127863 0
outer loop
vertex 72.07157333333333 65.37348266666667 0
vertex 72.07157333333333 65.37348266666667 1.9999573333333336
vertex 72.09856 65.20322133333333 1.9999573333333336
endloop
endfacet
facet normal 0.9876704794633491 0.15654719415127863 0
outer loop
vertex 72.07157333333333 65.37348266666667 0
vertex 72.09856 65.20322133333333 1.9999573333333336
vertex 72.09856 65.20322133333333 0
endloop
endfacet
facet normal 0.975579201575762 0.2196479488927651 0
outer loop
vertex 72.07157333333333 65.37348266666667 0
vertex 72.033792 65.54129066666667 0
vertex 72.033792 65.54129066666667 1.9999573333333336
endloop
endfacet
facet normal 0.975579201575762 0.2196479488927651 0
outer loop
vertex 72.07157333333333 65.37348266666667 0
vertex 72.033792 65.54129066666667 1.9999573333333336
vertex 72.07157333333333 65.37348266666667 1.9999573333333336
endloop
endfacet
facet normal 0.7499210618143124 0.6615273244902997 0
outer loop
vertex 71.49111466666668 66.60652800000001 1.9999573333333336
vertex 71.49111466666668 66.60652800000001 0
vertex 71.37728 66.73557333333333 0
endloop
endfacet
facet normal 0.7499210618143124 0.6615273244902997 0
outer loop
vertex 71.49111466666668 66.60652800000001 1.9999573333333336
vertex 71.37728 66.73557333333333 0
vertex 71.37728 66.73557333333333 1.9999573333333336
endloop
endfacet
facet normal 0.6615273244902997 0.7499210618143124 0
outer loop
vertex 71.25559466666667 66.85725866666667 0
vertex 71.12654933333334 66.97109333333334 0
vertex 71.12654933333334 66.97109333333334 1.9999573333333336
endloop
endfacet
facet normal 0.6615273244902997 0.7499210618143124 0
outer loop
vertex 71.25559466666667 66.85725866666667 0
vertex 71.12654933333334 66.97109333333334 1.9999573333333336
vertex 71.25559466666667 66.85725866666667 1.9999573333333336
endloop
endfacet
facet normal 0.8271916756286528 0.5619198624098118 0
outer loop
vertex 71.69326933333333 66.32832 0
vertex 71.596608 66.47061333333333 0
vertex 71.596608 66.47061333333333 1.9999573333333336
endloop
endfacet
facet normal 0.8271916756286528 0.5619198624098118 0
outer loop
vertex 71.69326933333333 66.32832 0
vertex 71.596608 66.47061333333333 1.9999573333333336
vertex 71.69326933333333 66.32832 1.9999573333333336
endloop
endfacet
facet normal 0.8915606118170583 0.45290139705723265 0
outer loop
vertex 71.85911466666667 66.02656 1.9999573333333336
vertex 71.85911466666667 66.02656 0
vertex 71.78109866666667 66.18013866666668 0
endloop
endfacet
facet normal 0.8915606118170583 0.45290139705723265 0
outer loop
vertex 71.85911466666667 66.02656 1.9999573333333336
vertex 71.78109866666667 66.18013866666668 0
vertex 71.78109866666667 66.18013866666668 1.9999573333333336
endloop
endfacet
facet normal 0.8602452601336705 0.50988046875474 0
outer loop
vertex 71.78109866666667 66.18013866666668 1.9999573333333336
vertex 71.78109866666667 66.18013866666668 0
vertex 71.69326933333333 66.32832 0
endloop
endfacet
facet normal 0.8602452601336705 0.50988046875474 0
outer loop
vertex 71.78109866666667 66.18013866666668 1.9999573333333336
vertex 71.69326933333333 66.32832 0
vertex 71.69326933333333 66.32832 1.9999573333333336
endloop
endfacet
facet normal 0.6131505595419371 0.7899660697355358 0
outer loop
vertex 71.12654933333334 66.97109333333334 1.9999573333333336
vertex 71.12654933333334 66.97109333333334 0
vertex 70.99063466666666 67.07658666666667 0
endloop
endfacet
facet normal 0.6131505595419371 0.7899660697355358 0
outer loop
vertex 71.12654933333334 66.97109333333334 1.9999573333333336
vertex 70.99063466666666 67.07658666666667 0
vertex 70.99063466666666 67.07658666666667 1.9999573333333336
endloop
endfacet
facet normal 0.5619198624098118 0.8271916756286528 0
outer loop
vertex 70.99063466666666 67.07658666666667 1.9999573333333336
vertex 70.99063466666666 67.07658666666667 0
vertex 70.84834133333334 67.173248 0
endloop
endfacet
facet normal 0.5619198624098118 0.8271916756286528 0
outer loop
vertex 70.99063466666666 67.07658666666667 1.9999573333333336
vertex 70.84834133333334 67.173248 0
vertex 70.84834133333334 67.173248 1.9999573333333336
endloop
endfacet
facet normal 0.3987261114144259 0.9170700562532454 0
outer loop
vertex 70.54658133333334 67.33909333333334 1.9999573333333336
vertex 70.54658133333334 67.33909333333334 0
vertex 70.38858666666667 67.40778666666667 0
endloop
endfacet
facet normal 0.3987261114144259 0.9170700562532454 0
outer loop
vertex 70.54658133333334 67.33909333333334 1.9999573333333336
vertex 70.38858666666667 67.40778666666667 0
vertex 70.38858666666667 67.40778666666667 1.9999573333333336
endloop
endfacet
facet normal 0.3366978853998458 0.9416127303553582 0
outer loop
vertex 70.38858666666667 67.40778666666667 1.9999573333333336
vertex 70.38858666666667 67.40778666666667 0
vertex 70.22666666666667 67.46568533333334 0
endloop
endfacet
facet normal 0.3366978853998458 0.9416127303553582 0
outer loop
vertex 70.38858666666667 67.40778666666667 1.9999573333333336
vertex 70.22666666666667 67.46568533333334 0
vertex 70.22666666666667 67.46568533333334 1.9999573333333336
endloop
endfacet
facet normal 0 0.9999999999999999 0
outer loop
vertex 69.379776 67.600128 1.9999573333333336
vertex 69.379776 67.600128 0
vertex 8.220138666666667 67.600128 0
endloop
endfacet
facet normal 0 0.9999999999999999 0
outer loop
vertex 69.379776 67.600128 1.9999573333333336
vertex 8.220138666666667 67.600128 0
vertex 8.220138666666667 67.600128 1.9999573333333336
endloop
endfacet
facet normal -0.9995092939824207 0.03132365308776818 0
outer loop
vertex 0.005397333333333334 59.552213333333334 0
vertex 0 59.379989333333334 0
vertex 0 59.379989333333334 1.9999573333333336
endloop
endfacet
facet normal -0.9995092939824207 0.03132365308776818 0
outer loop
vertex 0.005397333333333334 59.552213333333334 0
vertex 0 59.379989333333334 1.9999573333333336
vertex 0.005397333333333334 59.552213333333334 1.9999573333333336
endloop
endfacet
facet normal -0.9602230816879572 0.2792340118855205 0
outer loop
vertex 0.08586666666666667 60.061525333333336 0
vertex 0.08586666666666667 60.061525333333336 1.9999573333333336
vertex 0.13395200000000002 60.22688 1.9999573333333336
endloop
endfacet
facet normal -0.9602230816879572 0.2792340118855205 0
outer loop
vertex 0.08586666666666667 60.061525333333336 0
vertex 0.13395200000000002 60.22688 1.9999573333333336
vertex 0.13395200000000002 60.22688 0
endloop
endfacet
facet normal -0.976320823093015 0.21632764593314832 0
outer loop
vertex 0.08586666666666667 60.061525333333336 1.9999573333333336
vertex 0.08586666666666667 60.061525333333336 0
vertex 0.048576 59.89322666666667 0
endloop
endfacet
facet normal -0.976320823093015 0.21632764593314832 0
outer loop
vertex 0.08586666666666667 60.061525333333336 1.9999573333333336
vertex 0.048576 59.89322666666667 0
vertex 0.048576 59.89322666666667 1.9999573333333336
endloop
endfacet
facet normal -0.995559348542323 0.09413598424611955 0
outer loop
vertex 0.021589333333333335 59.723456000000006 0
vertex 0.005397333333333334 59.552213333333334 0
vertex 0.005397333333333334 59.552213333333334 1.9999573333333336
endloop
endfacet
facet normal -0.995559348542323 0.09413598424611955 0
outer loop
vertex 0.021589333333333335 59.723456000000006 0
vertex 0.005397333333333334 59.552213333333334 1.9999573333333336
vertex 0.021589333333333335 59.723456000000006 1.9999573333333336
endloop
endfacet
facet normal -0.9876004295688271 0.15698850759042227 0
outer loop
vertex 0.021589333333333335 59.723456000000006 0
vertex 0.021589333333333335 59.723456000000006 1.9999573333333336
vertex 0.048576 59.89322666666667 1.9999573333333336
endloop
endfacet
facet normal -0.9876004295688271 0.15698850759042227 0
outer loop
vertex 0.021589333333333335 59.723456000000006 0
vertex 0.048576 59.89322666666667 1.9999573333333336
vertex 0.048576 59.89322666666667 0
endloop
endfacet
facet normal -0.09386939758737672 0.995584519865884 0
outer loop
vertex 2.5681493333333334 62.11447466666667 1.9999573333333336
vertex 2.5681493333333334 62.11447466666667 0
vertex 2.3964160000000003 62.09828266666667 0
endloop
endfacet
facet normal -0.09386939758737672 0.995584519865884 0
outer loop
vertex 2.5681493333333334 62.11447466666667 1.9999573333333336
vertex 2.3964160000000003 62.09828266666667 0
vertex 2.3964160000000003 62.09828266666667 1.9999573333333336
endloop
endfacet
facet normal -0.6131505595419974 0.7899660697354892 0
outer loop
vertex 1.1295146666666667 61.59682133333334 1.9999573333333336
vertex 1.1295146666666667 61.59682133333334 0
vertex 0.9936 61.491328 0
endloop
endfacet
facet normal -0.6131505595419974 0.7899660697354892 0
outer loop
vertex 1.1295146666666667 61.59682133333334 1.9999573333333336
vertex 0.9936 61.491328 0
vertex 0.9936 61.491328 1.9999573333333336
endloop
endfacet
facet normal -0.8898174628127418 0.4563166475962663 0
outer loop
vertex 0.33905066666666667 60.699882666666674 0
vertex 0.260544 60.54679466666667 0
vertex 0.260544 60.54679466666667 1.9999573333333336
endloop
endfacet
facet normal -0.8898174628127418 0.4563166475962663 0
outer loop
vertex 0.33905066666666667 60.699882666666674 0
vertex 0.260544 60.54679466666667 1.9999573333333336
vertex 0.33905066666666667 60.699882666666674 1.9999573333333336
endloop
endfacet
facet normal -0.8614938964444804 0.5077679257189317 0
outer loop
vertex 0.33905066666666667 60.699882666666674 0
vertex 0.33905066666666667 60.699882666666674 1.9999573333333336
vertex 0.42638933333333334 60.84806400000001 1.9999573333333336
endloop
endfacet
facet normal -0.8614938964444804 0.5077679257189317 0
outer loop
vertex 0.33905066666666667 60.699882666666674 0
vertex 0.42638933333333334 60.84806400000001 1.9999573333333336
vertex 0.42638933333333334 60.84806400000001 0
endloop
endfacet
facet normal -0.27999999999999736 0.960000000000001 0
outer loop
vertex 1.8934826666666669 61.98592000000001 0
vertex 1.8934826666666669 61.98592000000001 1.9999573333333336
vertex 2.058346666666667 62.03400533333334 1.9999573333333336
endloop
endfacet
facet normal -0.27999999999999736 0.960000000000001 0
outer loop
vertex 1.8934826666666669 61.98592000000001 0
vertex 2.058346666666667 62.03400533333334 1.9999573333333336
vertex 2.058346666666667 62.03400533333334 0
endloop
endfacet
facet normal -0.39632677887549606 0.9181095165317553 0
outer loop
vertex 1.7315626666666668 61.92753066666667 1.9999573333333336
vertex 1.7315626666666668 61.92753066666667 0
vertex 1.573568 61.859328000000005 0
endloop
endfacet
facet normal -0.39632677887549606 0.9181095165317553 0
outer loop
vertex 1.7315626666666668 61.92753066666667 1.9999573333333336
vertex 1.573568 61.859328000000005 0
vertex 1.573568 61.859328000000005 1.9999573333333336
endloop
endfacet
facet normal -0.33922413323791845 0.9407055795672645 0
outer loop
vertex 1.8934826666666669 61.98592000000001 1.9999573333333336
vertex 1.8934826666666669 61.98592000000001 0
vertex 1.7315626666666668 61.92753066666667 0
endloop
endfacet
facet normal -0.33922413323791845 0.9407055795672645 0
outer loop
vertex 1.8934826666666669 61.98592000000001 1.9999573333333336
vertex 1.7315626666666668 61.92753066666667 0
vertex 1.7315626666666668 61.92753066666667 1.9999573333333336
endloop
endfacet
facet normal -0.1569885075904155 0.9876004295688281 0
outer loop
vertex 2.2266453333333334 62.071296000000004 0
vertex 2.2266453333333334 62.071296000000004 1.9999573333333336
vertex 2.3964160000000003 62.09828266666667 1.9999573333333336
endloop
endfacet
facet normal -0.1569885075904155 0.9876004295688281 0
outer loop
vertex 2.2266453333333334 62.071296000000004 0
vertex 2.3964160000000003 62.09828266666667 1.9999573333333336
vertex 2.3964160000000003 62.09828266666667 0
endloop
endfacet
facet normal -0.21632764593313022 0.976320823093019 0
outer loop
vertex 2.2266453333333334 62.071296000000004 0
vertex 2.058346666666667 62.03400533333334 0
vertex 2.058346666666667 62.03400533333334 1.9999573333333336
endloop
endfacet
facet normal -0.21632764593313022 0.976320823093019 0
outer loop
vertex 2.2266453333333334 62.071296000000004 0
vertex 2.058346666666667 62.03400533333334 1.9999573333333336
vertex 2.2266453333333334 62.071296000000004 1.9999573333333336
endloop
endfacet
facet normal -0.6615273244902241 0.7499210618143791 0
outer loop
vertex 0.9936 61.491328 1.9999573333333336
vertex 0.9936 61.491328 0
vertex 0.8645546666666667 61.37749333333334 0
endloop
endfacet
facet normal -0.6615273244902241 0.7499210618143791 0
outer loop
vertex 0.9936 61.491328 1.9999573333333336
vertex 0.8645546666666667 61.37749333333334 0
vertex 0.8645546666666667 61.37749333333334 1.9999573333333336
endloop
endfacet
facet normal -0.7499210618143584 0.6615273244902476 0
outer loop
vertex 0.7428693333333334 61.255808 0
vertex 0.6290346666666667 61.12676266666667 0
vertex 0.6290346666666667 61.12676266666667 1.9999573333333336
endloop
endfacet
facet normal -0.7499210618143584 0.6615273244902476 0
outer loop
vertex 0.7428693333333334 61.255808 0
vertex 0.6290346666666667 61.12676266666667 1.9999573333333336
vertex 0.7428693333333334 61.255808 1.9999573333333336
endloop
endfacet
facet normal -0.707106781186564 0.7071067811865311 0
outer loop
vertex 0.8645546666666667 61.37749333333334 1.9999573333333336
vertex 0.8645546666666667 61.37749333333334 0
vertex 0.7428693333333334 61.255808 0
endloop
endfacet
facet normal -0.707106781186564 0.7071067811865311 0
outer loop
vertex 0.8645546666666667 61.37749333333334 1.9999573333333336
vertex 0.7428693333333334 61.255808 0
vertex 0.7428693333333334 61.255808 1.9999573333333336
endloop
endfacet
facet normal -0.7071067811865424 0.7071067811865527 0
outer loop
vertex 6.344320000000001 66.85725866666667 1.9999573333333336
vertex 6.344320000000001 66.85725866666667 0
vertex 6.222634666666667 66.73557333333333 0
endloop
endfacet
facet normal -0.7071067811865424 0.7071067811865527 0
outer loop
vertex 6.344320000000001 66.85725866666667 1.9999573333333336
vertex 6.222634666666667 66.73557333333333 0
vertex 6.222634666666667 66.73557333333333 1.9999573333333336
endloop
endfacet
facet normal -0.5619198624097962 0.8271916756286634 0
outer loop
vertex 1.271808 61.69348266666667 0
vertex 1.1295146666666667 61.59682133333334 0
vertex 1.1295146666666667 61.59682133333334 1.9999573333333336
endloop
endfacet
facet normal -0.5619198624097962 0.8271916756286634 0
outer loop
vertex 1.271808 61.69348266666667 0
vertex 1.1295146666666667 61.59682133333334 1.9999573333333336
vertex 1.271808 61.69348266666667 1.9999573333333336
endloop
endfacet
facet normal -0.4529013970572201 0.8915606118170644 0
outer loop
vertex 1.573568 61.859328000000005 1.9999573333333336
vertex 1.573568 61.859328000000005 0
vertex 1.4199893333333335 61.78131200000001 0
endloop
endfacet
facet normal -0.4529013970572201 0.8915606118170644 0
outer loop
vertex 1.573568 61.859328000000005 1.9999573333333336
vertex 1.4199893333333335 61.78131200000001 0
vertex 1.4199893333333335 61.78131200000001 1.9999573333333336
endloop
endfacet
facet normal -0.5098804687547525 0.8602452601336632 0
outer loop
vertex 1.4199893333333335 61.78131200000001 1.9999573333333336
vertex 1.4199893333333335 61.78131200000001 0
vertex 1.271808 61.69348266666667 0
endloop
endfacet
facet normal -0.5098804687547525 0.8602452601336632 0
outer loop
vertex 1.4199893333333335 61.78131200000001 1.9999573333333336
vertex 1.271808 61.69348266666667 0
vertex 1.271808 61.69348266666667 1.9999573333333336
endloop
endfacet
facet normal -0.7896580190143802 0.6135472377953345 0
outer loop
vertex 0.6290346666666667 61.12676266666667 1.9999573333333336
vertex 0.6290346666666667 61.12676266666667 0
vertex 0.5230506666666667 60.990357333333336 0
endloop
endfacet
facet normal -0.7896580190143802 0.6135472377953345 0
outer loop
vertex 0.6290346666666667 61.12676266666667 1.9999573333333336
vertex 0.5230506666666667 60.990357333333336 0
vertex 0.5230506666666667 60.990357333333336 1.9999573333333336
endloop
endfacet
facet normal -0.8271916756286436 0.5619198624098253 0
outer loop
vertex 0.5230506666666667 60.990357333333336 1.9999573333333336
vertex 0.5230506666666667 60.990357333333336 0
vertex 0.42638933333333334 60.84806400000001 0
endloop
endfacet
facet normal -0.8271916756286436 0.5619198624098253 0
outer loop
vertex 0.5230506666666667 60.990357333333336 1.9999573333333336
vertex 0.42638933333333334 60.84806400000001 0
vertex 0.42638933333333334 60.84806400000001 1.9999573333333336
endloop
endfacet
facet normal -0.918109516531751 0.39632677887550616 0
outer loop
vertex 0.260544 60.54679466666667 1.9999573333333336
vertex 0.260544 60.54679466666667 0
vertex 0.19234133333333334 60.3888 0
endloop
endfacet
facet normal -0.918109516531751 0.39632677887550616 0
outer loop
vertex 0.260544 60.54679466666667 1.9999573333333336
vertex 0.19234133333333334 60.3888 0
vertex 0.19234133333333334 60.3888 1.9999573333333336
endloop
endfacet
facet normal -0.9407055795672742 0.33922413323789147 0
outer loop
vertex 0.19234133333333334 60.3888 1.9999573333333336
vertex 0.19234133333333334 60.3888 0
vertex 0.13395200000000002 60.22688 0
endloop
endfacet
facet normal -0.9407055795672742 0.33922413323789147 0
outer loop
vertex 0.19234133333333334 60.3888 1.9999573333333336
vertex 0.13395200000000002 60.22688 0
vertex 0.13395200000000002 60.22688 1.9999573333333336
endloop
endfacet
facet normal -0.9602230816879597 0.2792340118855116 0
outer loop
vertex 5.566122666666667 65.54129066666667 0
vertex 5.566122666666667 65.54129066666667 1.9999573333333336
vertex 5.6142080000000005 65.70664533333334 1.9999573333333336
endloop
endfacet
facet normal -0.9602230816879597 0.2792340118855116 0
outer loop
vertex 5.566122666666667 65.54129066666667 0
vertex 5.6142080000000005 65.70664533333334 1.9999573333333336
vertex 5.6142080000000005 65.70664533333334 0
endloop
endfacet
facet normal -0.9755792015757554 0.2196479488927946 0
outer loop
vertex 5.566122666666667 65.54129066666667 1.9999573333333336
vertex 5.566122666666667 65.54129066666667 0
vertex 5.5283413333333336 65.37348266666667 0
endloop
endfacet
facet normal -0.9755792015757554 0.2196479488927946 0
outer loop
vertex 5.566122666666667 65.54129066666667 1.9999573333333336
vertex 5.5283413333333336 65.37348266666667 0
vertex 5.5283413333333336 65.37348266666667 1.9999573333333336
endloop
endfacet
facet normal -0.9952880684790769 0.0969621613991154 0
outer loop
vertex 5.501845333333334 65.20322133333333 0
vertex 5.485162666666667 65.03197866666667 0
vertex 5.485162666666667 65.03197866666667 1.9999573333333336
endloop
endfacet
facet normal -0.9952880684790769 0.0969621613991154 0
outer loop
vertex 5.501845333333334 65.20322133333333 0
vertex 5.485162666666667 65.03197866666667 1.9999573333333336
vertex 5.501845333333334 65.20322133333333 1.9999573333333336
endloop
endfacet
facet normal -0.9881068561306399 0.1537687902912138 0
outer loop
vertex 5.501845333333334 65.20322133333333 0
vertex 5.501845333333334 65.20322133333333 1.9999573333333336
vertex 5.5283413333333336 65.37348266666667 1.9999573333333336
endloop
endfacet
facet normal -0.9881068561306399 0.1537687902912138 0
outer loop
vertex 5.501845333333334 65.20322133333333 0
vertex 5.5283413333333336 65.37348266666667 1.9999573333333336
vertex 5.5283413333333336 65.37348266666667 0
endloop
endfacet
facet normal -0.0941359842461441 0.9955593485423205 0
outer loop
vertex 8.047914666666667 67.59473066666668 1.9999573333333336
vertex 8.047914666666667 67.59473066666668 0
vertex 7.876672000000001 67.57853866666667 0
endloop
endfacet
facet normal -0.0941359842461441 0.9955593485423205 0
outer loop
vertex 8.047914666666667 67.59473066666668 1.9999573333333336
vertex 7.876672000000001 67.57853866666667 0
vertex 7.876672000000001 67.57853866666667 1.9999573333333336
endloop
endfacet
facet normal -0.031323653087693054 0.999509293982423 0
outer loop
vertex 8.220138666666667 67.600128 1.9999573333333336
vertex 8.220138666666667 67.600128 0
vertex 8.047914666666667 67.59473066666668 0
endloop
endfacet
facet normal -0.031323653087693054 0.999509293982423 0
outer loop
vertex 8.220138666666667 67.600128 1.9999573333333336
vertex 8.047914666666667 67.59473066666668 0
vertex 8.047914666666667 67.59473066666668 1.9999573333333336
endloop
endfacet
facet normal -0.6131505595419696 0.7899660697355106 0
outer loop
vertex 6.609280000000001 67.07658666666667 1.9999573333333336
vertex 6.609280000000001 67.07658666666667 0
vertex 6.473365333333334 66.97109333333334 0
endloop
endfacet
facet normal -0.6131505595419696 0.7899660697355106 0
outer loop
vertex 6.609280000000001 67.07658666666667 1.9999573333333336
vertex 6.473365333333334 66.97109333333334 0
vertex 6.473365333333334 66.97109333333334 1.9999573333333336
endloop
endfacet
facet normal -0.8915606118170686 0.45290139705721216 0
outer loop
vertex 5.818816000000001 66.18013866666668 0
vertex 5.7408 66.02656 0
vertex 5.7408 66.02656 1.9999573333333336
endloop
endfacet
facet normal -0.8915606118170686 0.45290139705721216 0
outer loop
vertex 5.818816000000001 66.18013866666668 0
vertex 5.7408 66.02656 1.9999573333333336
vertex 5.818816000000001 66.18013866666668 1.9999573333333336
endloop
endfacet
facet normal -0.8602452601336683 0.5098804687547438 0
outer loop
vertex 5.818816000000001 66.18013866666668 0
vertex 5.818816000000001 66.18013866666668 1.9999573333333336
vertex 5.9066453333333335 66.32832 1.9999573333333336
endloop
endfacet
facet normal -0.8602452601336683 0.5098804687547438 0
outer loop
vertex 5.818816000000001 66.18013866666668 0
vertex 5.9066453333333335 66.32832 1.9999573333333336
vertex 5.9066453333333335 66.32832 0
endloop
endfacet
facet normal -0.27923401188551655 0.9602230816879582 0
outer loop
vertex 7.373248 67.46568533333334 0
vertex 7.373248 67.46568533333334 1.9999573333333336
vertex 7.538602666666667 67.51377066666667 1.9999573333333336
endloop
endfacet
facet normal -0.27923401188551655 0.9602230816879582 0
outer loop
vertex 7.373248 67.46568533333334 0
vertex 7.538602666666667 67.51377066666667 1.9999573333333336
vertex 7.538602666666667 67.51377066666667 0
endloop
endfacet
facet normal -0.3987261114144259 0.9170700562532454 0
outer loop
vertex 7.211328000000001 67.40778666666667 1.9999573333333336
vertex 7.211328000000001 67.40778666666667 0
vertex 7.053333333333334 67.33909333333334 0
endloop
endfacet
facet normal -0.3987261114144259 0.9170700562532454 0
outer loop
vertex 7.211328000000001 67.40778666666667 1.9999573333333336
vertex 7.053333333333334 67.33909333333334 0
vertex 7.053333333333334 67.33909333333334 1.9999573333333336
endloop
endfacet
facet normal -0.33669788539983764 0.9416127303553611 0
outer loop
vertex 7.373248 67.46568533333334 1.9999573333333336
vertex 7.373248 67.46568533333334 0
vertex 7.211328000000001 67.40778666666667 0
endloop
endfacet
facet normal -0.33669788539983764 0.9416127303553611 0
outer loop
vertex 7.373248 67.46568533333334 1.9999573333333336
vertex 7.211328000000001 67.40778666666667 0
vertex 7.211328000000001 67.40778666666667 1.9999573333333336
endloop
endfacet
facet normal -0.1565471941512874 0.9876704794633477 0
outer loop
vertex 7.706410666666668 67.551552 0
vertex 7.706410666666668 67.551552 1.9999573333333336
vertex 7.876672000000001 67.57853866666667 1.9999573333333336
endloop
endfacet
facet normal -0.1565471941512874 0.9876704794633477 0
outer loop
vertex 7.706410666666668 67.551552 0
vertex 7.876672000000001 67.57853866666667 1.9999573333333336
vertex 7.876672000000001 67.57853866666667 0
endloop
endfacet
facet normal -0.21964794889275624 0.9755792015757639 0
outer loop
vertex 7.706410666666668 67.551552 0
vertex 7.538602666666667 67.51377066666667 0
vertex 7.538602666666667 67.51377066666667 1.9999573333333336
endloop
endfacet
facet normal -0.21964794889275624 0.9755792015757639 0
outer loop
vertex 7.706410666666668 67.551552 0
vertex 7.538602666666667 67.51377066666667 1.9999573333333336
vertex 7.706410666666668 67.551552 1.9999573333333336
endloop
endfacet
facet normal -0.6615273244902715 0.7499210618143372 0
outer loop
vertex 6.473365333333334 66.97109333333334 1.9999573333333336
vertex 6.473365333333334 66.97109333333334 0
vertex 6.344320000000001 66.85725866666667 0
endloop
endfacet
facet normal -0.6615273244902715 0.7499210618143372 0
outer loop
vertex 6.473365333333334 66.97109333333334 1.9999573333333336
vertex 6.344320000000001 66.85725866666667 0
vertex 6.344320000000001 66.85725866666667 1.9999573333333336
endloop
endfacet
facet normal -0.7499210618143405 0.6615273244902676 0
outer loop
vertex 6.222634666666667 66.73557333333333 0
vertex 6.1088000000000005 66.60652800000001 0
vertex 6.1088000000000005 66.60652800000001 1.9999573333333336
endloop
endfacet
facet normal -0.7499210618143405 0.6615273244902676 0
outer loop
vertex 6.222634666666667 66.73557333333333 0
vertex 6.1088000000000005 66.60652800000001 1.9999573333333336
vertex 6.222634666666667 66.73557333333333 1.9999573333333336
endloop
endfacet
facet normal -0.560596433997451 0.8280891486967702 0
outer loop
vertex 6.752064000000001 67.173248 0
vertex 6.609280000000001 67.07658666666667 0
vertex 6.609280000000001 67.07658666666667 1.9999573333333336
endloop
endfacet
facet normal -0.560596433997451 0.8280891486967702 0
outer loop
vertex 6.752064000000001 67.173248 0
vertex 6.609280000000001 67.07658666666667 1.9999573333333336
vertex 6.752064000000001 67.173248 1.9999573333333336
endloop
endfacet
facet normal -0.45290139705725346 0.8915606118170476 0
outer loop
vertex 7.053333333333334 67.33909333333334 1.9999573333333336
vertex 7.053333333333334 67.33909333333334 0
vertex 6.899754666666667 67.26107733333333 0
endloop
endfacet
facet normal -0.45290139705725346 0.8915606118170476 0
outer loop
vertex 7.053333333333334 67.33909333333334 1.9999573333333336
vertex 6.899754666666667 67.26107733333333 0
vertex 6.899754666666667 67.26107733333333 1.9999573333333336
endloop
endfacet
facet normal -0.511132409058572 0.85950198394767 0
outer loop
vertex 6.899754666666667 67.26107733333333 1.9999573333333336
vertex 6.899754666666667 67.26107733333333 0
vertex 6.752064000000001 67.173248 0
endloop
endfacet
facet normal -0.511132409058572 0.85950198394767 0
outer loop
vertex 6.899754666666667 67.26107733333333 1.9999573333333336
vertex 6.752064000000001 67.173248 0
vertex 6.752064000000001 67.173248 1.9999573333333336
endloop
endfacet
facet normal -0.7899660697355207 0.6131505595419564 0
outer loop
vertex 6.1088000000000005 66.60652800000001 1.9999573333333336
vertex 6.1088000000000005 66.60652800000001 0
vertex 6.003306666666667 66.47061333333333 0
endloop
endfacet
facet normal -0.7899660697355207 0.6131505595419564 0
outer loop
vertex 6.1088000000000005 66.60652800000001 1.9999573333333336
vertex 6.003306666666667 66.47061333333333 0
vertex 6.003306666666667 66.47061333333333 1.9999573333333336
endloop
endfacet
facet normal -0.8271916756286433 0.5619198624098259 0
outer loop
vertex 6.003306666666667 66.47061333333333 1.9999573333333336
vertex 6.003306666666667 66.47061333333333 0
vertex 5.9066453333333335 66.32832 0
endloop
endfacet
facet normal -0.8271916756286433 0.5619198624098259 0
outer loop
vertex 6.003306666666667 66.47061333333333 1.9999573333333336
vertex 5.9066453333333335 66.32832 0
vertex 5.9066453333333335 66.32832 1.9999573333333336
endloop
endfacet
facet normal -0.918109516531752 0.3963267788755039 0
outer loop
vertex 5.7408 66.02656 1.9999573333333336
vertex 5.7408 66.02656 0
vertex 5.672597333333334 65.86856533333334 0
endloop
endfacet
facet normal -0.918109516531752 0.3963267788755039 0
outer loop
vertex 5.7408 66.02656 1.9999573333333336
vertex 5.672597333333334 65.86856533333334 0
vertex 5.672597333333334 65.86856533333334 1.9999573333333336
endloop
endfacet
facet normal -0.9407055795672693 0.33922413323790507 0
outer loop
vertex 5.672597333333334 65.86856533333334 1.9999573333333336
vertex 5.672597333333334 65.86856533333334 0
vertex 5.6142080000000005 65.70664533333334 0
endloop
endfacet
facet normal -0.9407055795672693 0.33922413323790507 0
outer loop
vertex 5.672597333333334 65.86856533333334 1.9999573333333336
vertex 5.6142080000000005 65.70664533333334 0
vertex 5.6142080000000005 65.70664533333334 1.9999573333333336
endloop
endfacet
facet normal 0.9995078940006695 0.03136829339231722 0
outer loop
vertex 6.9856213333333335 4.068117333333333 1.9999573333333336
vertex 6.9856213333333335 4.068117333333333 0
vertex 6.974826666666667 4.412074666666667 0
endloop
endfacet
facet normal 0.9995078940006695 0.03136829339231722 0
outer loop
vertex 6.9856213333333335 4.068117333333333 1.9999573333333336
vertex 6.974826666666667 4.412074666666667 0
vertex 6.974826666666667 4.412074666666667 1.9999573333333336
endloop
endfacet
facet normal 0.03136829339231722 0.9995078940006695 0
outer loop
vertex 4.412074666666667 6.974826666666667 1.9999573333333336
vertex 4.412074666666667 6.974826666666667 0
vertex 4.068117333333333 6.9856213333333335 0
endloop
endfacet
facet normal 0.03136829339231722 0.9995078940006695 0
outer loop
vertex 4.412074666666667 6.974826666666667 1.9999573333333336
vertex 4.068117333333333 6.9856213333333335 0
vertex 4.068117333333333 6.9856213333333335 1.9999573333333336
endloop
endfacet
facet normal 0.9955593485423225 0.09413598424612363 0
outer loop
vertex 6.958634666666667 4.5833173333333335 1.9999573333333336
vertex 6.974826666666667 4.412074666666667 1.9999573333333336
vertex 6.974826666666667 4.412074666666667 0
endloop
endfacet
facet normal 0.9955593485423225 0.09413598424612363 0
outer loop
vertex 6.958634666666667 4.5833173333333335 1.9999573333333336
vertex 6.974826666666667 4.412074666666667 0
vertex 6.958634666666667 4.5833173333333335 0
endloop
endfacet
facet normal 0.09413598424612363 0.9955593485423225 0
outer loop
vertex 4.5833173333333335 6.958634666666667 0
vertex 4.412074666666667 6.974826666666667 0
vertex 4.412074666666667 6.974826666666667 1.9999573333333336
endloop
endfacet
facet normal 0.09413598424612363 0.9955593485423225 0
outer loop
vertex 4.5833173333333335 6.958634666666667 0
vertex 4.412074666666667 6.974826666666667 1.9999573333333336
vertex 4.5833173333333335 6.958634666666667 1.9999573333333336
endloop
endfacet
facet normal 0.27923401188551655 0.9602230816879582 0
outer loop
vertex 4.921386666666667 6.893866666666667 1.9999573333333336
vertex 5.086741333333333 6.845781333333334 1.9999573333333336
vertex 5.086741333333333 6.845781333333334 0
endloop
endfacet
facet normal 0.27923401188551655 0.9602230816879582 0
outer loop
vertex 4.921386666666667 6.893866666666667 1.9999573333333336
vertex 5.086741333333333 6.845781333333334 0
vertex 4.921386666666667 6.893866666666667 0
endloop
endfacet
facet normal 0.9602230816879582 0.27923401188551655 0
outer loop
vertex 6.893866666666667 4.921386666666667 0
vertex 6.845781333333334 5.086741333333333 0
vertex 6.845781333333334 5.086741333333333 1.9999573333333336
endloop
endfacet
facet normal 0.9602230816879582 0.27923401188551655 0
outer loop
vertex 6.893866666666667 4.921386666666667 0
vertex 6.845781333333334 5.086741333333333 1.9999573333333336
vertex 6.893866666666667 4.921386666666667 1.9999573333333336
endloop
endfacet
facet normal 0.9876704794633541 0.15654719415124718 0
outer loop
vertex 6.931648000000001 4.753578666666667 1.9999573333333336
vertex 6.958634666666667 4.5833173333333335 1.9999573333333336
vertex 6.958634666666667 4.5833173333333335 0
endloop
endfacet
facet normal 0.9876704794633541 0.15654719415124718 0
outer loop
vertex 6.931648000000001 4.753578666666667 1.9999573333333336
vertex 6.958634666666667 4.5833173333333335 0
vertex 6.931648000000001 4.753578666666667 0
endloop
endfacet
facet normal 0.9755792015757561 0.2196479488927918 0
outer loop
vertex 6.931648000000001 4.753578666666667 1.9999573333333336
vertex 6.931648000000001 4.753578666666667 0
vertex 6.893866666666667 4.921386666666667 0
endloop
endfacet
facet normal 0.9755792015757561 0.2196479488927918 0
outer loop
vertex 6.931648000000001 4.753578666666667 1.9999573333333336
vertex 6.893866666666667 4.921386666666667 0
vertex 6.893866666666667 4.921386666666667 1.9999573333333336
endloop
endfacet
facet normal 0.8915606118170601 0.45290139705722887 0
outer loop
vertex 6.641173333333334 5.560234666666667 0
vertex 6.641173333333334 5.560234666666667 1.9999573333333336
vertex 6.7191893333333335 5.406656000000001 1.9999573333333336
endloop
endfacet
facet normal 0.8915606118170601 0.45290139705722887 0
outer loop
vertex 6.641173333333334 5.560234666666667 0
vertex 6.7191893333333335 5.406656000000001 1.9999573333333336
vertex 6.7191893333333335 5.406656000000001 0
endloop
endfacet
facet normal 0.8595019839476653 0.5111324090585796 0
outer loop
vertex 6.641173333333334 5.560234666666667 0
vertex 6.553344 5.707925333333334 0
vertex 6.553344 5.707925333333334 1.9999573333333336
endloop
endfacet
facet normal 0.8595019839476653 0.5111324090585796 0
outer loop
vertex 6.641173333333334 5.560234666666667 0
vertex 6.553344 5.707925333333334 1.9999573333333336
vertex 6.641173333333334 5.560234666666667 1.9999573333333336
endloop
endfacet
facet normal 0.7499210618143654 0.6615273244902395 0
outer loop
vertex 6.2373546666666675 6.115669333333334 1.9999573333333336
vertex 6.351189333333334 5.986624000000001 1.9999573333333336
vertex 6.351189333333334 5.986624000000001 0
endloop
endfacet
facet normal 0.7499210618143654 0.6615273244902395 0
outer loop
vertex 6.2373546666666675 6.115669333333334 1.9999573333333336
vertex 6.351189333333334 5.986624000000001 0
vertex 6.2373546666666675 6.115669333333334 0
endloop
endfacet
facet normal 0.7071067811865476 0.7071067811865476 0
outer loop
vertex 6.2373546666666675 6.115669333333334 1.9999573333333336
vertex 6.2373546666666675 6.115669333333334 0
vertex 6.115669333333334 6.2373546666666675 0
endloop
endfacet
facet normal 0.7071067811865476 0.7071067811865476 0
outer loop
vertex 6.2373546666666675 6.115669333333334 1.9999573333333336
vertex 6.115669333333334 6.2373546666666675 0
vertex 6.115669333333334 6.2373546666666675 1.9999573333333336
endloop
endfacet
facet normal 0.8280891486967631 0.5605964339974616 0
outer loop
vertex 6.4566826666666675 5.8507093333333335 1.9999573333333336
vertex 6.553344 5.707925333333334 1.9999573333333336
vertex 6.553344 5.707925333333334 0
endloop
endfacet
facet normal 0.8280891486967631 0.5605964339974616 0
outer loop
vertex 6.4566826666666675 5.8507093333333335 1.9999573333333336
vertex 6.553344 5.707925333333334 0
vertex 6.4566826666666675 5.8507093333333335 0
endloop
endfacet
facet normal 0.7899660697354957 0.613150559541989 0
outer loop
vertex 6.4566826666666675 5.8507093333333335 1.9999573333333336
vertex 6.4566826666666675 5.8507093333333335 0
vertex 6.351189333333334 5.986624000000001 0
endloop
endfacet
facet normal 0.7899660697354957 0.613150559541989 0
outer loop
vertex 6.4566826666666675 5.8507093333333335 1.9999573333333336
vertex 6.351189333333334 5.986624000000001 0
vertex 6.351189333333334 5.986624000000001 1.9999573333333336
endloop
endfacet
facet normal 0.5605964339974616 0.8280891486967631 0
outer loop
vertex 5.707925333333334 6.553344 0
vertex 5.707925333333334 6.553344 1.9999573333333336
vertex 5.8507093333333335 6.4566826666666675 1.9999573333333336
endloop
endfacet
facet normal 0.5605964339974616 0.8280891486967631 0
outer loop
vertex 5.707925333333334 6.553344 0
vertex 5.8507093333333335 6.4566826666666675 1.9999573333333336
vertex 5.8507093333333335 6.4566826666666675 0
endloop
endfacet
facet normal 0.2196479488927918 0.9755792015757561 0
outer loop
vertex 4.753578666666667 6.931648000000001 1.9999573333333336
vertex 4.921386666666667 6.893866666666667 1.9999573333333336
vertex 4.921386666666667 6.893866666666667 0
endloop
endfacet
facet normal 0.2196479488927918 0.9755792015757561 0
outer loop
vertex 4.753578666666667 6.931648000000001 1.9999573333333336
vertex 4.921386666666667 6.893866666666667 0
vertex 4.753578666666667 6.931648000000001 0
endloop
endfacet
facet normal 0.15654719415124718 0.9876704794633541 0
outer loop
vertex 4.753578666666667 6.931648000000001 1.9999573333333336
vertex 4.753578666666667 6.931648000000001 0
vertex 4.5833173333333335 6.958634666666667 0
endloop
endfacet
facet normal 0.15654719415124718 0.9876704794633541 0
outer loop
vertex 4.753578666666667 6.931648000000001 1.9999573333333336
vertex 4.5833173333333335 6.958634666666667 0
vertex 4.5833173333333335 6.958634666666667 1.9999573333333336
endloop
endfacet
facet normal 0.3963267788755082 0.9181095165317502 0
outer loop
vertex 5.248661333333334 6.7873920000000005 1.9999573333333336
vertex 5.406656000000001 6.7191893333333335 1.9999573333333336
vertex 5.406656000000001 6.7191893333333335 0
endloop
endfacet
facet normal 0.3963267788755082 0.9181095165317502 0
outer loop
vertex 5.248661333333334 6.7873920000000005 1.9999573333333336
vertex 5.406656000000001 6.7191893333333335 0
vertex 5.248661333333334 6.7873920000000005 0
endloop
endfacet
facet normal 0.3392241332378952 0.9407055795672729 0
outer loop
vertex 5.248661333333334 6.7873920000000005 1.9999573333333336
vertex 5.248661333333334 6.7873920000000005 0
vertex 5.086741333333333 6.845781333333334 0
endloop
endfacet
facet normal 0.3392241332378952 0.9407055795672729 0
outer loop
vertex 5.248661333333334 6.7873920000000005 1.9999573333333336
vertex 5.086741333333333 6.845781333333334 0
vertex 5.086741333333333 6.845781333333334 1.9999573333333336
endloop
endfacet
facet normal 0.45290139705722887 0.8915606118170601 0
outer loop
vertex 5.560234666666667 6.641173333333334 1.9999573333333336
vertex 5.560234666666667 6.641173333333334 0
vertex 5.406656000000001 6.7191893333333335 0
endloop
endfacet
facet normal 0.45290139705722887 0.8915606118170601 0
outer loop
vertex 5.560234666666667 6.641173333333334 1.9999573333333336
vertex 5.406656000000001 6.7191893333333335 0
vertex 5.406656000000001 6.7191893333333335 1.9999573333333336
endloop
endfacet
facet normal 0.5111324090585796 0.8595019839476653 0
outer loop
vertex 5.560234666666667 6.641173333333334 1.9999573333333336
vertex 5.707925333333334 6.553344 1.9999573333333336
vertex 5.707925333333334 6.553344 0
endloop
endfacet
facet normal 0.5111324090585796 0.8595019839476653 0
outer loop
vertex 5.560234666666667 6.641173333333334 1.9999573333333336
vertex 5.707925333333334 6.553344 0
vertex 5.560234666666667 6.641173333333334 0
endloop
endfacet
facet normal 0.9407055795672729 0.3392241332378952 0
outer loop
vertex 6.7873920000000005 5.248661333333334 1.9999573333333336
vertex 6.845781333333334 5.086741333333333 1.9999573333333336
vertex 6.845781333333334 5.086741333333333 0
endloop
endfacet
facet normal 0.9407055795672729 0.3392241332378952 0
outer loop
vertex 6.7873920000000005 5.248661333333334 1.9999573333333336
vertex 6.845781333333334 5.086741333333333 0
vertex 6.7873920000000005 5.248661333333334 0
endloop
endfacet
facet normal 0.9181095165317502 0.3963267788755082 0
outer loop
vertex 6.7873920000000005 5.248661333333334 1.9999573333333336
vertex 6.7873920000000005 5.248661333333334 0
vertex 6.7191893333333335 5.406656000000001 0
endloop
endfacet
facet normal 0.9181095165317502 0.3963267788755082 0
outer loop
vertex 6.7873920000000005 5.248661333333334 1.9999573333333336
vertex 6.7191893333333335 5.406656000000001 0
vertex 6.7191893333333335 5.406656000000001 1.9999573333333336
endloop
endfacet
facet normal 0.613150559541989 0.7899660697354957 0
outer loop
vertex 5.986624000000001 6.351189333333334 1.9999573333333336
vertex 5.986624000000001 6.351189333333334 0
vertex 5.8507093333333335 6.4566826666666675 0
endloop
endfacet
facet normal 0.613150559541989 0.7899660697354957 0
outer loop
vertex 5.986624000000001 6.351189333333334 1.9999573333333336
vertex 5.8507093333333335 6.4566826666666675 0
vertex 5.8507093333333335 6.4566826666666675 1.9999573333333336
endloop
endfacet
facet normal 0.6615273244902395 0.7499210618143654 0
outer loop
vertex 5.986624000000001 6.351189333333334 1.9999573333333336
vertex 6.115669333333334 6.2373546666666675 1.9999573333333336
vertex 6.115669333333334 6.2373546666666675 0
endloop
endfacet
facet normal 0.6615273244902395 0.7499210618143654 0
outer loop
vertex 5.986624000000001 6.351189333333334 1.9999573333333336
vertex 6.115669333333334 6.2373546666666675 0
vertex 5.986624000000001 6.351189333333334 0
endloop
endfacet
facet normal -0.9995078940006692 0.03136829339232495 0
outer loop
vertex 70.62557866666667 4.412074666666667 1.9999573333333336
vertex 70.62557866666667 4.412074666666667 0
vertex 70.614784 4.068117333333333 0
endloop
endfacet
facet normal -0.9995078940006692 0.03136829339232495 0
outer loop
vertex 70.62557866666667 4.412074666666667 1.9999573333333336
vertex 70.614784 4.068117333333333 0
vertex 70.614784 4.068117333333333 1.9999573333333336
endloop
endfacet
facet normal -0.031323653087767724 0.9995092939824208 0
outer loop
vertex 73.53228800000001 6.9856213333333335 1.9999573333333336
vertex 73.53228800000001 6.9856213333333335 0
vertex 73.18784000000001 6.974826666666667 0
endloop
endfacet
facet normal -0.031323653087767724 0.9995092939824208 0
outer loop
vertex 73.53228800000001 6.9856213333333335 1.9999573333333336
vertex 73.18784000000001 6.974826666666667 0
vertex 73.18784000000001 6.974826666666667 1.9999573333333336
endloop
endfacet
facet normal -0.5098804687547477 0.8602452601336661 0
outer loop
vertex 72.04017066666667 6.641173333333334 0
vertex 71.89198933333334 6.553344 0
vertex 71.89198933333334 6.553344 1.9999573333333336
endloop
endfacet
facet normal -0.5098804687547477 0.8602452601336661 0
outer loop
vertex 72.04017066666667 6.641173333333334 0
vertex 71.89198933333334 6.553344 1.9999573333333336
vertex 72.04017066666667 6.641173333333334 1.9999573333333336
endloop
endfacet
facet normal -0.561919862409784 0.8271916756286716 0
outer loop
vertex 71.749696 6.4566826666666675 0
vertex 71.749696 6.4566826666666675 1.9999573333333336
vertex 71.89198933333334 6.553344 1.9999573333333336
endloop
endfacet
facet normal -0.561919862409784 0.8271916756286716 0
outer loop
vertex 71.749696 6.4566826666666675 0
vertex 71.89198933333334 6.553344 1.9999573333333336
vertex 71.89198933333334 6.553344 0
endloop
endfacet
facet normal -0.09413598424612073 0.9955593485423228 0
outer loop
vertex 73.01659733333334 6.958634666666667 0
vertex 73.01659733333334 6.958634666666667 1.9999573333333336
vertex 73.18784000000001 6.974826666666667 1.9999573333333336
endloop
endfacet
facet normal -0.09413598424612073 0.9955593485423228 0
outer loop
vertex 73.01659733333334 6.958634666666667 0
vertex 73.18784000000001 6.974826666666667 1.9999573333333336
vertex 73.18784000000001 6.974826666666667 0
endloop
endfacet
facet normal -0.15654719415125118 0.9876704794633534 0
outer loop
vertex 73.01659733333334 6.958634666666667 0
vertex 72.84633600000001 6.931648000000001 0
vertex 72.84633600000001 6.931648000000001 1.9999573333333336
endloop
endfacet
facet normal -0.15654719415125118 0.9876704794633534 0
outer loop
vertex 73.01659733333334 6.958634666666667 0
vertex 72.84633600000001 6.931648000000001 1.9999573333333336
vertex 73.01659733333334 6.958634666666667 1.9999573333333336
endloop
endfacet
facet normal -0.2196479488927818 0.9755792015757583 0
outer loop
vertex 72.678528 6.893866666666667 1.9999573333333336
vertex 72.84633600000001 6.931648000000001 1.9999573333333336
vertex 72.84633600000001 6.931648000000001 0
endloop
endfacet
facet normal -0.2196479488927818 0.9755792015757583 0
outer loop
vertex 72.678528 6.893866666666667 1.9999573333333336
vertex 72.84633600000001 6.931648000000001 0
vertex 72.678528 6.893866666666667 0
endloop
endfacet
facet normal -0.279234011885529 0.9602230816879546 0
outer loop
vertex 72.51317333333334 6.845781333333334 0
vertex 72.51317333333334 6.845781333333334 1.9999573333333336
vertex 72.678528 6.893866666666667 1.9999573333333336
endloop
endfacet
facet normal -0.279234011885529 0.9602230816879546 0
outer loop
vertex 72.51317333333334 6.845781333333334 0
vertex 72.678528 6.893866666666667 1.9999573333333336
vertex 72.678528 6.893866666666667 0
endloop
endfacet
facet normal -0.33922413323787876 0.9407055795672788 0
outer loop
vertex 72.51317333333334 6.845781333333334 0
vertex 72.35125333333333 6.7873920000000005 0
vertex 72.35125333333333 6.7873920000000005 1.9999573333333336
endloop
endfacet
facet normal -0.33922413323787876 0.9407055795672788 0
outer loop
vertex 72.51317333333334 6.845781333333334 0
vertex 72.35125333333333 6.7873920000000005 1.9999573333333336
vertex 72.51317333333334 6.845781333333334 1.9999573333333336
endloop
endfacet
facet normal -0.611771381857496 0.7910346239831539 0
outer loop
vertex 71.61329066666667 6.351189333333334 0
vertex 71.61329066666667 6.351189333333334 1.9999573333333336
vertex 71.749696 6.4566826666666675 1.9999573333333336
endloop
endfacet
facet normal -0.611771381857496 0.7910346239831539 0
outer loop
vertex 71.61329066666667 6.351189333333334 0
vertex 71.749696 6.4566826666666675 1.9999573333333336
vertex 71.749696 6.4566826666666675 0
endloop
endfacet
facet normal -0.6615273244902268 0.7499210618143768 0
outer loop
vertex 71.61329066666667 6.351189333333334 0
vertex 71.48424533333333 6.2373546666666675 0
vertex 71.48424533333333 6.2373546666666675 1.9999573333333336
endloop
endfacet
facet normal -0.6615273244902268 0.7499210618143768 0
outer loop
vertex 71.61329066666667 6.351189333333334 0
vertex 71.48424533333333 6.2373546666666675 1.9999573333333336
vertex 71.61329066666667 6.351189333333334 1.9999573333333336
endloop
endfacet
facet normal -0.9876704794633605 0.156547194151207 0
outer loop
vertex 70.64177066666667 4.5833173333333335 1.9999573333333336
vertex 70.66875733333333 4.753578666666667 1.9999573333333336
vertex 70.66875733333333 4.753578666666667 0
endloop
endfacet
facet normal -0.9876704794633605 0.156547194151207 0
outer loop
vertex 70.64177066666667 4.5833173333333335 1.9999573333333336
vertex 70.66875733333333 4.753578666666667 0
vertex 70.64177066666667 4.5833173333333335 0
endloop
endfacet
facet normal -0.9955593485423205 0.0941359842461441 0
outer loop
vertex 70.64177066666667 4.5833173333333335 1.9999573333333336
vertex 70.64177066666667 4.5833173333333335 0
vertex 70.62557866666667 4.412074666666667 0
endloop
endfacet
facet normal -0.9955593485423205 0.0941359842461441 0
outer loop
vertex 70.64177066666667 4.5833173333333335 1.9999573333333336
vertex 70.62557866666667 4.412074666666667 0
vertex 70.62557866666667 4.412074666666667 1.9999573333333336
endloop
endfacet
facet normal -0.9407055795672911 0.339224133237845 0
outer loop
vertex 70.81252266666667 5.248661333333334 1.9999573333333336
vertex 70.81252266666667 5.248661333333334 0
vertex 70.75413333333334 5.086741333333333 0
endloop
endfacet
facet normal -0.9407055795672911 0.339224133237845 0
outer loop
vertex 70.81252266666667 5.248661333333334 1.9999573333333336
vertex 70.75413333333334 5.086741333333333 0
vertex 70.75413333333334 5.086741333333333 1.9999573333333336
endloop
endfacet
facet normal -0.7071067811865527 0.7071067811865424 0
outer loop
vertex 71.36256 6.115669333333334 1.9999573333333336
vertex 71.48424533333333 6.2373546666666675 1.9999573333333336
vertex 71.48424533333333 6.2373546666666675 0
endloop
endfacet
facet normal -0.7071067811865527 0.7071067811865424 0
outer loop
vertex 71.36256 6.115669333333334 1.9999573333333336
vertex 71.48424533333333 6.2373546666666675 0
vertex 71.36256 6.115669333333334 0
endloop
endfacet
facet normal -0.7499210618143782 0.6615273244902251 0
outer loop
vertex 71.24872533333334 5.986624000000001 0
vertex 71.24872533333334 5.986624000000001 1.9999573333333336
vertex 71.36256 6.115669333333334 1.9999573333333336
endloop
endfacet
facet normal -0.7499210618143782 0.6615273244902251 0
outer loop
vertex 71.24872533333334 5.986624000000001 0
vertex 71.36256 6.115669333333334 1.9999573333333336
vertex 71.36256 6.115669333333334 0
endloop
endfacet
facet normal -0.3963267788755082 0.9181095165317502 0
outer loop
vertex 72.19325866666667 6.7191893333333335 1.9999573333333336
vertex 72.35125333333333 6.7873920000000005 1.9999573333333336
vertex 72.35125333333333 6.7873920000000005 0
endloop
endfacet
facet normal -0.3963267788755082 0.9181095165317502 0
outer loop
vertex 72.19325866666667 6.7191893333333335 1.9999573333333336
vertex 72.35125333333333 6.7873920000000005 0
vertex 72.19325866666667 6.7191893333333335 0
endloop
endfacet
facet normal -0.4540541130908134 0.8909741087064845 0
outer loop
vertex 72.19325866666667 6.7191893333333335 1.9999573333333336
vertex 72.19325866666667 6.7191893333333335 0
vertex 72.04017066666667 6.641173333333334 0
endloop
endfacet
facet normal -0.4540541130908134 0.8909741087064845 0
outer loop
vertex 72.19325866666667 6.7191893333333335 1.9999573333333336
vertex 72.04017066666667 6.641173333333334 0
vertex 72.04017066666667 6.641173333333334 1.9999573333333336
endloop
endfacet
facet normal -0.976187060183939 0.21693045781871856 0
outer loop
vertex 70.70604800000001 4.921386666666667 0
vertex 70.66875733333333 4.753578666666667 0
vertex 70.66875733333333 4.753578666666667 1.9999573333333336
endloop
endfacet
facet normal -0.976187060183939 0.21693045781871856 0
outer loop
vertex 70.70604800000001 4.921386666666667 0
vertex 70.66875733333333 4.753578666666667 1.9999573333333336
vertex 70.70604800000001 4.921386666666667 1.9999573333333336
endloop
endfacet
facet normal -0.9602230816879582 0.27923401188551655 0
outer loop
vertex 70.70604800000001 4.921386666666667 0
vertex 70.70604800000001 4.921386666666667 1.9999573333333336
vertex 70.75413333333334 5.086741333333333 1.9999573333333336
endloop
endfacet
facet normal -0.9602230816879582 0.27923401188551655 0
outer loop
vertex 70.70604800000001 4.921386666666667 0
vertex 70.75413333333334 5.086741333333333 1.9999573333333336
vertex 70.75413333333334 5.086741333333333 0
endloop
endfacet
facet normal -0.7899660697355106 0.6131505595419696 0
outer loop
vertex 71.14323200000001 5.8507093333333335 1.9999573333333336
vertex 71.24872533333334 5.986624000000001 1.9999573333333336
vertex 71.24872533333334 5.986624000000001 0
endloop
endfacet
facet normal -0.7899660697355106 0.6131505595419696 0
outer loop
vertex 71.14323200000001 5.8507093333333335 1.9999573333333336
vertex 71.24872533333334 5.986624000000001 0
vertex 71.14323200000001 5.8507093333333335 0
endloop
endfacet
facet normal -0.85950198394767 0.511132409058572 0
outer loop
vertex 71.04657066666667 5.707925333333334 0
vertex 70.95874133333334 5.560234666666667 0
vertex 70.95874133333334 5.560234666666667 1.9999573333333336
endloop
endfacet
facet normal -0.85950198394767 0.511132409058572 0
outer loop
vertex 71.04657066666667 5.707925333333334 0
vertex 70.95874133333334 5.560234666666667 1.9999573333333336
vertex 71.04657066666667 5.707925333333334 1.9999573333333336
endloop
endfacet
facet normal -0.8280891486967319 0.5605964339975075 0
outer loop
vertex 71.04657066666667 5.707925333333334 0
vertex 71.04657066666667 5.707925333333334 1.9999573333333336
vertex 71.14323200000001 5.8507093333333335 1.9999573333333336
endloop
endfacet
facet normal -0.8280891486967319 0.5605964339975075 0
outer loop
vertex 71.04657066666667 5.707925333333334 0
vertex 71.14323200000001 5.8507093333333335 1.9999573333333336
vertex 71.14323200000001 5.8507093333333335 0
endloop
endfacet
facet normal -0.9181095165317258 0.3963267788755648 0
outer loop
vertex 70.88072533333334 5.406656000000001 0
vertex 70.81252266666667 5.248661333333334 0
vertex 70.81252266666667 5.248661333333334 1.9999573333333336
endloop
endfacet
facet normal -0.9181095165317258 0.3963267788755648 0
outer loop
vertex 70.88072533333334 5.406656000000001 0
vertex 70.81252266666667 5.248661333333334 1.9999573333333336
vertex 70.88072533333334 5.406656000000001 1.9999573333333336
endloop
endfacet
facet normal -0.8915606118170808 0.45290139705718785 0
outer loop
vertex 70.88072533333334 5.406656000000001 0
vertex 70.88072533333334 5.406656000000001 1.9999573333333336
vertex 70.95874133333334 5.560234666666667 1.9999573333333336
endloop
endfacet
facet normal -0.8915606118170808 0.45290139705718785 0
outer loop
vertex 70.88072533333334 5.406656000000001 0
vertex 70.95874133333334 5.560234666666667 1.9999573333333336
vertex 70.95874133333334 5.560234666666667 0
endloop
endfacet
facet normal 0.15654719415124718 -0.9876704794633541 0
outer loop
vertex 4.5833173333333335 60.64149333333334 1.9999573333333336
vertex 4.5833173333333335 60.64149333333334 0
vertex 4.753578666666667 60.66848 0
endloop
endfacet
facet normal 0.15654719415124718 -0.9876704794633541 0
outer loop
vertex 4.5833173333333335 60.64149333333334 1.9999573333333336
vertex 4.753578666666667 60.66848 0
vertex 4.753578666666667 60.66848 1.9999573333333336
endloop
endfacet
facet normal 0.9995078940006695 -0.03136829339231705 0
outer loop
vertex 6.974826666666667 63.188053333333336 1.9999573333333336
vertex 6.974826666666667 63.188053333333336 0
vertex 6.9856213333333335 63.53201066666667 0
endloop
endfacet
facet normal 0.9995078940006695 -0.03136829339231705 0
outer loop
vertex 6.974826666666667 63.188053333333336 1.9999573333333336
vertex 6.9856213333333335 63.53201066666667 0
vertex 6.9856213333333335 63.53201066666667 1.9999573333333336
endloop
endfacet
facet normal 0.7071067811865424 -0.7071067811865527 0
outer loop
vertex 6.2373546666666675 61.48445866666667 1.9999573333333336
vertex 6.115669333333334 61.36277333333334 1.9999573333333336
vertex 6.115669333333334 61.36277333333334 0
endloop
endfacet
facet normal 0.7071067811865424 -0.7071067811865527 0
outer loop
vertex 6.2373546666666675 61.48445866666667 1.9999573333333336
vertex 6.115669333333334 61.36277333333334 0
vertex 6.2373546666666675 61.48445866666667 0
endloop
endfacet
facet normal 0.09413598424610314 -0.9955593485423244 0
outer loop
vertex 4.412074666666667 60.62530133333334 1.9999573333333336
vertex 4.412074666666667 60.62530133333334 0
vertex 4.5833173333333335 60.64149333333334 0
endloop
endfacet
facet normal 0.09413598424610314 -0.9955593485423244 0
outer loop
vertex 4.412074666666667 60.62530133333334 1.9999573333333336
vertex 4.5833173333333335 60.64149333333334 0
vertex 4.5833173333333335 60.64149333333334 1.9999573333333336
endloop
endfacet
facet normal 0.03136829339232495 -0.9995078940006692 0
outer loop
vertex 4.068117333333333 60.61450666666667 1.9999573333333336
vertex 4.068117333333333 60.61450666666667 0
vertex 4.412074666666667 60.62530133333334 0
endloop
endfacet
facet normal 0.03136829339232495 -0.9995078940006692 0
outer loop
vertex 4.068117333333333 60.61450666666667 1.9999573333333336
vertex 4.412074666666667 60.62530133333334 0
vertex 4.412074666666667 60.62530133333334 1.9999573333333336
endloop
endfacet
facet normal 0.33669788539979933 -0.9416127303553747 0
outer loop
vertex 5.248661333333334 60.81224533333334 0
vertex 5.248661333333334 60.81224533333334 1.9999573333333336
vertex 5.086741333333333 60.75434666666667 1.9999573333333336
endloop
endfacet
facet normal 0.33669788539979933 -0.9416127303553747 0
outer loop
vertex 5.248661333333334 60.81224533333334 0
vertex 5.086741333333333 60.75434666666667 1.9999573333333336
vertex 5.086741333333333 60.75434666666667 0
endloop
endfacet
facet normal 0.6131505595419955 -0.7899660697354907 0
outer loop
vertex 5.986624000000001 61.248938666666675 0
vertex 5.986624000000001 61.248938666666675 1.9999573333333336
vertex 5.8507093333333335 61.14344533333334 1.9999573333333336
endloop
endfacet
facet normal 0.6131505595419955 -0.7899660697354907 0
outer loop
vertex 5.986624000000001 61.248938666666675 0
vertex 5.8507093333333335 61.14344533333334 1.9999573333333336
vertex 5.8507093333333335 61.14344533333334 0
endloop
endfacet
facet normal 0.6615273244902251 -0.7499210618143782 0
outer loop
vertex 5.986624000000001 61.248938666666675 0
vertex 6.115669333333334 61.36277333333334 0
vertex 6.115669333333334 61.36277333333334 1.9999573333333336
endloop
endfacet
facet normal 0.6615273244902251 -0.7499210618143782 0
outer loop
vertex 5.986624000000001 61.248938666666675 0
vertex 6.115669333333334 61.36277333333334 1.9999573333333336
vertex 5.986624000000001 61.248938666666675 1.9999573333333336
endloop
endfacet
facet normal 0.9955593485423224 -0.0941359842461246 0
outer loop
vertex 6.958634666666667 63.01681066666667 1.9999573333333336
vertex 6.958634666666667 63.01681066666667 0
vertex 6.974826666666667 63.188053333333336 0
endloop
endfacet
facet normal 0.9955593485423224 -0.0941359842461246 0
outer loop
vertex 6.958634666666667 63.01681066666667 1.9999573333333336
vertex 6.974826666666667 63.188053333333336 0
vertex 6.974826666666667 63.188053333333336 1.9999573333333336
endloop
endfacet
facet normal 0.9876704794633544 -0.1565471941512448 0
outer loop
vertex 6.958634666666667 63.01681066666667 1.9999573333333336
vertex 6.931648000000001 62.846549333333336 1.9999573333333336
vertex 6.931648000000001 62.846549333333336 0
endloop
endfacet
facet normal 0.9876704794633544 -0.1565471941512448 0
outer loop
vertex 6.958634666666667 63.01681066666667 1.9999573333333336
vertex 6.931648000000001 62.846549333333336 0
vertex 6.958634666666667 63.01681066666667 0
endloop
endfacet
facet normal 0.9755792015757562 -0.21964794889279063 0
outer loop
vertex 6.893866666666667 62.678741333333335 0
vertex 6.931648000000001 62.846549333333336 0
vertex 6.931648000000001 62.846549333333336 1.9999573333333336
endloop
endfacet
facet normal 0.9755792015757562 -0.21964794889279063 0
outer loop
vertex 6.893866666666667 62.678741333333335 0
vertex 6.931648000000001 62.846549333333336 1.9999573333333336
vertex 6.893866666666667 62.678741333333335 1.9999573333333336
endloop
endfacet
facet normal 0.9602230816879578 -0.27923401188551794 0
outer loop
vertex 6.845781333333334 62.51338666666667 1.9999573333333336
vertex 6.845781333333334 62.51338666666667 0
vertex 6.893866666666667 62.678741333333335 0
endloop
endfacet
facet normal 0.9602230816879578 -0.27923401188551794 0
outer loop
vertex 6.845781333333334 62.51338666666667 1.9999573333333336
vertex 6.893866666666667 62.678741333333335 0
vertex 6.893866666666667 62.678741333333335 1.9999573333333336
endloop
endfacet
facet normal 0.9407055795672693 -0.33922413323790507 0
outer loop
vertex 6.845781333333334 62.51338666666667 1.9999573333333336
vertex 6.7873920000000005 62.351466666666674 1.9999573333333336
vertex 6.7873920000000005 62.351466666666674 0
endloop
endfacet
facet normal 0.9407055795672693 -0.33922413323790507 0
outer loop
vertex 6.845781333333334 62.51338666666667 1.9999573333333336
vertex 6.7873920000000005 62.351466666666674 0
vertex 6.845781333333334 62.51338666666667 0
endloop
endfacet
facet normal 0.7499210618143768 -0.6615273244902268 0
outer loop
vertex 6.351189333333334 61.613504000000006 1.9999573333333336
vertex 6.2373546666666675 61.48445866666667 1.9999573333333336
vertex 6.2373546666666675 61.48445866666667 0
endloop
endfacet
facet normal 0.7499210618143768 -0.6615273244902268 0
outer loop
vertex 6.351189333333334 61.613504000000006 1.9999573333333336
vertex 6.2373546666666675 61.48445866666667 0
vertex 6.351189333333334 61.613504000000006 0
endloop
endfacet
facet normal 0.7899660697354898 -0.6131505595419965 0
outer loop
vertex 6.351189333333334 61.613504000000006 1.9999573333333336
vertex 6.351189333333334 61.613504000000006 0
vertex 6.4566826666666675 61.74941866666667 0
endloop
endfacet
facet normal 0.7899660697354898 -0.6131505595419965 0
outer loop
vertex 6.351189333333334 61.613504000000006 1.9999573333333336
vertex 6.4566826666666675 61.74941866666667 0
vertex 6.4566826666666675 61.74941866666667 1.9999573333333336
endloop
endfacet
facet normal 0.21964794889279668 -0.9755792015757548 0
outer loop
vertex 4.921386666666667 60.70626133333334 1.9999573333333336
vertex 4.753578666666667 60.66848 1.9999573333333336
vertex 4.753578666666667 60.66848 0
endloop
endfacet
facet normal 0.21964794889279668 -0.9755792015757548 0
outer loop
vertex 4.921386666666667 60.70626133333334 1.9999573333333336
vertex 4.753578666666667 60.66848 0
vertex 4.921386666666667 60.70626133333334 0
endloop
endfacet
facet normal 0.27923401188551655 -0.9602230816879582 0
outer loop
vertex 4.921386666666667 60.70626133333334 1.9999573333333336
vertex 4.921386666666667 60.70626133333334 0
vertex 5.086741333333333 60.75434666666667 0
endloop
endfacet
facet normal 0.27923401188551655 -0.9602230816879582 0
outer loop
vertex 4.921386666666667 60.70626133333334 1.9999573333333336
vertex 5.086741333333333 60.75434666666667 0
vertex 5.086741333333333 60.75434666666667 1.9999573333333336
endloop
endfacet
facet normal 0.511132409058572 -0.85950198394767 0
outer loop
vertex 5.707925333333334 61.046784 1.9999573333333336
vertex 5.560234666666667 60.95895466666667 1.9999573333333336
vertex 5.560234666666667 60.95895466666667 0
endloop
endfacet
facet normal 0.511132409058572 -0.85950198394767 0
outer loop
vertex 5.707925333333334 61.046784 1.9999573333333336
vertex 5.560234666666667 60.95895466666667 0
vertex 5.707925333333334 61.046784 0
endloop
endfacet
facet normal 0.5605964339974793 -0.828089148696751 0
outer loop
vertex 5.707925333333334 61.046784 1.9999573333333336
vertex 5.707925333333334 61.046784 0
vertex 5.8507093333333335 61.14344533333334 0
endloop
endfacet
facet normal 0.5605964339974793 -0.828089148696751 0
outer loop
vertex 5.707925333333334 61.046784 1.9999573333333336
vertex 5.8507093333333335 61.14344533333334 0
vertex 5.8507093333333335 61.14344533333334 1.9999573333333336
endloop
endfacet
facet normal 0.8602452601336767 -0.5098804687547296 0
outer loop
vertex 6.553344 61.891712000000005 0
vertex 6.641173333333334 62.03989333333334 0
vertex 6.641173333333334 62.03989333333334 1.9999573333333336
endloop
endfacet
facet normal 0.8602452601336767 -0.5098804687547296 0
outer loop
vertex 6.553344 61.891712000000005 0
vertex 6.641173333333334 62.03989333333334 1.9999573333333336
vertex 6.553344 61.891712000000005 1.9999573333333336
endloop
endfacet
facet normal 0.8271916756286586 -0.5619198624098032 0
outer loop
vertex 6.553344 61.891712000000005 0
vertex 6.553344 61.891712000000005 1.9999573333333336
vertex 6.4566826666666675 61.74941866666667 1.9999573333333336
endloop
endfacet
facet normal 0.8271916756286586 -0.5619198624098032 0
outer loop
vertex 6.553344 61.891712000000005 0
vertex 6.4566826666666675 61.74941866666667 1.9999573333333336
vertex 6.4566826666666675 61.74941866666667 0
endloop
endfacet
facet normal 0.9181095165317502 -0.3963267788755082 0
outer loop
vertex 6.7191893333333335 62.19347200000001 0
vertex 6.7873920000000005 62.351466666666674 0
vertex 6.7873920000000005 62.351466666666674 1.9999573333333336
endloop
endfacet
facet normal 0.9181095165317502 -0.3963267788755082 0
outer loop
vertex 6.7191893333333335 62.19347200000001 0
vertex 6.7873920000000005 62.351466666666674 1.9999573333333336
vertex 6.7191893333333335 62.19347200000001 1.9999573333333336
endloop
endfacet
facet normal 0.8915606118170623 -0.4529013970572247 0
outer loop
vertex 6.7191893333333335 62.19347200000001 0
vertex 6.7191893333333335 62.19347200000001 1.9999573333333336
vertex 6.641173333333334 62.03989333333334 1.9999573333333336
endloop
endfacet
facet normal 0.8915606118170623 -0.4529013970572247 0
outer loop
vertex 6.7191893333333335 62.19347200000001 0
vertex 6.641173333333334 62.03989333333334 1.9999573333333336
vertex 6.641173333333334 62.03989333333334 0
endloop
endfacet
facet normal 0.3987261114144605 -0.9170700562532302 0
outer loop
vertex 5.406656000000001 60.88093866666667 1.9999573333333336
vertex 5.248661333333334 60.81224533333334 1.9999573333333336
vertex 5.248661333333334 60.81224533333334 0
endloop
endfacet
facet normal 0.3987261114144605 -0.9170700562532302 0
outer loop
vertex 5.406656000000001 60.88093866666667 1.9999573333333336
vertex 5.248661333333334 60.81224533333334 0
vertex 5.406656000000001 60.88093866666667 0
endloop
endfacet
facet normal 0.45290139705722066 -0.8915606118170643 0
outer loop
vertex 5.406656000000001 60.88093866666667 1.9999573333333336
vertex 5.406656000000001 60.88093866666667 0
vertex 5.560234666666667 60.95895466666667 0
endloop
endfacet
facet normal 0.45290139705722066 -0.8915606118170643 0
outer loop
vertex 5.406656000000001 60.88093866666667 1.9999573333333336
vertex 5.560234666666667 60.95895466666667 0
vertex 5.560234666666667 60.95895466666667 1.9999573333333336
endloop
endfacet
facet normal -0.03132365308777544 -0.9995092939824204 0
outer loop
vertex 73.18784000000001 60.62530133333334 1.9999573333333336
vertex 73.18784000000001 60.62530133333334 0
vertex 73.53228800000001 60.61450666666667 0
endloop
endfacet
facet normal -0.03132365308777544 -0.9995092939824204 0
outer loop
vertex 73.18784000000001 60.62530133333334 1.9999573333333336
vertex 73.53228800000001 60.61450666666667 0
vertex 73.53228800000001 60.61450666666667 1.9999573333333336
endloop
endfacet
facet normal -0.9995078940006692 -0.03136829339232479 0
outer loop
vertex 70.614784 63.53201066666667 1.9999573333333336
vertex 70.614784 63.53201066666667 0
vertex 70.62557866666667 63.188053333333336 0
endloop
endfacet
facet normal -0.9995078940006692 -0.03136829339232479 0
outer loop
vertex 70.614784 63.53201066666667 1.9999573333333336
vertex 70.62557866666667 63.188053333333336 0
vertex 70.62557866666667 63.188053333333336 1.9999573333333336
endloop
endfacet
facet normal -0.21964794889278672 -0.9755792015757571 0
outer loop
vertex 72.84633600000001 60.66848 1.9999573333333336
vertex 72.678528 60.70626133333334 1.9999573333333336
vertex 72.678528 60.70626133333334 0
endloop
endfacet
facet normal -0.21964794889278672 -0.9755792015757571 0
outer loop
vertex 72.84633600000001 60.66848 1.9999573333333336
vertex 72.678528 60.70626133333334 0
vertex 72.84633600000001 60.66848 0
endloop
endfacet
facet normal -0.09413598424610026 -0.9955593485423248 0
outer loop
vertex 73.01659733333334 60.64149333333334 0
vertex 73.18784000000001 60.62530133333334 0
vertex 73.18784000000001 60.62530133333334 1.9999573333333336
endloop
endfacet
facet normal -0.09413598424610026 -0.9955593485423248 0
outer loop
vertex 73.01659733333334 60.64149333333334 0
vertex 73.18784000000001 60.62530133333334 1.9999573333333336
vertex 73.01659733333334 60.64149333333334 1.9999573333333336
endloop
endfacet
facet normal -0.15654719415125118 -0.9876704794633534 0
outer loop
vertex 73.01659733333334 60.64149333333334 0
vertex 73.01659733333334 60.64149333333334 1.9999573333333336
vertex 72.84633600000001 60.66848 1.9999573333333336
endloop
endfacet
facet normal -0.15654719415125118 -0.9876704794633534 0
outer loop
vertex 73.01659733333334 60.64149333333334 0
vertex 72.84633600000001 60.66848 1.9999573333333336
vertex 72.84633600000001 60.66848 0
endloop
endfacet
facet normal -0.9761870601839393 -0.21693045781871748 0
outer loop
vertex 70.66875733333333 62.846549333333336 0
vertex 70.70604800000001 62.678741333333335 0
vertex 70.70604800000001 62.678741333333335 1.9999573333333336
endloop
endfacet
facet normal -0.9761870601839393 -0.21693045781871748 0
outer loop
vertex 70.66875733333333 62.846549333333336 0
vertex 70.70604800000001 62.678741333333335 1.9999573333333336
vertex 70.66875733333333 62.846549333333336 1.9999573333333336
endloop
endfacet
facet normal -0.9955593485423205 -0.09413598424614508 0
outer loop
vertex 70.64177066666667 63.01681066666667 1.9999573333333336
vertex 70.62557866666667 63.188053333333336 1.9999573333333336
vertex 70.62557866666667 63.188053333333336 0
endloop
endfacet
facet normal -0.9955593485423205 -0.09413598424614508 0
outer loop
vertex 70.64177066666667 63.01681066666667 1.9999573333333336
vertex 70.62557866666667 63.188053333333336 0
vertex 70.64177066666667 63.01681066666667 0
endloop
endfacet
facet normal -0.9876704794633608 -0.15654719415120458 0
outer loop
vertex 70.64177066666667 63.01681066666667 1.9999573333333336
vertex 70.64177066666667 63.01681066666667 0
vertex 70.66875733333333 62.846549333333336 0
endloop
endfacet
facet normal -0.9876704794633608 -0.15654719415120458 0
outer loop
vertex 70.64177066666667 63.01681066666667 1.9999573333333336
vertex 70.66875733333333 62.846549333333336 0
vertex 70.66875733333333 62.846549333333336 1.9999573333333336
endloop
endfacet
facet normal -0.7899660697355049 -0.6131505595419773 0
outer loop
vertex 71.14323200000001 61.74941866666667 1.9999573333333336
vertex 71.14323200000001 61.74941866666667 0
vertex 71.24872533333334 61.613504000000006 0
endloop
endfacet
facet normal -0.7899660697355049 -0.6131505595419773 0
outer loop
vertex 71.14323200000001 61.74941866666667 1.9999573333333336
vertex 71.24872533333334 61.613504000000006 0
vertex 71.24872533333334 61.613504000000006 1.9999573333333336
endloop
endfacet
facet normal -0.3987261114144605 -0.9170700562532302 0
outer loop
vertex 72.19325866666667 60.88093866666667 0
vertex 72.35125333333333 60.81224533333334 0
vertex 72.35125333333333 60.81224533333334 1.9999573333333336
endloop
endfacet
facet normal -0.3987261114144605 -0.9170700562532302 0
outer loop
vertex 72.19325866666667 60.88093866666667 0
vertex 72.35125333333333 60.81224533333334 1.9999573333333336
vertex 72.19325866666667 60.88093866666667 1.9999573333333336
endloop
endfacet
facet normal -0.9602230816879578 -0.27923401188551794 0
outer loop
vertex 70.75413333333334 62.51338666666667 0
vertex 70.75413333333334 62.51338666666667 1.9999573333333336
vertex 70.70604800000001 62.678741333333335 1.9999573333333336
endloop
endfacet
facet normal -0.9602230816879578 -0.27923401188551794 0
outer loop
vertex 70.75413333333334 62.51338666666667 0
vertex 70.70604800000001 62.678741333333335 1.9999573333333336
vertex 70.70604800000001 62.678741333333335 0
endloop
endfacet
facet normal -0.9181095165317258 -0.3963267788755648 0
outer loop
vertex 70.81252266666667 62.351466666666674 1.9999573333333336
vertex 70.81252266666667 62.351466666666674 0
vertex 70.88072533333334 62.19347200000001 0
endloop
endfacet
facet normal -0.9181095165317258 -0.3963267788755648 0
outer loop
vertex 70.81252266666667 62.351466666666674 1.9999573333333336
vertex 70.88072533333334 62.19347200000001 0
vertex 70.88072533333334 62.19347200000001 1.9999573333333336
endloop
endfacet
facet normal -0.9407055795672874 -0.33922413323785483 0
outer loop
vertex 70.81252266666667 62.351466666666674 1.9999573333333336
vertex 70.75413333333334 62.51338666666667 1.9999573333333336
vertex 70.75413333333334 62.51338666666667 0
endloop
endfacet
facet normal -0.9407055795672874 -0.33922413323785483 0
outer loop
vertex 70.81252266666667 62.351466666666674 1.9999573333333336
vertex 70.75413333333334 62.51338666666667 0
vertex 70.81252266666667 62.351466666666674 0
endloop
endfacet
facet normal -0.7499210618143894 -0.6615273244902122 0
outer loop
vertex 71.36256 61.48445866666667 1.9999573333333336
vertex 71.24872533333334 61.613504000000006 1.9999573333333336
vertex 71.24872533333334 61.613504000000006 0
endloop
endfacet
facet normal -0.7499210618143894 -0.6615273244902122 0
outer loop
vertex 71.36256 61.48445866666667 1.9999573333333336
vertex 71.24872533333334 61.613504000000006 0
vertex 71.36256 61.48445866666667 0
endloop
endfacet
facet normal -0.6615273244902122 -0.7499210618143894 0
outer loop
vertex 71.48424533333333 61.36277333333334 0
vertex 71.61329066666667 61.248938666666675 0
vertex 71.61329066666667 61.248938666666675 1.9999573333333336
endloop
endfacet
facet normal -0.6615273244902122 -0.7499210618143894 0
outer loop
vertex 71.48424533333333 61.36277333333334 0
vertex 71.61329066666667 61.248938666666675 1.9999573333333336
vertex 71.48424533333333 61.36277333333334 1.9999573333333336
endloop
endfacet
facet normal -0.7071067811865475 -0.7071067811865475 0
outer loop
vertex 71.48424533333333 61.36277333333334 0
vertex 71.48424533333333 61.36277333333334 1.9999573333333336
vertex 71.36256 61.48445866666667 1.9999573333333336
endloop
endfacet
facet normal -0.7071067811865475 -0.7071067811865475 0
outer loop
vertex 71.48424533333333 61.36277333333334 0
vertex 71.36256 61.48445866666667 1.9999573333333336
vertex 71.36256 61.48445866666667 0
endloop
endfacet
facet normal -0.8271916756286274 -0.5619198624098491 0
outer loop
vertex 71.04657066666667 61.891712000000005 0
vertex 71.14323200000001 61.74941866666667 0
vertex 71.14323200000001 61.74941866666667 1.9999573333333336
endloop
endfacet
facet normal -0.8271916756286274 -0.5619198624098491 0
outer loop
vertex 71.04657066666667 61.891712000000005 0
vertex 71.14323200000001 61.74941866666667 1.9999573333333336
vertex 71.04657066666667 61.891712000000005 1.9999573333333336
endloop
endfacet
facet normal -0.891560611817083 -0.4529013970571837 0
outer loop
vertex 70.95874133333334 62.03989333333334 1.9999573333333336
vertex 70.88072533333334 62.19347200000001 1.9999573333333336
vertex 70.88072533333334 62.19347200000001 0
endloop
endfacet
facet normal -0.891560611817083 -0.4529013970571837 0
outer loop
vertex 70.95874133333334 62.03989333333334 1.9999573333333336
vertex 70.88072533333334 62.19347200000001 0
vertex 70.95874133333334 62.03989333333334 0
endloop
endfacet
facet normal -0.8602452601336812 -0.5098804687547219 0
outer loop
vertex 70.95874133333334 62.03989333333334 1.9999573333333336
vertex 70.95874133333334 62.03989333333334 0
vertex 71.04657066666667 61.891712000000005 0
endloop
endfacet
facet normal -0.8602452601336812 -0.5098804687547219 0
outer loop
vertex 70.95874133333334 62.03989333333334 1.9999573333333336
vertex 71.04657066666667 61.891712000000005 0
vertex 71.04657066666667 61.891712000000005 1.9999573333333336
endloop
endfacet
facet normal -0.6117713818575025 -0.791034623983149 0
outer loop
vertex 71.749696 61.14344533333334 1.9999573333333336
vertex 71.61329066666667 61.248938666666675 1.9999573333333336
vertex 71.61329066666667 61.248938666666675 0
endloop
endfacet
facet normal -0.6117713818575025 -0.791034623983149 0
outer loop
vertex 71.749696 61.14344533333334 1.9999573333333336
vertex 71.61329066666667 61.248938666666675 0
vertex 71.749696 61.14344533333334 0
endloop
endfacet
facet normal -0.5619198624098016 -0.8271916756286596 0
outer loop
vertex 71.749696 61.14344533333334 1.9999573333333336
vertex 71.749696 61.14344533333334 0
vertex 71.89198933333334 61.046784 0
endloop
endfacet
facet normal -0.5619198624098016 -0.8271916756286596 0
outer loop
vertex 71.749696 61.14344533333334 1.9999573333333336
vertex 71.89198933333334 61.046784 0
vertex 71.89198933333334 61.046784 1.9999573333333336
endloop
endfacet
facet normal -0.4540541130908053 -0.8909741087064889 0
outer loop
vertex 72.04017066666667 60.95895466666667 0
vertex 72.19325866666667 60.88093866666667 0
vertex 72.19325866666667 60.88093866666667 1.9999573333333336
endloop
endfacet
facet normal -0.4540541130908053 -0.8909741087064889 0
outer loop
vertex 72.04017066666667 60.95895466666667 0
vertex 72.19325866666667 60.88093866666667 1.9999573333333336
vertex 72.04017066666667 60.95895466666667 1.9999573333333336
endloop
endfacet
facet normal -0.50988046875474 -0.8602452601336705 0
outer loop
vertex 72.04017066666667 60.95895466666667 0
vertex 72.04017066666667 60.95895466666667 1.9999573333333336
vertex 71.89198933333334 61.046784 1.9999573333333336
endloop
endfacet
facet normal -0.50988046875474 -0.8602452601336705 0
outer loop
vertex 72.04017066666667 60.95895466666667 0
vertex 71.89198933333334 61.046784 1.9999573333333336
vertex 71.89198933333334 61.046784 0
endloop
endfacet
facet normal -0.336697885399783 -0.9416127303553806 0
outer loop
vertex 72.51317333333334 60.75434666666667 1.9999573333333336
vertex 72.35125333333333 60.81224533333334 1.9999573333333336
vertex 72.35125333333333 60.81224533333334 0
endloop
endfacet
facet normal -0.336697885399783 -0.9416127303553806 0
outer loop
vertex 72.51317333333334 60.75434666666667 1.9999573333333336
vertex 72.35125333333333 60.81224533333334 0
vertex 72.51317333333334 60.75434666666667 0
endloop
endfacet
facet normal -0.279234011885529 -0.9602230816879546 0
outer loop
vertex 72.51317333333334 60.75434666666667 1.9999573333333336
vertex 72.51317333333334 60.75434666666667 0
vertex 72.678528 60.70626133333334 0
endloop
endfacet
facet normal -0.279234011885529 -0.9602230816879546 0
outer loop
vertex 72.51317333333334 60.75434666666667 1.9999573333333336
vertex 72.678528 60.70626133333334 0
vertex 72.678528 60.70626133333334 1.9999573333333336
endloop
endfacet
facet normal 0.27923401188551583 0.9602230816879583 0
outer loop
vertex 3.393450666666667 7.1141760000000005 0
vertex 3.393450666666667 7.1141760000000005 1.9999573333333336
vertex 3.558805333333334 7.066090666666668 1.9999573333333336
endloop
endfacet
facet normal 0.27923401188551583 0.9602230816879583 0
outer loop
vertex 3.393450666666667 7.1141760000000005 0
vertex 3.558805333333334 7.066090666666668 1.9999573333333336
vertex 3.558805333333334 7.066090666666668 0
endloop
endfacet
facet normal 0.2196479488927918 0.9755792015757561 0
outer loop
vertex 3.7266133333333338 7.0283093333333335 1.9999573333333336
vertex 3.7266133333333338 7.0283093333333335 0
vertex 3.558805333333334 7.066090666666668 0
endloop
endfacet
facet normal 0.2196479488927918 0.9755792015757561 0
outer loop
vertex 3.7266133333333338 7.0283093333333335 1.9999573333333336
vertex 3.558805333333334 7.066090666666668 0
vertex 3.558805333333334 7.066090666666668 1.9999573333333336
endloop
endfacet
facet normal 0.09386939758735631 0.995584519865886 0
outer loop
vertex 3.8963840000000003 7.001813333333334 1.9999573333333336
vertex 4.068117333333333 6.9856213333333335 1.9999573333333336
vertex 4.068117333333333 6.9856213333333335 0
endloop
endfacet
facet normal 0.09386939758735631 0.995584519865886 0
outer loop
vertex 3.8963840000000003 7.001813333333334 1.9999573333333336
vertex 4.068117333333333 6.9856213333333335 0
vertex 3.8963840000000003 7.001813333333334 0
endloop
endfacet
facet normal 0.15420265603988098 0.9880392405518346 0
outer loop
vertex 3.7266133333333338 7.0283093333333335 0
vertex 3.7266133333333338 7.0283093333333335 1.9999573333333336
vertex 3.8963840000000003 7.001813333333334 1.9999573333333336
endloop
endfacet
facet normal 0.15420265603988098 0.9880392405518346 0
outer loop
vertex 3.7266133333333338 7.0283093333333335 0
vertex 3.8963840000000003 7.001813333333334 1.9999573333333336
vertex 3.8963840000000003 7.001813333333334 0
endloop
endfacet
facet normal 0.9955593485423226 0.09413598424612138 0
outer loop
vertex 1.5215573333333334 9.37664 1.9999573333333336
vertex 1.5215573333333334 9.37664 0
vertex 1.5053653333333334 9.547882666666668 0
endloop
endfacet
facet normal 0.9955593485423226 0.09413598424612138 0
outer loop
vertex 1.5215573333333334 9.37664 1.9999573333333336
vertex 1.5053653333333334 9.547882666666668 0
vertex 1.5053653333333334 9.547882666666668 1.9999573333333336
endloop
endfacet
facet normal 0.9995092939824208 0.031323653087767724 0
outer loop
vertex 1.5053653333333334 9.547882666666668 1.9999573333333336
vertex 1.5053653333333334 9.547882666666668 0
vertex 1.4999680000000002 9.720106666666668 0
endloop
endfacet
facet normal 0.9995092939824208 0.031323653087767724 0
outer loop
vertex 1.5053653333333334 9.547882666666668 1.9999573333333336
vertex 1.4999680000000002 9.720106666666668 0
vertex 1.4999680000000002 9.720106666666668 1.9999573333333336
endloop
endfacet
facet normal 0.7899660697354957 0.613150559541989 0
outer loop
vertex 2.129002666666667 7.973333333333334 1.9999573333333336
vertex 2.129002666666667 7.973333333333334 0
vertex 2.0235093333333336 8.109248000000001 0
endloop
endfacet
facet normal 0.7899660697354957 0.613150559541989 0
outer loop
vertex 2.129002666666667 7.973333333333334 1.9999573333333336
vertex 2.0235093333333336 8.109248000000001 0
vertex 2.0235093333333336 8.109248000000001 1.9999573333333336
endloop
endfacet
facet normal 0.45290139705722776 0.8915606118170605 0
outer loop
vertex 2.9199573333333335 7.318784000000001 1.9999573333333336
vertex 3.0735360000000003 7.240768000000001 1.9999573333333336
vertex 3.0735360000000003 7.240768000000001 0
endloop
endfacet
facet normal 0.45290139705722776 0.8915606118170605 0
outer loop
vertex 2.9199573333333335 7.318784000000001 1.9999573333333336
vertex 3.0735360000000003 7.240768000000001 0
vertex 2.9199573333333335 7.318784000000001 0
endloop
endfacet
facet normal 0.5098804687547258 0.8602452601336791 0
outer loop
vertex 2.771776 7.4066133333333335 0
vertex 2.771776 7.4066133333333335 1.9999573333333336
vertex 2.9199573333333335 7.318784000000001 1.9999573333333336
endloop
endfacet
facet normal 0.5098804687547258 0.8602452601336791 0
outer loop
vertex 2.771776 7.4066133333333335 0
vertex 2.9199573333333335 7.318784000000001 1.9999573333333336
vertex 2.9199573333333335 7.318784000000001 0
endloop
endfacet
facet normal 0.9609840687510071 0.2766037230529622 0
outer loop
vertex 1.5863253333333334 9.038570666666667 0
vertex 1.5863253333333334 9.038570666666667 1.9999573333333336
vertex 1.63392 8.873216000000001 1.9999573333333336
endloop
endfacet
facet normal 0.9609840687510071 0.2766037230529622 0
outer loop
vertex 1.5863253333333334 9.038570666666667 0
vertex 1.63392 8.873216000000001 1.9999573333333336
vertex 1.63392 8.873216000000001 0
endloop
endfacet
facet normal 0.9170700562532356 0.3987261114144487 0
outer loop
vertex 1.7610026666666667 8.553301333333334 1.9999573333333336
vertex 1.7610026666666667 8.553301333333334 0
vertex 1.6923093333333334 8.711296 0
endloop
endfacet
facet normal 0.9170700562532356 0.3987261114144487 0
outer loop
vertex 1.7610026666666667 8.553301333333334 1.9999573333333336
vertex 1.6923093333333334 8.711296 0
vertex 1.6923093333333334 8.711296 1.9999573333333336
endloop
endfacet
facet normal 0.9407055795672729 0.3392241332378952 0
outer loop
vertex 1.6923093333333334 8.711296 1.9999573333333336
vertex 1.6923093333333334 8.711296 0
vertex 1.63392 8.873216000000001 0
endloop
endfacet
facet normal 0.9407055795672729 0.3392241332378952 0
outer loop
vertex 1.6923093333333334 8.711296 1.9999573333333336
vertex 1.63392 8.873216000000001 0
vertex 1.63392 8.873216000000001 1.9999573333333336
endloop
endfacet
facet normal 0.9876704794633531 0.15654719415125298 0
outer loop
vertex 1.5215573333333334 9.37664 0
vertex 1.5215573333333334 9.37664 1.9999573333333336
vertex 1.5485440000000001 9.206378666666668 1.9999573333333336
endloop
endfacet
facet normal 0.9876704794633531 0.15654719415125298 0
outer loop
vertex 1.5215573333333334 9.37664 0
vertex 1.5485440000000001 9.206378666666668 1.9999573333333336
vertex 1.5485440000000001 9.206378666666668 0
endloop
endfacet
facet normal 0.9755792015757574 0.21964794889278574 0
outer loop
vertex 1.5485440000000001 9.206378666666668 1.9999573333333336
vertex 1.5863253333333334 9.038570666666667 1.9999573333333336
vertex 1.5863253333333334 9.038570666666667 0
endloop
endfacet
facet normal 0.9755792015757574 0.21964794889278574 0
outer loop
vertex 1.5485440000000001 9.206378666666668 1.9999573333333336
vertex 1.5863253333333334 9.038570666666667 0
vertex 1.5485440000000001 9.206378666666668 0
endloop
endfacet
facet normal 0.7499210618143654 0.6615273244902395 0
outer loop
vertex 2.2428373333333336 7.844288000000001 1.9999573333333336
vertex 2.2428373333333336 7.844288000000001 0
vertex 2.129002666666667 7.973333333333334 0
endloop
endfacet
facet normal 0.7499210618143654 0.6615273244902395 0
outer loop
vertex 2.2428373333333336 7.844288000000001 1.9999573333333336
vertex 2.129002666666667 7.973333333333334 0
vertex 2.129002666666667 7.973333333333334 1.9999573333333336
endloop
endfacet
facet normal 0.6615273244902383 0.7499210618143666 0
outer loop
vertex 2.3645226666666668 7.722602666666667 1.9999573333333336
vertex 2.4935680000000002 7.608768 1.9999573333333336
vertex 2.4935680000000002 7.608768 0
endloop
endfacet
facet normal 0.6615273244902383 0.7499210618143666 0
outer loop
vertex 2.3645226666666668 7.722602666666667 1.9999573333333336
vertex 2.4935680000000002 7.608768 0
vertex 2.3645226666666668 7.722602666666667 0
endloop
endfacet
facet normal 0.7071067811865487 0.7071067811865461 0
outer loop
vertex 2.3645226666666668 7.722602666666667 1.9999573333333336
vertex 2.3645226666666668 7.722602666666667 0
vertex 2.2428373333333336 7.844288000000001 0
endloop
endfacet
facet normal 0.7071067811865487 0.7071067811865461 0
outer loop
vertex 2.3645226666666668 7.722602666666667 1.9999573333333336
vertex 2.2428373333333336 7.844288000000001 0
vertex 2.2428373333333336 7.844288000000001 1.9999573333333336
endloop
endfacet
facet normal 0.7071067811865461 0.7071067811865487 0
outer loop
vertex 7.844288000000001 2.2428373333333336 1.9999573333333336
vertex 7.844288000000001 2.2428373333333336 0
vertex 7.722602666666667 2.3645226666666668 0
endloop
endfacet
facet normal 0.7071067811865461 0.7071067811865487 0
outer loop
vertex 7.844288000000001 2.2428373333333336 1.9999573333333336
vertex 7.722602666666667 2.3645226666666668 0
vertex 7.722602666666667 2.3645226666666668 1.9999573333333336
endloop
endfacet
facet normal 0.8267679380531507 0.5625431331083345 0
outer loop
vertex 1.9263573333333335 8.252032 1.9999573333333336
vertex 2.0235093333333336 8.109248000000001 1.9999573333333336
vertex 2.0235093333333336 8.109248000000001 0
endloop
endfacet
facet normal 0.8267679380531507 0.5625431331083345 0
outer loop
vertex 1.9263573333333335 8.252032 1.9999573333333336
vertex 2.0235093333333336 8.109248000000001 0
vertex 1.9263573333333335 8.252032 0
endloop
endfacet
facet normal 0.8909741087064884 0.4540541130908062 0
outer loop
vertex 1.8390186666666668 8.400213333333333 1.9999573333333336
vertex 1.8390186666666668 8.400213333333333 0
vertex 1.7610026666666667 8.553301333333334 0
endloop
endfacet
facet normal 0.8909741087064884 0.4540541130908062 0
outer loop
vertex 1.8390186666666668 8.400213333333333 1.9999573333333336
vertex 1.7610026666666667 8.553301333333334 0
vertex 1.7610026666666667 8.553301333333334 1.9999573333333336
endloop
endfacet
facet normal 0.8614938964444804 0.5077679257189317 0
outer loop
vertex 1.9263573333333335 8.252032 1.9999573333333336
vertex 1.9263573333333335 8.252032 0
vertex 1.8390186666666668 8.400213333333333 0
endloop
endfacet
facet normal 0.8614938964444804 0.5077679257189317 0
outer loop
vertex 1.9263573333333335 8.252032 1.9999573333333336
vertex 1.8390186666666668 8.400213333333333 0
vertex 1.8390186666666668 8.400213333333333 1.9999573333333336
endloop
endfacet
facet normal 0.6131505595419902 0.7899660697354947 0
outer loop
vertex 2.629482666666667 7.503274666666667 1.9999573333333336
vertex 2.629482666666667 7.503274666666667 0
vertex 2.4935680000000002 7.608768 0
endloop
endfacet
facet normal 0.6131505595419902 0.7899660697354947 0
outer loop
vertex 2.629482666666667 7.503274666666667 1.9999573333333336
vertex 2.4935680000000002 7.608768 0
vertex 2.4935680000000002 7.608768 1.9999573333333336
endloop
endfacet
facet normal 0.5619198624098115 0.8271916756286529 0
outer loop
vertex 2.771776 7.4066133333333335 1.9999573333333336
vertex 2.771776 7.4066133333333335 0
vertex 2.629482666666667 7.503274666666667 0
endloop
endfacet
facet normal 0.5619198624098115 0.8271916756286529 0
outer loop
vertex 2.771776 7.4066133333333335 1.9999573333333336
vertex 2.629482666666667 7.503274666666667 0
vertex 2.629482666666667 7.503274666666667 1.9999573333333336
endloop
endfacet
facet normal 0.39632677887550916 0.9181095165317497 0
outer loop
vertex 3.231530666666667 7.172565333333334 1.9999573333333336
vertex 3.231530666666667 7.172565333333334 0
vertex 3.0735360000000003 7.240768000000001 0
endloop
endfacet
facet normal 0.39632677887550916 0.9181095165317497 0
outer loop
vertex 3.231530666666667 7.172565333333334 1.9999573333333336
vertex 3.0735360000000003 7.240768000000001 0
vertex 3.0735360000000003 7.240768000000001 1.9999573333333336
endloop
endfacet
facet normal 0.339224133237896 0.9407055795672725 0
outer loop
vertex 3.393450666666667 7.1141760000000005 1.9999573333333336
vertex 3.393450666666667 7.1141760000000005 0
vertex 3.231530666666667 7.172565333333334 0
endloop
endfacet
facet normal 0.339224133237896 0.9407055795672725 0
outer loop
vertex 3.393450666666667 7.1141760000000005 1.9999573333333336
vertex 3.231530666666667 7.172565333333334 0
vertex 3.231530666666667 7.172565333333334 1.9999573333333336
endloop
endfacet
facet normal 1 0 0
outer loop
vertex 1.4999680000000002 9.720106666666668 1.9999573333333336
vertex 1.4999680000000002 9.720106666666668 0
vertex 1.4999680000000002 57.88002133333334 0
endloop
endfacet
facet normal 1 0 0
outer loop
vertex 1.4999680000000002 9.720106666666668 1.9999573333333336
vertex 1.4999680000000002 57.88002133333334 0
vertex 1.4999680000000002 57.88002133333334 1.9999573333333336
endloop
endfacet
facet normal 0.031323653087767724 0.9995092939824208 0
outer loop
vertex 9.547882666666668 1.5053653333333334 1.9999573333333336
vertex 9.720106666666668 1.4999680000000002 1.9999573333333336
vertex 9.720106666666668 1.4999680000000002 0
endloop
endfacet
facet normal 0.031323653087767724 0.9995092939824208 0
outer loop
vertex 9.547882666666668 1.5053653333333334 1.9999573333333336
vertex 9.720106666666668 1.4999680000000002 0
vertex 9.547882666666668 1.5053653333333334 0
endloop
endfacet
facet normal 0.2766037230529622 0.9609840687510071 0
outer loop
vertex 8.873216000000001 1.63392 0
vertex 8.873216000000001 1.63392 1.9999573333333336
vertex 9.038570666666667 1.5863253333333334 1.9999573333333336
endloop
endfacet
facet normal 0.2766037230529622 0.9609840687510071 0
outer loop
vertex 8.873216000000001 1.63392 0
vertex 9.038570666666667 1.5863253333333334 1.9999573333333336
vertex 9.038570666666667 1.5863253333333334 0
endloop
endfacet
facet normal 0.21964794889278574 0.9755792015757574 0
outer loop
vertex 9.206378666666668 1.5485440000000001 1.9999573333333336
vertex 9.206378666666668 1.5485440000000001 0
vertex 9.038570666666667 1.5863253333333334 0
endloop
endfacet
facet normal 0.21964794889278574 0.9755792015757574 0
outer loop
vertex 9.206378666666668 1.5485440000000001 1.9999573333333336
vertex 9.038570666666667 1.5863253333333334 0
vertex 9.038570666666667 1.5863253333333334 1.9999573333333336
endloop
endfacet
facet normal 0.09413598424612138 0.9955593485423226 0
outer loop
vertex 9.37664 1.5215573333333334 1.9999573333333336
vertex 9.547882666666668 1.5053653333333334 1.9999573333333336
vertex 9.547882666666668 1.5053653333333334 0
endloop
endfacet
facet normal 0.09413598424612138 0.9955593485423226 0
outer loop
vertex 9.37664 1.5215573333333334 1.9999573333333336
vertex 9.547882666666668 1.5053653333333334 0
vertex 9.37664 1.5215573333333334 0
endloop
endfacet
facet normal 0.15654719415125298 0.9876704794633531 0
outer loop
vertex 9.206378666666668 1.5485440000000001 0
vertex 9.206378666666668 1.5485440000000001 1.9999573333333336
vertex 9.37664 1.5215573333333334 1.9999573333333336
endloop
endfacet
facet normal 0.15654719415125298 0.9876704794633531 0
outer loop
vertex 9.206378666666668 1.5485440000000001 0
vertex 9.37664 1.5215573333333334 1.9999573333333336
vertex 9.37664 1.5215573333333334 0
endloop
endfacet
facet normal 0.9954954682851115 0.09480909221758063 -0.00009304130738009873
outer loop
vertex 6.995925333333334 3.957226666666667 0.9999786666666668
vertex 7.000832000000001 3.9066880000000004 1.9999573333333336
vertex 7.001813333333334 3.8963840000000003 1.9999573333333336
endloop
endfacet
facet normal 0.9953500135553006 0.09632419486018476 0
outer loop
vertex 6.995925333333334 3.957226666666667 0.9999786666666668
vertex 7.001813333333334 3.8963840000000003 1.9999573333333336
vertex 7.001813333333334 3.8963840000000003 0
endloop
endfacet
facet normal 0.9954954682851115 0.09480909221758063 0.00009304130738009873
outer loop
vertex 6.995925333333334 3.957226666666667 0.9999786666666668
vertex 7.001813333333334 3.8963840000000003 0
vertex 7.000832000000001 3.9066880000000004 0
endloop
endfacet
facet normal 0.9955901638292404 0.09380940753406673 0.00014402976559561574
outer loop
vertex 6.995925333333334 3.957226666666667 0.9999786666666668
vertex 7.000832000000001 3.9066880000000004 0
vertex 6.9856213333333335 4.068117333333333 0
endloop
endfacet
facet normal 0.9957106602461036 0.09252178701402362 0
outer loop
vertex 6.995925333333334 3.957226666666667 0.9999786666666668
vertex 6.9856213333333335 4.068117333333333 0
vertex 6.9856213333333335 4.068117333333333 1.9999573333333336
endloop
endfacet
facet normal 0.9955901638292404 0.09380940753406673 -0.00014402976559561574
outer loop
vertex 6.995925333333334 3.957226666666667 0.9999786666666668
vertex 6.9856213333333335 4.068117333333333 1.9999573333333336
vertex 7.000832000000001 3.9066880000000004 1.9999573333333336
endloop
endfacet
facet normal 0.7899660697354947 0.6131505595419902 0
outer loop
vertex 7.608768 2.4935680000000002 1.9999573333333336
vertex 7.608768 2.4935680000000002 0
vertex 7.503274666666667 2.629482666666667 0
endloop
endfacet
facet normal 0.7899660697354947 0.6131505595419902 0
outer loop
vertex 7.608768 2.4935680000000002 1.9999573333333336
vertex 7.503274666666667 2.629482666666667 0
vertex 7.503274666666667 2.629482666666667 1.9999573333333336
endloop
endfacet
facet normal 0.4540541130908062 0.8909741087064884 0
outer loop
vertex 8.400213333333333 1.8390186666666668 1.9999573333333336
vertex 8.553301333333334 1.7610026666666667 1.9999573333333336
vertex 8.553301333333334 1.7610026666666667 0
endloop
endfacet
facet normal 0.4540541130908062 0.8909741087064884 0
outer loop
vertex 8.400213333333333 1.8390186666666668 1.9999573333333336
vertex 8.553301333333334 1.7610026666666667 0
vertex 8.400213333333333 1.8390186666666668 0
endloop
endfacet
facet normal 0.5077679257189317 0.8614938964444804 0
outer loop
vertex 8.252032 1.9263573333333335 0
vertex 8.252032 1.9263573333333335 1.9999573333333336
vertex 8.400213333333333 1.8390186666666668 1.9999573333333336
endloop
endfacet
facet normal 0.5077679257189317 0.8614938964444804 0
outer loop
vertex 8.252032 1.9263573333333335 0
vertex 8.400213333333333 1.8390186666666668 1.9999573333333336
vertex 8.400213333333333 1.8390186666666668 0
endloop
endfacet
facet normal 0.9602230816879583 0.27923401188551583 0
outer loop
vertex 7.066090666666668 3.558805333333334 0
vertex 7.066090666666668 3.558805333333334 1.9999573333333336
vertex 7.1141760000000005 3.393450666666667 1.9999573333333336
endloop
endfacet
facet normal 0.9602230816879583 0.27923401188551583 0
outer loop
vertex 7.066090666666668 3.558805333333334 0
vertex 7.1141760000000005 3.393450666666667 1.9999573333333336
vertex 7.1141760000000005 3.393450666666667 0
endloop
endfacet
facet normal 0.9181095165317497 0.39632677887550916 0
outer loop
vertex 7.240768000000001 3.0735360000000003 1.9999573333333336
vertex 7.240768000000001 3.0735360000000003 0
vertex 7.172565333333334 3.231530666666667 0
endloop
endfacet
facet normal 0.9181095165317497 0.39632677887550916 0
outer loop
vertex 7.240768000000001 3.0735360000000003 1.9999573333333336
vertex 7.172565333333334 3.231530666666667 0
vertex 7.172565333333334 3.231530666666667 1.9999573333333336
endloop
endfacet
facet normal 0.9407055795672725 0.339224133237896 0
outer loop
vertex 7.172565333333334 3.231530666666667 1.9999573333333336
vertex 7.172565333333334 3.231530666666667 0
vertex 7.1141760000000005 3.393450666666667 0
endloop
endfacet
facet normal 0.9407055795672725 0.339224133237896 0
outer loop
vertex 7.172565333333334 3.231530666666667 1.9999573333333336
vertex 7.1141760000000005 3.393450666666667 0
vertex 7.1141760000000005 3.393450666666667 1.9999573333333336
endloop
endfacet
facet normal 0.9880392405518346 0.15420265603988098 0
outer loop
vertex 7.001813333333334 3.8963840000000003 0
vertex 7.001813333333334 3.8963840000000003 1.9999573333333336
vertex 7.0283093333333335 3.7266133333333338 1.9999573333333336
endloop
endfacet
facet normal 0.9880392405518346 0.15420265603988098 0
outer loop
vertex 7.001813333333334 3.8963840000000003 0
vertex 7.0283093333333335 3.7266133333333338 1.9999573333333336
vertex 7.0283093333333335 3.7266133333333338 0
endloop
endfacet
facet normal 0.9755792015757561 0.2196479488927918 0
outer loop
vertex 7.0283093333333335 3.7266133333333338 1.9999573333333336
vertex 7.066090666666668 3.558805333333334 1.9999573333333336
vertex 7.066090666666668 3.558805333333334 0
endloop
endfacet
facet normal 0.9755792015757561 0.2196479488927918 0
outer loop
vertex 7.0283093333333335 3.7266133333333338 1.9999573333333336
vertex 7.066090666666668 3.558805333333334 0
vertex 7.0283093333333335 3.7266133333333338 0
endloop
endfacet
facet normal 0.7499210618143666 0.6615273244902383 0
outer loop
vertex 7.722602666666667 2.3645226666666668 1.9999573333333336
vertex 7.722602666666667 2.3645226666666668 0
vertex 7.608768 2.4935680000000002 0
endloop
endfacet
facet normal 0.7499210618143666 0.6615273244902383 0
outer loop
vertex 7.722602666666667 2.3645226666666668 1.9999573333333336
vertex 7.608768 2.4935680000000002 0
vertex 7.608768 2.4935680000000002 1.9999573333333336
endloop
endfacet
facet normal 0.6615273244902395 0.7499210618143654 0
outer loop
vertex 7.844288000000001 2.2428373333333336 1.9999573333333336
vertex 7.973333333333334 2.129002666666667 1.9999573333333336
vertex 7.973333333333334 2.129002666666667 0
endloop
endfacet
facet normal 0.6615273244902395 0.7499210618143654 0
outer loop
vertex 7.844288000000001 2.2428373333333336 1.9999573333333336
vertex 7.973333333333334 2.129002666666667 0
vertex 7.844288000000001 2.2428373333333336 0
endloop
endfacet
facet normal 0.8271916756286529 0.5619198624098115 0
outer loop
vertex 7.4066133333333335 2.771776 1.9999573333333336
vertex 7.503274666666667 2.629482666666667 1.9999573333333336
vertex 7.503274666666667 2.629482666666667 0
endloop
endfacet
facet normal 0.8271916756286529 0.5619198624098115 0
outer loop
vertex 7.4066133333333335 2.771776 1.9999573333333336
vertex 7.503274666666667 2.629482666666667 0
vertex 7.4066133333333335 2.771776 0
endloop
endfacet
facet normal 0.8915606118170605 0.45290139705722776 0
outer loop
vertex 7.318784000000001 2.9199573333333335 1.9999573333333336
vertex 7.318784000000001 2.9199573333333335 0
vertex 7.240768000000001 3.0735360000000003 0
endloop
endfacet
facet normal 0.8915606118170605 0.45290139705722776 0
outer loop
vertex 7.318784000000001 2.9199573333333335 1.9999573333333336
vertex 7.240768000000001 3.0735360000000003 0
vertex 7.240768000000001 3.0735360000000003 1.9999573333333336
endloop
endfacet
facet normal 0.8602452601336791 0.5098804687547258 0
outer loop
vertex 7.4066133333333335 2.771776 1.9999573333333336
vertex 7.4066133333333335 2.771776 0
vertex 7.318784000000001 2.9199573333333335 0
endloop
endfacet
facet normal 0.8602452601336791 0.5098804687547258 0
outer loop
vertex 7.4066133333333335 2.771776 1.9999573333333336
vertex 7.318784000000001 2.9199573333333335 0
vertex 7.318784000000001 2.9199573333333335 1.9999573333333336
endloop
endfacet
facet normal 0.613150559541989 0.7899660697354957 0
outer loop
vertex 8.109248000000001 2.0235093333333336 1.9999573333333336
vertex 8.109248000000001 2.0235093333333336 0
vertex 7.973333333333334 2.129002666666667 0
endloop
endfacet
facet normal 0.613150559541989 0.7899660697354957 0
outer loop
vertex 8.109248000000001 2.0235093333333336 1.9999573333333336
vertex 7.973333333333334 2.129002666666667 0
vertex 7.973333333333334 2.129002666666667 1.9999573333333336
endloop
endfacet
facet normal 0.5625431331083345 0.8267679380531507 0
outer loop
vertex 8.252032 1.9263573333333335 1.9999573333333336
vertex 8.252032 1.9263573333333335 0
vertex 8.109248000000001 2.0235093333333336 0
endloop
endfacet
facet normal 0.5625431331083345 0.8267679380531507 0
outer loop
vertex 8.252032 1.9263573333333335 1.9999573333333336
vertex 8.109248000000001 2.0235093333333336 0
vertex 8.109248000000001 2.0235093333333336 1.9999573333333336
endloop
endfacet
facet normal 0.3987261114144487 0.9170700562532356 0
outer loop
vertex 8.711296 1.6923093333333334 1.9999573333333336
vertex 8.711296 1.6923093333333334 0
vertex 8.553301333333334 1.7610026666666667 0
endloop
endfacet
facet normal 0.3987261114144487 0.9170700562532356 0
outer loop
vertex 8.711296 1.6923093333333334 1.9999573333333336
vertex 8.553301333333334 1.7610026666666667 0
vertex 8.553301333333334 1.7610026666666667 1.9999573333333336
endloop
endfacet
facet normal 0.3392241332378952 0.9407055795672729 0
outer loop
vertex 8.873216000000001 1.63392 1.9999573333333336
vertex 8.873216000000001 1.63392 0
vertex 8.711296 1.6923093333333334 0
endloop
endfacet
facet normal 0.3392241332378952 0.9407055795672729 0
outer loop
vertex 8.873216000000001 1.63392 1.9999573333333336
vertex 8.711296 1.6923093333333334 0
vertex 8.711296 1.6923093333333334 1.9999573333333336
endloop
endfacet
facet normal 0 0.9999999999999999 0
outer loop
vertex 67.87980800000001 1.4999680000000002 1.9999573333333336
vertex 67.87980800000001 1.4999680000000002 0
vertex 9.720106666666668 1.4999680000000002 0
endloop
endfacet
facet normal 0 0.9999999999999999 0
outer loop
vertex 67.87980800000001 1.4999680000000002 1.9999573333333336
vertex 9.720106666666668 1.4999680000000002 0
vertex 9.720106666666668 1.4999680000000002 1.9999573333333336
endloop
endfacet
facet normal -0.9995092939824204 0.03132365308777544 0
outer loop
vertex 76.09454933333333 9.547882666666668 1.9999573333333336
vertex 76.09994666666667 9.720106666666668 1.9999573333333336
vertex 76.09994666666667 9.720106666666668 0
endloop
endfacet
facet normal -0.9995092939824204 0.03132365308777544 0
outer loop
vertex 76.09454933333333 9.547882666666668 1.9999573333333336
vertex 76.09994666666667 9.720106666666668 0
vertex 76.09454933333333 9.547882666666668 0
endloop
endfacet
facet normal -0.9602230816879578 0.27923401188551794 0
outer loop
vertex 75.96599466666667 8.873216000000001 0
vertex 75.96599466666667 8.873216000000001 1.9999573333333336
vertex 76.01408 9.038570666666667 1.9999573333333336
endloop
endfacet
facet normal -0.9602230816879578 0.27923401188551794 0
outer loop
vertex 75.96599466666667 8.873216000000001 0
vertex 76.01408 9.038570666666667 1.9999573333333336
vertex 76.01408 9.038570666666667 0
endloop
endfacet
facet normal -0.9761870601839565 0.21693045781863865 0
outer loop
vertex 76.05137066666667 9.206378666666668 1.9999573333333336
vertex 76.05137066666667 9.206378666666668 0
vertex 76.01408 9.038570666666667 0
endloop
endfacet
facet normal -0.9761870601839565 0.21693045781863865 0
outer loop
vertex 76.05137066666667 9.206378666666668 1.9999573333333336
vertex 76.01408 9.038570666666667 0
vertex 76.01408 9.038570666666667 1.9999573333333336
endloop
endfacet
facet normal -0.9955593485423284 0.09413598424606125 0
outer loop
vertex 76.07835733333334 9.37664 1.9999573333333336
vertex 76.09454933333333 9.547882666666668 1.9999573333333336
vertex 76.09454933333333 9.547882666666668 0
endloop
endfacet
facet normal -0.9955593485423284 0.09413598424606125 0
outer loop
vertex 76.07835733333334 9.37664 1.9999573333333336
vertex 76.09454933333333 9.547882666666668 0
vertex 76.07835733333334 9.37664 0
endloop
endfacet
facet normal -0.9876704794633476 0.1565471941512882 0
outer loop
vertex 76.05137066666667 9.206378666666668 0
vertex 76.05137066666667 9.206378666666668 1.9999573333333336
vertex 76.07835733333334 9.37664 1.9999573333333336
endloop
endfacet
facet normal -0.9876704794633476 0.1565471941512882 0
outer loop
vertex 76.05137066666667 9.206378666666668 0
vertex 76.07835733333334 9.37664 1.9999573333333336
vertex 76.07835733333334 9.37664 0
endloop
endfacet
facet normal -0.09413598424612847 0.9955593485423222 0
outer loop
vertex 73.70353066666667 7.001813333333334 1.9999573333333336
vertex 73.70353066666667 7.001813333333334 0
vertex 73.53228800000001 6.9856213333333335 0
endloop
endfacet
facet normal -0.09413598424612847 0.9955593485423222 0
outer loop
vertex 73.70353066666667 7.001813333333334 1.9999573333333336
vertex 73.53228800000001 6.9856213333333335 0
vertex 73.53228800000001 6.9856213333333335 1.9999573333333336
endloop
endfacet
facet normal -0.6131505595419965 0.7899660697354898 0
outer loop
vertex 75.10634666666667 7.608768 1.9999573333333336
vertex 75.10634666666667 7.608768 0
vertex 74.970432 7.503274666666667 0
endloop
endfacet
facet normal -0.6131505595419965 0.7899660697354898 0
outer loop
vertex 75.10634666666667 7.608768 1.9999573333333336
vertex 74.970432 7.503274666666667 0
vertex 74.970432 7.503274666666667 1.9999573333333336
endloop
endfacet
facet normal -0.889817462812731 0.45631664759628715 0
outer loop
vertex 75.760896 8.400213333333333 1.9999573333333336
vertex 75.83940266666667 8.553301333333334 1.9999573333333336
vertex 75.83940266666667 8.553301333333334 0
endloop
endfacet
facet normal -0.889817462812731 0.45631664759628715 0
outer loop
vertex 75.760896 8.400213333333333 1.9999573333333336
vertex 75.83940266666667 8.553301333333334 0
vertex 75.760896 8.400213333333333 0
endloop
endfacet
facet normal -0.8614938964444782 0.5077679257189355 0
outer loop
vertex 75.67355733333333 8.252032 0
vertex 75.67355733333333 8.252032 1.9999573333333336
vertex 75.760896 8.400213333333333 1.9999573333333336
endloop
endfacet
facet normal -0.8614938964444782 0.5077679257189355 0
outer loop
vertex 75.67355733333333 8.252032 0
vertex 75.760896 8.400213333333333 1.9999573333333336
vertex 75.760896 8.400213333333333 0
endloop
endfacet
facet normal -0.2799999999999841 0.9600000000000046 0
outer loop
vertex 74.0416 7.066090666666668 0
vertex 74.0416 7.066090666666668 1.9999573333333336
vertex 74.20646400000001 7.1141760000000005 1.9999573333333336
endloop
endfacet
facet normal -0.2799999999999841 0.9600000000000046 0
outer loop
vertex 74.0416 7.066090666666668 0
vertex 74.20646400000001 7.1141760000000005 1.9999573333333336
vertex 74.20646400000001 7.1141760000000005 0
endloop
endfacet
facet normal -0.3963267788755082 0.9181095165317502 0
outer loop
vertex 74.52686933333334 7.240768000000001 1.9999573333333336
vertex 74.52686933333334 7.240768000000001 0
vertex 74.36887466666667 7.172565333333334 0
endloop
endfacet
facet normal -0.3963267788755082 0.9181095165317502 0
outer loop
vertex 74.52686933333334 7.240768000000001 1.9999573333333336
vertex 74.36887466666667 7.172565333333334 0
vertex 74.36887466666667 7.172565333333334 1.9999573333333336
endloop
endfacet
facet normal -0.3383167463339344 0.9410322944245963 0
outer loop
vertex 74.36887466666667 7.172565333333334 1.9999573333333336
vertex 74.36887466666667 7.172565333333334 0
vertex 74.20646400000001 7.1141760000000005 0
endloop
endfacet
facet normal -0.3383167463339344 0.9410322944245963 0
outer loop
vertex 74.36887466666667 7.172565333333334 1.9999573333333336
vertex 74.20646400000001 7.1141760000000005 0
vertex 74.20646400000001 7.1141760000000005 1.9999573333333336
endloop
endfacet
facet normal -0.15420265603986993 0.9880392405518362 0
outer loop
vertex 73.70353066666667 7.001813333333334 0
vertex 73.70353066666667 7.001813333333334 1.9999573333333336
vertex 73.87330133333334 7.0283093333333335 1.9999573333333336
endloop
endfacet
facet normal -0.15420265603986993 0.9880392405518362 0
outer loop
vertex 73.70353066666667 7.001813333333334 0
vertex 73.87330133333334 7.0283093333333335 1.9999573333333336
vertex 73.87330133333334 7.0283093333333335 0
endloop
endfacet
facet normal -0.21903834230673505 0.9757162520935672 0
outer loop
vertex 73.87330133333334 7.0283093333333335 1.9999573333333336
vertex 74.0416 7.066090666666668 1.9999573333333336
vertex 74.0416 7.066090666666668 0
endloop
endfacet
facet normal -0.21903834230673505 0.9757162520935672 0
outer loop
vertex 73.87330133333334 7.0283093333333335 1.9999573333333336
vertex 74.0416 7.066090666666668 0
vertex 73.87330133333334 7.0283093333333335 0
endloop
endfacet
facet normal -0.6601146077286736 0.7511648984498805 0
outer loop
vertex 75.23588266666667 7.722602666666667 1.9999573333333336
vertex 75.23588266666667 7.722602666666667 0
vertex 75.10634666666667 7.608768 0
endloop
endfacet
facet normal -0.6601146077286736 0.7511648984498805 0
outer loop
vertex 75.23588266666667 7.722602666666667 1.9999573333333336
vertex 75.10634666666667 7.608768 0
vertex 75.10634666666667 7.608768 1.9999573333333336
endloop
endfacet
facet normal -0.7499210618143372 0.6615273244902715 0
outer loop
vertex 75.357568 7.844288000000001 1.9999573333333336
vertex 75.47140266666668 7.973333333333334 1.9999573333333336
vertex 75.47140266666668 7.973333333333334 0
endloop
endfacet
facet normal -0.7499210618143372 0.6615273244902715 0
outer loop
vertex 75.357568 7.844288000000001 1.9999573333333336
vertex 75.47140266666668 7.973333333333334 0
vertex 75.357568 7.844288000000001 0
endloop
endfacet
facet normal -0.7071067811865513 0.7071067811865436 0
outer loop
vertex 69.877312 2.3645226666666668 1.9999573333333336
vertex 69.877312 2.3645226666666668 0
vertex 69.75562666666667 2.2428373333333336 0
endloop
endfacet
facet normal -0.7071067811865513 0.7071067811865436 0
outer loop
vertex 69.877312 2.3645226666666668 1.9999573333333336
vertex 69.75562666666667 2.2428373333333336 0
vertex 69.75562666666667 2.2428373333333336 1.9999573333333336
endloop
endfacet
facet normal -0.7071067811865527 0.7071067811865424 0
outer loop
vertex 75.357568 7.844288000000001 1.9999573333333336
vertex 75.357568 7.844288000000001 0
vertex 75.23588266666667 7.722602666666667 0
endloop
endfacet
facet normal -0.7071067811865527 0.7071067811865424 0
outer loop
vertex 75.357568 7.844288000000001 1.9999573333333336
vertex 75.23588266666667 7.722602666666667 0
vertex 75.23588266666667 7.722602666666667 1.9999573333333336
endloop
endfacet
facet normal -0.5619198624098259 0.8271916756286433 0
outer loop
vertex 74.82813866666667 7.4066133333333335 1.9999573333333336
vertex 74.970432 7.503274666666667 1.9999573333333336
vertex 74.970432 7.503274666666667 0
endloop
endfacet
facet normal -0.5619198624098259 0.8271916756286433 0
outer loop
vertex 74.82813866666667 7.4066133333333335 1.9999573333333336
vertex 74.970432 7.503274666666667 0
vertex 74.82813866666667 7.4066133333333335 0
endloop
endfacet
facet normal -0.4540541130908134 0.8909741087064845 0
outer loop
vertex 74.67995733333333 7.318784000000001 1.9999573333333336
vertex 74.67995733333333 7.318784000000001 0
vertex 74.52686933333334 7.240768000000001 0
endloop
endfacet
facet normal -0.4540541130908134 0.8909741087064845 0
outer loop
vertex 74.67995733333333 7.318784000000001 1.9999573333333336
vertex 74.52686933333334 7.240768000000001 0
vertex 74.52686933333334 7.240768000000001 1.9999573333333336
endloop
endfacet
facet normal -0.5098804687547076 0.8602452601336897 0
outer loop
vertex 74.82813866666667 7.4066133333333335 1.9999573333333336
vertex 74.82813866666667 7.4066133333333335 0
vertex 74.67995733333333 7.318784000000001 0
endloop
endfacet
facet normal -0.5098804687547076 0.8602452601336897 0
outer loop
vertex 74.82813866666667 7.4066133333333335 1.9999573333333336
vertex 74.67995733333333 7.318784000000001 0
vertex 74.67995733333333 7.318784000000001 1.9999573333333336
endloop
endfacet
facet normal -0.7899660697355106 0.6131505595419696 0
outer loop
vertex 75.576896 8.109248000000001 1.9999573333333336
vertex 75.576896 8.109248000000001 0
vertex 75.47140266666668 7.973333333333334 0
endloop
endfacet
facet normal -0.7899660697355106 0.6131505595419696 0
outer loop
vertex 75.576896 8.109248000000001 1.9999573333333336
vertex 75.47140266666668 7.973333333333334 0
vertex 75.47140266666668 7.973333333333334 1.9999573333333336
endloop
endfacet
facet normal -0.8280891486967685 0.5605964339974534 0
outer loop
vertex 75.67355733333333 8.252032 1.9999573333333336
vertex 75.67355733333333 8.252032 0
vertex 75.576896 8.109248000000001 0
endloop
endfacet
facet normal -0.8280891486967685 0.5605964339974534 0
outer loop
vertex 75.67355733333333 8.252032 1.9999573333333336
vertex 75.576896 8.109248000000001 0
vertex 75.576896 8.109248000000001 1.9999573333333336
endloop
endfacet
facet normal -0.9181095165317558 0.39632677887549517 0
outer loop
vertex 75.90760533333334 8.711296 1.9999573333333336
vertex 75.90760533333334 8.711296 0
vertex 75.83940266666667 8.553301333333334 0
endloop
endfacet
facet normal -0.9181095165317558 0.39632677887549517 0
outer loop
vertex 75.90760533333334 8.711296 1.9999573333333336
vertex 75.83940266666667 8.553301333333334 0
vertex 75.83940266666667 8.553301333333334 1.9999573333333336
endloop
endfacet
facet normal -0.9407055795672646 0.339224133237918 0
outer loop
vertex 75.96599466666667 8.873216000000001 1.9999573333333336
vertex 75.96599466666667 8.873216000000001 0
vertex 75.90760533333334 8.711296 0
endloop
endfacet
facet normal -0.9407055795672646 0.339224133237918 0
outer loop
vertex 75.96599466666667 8.873216000000001 1.9999573333333336
vertex 75.90760533333334 8.711296 0
vertex 75.90760533333334 8.711296 1.9999573333333336
endloop
endfacet
facet normal -0.9602230816879583 0.27923401188551583 0
outer loop
vertex 70.48573866666668 3.393450666666667 0
vertex 70.48573866666668 3.393450666666667 1.9999573333333336
vertex 70.53382400000001 3.558805333333334 1.9999573333333336
endloop
endfacet
facet normal -0.9602230816879583 0.27923401188551583 0
outer loop
vertex 70.48573866666668 3.393450666666667 0
vertex 70.53382400000001 3.558805333333334 1.9999573333333336
vertex 70.53382400000001 3.558805333333334 0
endloop
endfacet
facet normal -0.9755792015757638 0.21964794889275738 0
outer loop
vertex 70.57160533333334 3.7266133333333338 1.9999573333333336
vertex 70.57160533333334 3.7266133333333338 0
vertex 70.53382400000001 3.558805333333334 0
endloop
endfacet
facet normal -0.9755792015757638 0.21964794889275738 0
outer loop
vertex 70.57160533333334 3.7266133333333338 1.9999573333333336
vertex 70.53382400000001 3.558805333333334 0
vertex 70.53382400000001 3.558805333333334 1.9999573333333336
endloop
endfacet
facet normal -0.9954954682851519 0.09480909221715543 -0.00009304130740532101
outer loop
vertex 70.60448000000001 3.957226666666667 0.9999786666666668
vertex 70.59859200000001 3.8963840000000003 1.9999573333333336
vertex 70.59957333333334 3.9066880000000004 1.9999573333333336
endloop
endfacet
facet normal -0.9955901638292443 0.09380940753402875 -0.00014402976560109077
outer loop
vertex 70.60448000000001 3.957226666666667 0.9999786666666668
vertex 70.59957333333334 3.9066880000000004 1.9999573333333336
vertex 70.614784 4.068117333333333 1.9999573333333336
endloop
endfacet
facet normal -0.9957106602461117 0.09252178701393665 0
outer loop
vertex 70.60448000000001 3.957226666666667 0.9999786666666668
vertex 70.614784 4.068117333333333 1.9999573333333336
vertex 70.614784 4.068117333333333 0
endloop
endfacet
facet normal -0.9955901638292443 0.09380940753402875 0.00014402976560109077
outer loop
vertex 70.60448000000001 3.957226666666667 0.9999786666666668
vertex 70.614784 4.068117333333333 0
vertex 70.59957333333334 3.9066880000000004 0
endloop
endfacet
facet normal -0.9954954682851519 0.09480909221715543 0.00009304130740532101
outer loop
vertex 70.60448000000001 3.957226666666667 0.9999786666666668
vertex 70.59957333333334 3.9066880000000004 0
vertex 70.59859200000001 3.8963840000000003 0
endloop
endfacet
facet normal -0.9953500135553021 0.09632419486017037 0
outer loop
vertex 70.60448000000001 3.957226666666667 0.9999786666666668
vertex 70.59859200000001 3.8963840000000003 0
vertex 70.59859200000001 3.8963840000000003 1.9999573333333336
endloop
endfacet
facet normal -0.9876004295688218 0.15698850759045624 0
outer loop
vertex 70.57160533333334 3.7266133333333338 0
vertex 70.57160533333334 3.7266133333333338 1.9999573333333336
vertex 70.59859200000001 3.8963840000000003 1.9999573333333336
endloop
endfacet
facet normal -0.9876004295688218 0.15698850759045624 0
outer loop
vertex 70.57160533333334 3.7266133333333338 0
vertex 70.59859200000001 3.8963840000000003 1.9999573333333336
vertex 70.59859200000001 3.8963840000000003 0
endloop
endfacet
facet normal -0.09413598424612718 0.9955593485423222 0
outer loop
vertex 68.22327466666667 1.5215573333333334 1.9999573333333336
vertex 68.22327466666667 1.5215573333333334 0
vertex 68.05203200000001 1.5053653333333334 0
endloop
endfacet
facet normal -0.09413598424612718 0.9955593485423222 0
outer loop
vertex 68.22327466666667 1.5215573333333334 1.9999573333333336
vertex 68.05203200000001 1.5053653333333334 0
vertex 68.05203200000001 1.5053653333333334 1.9999573333333336
endloop
endfacet
facet normal -0.031323653087767724 0.9995092939824208 0
outer loop
vertex 68.05203200000001 1.5053653333333334 1.9999573333333336
vertex 68.05203200000001 1.5053653333333334 0
vertex 67.87980800000001 1.4999680000000002 0
endloop
endfacet
facet normal -0.031323653087767724 0.9995092939824208 0
outer loop
vertex 68.05203200000001 1.5053653333333334 1.9999573333333336
vertex 67.87980800000001 1.4999680000000002 0
vertex 67.87980800000001 1.4999680000000002 1.9999573333333336
endloop
endfacet
facet normal -0.6131505595419965 0.7899660697354898 0
outer loop
vertex 69.62658133333333 2.129002666666667 1.9999573333333336
vertex 69.62658133333333 2.129002666666667 0
vertex 69.49066666666667 2.0235093333333336 0
endloop
endfacet
facet normal -0.6131505595419965 0.7899660697354898 0
outer loop
vertex 69.62658133333333 2.129002666666667 1.9999573333333336
vertex 69.49066666666667 2.0235093333333336 0
vertex 69.49066666666667 2.0235093333333336 1.9999573333333336
endloop
endfacet
facet normal -0.891560611817048 0.4529013970572524 0
outer loop
vertex 70.28113066666667 2.9199573333333335 1.9999573333333336
vertex 70.35914666666667 3.0735360000000003 1.9999573333333336
vertex 70.35914666666667 3.0735360000000003 0
endloop
endfacet
facet normal -0.891560611817048 0.4529013970572524 0
outer loop
vertex 70.28113066666667 2.9199573333333335 1.9999573333333336
vertex 70.35914666666667 3.0735360000000003 0
vertex 70.28113066666667 2.9199573333333335 0
endloop
endfacet
facet normal -0.8602452601336812 0.5098804687547219 0
outer loop
vertex 70.19330133333334 2.771776 0
vertex 70.19330133333334 2.771776 1.9999573333333336
vertex 70.28113066666667 2.9199573333333335 1.9999573333333336
endloop
endfacet
facet normal -0.8602452601336812 0.5098804687547219 0
outer loop
vertex 70.19330133333334 2.771776 0
vertex 70.28113066666667 2.9199573333333335 1.9999573333333336
vertex 70.28113066666667 2.9199573333333335 0
endloop
endfacet
facet normal -0.2766037230529512 0.9609840687510102 0
outer loop
vertex 68.561344 1.5863253333333334 0
vertex 68.561344 1.5863253333333334 1.9999573333333336
vertex 68.72669866666668 1.63392 1.9999573333333336
endloop
endfacet
facet normal -0.2766037230529512 0.9609840687510102 0
outer loop
vertex 68.561344 1.5863253333333334 0
vertex 68.72669866666668 1.63392 1.9999573333333336
vertex 68.72669866666668 1.63392 0
endloop
endfacet
facet normal -0.3987261114144487 0.9170700562532356 0
outer loop
vertex 69.04661333333334 1.7610026666666667 1.9999573333333336
vertex 69.04661333333334 1.7610026666666667 0
vertex 68.88861866666667 1.6923093333333334 0
endloop
endfacet
facet normal -0.3987261114144487 0.9170700562532356 0
outer loop
vertex 69.04661333333334 1.7610026666666667 1.9999573333333336
vertex 68.88861866666667 1.6923093333333334 0
vertex 68.88861866666667 1.6923093333333334 1.9999573333333336
endloop
endfacet
facet normal -0.33922413323790507 0.9407055795672693 0
outer loop
vertex 68.88861866666667 1.6923093333333334 1.9999573333333336
vertex 68.88861866666667 1.6923093333333334 0
vertex 68.72669866666668 1.63392 0
endloop
endfacet
facet normal -0.33922413323790507 0.9407055795672693 0
outer loop
vertex 68.88861866666667 1.6923093333333334 1.9999573333333336
vertex 68.72669866666668 1.63392 0
vertex 68.72669866666668 1.63392 1.9999573333333336
endloop
endfacet
facet normal -0.15654719415124346 0.9876704794633547 0
outer loop
vertex 68.22327466666667 1.5215573333333334 0
vertex 68.22327466666667 1.5215573333333334 1.9999573333333336
vertex 68.39353600000001 1.5485440000000001 1.9999573333333336
endloop
endfacet
facet normal -0.15654719415124346 0.9876704794633547 0
outer loop
vertex 68.22327466666667 1.5215573333333334 0
vertex 68.39353600000001 1.5485440000000001 1.9999573333333336
vertex 68.39353600000001 1.5485440000000001 0
endloop
endfacet
facet normal -0.2196479488927946 0.9755792015757554 0
outer loop
vertex 68.39353600000001 1.5485440000000001 1.9999573333333336
vertex 68.561344 1.5863253333333334 1.9999573333333336
vertex 68.561344 1.5863253333333334 0
endloop
endfacet
facet normal -0.2196479488927946 0.9755792015757554 0
outer loop
vertex 68.39353600000001 1.5485440000000001 1.9999573333333336
vertex 68.561344 1.5863253333333334 0
vertex 68.39353600000001 1.5485440000000001 0
endloop
endfacet
facet normal -0.6615273244902268 0.7499210618143768 0
outer loop
vertex 69.75562666666667 2.2428373333333336 1.9999573333333336
vertex 69.75562666666667 2.2428373333333336 0
vertex 69.62658133333333 2.129002666666667 0
endloop
endfacet
facet normal -0.6615273244902268 0.7499210618143768 0
outer loop
vertex 69.75562666666667 2.2428373333333336 1.9999573333333336
vertex 69.62658133333333 2.129002666666667 0
vertex 69.62658133333333 2.129002666666667 1.9999573333333336
endloop
endfacet
facet normal -0.7499210618143793 0.6615273244902238 0
outer loop
vertex 69.877312 2.3645226666666668 1.9999573333333336
vertex 69.99114666666667 2.4935680000000002 1.9999573333333336
vertex 69.99114666666667 2.4935680000000002 0
endloop
endfacet
facet normal -0.7499210618143793 0.6615273244902238 0
outer loop
vertex 69.877312 2.3645226666666668 1.9999573333333336
vertex 69.99114666666667 2.4935680000000002 0
vertex 69.877312 2.3645226666666668 0
endloop
endfacet
facet normal -0.5638669079075981 0.825865673197963 0
outer loop
vertex 69.34837333333334 1.9263573333333335 1.9999573333333336
vertex 69.49066666666667 2.0235093333333336 1.9999573333333336
vertex 69.49066666666667 2.0235093333333336 0
endloop
endfacet
facet normal -0.5638669079075981 0.825865673197963 0
outer loop
vertex 69.34837333333334 1.9263573333333335 1.9999573333333336
vertex 69.49066666666667 2.0235093333333336 0
vertex 69.34837333333334 1.9263573333333335 0
endloop
endfacet
facet normal -0.45290139705724236 0.8915606118170532 0
outer loop
vertex 69.200192 1.8390186666666668 1.9999573333333336
vertex 69.200192 1.8390186666666668 0
vertex 69.04661333333334 1.7610026666666667 0
endloop
endfacet
facet normal -0.45290139705724236 0.8915606118170532 0
outer loop
vertex 69.200192 1.8390186666666668 1.9999573333333336
vertex 69.04661333333334 1.7610026666666667 0
vertex 69.04661333333334 1.7610026666666667 1.9999573333333336
endloop
endfacet
facet normal -0.5077679257189137 0.8614938964444911 0
outer loop
vertex 69.34837333333334 1.9263573333333335 1.9999573333333336
vertex 69.34837333333334 1.9263573333333335 0
vertex 69.200192 1.8390186666666668 0
endloop
endfacet
facet normal -0.5077679257189137 0.8614938964444911 0
outer loop
vertex 69.34837333333334 1.9263573333333335 1.9999573333333336
vertex 69.200192 1.8390186666666668 0
vertex 69.200192 1.8390186666666668 1.9999573333333336
endloop
endfacet
facet normal -0.7899660697354695 0.6131505595420224 0
outer loop
vertex 70.09664000000001 2.629482666666667 1.9999573333333336
vertex 70.09664000000001 2.629482666666667 0
vertex 69.99114666666667 2.4935680000000002 0
endloop
endfacet
facet normal -0.7899660697354695 0.6131505595420224 0
outer loop
vertex 70.09664000000001 2.629482666666667 1.9999573333333336
vertex 69.99114666666667 2.4935680000000002 0
vertex 69.99114666666667 2.4935680000000002 1.9999573333333336
endloop
endfacet
facet normal -0.8271916756286626 0.5619198624097974 0
outer loop
vertex 70.19330133333334 2.771776 1.9999573333333336
vertex 70.19330133333334 2.771776 0
vertex 70.09664000000001 2.629482666666667 0
endloop
endfacet
facet normal -0.8271916756286626 0.5619198624097974 0
outer loop
vertex 70.19330133333334 2.771776 1.9999573333333336
vertex 70.09664000000001 2.629482666666667 0
vertex 70.09664000000001 2.629482666666667 1.9999573333333336
endloop
endfacet
facet normal -0.9181095165317553 0.39632677887549606 0
outer loop
vertex 70.42734933333334 3.231530666666667 1.9999573333333336
vertex 70.42734933333334 3.231530666666667 0
vertex 70.35914666666667 3.0735360000000003 0
endloop
endfacet
facet normal -0.9181095165317553 0.39632677887549606 0
outer loop
vertex 70.42734933333334 3.231530666666667 1.9999573333333336
vertex 70.35914666666667 3.0735360000000003 0
vertex 70.35914666666667 3.0735360000000003 1.9999573333333336
endloop
endfacet
facet normal -0.9407055795672643 0.33922413323791883 0
outer loop
vertex 70.48573866666668 3.393450666666667 1.9999573333333336
vertex 70.48573866666668 3.393450666666667 0
vertex 70.42734933333334 3.231530666666667 0
endloop
endfacet
facet normal -0.9407055795672643 0.33922413323791883 0
outer loop
vertex 70.48573866666668 3.393450666666667 1.9999573333333336
vertex 70.42734933333334 3.231530666666667 0
vertex 70.42734933333334 3.231530666666667 1.9999573333333336
endloop
endfacet
facet normal -0.2799999999999841 -0.9600000000000046 0
outer loop
vertex 74.20646400000001 60.485952000000005 0
vertex 74.20646400000001 60.485952000000005 1.9999573333333336
vertex 74.0416 60.53403733333334 1.9999573333333336
endloop
endfacet
facet normal -0.2799999999999841 -0.9600000000000046 0
outer loop
vertex 74.20646400000001 60.485952000000005 0
vertex 74.0416 60.53403733333334 1.9999573333333336
vertex 74.0416 60.53403733333334 0
endloop
endfacet
facet normal -0.21632764593314055 -0.9763208230930168 0
outer loop
vertex 73.87330133333334 60.571328 1.9999573333333336
vertex 73.87330133333334 60.571328 0
vertex 74.0416 60.53403733333334 0
endloop
endfacet
facet normal -0.21632764593314055 -0.9763208230930168 0
outer loop
vertex 73.87330133333334 60.571328 1.9999573333333336
vertex 74.0416 60.53403733333334 0
vertex 74.0416 60.53403733333334 1.9999573333333336
endloop
endfacet
facet normal -0.094135984246108 -0.995559348542324 0
outer loop
vertex 73.70353066666667 60.598314666666674 1.9999573333333336
vertex 73.53228800000001 60.61450666666667 1.9999573333333336
vertex 73.53228800000001 60.61450666666667 0
endloop
endfacet
facet normal -0.094135984246108 -0.995559348542324 0
outer loop
vertex 73.70353066666667 60.598314666666674 1.9999573333333336
vertex 73.53228800000001 60.61450666666667 0
vertex 73.70353066666667 60.598314666666674 0
endloop
endfacet
facet normal -0.15698850759044503 -0.9876004295688235 0
outer loop
vertex 73.87330133333334 60.571328 0
vertex 73.87330133333334 60.571328 1.9999573333333336
vertex 73.70353066666667 60.598314666666674 1.9999573333333336
endloop
endfacet
facet normal -0.15698850759044503 -0.9876004295688235 0
outer loop
vertex 73.87330133333334 60.571328 0
vertex 73.70353066666667 60.598314666666674 1.9999573333333336
vertex 73.70353066666667 60.598314666666674 0
endloop
endfacet
facet normal -0.9955593485423282 -0.09413598424606318 0
outer loop
vertex 76.07835733333334 58.223488 1.9999573333333336
vertex 76.07835733333334 58.223488 0
vertex 76.09454933333333 58.05224533333334 0
endloop
endfacet
facet normal -0.9955593485423282 -0.09413598424606318 0
outer loop
vertex 76.07835733333334 58.223488 1.9999573333333336
vertex 76.09454933333333 58.05224533333334 0
vertex 76.09454933333333 58.05224533333334 1.9999573333333336
endloop
endfacet
facet normal -0.9995092939824204 -0.03132365308777544 0
outer loop
vertex 76.09454933333333 58.05224533333334 1.9999573333333336
vertex 76.09454933333333 58.05224533333334 0
vertex 76.09994666666667 57.88002133333334 0
endloop
endfacet
facet normal -0.9995092939824204 -0.03132365308777544 0
outer loop
vertex 76.09454933333333 58.05224533333334 1.9999573333333336
vertex 76.09994666666667 57.88002133333334 0
vertex 76.09994666666667 57.88002133333334 1.9999573333333336
endloop
endfacet
facet normal -0.7899660697355049 -0.6131505595419773 0
outer loop
vertex 75.47140266666668 59.626304000000005 1.9999573333333336
vertex 75.47140266666668 59.626304000000005 0
vertex 75.576896 59.49038933333334 0
endloop
endfacet
facet normal -0.7899660697355049 -0.6131505595419773 0
outer loop
vertex 75.47140266666668 59.626304000000005 1.9999573333333336
vertex 75.576896 59.49038933333334 0
vertex 75.576896 59.49038933333334 1.9999573333333336
endloop
endfacet
facet normal -0.4563166475962629 -0.8898174628127435 0
outer loop
vertex 74.67995733333333 60.28085333333334 1.9999573333333336
vertex 74.52686933333334 60.35936 1.9999573333333336
vertex 74.52686933333334 60.35936 0
endloop
endfacet
facet normal -0.4563166475962629 -0.8898174628127435 0
outer loop
vertex 74.67995733333333 60.28085333333334 1.9999573333333336
vertex 74.52686933333334 60.35936 0
vertex 74.67995733333333 60.28085333333334 0
endloop
endfacet
facet normal -0.5077679257189175 -0.8614938964444889 0
outer loop
vertex 74.82813866666667 60.19351466666667 0
vertex 74.82813866666667 60.19351466666667 1.9999573333333336
vertex 74.67995733333333 60.28085333333334 1.9999573333333336
endloop
endfacet
facet normal -0.5077679257189175 -0.8614938964444889 0
outer loop
vertex 74.82813866666667 60.19351466666667 0
vertex 74.67995733333333 60.28085333333334 1.9999573333333336
vertex 74.67995733333333 60.28085333333334 0
endloop
endfacet
facet normal -0.9602230816879578 -0.27923401188551794 0
outer loop
vertex 76.01408 58.56155733333334 0
vertex 76.01408 58.56155733333334 1.9999573333333336
vertex 75.96599466666667 58.726912000000006 1.9999573333333336
endloop
endfacet
facet normal -0.9602230816879578 -0.27923401188551794 0
outer loop
vertex 76.01408 58.56155733333334 0
vertex 75.96599466666667 58.726912000000006 1.9999573333333336
vertex 75.96599466666667 58.726912000000006 0
endloop
endfacet
facet normal -0.9181095165317493 -0.3963267788755102 0
outer loop
vertex 75.83940266666667 59.04682666666667 1.9999573333333336
vertex 75.83940266666667 59.04682666666667 0
vertex 75.90760533333334 58.88883200000001 0
endloop
endfacet
facet normal -0.9181095165317493 -0.3963267788755102 0
outer loop
vertex 75.83940266666667 59.04682666666667 1.9999573333333336
vertex 75.90760533333334 58.88883200000001 0
vertex 75.90760533333334 58.88883200000001 1.9999573333333336
endloop
endfacet
facet normal -0.9407055795672659 -0.3392241332379148 0
outer loop
vertex 75.90760533333334 58.88883200000001 1.9999573333333336
vertex 75.90760533333334 58.88883200000001 0
vertex 75.96599466666667 58.726912000000006 0
endloop
endfacet
facet normal -0.9407055795672659 -0.3392241332379148 0
outer loop
vertex 75.90760533333334 58.88883200000001 1.9999573333333336
vertex 75.96599466666667 58.726912000000006 0
vertex 75.96599466666667 58.726912000000006 1.9999573333333336
endloop
endfacet
facet normal -0.9876004295688215 -0.15698850759045785 0
outer loop
vertex 76.07835733333334 58.223488 0
vertex 76.07835733333334 58.223488 1.9999573333333336
vertex 76.05137066666667 58.39325866666667 1.9999573333333336
endloop
endfacet
facet normal -0.9876004295688215 -0.15698850759045785 0
outer loop
vertex 76.07835733333334 58.223488 0
vertex 76.05137066666667 58.39325866666667 1.9999573333333336
vertex 76.05137066666667 58.39325866666667 0
endloop
endfacet
facet normal -0.9763208230930206 -0.21632764593312312 0
outer loop
vertex 76.05137066666667 58.39325866666667 1.9999573333333336
vertex 76.01408 58.56155733333334 1.9999573333333336
vertex 76.01408 58.56155733333334 0
endloop
endfacet
facet normal -0.9763208230930206 -0.21632764593312312 0
outer loop
vertex 76.05137066666667 58.39325866666667 1.9999573333333336
vertex 76.01408 58.56155733333334 0
vertex 76.05137066666667 58.39325866666667 0
endloop
endfacet
facet normal -0.7511648984498525 -0.6601146077287057 0
outer loop
vertex 75.357568 59.755840000000006 1.9999573333333336
vertex 75.357568 59.755840000000006 0
vertex 75.47140266666668 59.626304000000005 0
endloop
endfacet
facet normal -0.7511648984498525 -0.6601146077287057 0
outer loop
vertex 75.357568 59.755840000000006 1.9999573333333336
vertex 75.47140266666668 59.626304000000005 0
vertex 75.47140266666668 59.626304000000005 1.9999573333333336
endloop
endfacet
facet normal -0.6601146077286825 -0.7511648984498729 0
outer loop
vertex 75.23588266666667 59.87752533333334 1.9999573333333336
vertex 75.10634666666667 59.99136000000001 1.9999573333333336
vertex 75.10634666666667 59.99136000000001 0
endloop
endfacet
facet normal -0.6601146077286825 -0.7511648984498729 0
outer loop
vertex 75.23588266666667 59.87752533333334 1.9999573333333336
vertex 75.10634666666667 59.99136000000001 0
vertex 75.23588266666667 59.87752533333334 0
endloop
endfacet
facet normal -0.7071067811865475 -0.7071067811865475 0
outer loop
vertex 75.23588266666667 59.87752533333334 1.9999573333333336
vertex 75.23588266666667 59.87752533333334 0
vertex 75.357568 59.755840000000006 0
endloop
endfacet
facet normal -0.7071067811865475 -0.7071067811865475 0
outer loop
vertex 75.23588266666667 59.87752533333334 1.9999573333333336
vertex 75.357568 59.755840000000006 0
vertex 75.357568 59.755840000000006 1.9999573333333336
endloop
endfacet
facet normal -0.7071067811865475 -0.7071067811865475 0
outer loop
vertex 69.75562666666667 65.35729066666667 1.9999573333333336
vertex 69.75562666666667 65.35729066666667 0
vertex 69.877312 65.23560533333334 0
endloop
endfacet
facet normal -0.7071067811865475 -0.7071067811865475 0
outer loop
vertex 69.75562666666667 65.35729066666667 1.9999573333333336
vertex 69.877312 65.23560533333334 0
vertex 69.877312 65.23560533333334 1.9999573333333336
endloop
endfacet
facet normal -0.8271916756286658 -0.5619198624097926 0
outer loop
vertex 75.67355733333333 59.348096000000005 1.9999573333333336
vertex 75.576896 59.49038933333334 1.9999573333333336
vertex 75.576896 59.49038933333334 0
endloop
endfacet
facet normal -0.8271916756286658 -0.5619198624097926 0
outer loop
vertex 75.67355733333333 59.348096000000005 1.9999573333333336
vertex 75.576896 59.49038933333334 0
vertex 75.67355733333333 59.348096000000005 0
endloop
endfacet
facet normal -0.8898174628127353 -0.45631664759627877 0
outer loop
vertex 75.760896 59.19991466666667 1.9999573333333336
vertex 75.760896 59.19991466666667 0
vertex 75.83940266666667 59.04682666666667 0
endloop
endfacet
facet normal -0.8898174628127353 -0.45631664759627877 0
outer loop
vertex 75.760896 59.19991466666667 1.9999573333333336
vertex 75.83940266666667 59.04682666666667 0
vertex 75.83940266666667 59.04682666666667 1.9999573333333336
endloop
endfacet
facet normal -0.8614938964444782 -0.5077679257189355 0
outer loop
vertex 75.67355733333333 59.348096000000005 1.9999573333333336
vertex 75.67355733333333 59.348096000000005 0
vertex 75.760896 59.19991466666667 0
endloop
endfacet
facet normal -0.8614938964444782 -0.5077679257189355 0
outer loop
vertex 75.67355733333333 59.348096000000005 1.9999573333333336
vertex 75.760896 59.19991466666667 0
vertex 75.760896 59.19991466666667 1.9999573333333336
endloop
endfacet
facet normal -0.6131505595419773 -0.7899660697355049 0
outer loop
vertex 74.970432 60.096853333333335 1.9999573333333336
vertex 74.970432 60.096853333333335 0
vertex 75.10634666666667 59.99136000000001 0
endloop
endfacet
facet normal -0.6131505595419773 -0.7899660697355049 0
outer loop
vertex 74.970432 60.096853333333335 1.9999573333333336
vertex 75.10634666666667 59.99136000000001 0
vertex 75.10634666666667 59.99136000000001 1.9999573333333336
endloop
endfacet
facet normal -0.56191986240984 -0.8271916756286336 0
outer loop
vertex 74.82813866666667 60.19351466666667 1.9999573333333336
vertex 74.82813866666667 60.19351466666667 0
vertex 74.970432 60.096853333333335 0
endloop
endfacet
facet normal -0.56191986240984 -0.8271916756286336 0
outer loop
vertex 74.82813866666667 60.19351466666667 1.9999573333333336
vertex 74.970432 60.096853333333335 0
vertex 74.970432 60.096853333333335 1.9999573333333336
endloop
endfacet
facet normal -0.39632677887553 -0.9181095165317408 0
outer loop
vertex 74.36887466666667 60.427562666666674 1.9999573333333336
vertex 74.36887466666667 60.427562666666674 0
vertex 74.52686933333334 60.35936 0
endloop
endfacet
facet normal -0.39632677887553 -0.9181095165317408 0
outer loop
vertex 74.36887466666667 60.427562666666674 1.9999573333333336
vertex 74.52686933333334 60.35936 0
vertex 74.52686933333334 60.35936 1.9999573333333336
endloop
endfacet
facet normal -0.3383167463339207 -0.9410322944246013 0
outer loop
vertex 74.20646400000001 60.485952000000005 1.9999573333333336
vertex 74.20646400000001 60.485952000000005 0
vertex 74.36887466666667 60.427562666666674 0
endloop
endfacet
facet normal -0.3383167463339207 -0.9410322944246013 0
outer loop
vertex 74.20646400000001 60.485952000000005 1.9999573333333336
vertex 74.36887466666667 60.427562666666674 0
vertex 74.36887466666667 60.427562666666674 1.9999573333333336
endloop
endfacet
facet normal -1 0 0
outer loop
vertex 76.09994666666667 57.88002133333334 1.9999573333333336
vertex 76.09994666666667 57.88002133333334 0
vertex 76.09994666666667 9.720106666666668 0
endloop
endfacet
facet normal -1 0 0
outer loop
vertex 76.09994666666667 57.88002133333334 1.9999573333333336
vertex 76.09994666666667 9.720106666666668 0
vertex 76.09994666666667 9.720106666666668 1.9999573333333336
endloop
endfacet
facet normal -0.03132365308777544 -0.9995092939824204 0
outer loop
vertex 68.05203200000001 66.09476266666667 1.9999573333333336
vertex 67.87980800000001 66.10016 1.9999573333333336
vertex 67.87980800000001 66.10016 0
endloop
endfacet
facet normal -0.03132365308777544 -0.9995092939824204 0
outer loop
vertex 68.05203200000001 66.09476266666667 1.9999573333333336
vertex 67.87980800000001 66.10016 0
vertex 68.05203200000001 66.09476266666667 0
endloop
endfacet
facet normal -0.2792340118855069 -0.9602230816879611 0
outer loop
vertex 68.72669866666668 65.96571733333334 0
vertex 68.72669866666668 65.96571733333334 1.9999573333333336
vertex 68.561344 66.01380266666668 1.9999573333333336
endloop
endfacet
facet normal -0.2792340118855069 -0.9602230816879611 0
outer loop
vertex 68.72669866666668 65.96571733333334 0
vertex 68.561344 66.01380266666668 1.9999573333333336
vertex 68.561344 66.01380266666668 0
endloop
endfacet
facet normal -0.2196479488927651 -0.975579201575762 0
outer loop
vertex 68.39353600000001 66.051584 1.9999573333333336
vertex 68.39353600000001 66.051584 0
vertex 68.561344 66.01380266666668 0
endloop
endfacet
facet normal -0.2196479488927651 -0.975579201575762 0
outer loop
vertex 68.39353600000001 66.051584 1.9999573333333336
vertex 68.561344 66.01380266666668 0
vertex 68.561344 66.01380266666668 1.9999573333333336
endloop
endfacet
facet normal -0.09413598424606706 -0.995559348542328 0
outer loop
vertex 68.22327466666667 66.07857066666668 1.9999573333333336
vertex 68.05203200000001 66.09476266666667 1.9999573333333336
vertex 68.05203200000001 66.09476266666667 0
endloop
endfacet
facet normal -0.09413598424606706 -0.995559348542328 0
outer loop
vertex 68.22327466666667 66.07857066666668 1.9999573333333336
vertex 68.05203200000001 66.09476266666667 0
vertex 68.22327466666667 66.07857066666668 0
endloop
endfacet
facet normal -0.15654719415127863 -0.9876704794633491 0
outer loop
vertex 68.39353600000001 66.051584 0
vertex 68.39353600000001 66.051584 1.9999573333333336
vertex 68.22327466666667 66.07857066666668 1.9999573333333336
endloop
endfacet
facet normal -0.15654719415127863 -0.9876704794633491 0
outer loop
vertex 68.39353600000001 66.051584 0
vertex 68.22327466666667 66.07857066666668 1.9999573333333336
vertex 68.22327466666667 66.07857066666668 0
endloop
endfacet
facet normal -0.9955593485423282 -0.09413598424606318 0
outer loop
vertex 70.59859200000001 63.703253333333336 1.9999573333333336
vertex 70.59859200000001 63.703253333333336 0
vertex 70.614784 63.53201066666667 0
endloop
endfacet
facet normal -0.9955593485423282 -0.09413598424606318 0
outer loop
vertex 70.59859200000001 63.703253333333336 1.9999573333333336
vertex 70.614784 63.53201066666667 0
vertex 70.614784 63.53201066666667 1.9999573333333336
endloop
endfacet
facet normal -0.7899660697354648 -0.6131505595420287 0
outer loop
vertex 69.99114666666667 65.10656 1.9999573333333336
vertex 69.99114666666667 65.10656 0
vertex 70.09664000000001 64.97064533333334 0
endloop
endfacet
facet normal -0.7899660697354648 -0.6131505595420287 0
outer loop
vertex 69.99114666666667 65.10656 1.9999573333333336
vertex 70.09664000000001 64.97064533333334 0
vertex 70.09664000000001 64.97064533333334 1.9999573333333336
endloop
endfacet
facet normal -0.4529013970572659 -0.8915606118170412 0
outer loop
vertex 69.200192 65.76110933333334 1.9999573333333336
vertex 69.04661333333334 65.83912533333334 1.9999573333333336
vertex 69.04661333333334 65.83912533333334 0
endloop
endfacet
facet normal -0.4529013970572659 -0.8915606118170412 0
outer loop
vertex 69.200192 65.76110933333334 1.9999573333333336
vertex 69.04661333333334 65.83912533333334 0
vertex 69.200192 65.76110933333334 0
endloop
endfacet
facet normal -0.5098804687547038 -0.8602452601336921 0
outer loop
vertex 69.34837333333334 65.67328 0
vertex 69.34837333333334 65.67328 1.9999573333333336
vertex 69.200192 65.76110933333334 1.9999573333333336
endloop
endfacet
facet normal -0.5098804687547038 -0.8602452601336921 0
outer loop
vertex 69.34837333333334 65.67328 0
vertex 69.200192 65.76110933333334 1.9999573333333336
vertex 69.200192 65.76110933333334 0
endloop
endfacet
facet normal -0.9602230816879546 -0.279234011885529 0
outer loop
vertex 70.53382400000001 64.04132266666667 0
vertex 70.53382400000001 64.04132266666667 1.9999573333333336
vertex 70.48573866666668 64.20667733333333 1.9999573333333336
endloop
endfacet
facet normal -0.9602230816879546 -0.279234011885529 0
outer loop
vertex 70.53382400000001 64.04132266666667 0
vertex 70.48573866666668 64.20667733333333 1.9999573333333336
vertex 70.48573866666668 64.20667733333333 0
endloop
endfacet
facet normal -0.9181095165317558 -0.39632677887549517 0
outer loop
vertex 70.35914666666667 64.52659200000001 1.9999573333333336
vertex 70.35914666666667 64.52659200000001 0
vertex 70.42734933333334 64.36859733333334 0
endloop
endfacet
facet normal -0.9181095165317558 -0.39632677887549517 0
outer loop
vertex 70.35914666666667 64.52659200000001 1.9999573333333336
vertex 70.42734933333334 64.36859733333334 0
vertex 70.42734933333334 64.36859733333334 1.9999573333333336
endloop
endfacet
facet normal -0.9407055795672706 -0.33922413323790157 0
outer loop
vertex 70.42734933333334 64.36859733333334 1.9999573333333336
vertex 70.42734933333334 64.36859733333334 0
vertex 70.48573866666668 64.20667733333333 0
endloop
endfacet
facet normal -0.9407055795672706 -0.33922413323790157 0
outer loop
vertex 70.42734933333334 64.36859733333334 1.9999573333333336
vertex 70.48573866666668 64.20667733333333 0
vertex 70.48573866666668 64.20667733333333 1.9999573333333336
endloop
endfacet
facet normal -0.9876704794633481 -0.156547194151285 0
outer loop
vertex 70.59859200000001 63.703253333333336 0
vertex 70.59859200000001 63.703253333333336 1.9999573333333336
vertex 70.57160533333334 63.87351466666667 1.9999573333333336
endloop
endfacet
facet normal -0.9876704794633481 -0.156547194151285 0
outer loop
vertex 70.59859200000001 63.703253333333336 0
vertex 70.57160533333334 63.87351466666667 1.9999573333333336
vertex 70.57160533333334 63.87351466666667 0
endloop
endfacet
facet normal -0.9755792015757639 -0.21964794889275624 0
outer loop
vertex 70.57160533333334 63.87351466666667 1.9999573333333336
vertex 70.53382400000001 64.04132266666667 1.9999573333333336
vertex 70.53382400000001 64.04132266666667 0
endloop
endfacet
facet normal -0.9755792015757639 -0.21964794889275624 0
outer loop
vertex 70.57160533333334 63.87351466666667 1.9999573333333336
vertex 70.53382400000001 64.04132266666667 0
vertex 70.57160533333334 63.87351466666667 0
endloop
endfacet
facet normal -0.7499210618143894 -0.6615273244902122 0
outer loop
vertex 69.877312 65.23560533333334 1.9999573333333336
vertex 69.877312 65.23560533333334 0
vertex 69.99114666666667 65.10656 0
endloop
endfacet
facet normal -0.7499210618143894 -0.6615273244902122 0
outer loop
vertex 69.877312 65.23560533333334 1.9999573333333336
vertex 69.99114666666667 65.10656 0
vertex 69.99114666666667 65.10656 1.9999573333333336
endloop
endfacet
facet normal -0.6615273244902122 -0.7499210618143894 0
outer loop
vertex 69.75562666666667 65.35729066666667 1.9999573333333336
vertex 69.62658133333333 65.47112533333333 1.9999573333333336
vertex 69.62658133333333 65.47112533333333 0
endloop
endfacet
facet normal -0.6615273244902122 -0.7499210618143894 0
outer loop
vertex 69.75562666666667 65.35729066666667 1.9999573333333336
vertex 69.62658133333333 65.47112533333333 0
vertex 69.75562666666667 65.35729066666667 0
endloop
endfacet
facet normal -0.8271916756286528 -0.5619198624098118 0
outer loop
vertex 70.19330133333334 64.82835200000001 1.9999573333333336
vertex 70.09664000000001 64.97064533333334 1.9999573333333336
vertex 70.09664000000001 64.97064533333334 0
endloop
endfacet
facet normal -0.8271916756286528 -0.5619198624098118 0
outer loop
vertex 70.19330133333334 64.82835200000001 1.9999573333333336
vertex 70.09664000000001 64.97064533333334 0
vertex 70.19330133333334 64.82835200000001 0
endloop
endfacet
facet normal -0.8915606118170412 -0.4529013970572659 0
outer loop
vertex 70.28113066666667 64.68017066666667 1.9999573333333336
vertex 70.28113066666667 64.68017066666667 0
vertex 70.35914666666667 64.52659200000001 0
endloop
endfacet
facet normal -0.8915606118170412 -0.4529013970572659 0
outer loop
vertex 70.28113066666667 64.68017066666667 1.9999573333333336
vertex 70.35914666666667 64.52659200000001 0
vertex 70.35914666666667 64.52659200000001 1.9999573333333336
endloop
endfacet
facet normal -0.8602452601336921 -0.5098804687547038 0
outer loop
vertex 70.19330133333334 64.82835200000001 1.9999573333333336
vertex 70.19330133333334 64.82835200000001 0
vertex 70.28113066666667 64.68017066666667 0
endloop
endfacet
facet normal -0.8602452601336921 -0.5098804687547038 0
outer loop
vertex 70.19330133333334 64.82835200000001 1.9999573333333336
vertex 70.28113066666667 64.68017066666667 0
vertex 70.28113066666667 64.68017066666667 1.9999573333333336
endloop
endfacet
facet normal -0.6131505595420287 -0.7899660697354648 0
outer loop
vertex 69.49066666666667 65.57661866666668 1.9999573333333336
vertex 69.49066666666667 65.57661866666668 0
vertex 69.62658133333333 65.47112533333333 0
endloop
endfacet
facet normal -0.6131505595420287 -0.7899660697354648 0
outer loop
vertex 69.49066666666667 65.57661866666668 1.9999573333333336
vertex 69.62658133333333 65.47112533333333 0
vertex 69.62658133333333 65.47112533333333 1.9999573333333336
endloop
endfacet
facet normal -0.5619198624098118 -0.8271916756286528 0
outer loop
vertex 69.34837333333334 65.67328 1.9999573333333336
vertex 69.34837333333334 65.67328 0
vertex 69.49066666666667 65.57661866666668 0
endloop
endfacet
facet normal -0.5619198624098118 -0.8271916756286528 0
outer loop
vertex 69.34837333333334 65.67328 1.9999573333333336
vertex 69.49066666666667 65.57661866666668 0
vertex 69.49066666666667 65.57661866666668 1.9999573333333336
endloop
endfacet
facet normal -0.3987261114144259 -0.9170700562532454 0
outer loop
vertex 68.88861866666667 65.90781866666667 1.9999573333333336
vertex 68.88861866666667 65.90781866666667 0
vertex 69.04661333333334 65.83912533333334 0
endloop
endfacet
facet normal -0.3987261114144259 -0.9170700562532454 0
outer loop
vertex 68.88861866666667 65.90781866666667 1.9999573333333336
vertex 69.04661333333334 65.83912533333334 0
vertex 69.04661333333334 65.83912533333334 1.9999573333333336
endloop
endfacet
facet normal -0.3366978853998458 -0.9416127303553582 0
outer loop
vertex 68.72669866666668 65.96571733333334 1.9999573333333336
vertex 68.72669866666668 65.96571733333334 0
vertex 68.88861866666667 65.90781866666667 0
endloop
endfacet
facet normal -0.3366978853998458 -0.9416127303553582 0
outer loop
vertex 68.72669866666668 65.96571733333334 1.9999573333333336
vertex 68.88861866666667 65.90781866666667 0
vertex 68.88861866666667 65.90781866666667 1.9999573333333336
endloop
endfacet
facet normal 0 -0.9999999999999999 0
outer loop
vertex 9.720106666666668 66.10016 1.9999573333333336
vertex 9.720106666666668 66.10016 0
vertex 67.87980800000001 66.10016 0
endloop
endfacet
facet normal 0 -0.9999999999999999 0
outer loop
vertex 9.720106666666668 66.10016 1.9999573333333336
vertex 67.87980800000001 66.10016 0
vertex 67.87980800000001 66.10016 1.9999573333333336
endloop
endfacet
facet normal 0.9995092939824208 -0.031323653087767724 0
outer loop
vertex 1.5053653333333334 58.05224533333334 1.9999573333333336
vertex 1.4999680000000002 57.88002133333334 1.9999573333333336
vertex 1.4999680000000002 57.88002133333334 0
endloop
endfacet
facet normal 0.9995092939824208 -0.031323653087767724 0
outer loop
vertex 1.5053653333333334 58.05224533333334 1.9999573333333336
vertex 1.4999680000000002 57.88002133333334 0
vertex 1.5053653333333334 58.05224533333334 0
endloop
endfacet
facet normal 0.9609840687510071 -0.2766037230529622 0
outer loop
vertex 1.63392 58.726912000000006 0
vertex 1.63392 58.726912000000006 1.9999573333333336
vertex 1.5863253333333334 58.56155733333334 1.9999573333333336
endloop
endfacet
facet normal 0.9609840687510071 -0.2766037230529622 0
outer loop
vertex 1.63392 58.726912000000006 0
vertex 1.5863253333333334 58.56155733333334 1.9999573333333336
vertex 1.5863253333333334 58.56155733333334 0
endloop
endfacet
facet normal 0.9757162520935722 -0.2190383423067125 0
outer loop
vertex 1.5485440000000001 58.39325866666667 1.9999573333333336
vertex 1.5485440000000001 58.39325866666667 0
vertex 1.5863253333333334 58.56155733333334 0
endloop
endfacet
facet normal 0.9757162520935722 -0.2190383423067125 0
outer loop
vertex 1.5485440000000001 58.39325866666667 1.9999573333333336
vertex 1.5863253333333334 58.56155733333334 0
vertex 1.5863253333333334 58.56155733333334 1.9999573333333336
endloop
endfacet
facet normal 0.9955593485423224 -0.09413598424612331 0
outer loop
vertex 1.5215573333333334 58.223488 1.9999573333333336
vertex 1.5053653333333334 58.05224533333334 1.9999573333333336
vertex 1.5053653333333334 58.05224533333334 0
endloop
endfacet
facet normal 0.9955593485423224 -0.09413598424612331 0
outer loop
vertex 1.5215573333333334 58.223488 1.9999573333333336
vertex 1.5053653333333334 58.05224533333334 0
vertex 1.5215573333333334 58.223488 0
endloop
endfacet
facet normal 0.9876004295688271 -0.15698850759042254 0
outer loop
vertex 1.5485440000000001 58.39325866666667 0
vertex 1.5485440000000001 58.39325866666667 1.9999573333333336
vertex 1.5215573333333334 58.223488 1.9999573333333336
endloop
endfacet
facet normal 0.9876004295688271 -0.15698850759042254 0
outer loop
vertex 1.5485440000000001 58.39325866666667 0
vertex 1.5215573333333334 58.223488 1.9999573333333336
vertex 1.5215573333333334 58.223488 0
endloop
endfacet
facet normal 0.0938693975873359 -0.995584519865888 0
outer loop
vertex 3.8963840000000003 60.598314666666674 1.9999573333333336
vertex 3.8963840000000003 60.598314666666674 0
vertex 4.068117333333333 60.61450666666667 0
endloop
endfacet
facet normal 0.0938693975873359 -0.995584519865888 0
outer loop
vertex 3.8963840000000003 60.598314666666674 1.9999573333333336
vertex 4.068117333333333 60.61450666666667 0
vertex 4.068117333333333 60.61450666666667 1.9999573333333336
endloop
endfacet
facet normal 0.6131505595419708 -0.7899660697355095 0
outer loop
vertex 2.4935680000000002 59.99136000000001 1.9999573333333336
vertex 2.4935680000000002 59.99136000000001 0
vertex 2.629482666666667 60.096853333333335 0
endloop
endfacet
facet normal 0.6131505595419708 -0.7899660697355095 0
outer loop
vertex 2.4935680000000002 59.99136000000001 1.9999573333333336
vertex 2.629482666666667 60.096853333333335 0
vertex 2.629482666666667 60.096853333333335 1.9999573333333336
endloop
endfacet
facet normal 0.8909741087064927 -0.4540541130907978 0
outer loop
vertex 1.8390186666666668 59.19991466666667 1.9999573333333336
vertex 1.7610026666666667 59.04682666666667 1.9999573333333336
vertex 1.7610026666666667 59.04682666666667 0
endloop
endfacet
facet normal 0.8909741087064927 -0.4540541130907978 0
outer loop
vertex 1.8390186666666668 59.19991466666667 1.9999573333333336
vertex 1.7610026666666667 59.04682666666667 0
vertex 1.8390186666666668 59.19991466666667 0
endloop
endfacet
facet normal 0.8614938964444804 -0.5077679257189317 0
outer loop
vertex 1.9263573333333335 59.348096000000005 0
vertex 1.9263573333333335 59.348096000000005 1.9999573333333336
vertex 1.8390186666666668 59.19991466666667 1.9999573333333336
endloop
endfacet
facet normal 0.8614938964444804 -0.5077679257189317 0
outer loop
vertex 1.9263573333333335 59.348096000000005 0
vertex 1.8390186666666668 59.19991466666667 1.9999573333333336
vertex 1.8390186666666668 59.19991466666667 0
endloop
endfacet
facet normal 0.27923401188551583 -0.9602230816879583 0
outer loop
vertex 3.558805333333334 60.53403733333334 0
vertex 3.558805333333334 60.53403733333334 1.9999573333333336
vertex 3.393450666666667 60.485952000000005 1.9999573333333336
endloop
endfacet
facet normal 0.27923401188551583 -0.9602230816879583 0
outer loop
vertex 3.558805333333334 60.53403733333334 0
vertex 3.393450666666667 60.485952000000005 1.9999573333333336
vertex 3.393450666666667 60.485952000000005 0
endloop
endfacet
facet normal 0.39632677887553097 -0.9181095165317404 0
outer loop
vertex 3.0735360000000003 60.35936 1.9999573333333336
vertex 3.0735360000000003 60.35936 0
vertex 3.231530666666667 60.427562666666674 0
endloop
endfacet
facet normal 0.39632677887553097 -0.9181095165317404 0
outer loop
vertex 3.0735360000000003 60.35936 1.9999573333333336
vertex 3.231530666666667 60.427562666666674 0
vertex 3.231530666666667 60.427562666666674 1.9999573333333336
endloop
endfacet
facet normal 0.33922413323788236 -0.9407055795672775 0
outer loop
vertex 3.231530666666667 60.427562666666674 1.9999573333333336
vertex 3.231530666666667 60.427562666666674 0
vertex 3.393450666666667 60.485952000000005 0
endloop
endfacet
facet normal 0.33922413323788236 -0.9407055795672775 0
outer loop
vertex 3.231530666666667 60.427562666666674 1.9999573333333336
vertex 3.393450666666667 60.485952000000005 0
vertex 3.393450666666667 60.485952000000005 1.9999573333333336
endloop
endfacet
facet normal 0.15698850759045624 -0.9876004295688218 0
outer loop
vertex 3.8963840000000003 60.598314666666674 0
vertex 3.8963840000000003 60.598314666666674 1.9999573333333336
vertex 3.7266133333333338 60.571328 1.9999573333333336
endloop
endfacet
facet normal 0.15698850759045624 -0.9876004295688218 0
outer loop
vertex 3.8963840000000003 60.598314666666674 0
vertex 3.7266133333333338 60.571328 1.9999573333333336
vertex 3.7266133333333338 60.571328 0
endloop
endfacet
facet normal 0.21693045781863976 -0.9761870601839564 0
outer loop
vertex 3.7266133333333338 60.571328 1.9999573333333336
vertex 3.558805333333334 60.53403733333334 1.9999573333333336
vertex 3.558805333333334 60.53403733333334 0
endloop
endfacet
facet normal 0.21693045781863976 -0.9761870601839564 0
outer loop
vertex 3.7266133333333338 60.571328 1.9999573333333336
vertex 3.558805333333334 60.53403733333334 0
vertex 3.7266133333333338 60.571328 0
endloop
endfacet
facet normal 0.661527324490247 -0.7499210618143588 0
outer loop
vertex 2.3645226666666668 59.87752533333334 1.9999573333333336
vertex 2.3645226666666668 59.87752533333334 0
vertex 2.4935680000000002 59.99136000000001 0
endloop
endfacet
facet normal 0.661527324490247 -0.7499210618143588 0
outer loop
vertex 2.3645226666666668 59.87752533333334 1.9999573333333336
vertex 2.4935680000000002 59.99136000000001 0
vertex 2.4935680000000002 59.99136000000001 1.9999573333333336
endloop
endfacet
facet normal 0.7511648984498805 -0.6601146077286736 0
outer loop
vertex 2.2428373333333336 59.755840000000006 1.9999573333333336
vertex 2.129002666666667 59.626304000000005 1.9999573333333336
vertex 2.129002666666667 59.626304000000005 0
endloop
endfacet
facet normal 0.7511648984498805 -0.6601146077286736 0
outer loop
vertex 2.2428373333333336 59.755840000000006 1.9999573333333336
vertex 2.129002666666667 59.626304000000005 0
vertex 2.2428373333333336 59.755840000000006 0
endloop
endfacet
facet normal 0.7071067811865424 -0.7071067811865527 0
outer loop
vertex 7.722602666666667 65.23560533333334 1.9999573333333336
vertex 7.722602666666667 65.23560533333334 0
vertex 7.844288000000001 65.35729066666667 0
endloop
endfacet
facet normal 0.7071067811865424 -0.7071067811865527 0
outer loop
vertex 7.722602666666667 65.23560533333334 1.9999573333333336
vertex 7.844288000000001 65.35729066666667 0
vertex 7.844288000000001 65.35729066666667 1.9999573333333336
endloop
endfacet
facet normal 0.7071067811865436 -0.7071067811865513 0
outer loop
vertex 2.2428373333333336 59.755840000000006 1.9999573333333336
vertex 2.2428373333333336 59.755840000000006 0
vertex 2.3645226666666668 59.87752533333334 0
endloop
endfacet
facet normal 0.7071067811865436 -0.7071067811865513 0
outer loop
vertex 2.2428373333333336 59.755840000000006 1.9999573333333336
vertex 2.3645226666666668 59.87752533333334 0
vertex 2.3645226666666668 59.87752533333334 1.9999573333333336
endloop
endfacet
facet normal 0.5619198624098256 -0.8271916756286434 0
outer loop
vertex 2.771776 60.19351466666667 1.9999573333333336
vertex 2.629482666666667 60.096853333333335 1.9999573333333336
vertex 2.629482666666667 60.096853333333335 0
endloop
endfacet
facet normal 0.5619198624098256 -0.8271916756286434 0
outer loop
vertex 2.771776 60.19351466666667 1.9999573333333336
vertex 2.629482666666667 60.096853333333335 0
vertex 2.771776 60.19351466666667 0
endloop
endfacet
facet normal 0.4551611820447351 -0.8904090623750633 0
outer loop
vertex 2.9199573333333335 60.28085333333334 1.9999573333333336
vertex 2.9199573333333335 60.28085333333334 0
vertex 3.0735360000000003 60.35936 0
endloop
endfacet
facet normal 0.4551611820447351 -0.8904090623750633 0
outer loop
vertex 2.9199573333333335 60.28085333333334 1.9999573333333336
vertex 3.0735360000000003 60.35936 0
vertex 3.0735360000000003 60.35936 1.9999573333333336
endloop
endfacet
facet normal 0.5077679257189355 -0.8614938964444782 0
outer loop
vertex 2.771776 60.19351466666667 1.9999573333333336
vertex 2.771776 60.19351466666667 0
vertex 2.9199573333333335 60.28085333333334 0
endloop
endfacet
facet normal 0.5077679257189355 -0.8614938964444782 0
outer loop
vertex 2.771776 60.19351466666667 1.9999573333333336
vertex 2.9199573333333335 60.28085333333334 0
vertex 2.9199573333333335 60.28085333333334 1.9999573333333336
endloop
endfacet
facet normal 0.7899660697354898 -0.6131505595419965 0
outer loop
vertex 2.0235093333333336 59.49038933333334 1.9999573333333336
vertex 2.0235093333333336 59.49038933333334 0
vertex 2.129002666666667 59.626304000000005 0
endloop
endfacet
facet normal 0.7899660697354898 -0.6131505595419965 0
outer loop
vertex 2.0235093333333336 59.49038933333334 1.9999573333333336
vertex 2.129002666666667 59.626304000000005 0
vertex 2.129002666666667 59.626304000000005 1.9999573333333336
endloop
endfacet
facet normal 0.825865673197976 -0.5638669079075788 0
outer loop
vertex 1.9263573333333335 59.348096000000005 1.9999573333333336
vertex 1.9263573333333335 59.348096000000005 0
vertex 2.0235093333333336 59.49038933333334 0
endloop
endfacet
facet normal 0.825865673197976 -0.5638669079075788 0
outer loop
vertex 1.9263573333333335 59.348096000000005 1.9999573333333336
vertex 2.0235093333333336 59.49038933333334 0
vertex 2.0235093333333336 59.49038933333334 1.9999573333333336
endloop
endfacet
facet normal 0.917070056253229 -0.39872611141446374 0
outer loop
vertex 1.6923093333333334 58.88883200000001 1.9999573333333336
vertex 1.6923093333333334 58.88883200000001 0
vertex 1.7610026666666667 59.04682666666667 0
endloop
endfacet
facet normal 0.917070056253229 -0.39872611141446374 0
outer loop
vertex 1.6923093333333334 58.88883200000001 1.9999573333333336
vertex 1.7610026666666667 59.04682666666667 0
vertex 1.7610026666666667 59.04682666666667 1.9999573333333336
endloop
endfacet
facet normal 0.9407055795672741 -0.3392241332378919 0
outer loop
vertex 1.63392 58.726912000000006 1.9999573333333336
vertex 1.63392 58.726912000000006 0
vertex 1.6923093333333334 58.88883200000001 0
endloop
endfacet
facet normal 0.9407055795672741 -0.3392241332378919 0
outer loop
vertex 1.63392 58.726912000000006 1.9999573333333336
vertex 1.6923093333333334 58.88883200000001 0
vertex 1.6923093333333334 58.88883200000001 1.9999573333333336
endloop
endfacet
facet normal 0.9602230816879546 -0.279234011885529 0
outer loop
vertex 7.1141760000000005 64.20667733333333 0
vertex 7.1141760000000005 64.20667733333333 1.9999573333333336
vertex 7.066090666666668 64.04132266666667 1.9999573333333336
endloop
endfacet
facet normal 0.9602230816879546 -0.279234011885529 0
outer loop
vertex 7.1141760000000005 64.20667733333333 0
vertex 7.066090666666668 64.04132266666667 1.9999573333333336
vertex 7.066090666666668 64.04132266666667 0
endloop
endfacet
facet normal 0.9755792015757562 -0.21964794889279063 0
outer loop
vertex 7.0283093333333335 63.87351466666667 1.9999573333333336
vertex 7.0283093333333335 63.87351466666667 0
vertex 7.066090666666668 64.04132266666667 0
endloop
endfacet
facet normal 0.9755792015757562 -0.21964794889279063 0
outer loop
vertex 7.0283093333333335 63.87351466666667 1.9999573333333336
vertex 7.066090666666668 64.04132266666667 0
vertex 7.066090666666668 64.04132266666667 1.9999573333333336
endloop
endfacet
facet normal 0.9955593485423224 -0.0941359842461246 0
outer loop
vertex 7.001813333333334 63.703253333333336 1.9999573333333336
vertex 6.9856213333333335 63.53201066666667 1.9999573333333336
vertex 6.9856213333333335 63.53201066666667 0
endloop
endfacet
facet normal 0.9955593485423224 -0.0941359842461246 0
outer loop
vertex 7.001813333333334 63.703253333333336 1.9999573333333336
vertex 6.9856213333333335 63.53201066666667 0
vertex 7.001813333333334 63.703253333333336 0
endloop
endfacet
facet normal 0.9881164523796846 -0.1537070037034703 -0.00018316410086509065
outer loop
vertex 7.018496000000001 63.809237333333336 0.9999786666666668
vertex 7.024874666666667 63.85143466666667 0
vertex 7.0283093333333335 63.87351466666667 0
endloop
endfacet
facet normal 0.9885455244236279 -0.1509229808280186 0
outer loop
vertex 7.018496000000001 63.809237333333336 0.9999786666666668
vertex 7.0283093333333335 63.87351466666667 0
vertex 7.0283093333333335 63.87351466666667 1.9999573333333336
endloop
endfacet
facet normal 0.9881164523796846 -0.1537070037034703 0.00018316410086509065
outer loop
vertex 7.018496000000001 63.809237333333336 0.9999786666666668
vertex 7.0283093333333335 63.87351466666667 1.9999573333333336
vertex 7.024874666666667 63.85143466666667 1.9999573333333336
endloop
endfacet
facet normal 0.9881054063068898 -0.15377799369676923 0.0001862302139024002
outer loop
vertex 7.018496000000001 63.809237333333336 0.9999786666666668
vertex 7.024874666666667 63.85143466666667 1.9999573333333336
vertex 7.001813333333334 63.703253333333336 1.9999573333333336
endloop
endfacet
facet normal 0.9878370155952199 -0.15549286356591885 0
outer loop
vertex 7.018496000000001 63.809237333333336 0.9999786666666668
vertex 7.001813333333334 63.703253333333336 1.9999573333333336
vertex 7.001813333333334 63.703253333333336 0
endloop
endfacet
facet normal 0.9881054063068898 -0.15377799369676923 -0.0001862302139024002
outer loop
vertex 7.018496000000001 63.809237333333336 0.9999786666666668
vertex 7.001813333333334 63.703253333333336 0
vertex 7.024874666666667 63.85143466666667 0
endloop
endfacet
facet normal 0.09413598424606125 -0.9955593485423284 0
outer loop
vertex 9.37664 66.07857066666668 1.9999573333333336
vertex 9.37664 66.07857066666668 0
vertex 9.547882666666668 66.09476266666667 0
endloop
endfacet
facet normal 0.09413598424606125 -0.9955593485423284 0
outer loop
vertex 9.37664 66.07857066666668 1.9999573333333336
vertex 9.547882666666668 66.09476266666667 0
vertex 9.547882666666668 66.09476266666667 1.9999573333333336
endloop
endfacet
facet normal 0.03132365308777544 -0.9995092939824204 0
outer loop
vertex 9.547882666666668 66.09476266666667 1.9999573333333336
vertex 9.547882666666668 66.09476266666667 0
vertex 9.720106666666668 66.10016 0
endloop
endfacet
facet normal 0.03132365308777544 -0.9995092939824204 0
outer loop
vertex 9.547882666666668 66.09476266666667 1.9999573333333336
vertex 9.720106666666668 66.10016 0
vertex 9.720106666666668 66.10016 1.9999573333333336
endloop
endfacet
facet normal 0.6131505595420212 -0.7899660697354707 0
outer loop
vertex 7.973333333333334 65.47112533333333 1.9999573333333336
vertex 7.973333333333334 65.47112533333333 0
vertex 8.109248000000001 65.57661866666668 0
endloop
endfacet
facet normal 0.6131505595420212 -0.7899660697354707 0
outer loop
vertex 7.973333333333334 65.47112533333333 1.9999573333333336
vertex 8.109248000000001 65.57661866666668 0
vertex 8.109248000000001 65.57661866666668 1.9999573333333336
endloop
endfacet
facet normal 0.8915606118170537 -0.45290139705724136 0
outer loop
vertex 7.318784000000001 64.68017066666667 1.9999573333333336
vertex 7.240768000000001 64.52659200000001 1.9999573333333336
vertex 7.240768000000001 64.52659200000001 0
endloop
endfacet
facet normal 0.8915606118170537 -0.45290139705724136 0
outer loop
vertex 7.318784000000001 64.68017066666667 1.9999573333333336
vertex 7.240768000000001 64.52659200000001 0
vertex 7.318784000000001 64.68017066666667 0
endloop
endfacet
facet normal 0.8602452601336897 -0.5098804687547076 0
outer loop
vertex 7.4066133333333335 64.82835200000001 0
vertex 7.4066133333333335 64.82835200000001 1.9999573333333336
vertex 7.318784000000001 64.68017066666667 1.9999573333333336
endloop
endfacet
facet normal 0.8602452601336897 -0.5098804687547076 0
outer loop
vertex 7.4066133333333335 64.82835200000001 0
vertex 7.318784000000001 64.68017066666667 1.9999573333333336
vertex 7.318784000000001 64.68017066666667 0
endloop
endfacet
facet normal 0.27923401188551794 -0.9602230816879578 0
outer loop
vertex 9.038570666666667 66.01380266666668 0
vertex 9.038570666666667 66.01380266666668 1.9999573333333336
vertex 8.873216000000001 65.96571733333334 1.9999573333333336
endloop
endfacet
facet normal 0.27923401188551794 -0.9602230816879578 0
outer loop
vertex 9.038570666666667 66.01380266666668 0
vertex 8.873216000000001 65.96571733333334 1.9999573333333336
vertex 8.873216000000001 65.96571733333334 0
endloop
endfacet
facet normal 0.3987261114144259 -0.9170700562532454 0
outer loop
vertex 8.553301333333334 65.83912533333334 1.9999573333333336
vertex 8.553301333333334 65.83912533333334 0
vertex 8.711296 65.90781866666667 0
endloop
endfacet
facet normal 0.3987261114144259 -0.9170700562532454 0
outer loop
vertex 8.553301333333334 65.83912533333334 1.9999573333333336
vertex 8.711296 65.90781866666667 0
vertex 8.711296 65.90781866666667 1.9999573333333336
endloop
endfacet
facet normal 0.33669788539983597 -0.9416127303553616 0
outer loop
vertex 8.711296 65.90781866666667 1.9999573333333336
vertex 8.711296 65.90781866666667 0
vertex 8.873216000000001 65.96571733333334 0
endloop
endfacet
facet normal 0.33669788539983597 -0.9416127303553616 0
outer loop
vertex 8.711296 65.90781866666667 1.9999573333333336
vertex 8.873216000000001 65.96571733333334 0
vertex 8.873216000000001 65.96571733333334 1.9999573333333336
endloop
endfacet
facet normal 0.1565471941512882 -0.9876704794633476 0
outer loop
vertex 9.37664 66.07857066666668 0
vertex 9.37664 66.07857066666668 1.9999573333333336
vertex 9.206378666666668 66.051584 1.9999573333333336
endloop
endfacet
facet normal 0.1565471941512882 -0.9876704794633476 0
outer loop
vertex 9.37664 66.07857066666668 0
vertex 9.206378666666668 66.051584 1.9999573333333336
vertex 9.206378666666668 66.051584 0
endloop
endfacet
facet normal 0.21964794889275624 -0.9755792015757639 0
outer loop
vertex 9.206378666666668 66.051584 1.9999573333333336
vertex 9.038570666666667 66.01380266666668 1.9999573333333336
vertex 9.038570666666667 66.01380266666668 0
endloop
endfacet
facet normal 0.21964794889275624 -0.9755792015757639 0
outer loop
vertex 9.206378666666668 66.051584 1.9999573333333336
vertex 9.038570666666667 66.01380266666668 0
vertex 9.206378666666668 66.051584 0
endloop
endfacet
facet normal 0.6615273244902251 -0.7499210618143782 0
outer loop
vertex 7.844288000000001 65.35729066666667 1.9999573333333336
vertex 7.844288000000001 65.35729066666667 0
vertex 7.973333333333334 65.47112533333333 0
endloop
endfacet
facet normal 0.6615273244902251 -0.7499210618143782 0
outer loop
vertex 7.844288000000001 65.35729066666667 1.9999573333333336
vertex 7.973333333333334 65.47112533333333 0
vertex 7.973333333333334 65.47112533333333 1.9999573333333336
endloop
endfacet
facet normal 0.7499210618143768 -0.6615273244902268 0
outer loop
vertex 7.722602666666667 65.23560533333334 1.9999573333333336
vertex 7.608768 65.10656 1.9999573333333336
vertex 7.608768 65.10656 0
endloop
endfacet
facet normal 0.7499210618143768 -0.6615273244902268 0
outer loop
vertex 7.722602666666667 65.23560533333334 1.9999573333333336
vertex 7.608768 65.10656 0
vertex 7.722602666666667 65.23560533333334 0
endloop
endfacet
facet normal 0.5605964339974534 -0.8280891486967685 0
outer loop
vertex 8.252032 65.67328 1.9999573333333336
vertex 8.109248000000001 65.57661866666668 1.9999573333333336
vertex 8.109248000000001 65.57661866666668 0
endloop
endfacet
facet normal 0.5605964339974534 -0.8280891486967685 0
outer loop
vertex 8.252032 65.67328 1.9999573333333336
vertex 8.109248000000001 65.57661866666668 0
vertex 8.252032 65.67328 0
endloop
endfacet
facet normal 0.45405411309082977 -0.8909741087064765 0
outer loop
vertex 8.400213333333333 65.76110933333334 1.9999573333333336
vertex 8.400213333333333 65.76110933333334 0
vertex 8.553301333333334 65.83912533333334 0
endloop
endfacet
facet normal 0.45405411309082977 -0.8909741087064765 0
outer loop
vertex 8.400213333333333 65.76110933333334 1.9999573333333336
vertex 8.553301333333334 65.83912533333334 0
vertex 8.553301333333334 65.83912533333334 1.9999573333333336
endloop
endfacet
facet normal 0.5098804687547219 -0.8602452601336812 0
outer loop
vertex 8.252032 65.67328 1.9999573333333336
vertex 8.252032 65.67328 0
vertex 8.400213333333333 65.76110933333334 0
endloop
endfacet
facet normal 0.5098804687547219 -0.8602452601336812 0
outer loop
vertex 8.252032 65.67328 1.9999573333333336
vertex 8.400213333333333 65.76110933333334 0
vertex 8.400213333333333 65.76110933333334 1.9999573333333336
endloop
endfacet
facet normal 0.7899660697354898 -0.6131505595419965 0
outer loop
vertex 7.503274666666667 64.97064533333334 1.9999573333333336
vertex 7.503274666666667 64.97064533333334 0
vertex 7.608768 65.10656 0
endloop
endfacet
facet normal 0.7899660697354898 -0.6131505595419965 0
outer loop
vertex 7.503274666666667 64.97064533333334 1.9999573333333336
vertex 7.608768 65.10656 0
vertex 7.608768 65.10656 1.9999573333333336
endloop
endfacet
facet normal 0.8271916756286433 -0.5619198624098259 0
outer loop
vertex 7.4066133333333335 64.82835200000001 1.9999573333333336
vertex 7.4066133333333335 64.82835200000001 0
vertex 7.503274666666667 64.97064533333334 0
endloop
endfacet
facet normal 0.8271916756286433 -0.5619198624098259 0
outer loop
vertex 7.4066133333333335 64.82835200000001 1.9999573333333336
vertex 7.503274666666667 64.97064533333334 0
vertex 7.503274666666667 64.97064533333334 1.9999573333333336
endloop
endfacet
facet normal 0.9181095165317502 -0.3963267788755082 0
outer loop
vertex 7.172565333333334 64.36859733333334 1.9999573333333336
vertex 7.172565333333334 64.36859733333334 0
vertex 7.240768000000001 64.52659200000001 0
endloop
endfacet
facet normal 0.9181095165317502 -0.3963267788755082 0
outer loop
vertex 7.172565333333334 64.36859733333334 1.9999573333333336
vertex 7.240768000000001 64.52659200000001 0
vertex 7.240768000000001 64.52659200000001 1.9999573333333336
endloop
endfacet
facet normal 0.9407055795672788 -0.33922413323787876 0
outer loop
vertex 7.1141760000000005 64.20667733333333 1.9999573333333336
vertex 7.1141760000000005 64.20667733333333 0
vertex 7.172565333333334 64.36859733333334 0
endloop
endfacet
facet normal 0.9407055795672788 -0.33922413323787876 0
outer loop
vertex 7.1141760000000005 64.20667733333333 1.9999573333333336
vertex 7.172565333333334 64.36859733333334 0
vertex 7.172565333333334 64.36859733333334 1.9999573333333336
endloop
endfacet
facet normal 0 0 -1
outer loop
vertex 38.79995733333334 66.99562666666667 0
vertex 69.379776 67.600128 0
vertex 69.552 67.59473066666668 0
endloop
endfacet
facet normal 0 0 -1
outer loop
vertex 38.79995733333334 66.99562666666667 0
vertex 69.552 67.59473066666668 0
vertex 69.72324266666668 67.57853866666667 0
endloop
endfacet
facet normal 0 0 -0.9999999999999999
outer loop
vertex 38.79995733333334 66.99562666666667 0
vertex 69.72324266666668 67.57853866666667 0
vertex 69.89350400000001 67.551552 0
endloop
endfacet
facet normal 0 0 -1
outer loop
vertex 38.79995733333334 66.99562666666667 0
vertex 69.89350400000001 67.551552 0
vertex 70.061312 67.51377066666667 0
endloop
endfacet
facet normal 0 0 -1
outer loop
vertex 38.79995733333334 66.99562666666667 0
vertex 70.061312 67.51377066666667 0
vertex 70.22666666666667 67.46568533333334 0
endloop
endfacet
facet normal 0 0 -0.9999999999999999
outer loop
vertex 38.79995733333334 66.99562666666667 0
vertex 70.22666666666667 67.46568533333334 0
vertex 70.38858666666667 67.40778666666667 0
endloop
endfacet
facet normal 0 0 -1
outer loop
vertex 38.79995733333334 66.99562666666667 0
vertex 70.38858666666667 67.40778666666667 0
vertex 70.54658133333334 67.33909333333334 0
endloop
endfacet
facet normal 0 0 -1
outer loop
vertex 38.79995733333334 66.99562666666667 0
vertex 70.54658133333334 67.33909333333334 0
vertex 70.70016000000001 67.26107733333333 0
endloop
endfacet
facet normal 0 0 -1
outer loop
vertex 38.79995733333334 66.99562666666667 0
vertex 70.70016000000001 67.26107733333333 0
vertex 70.84834133333334 67.173248 0
endloop
endfacet
facet normal 0 0 -1
outer loop
vertex 38.79995733333334 66.99562666666667 0
vertex 70.84834133333334 67.173248 0
vertex 70.99063466666666 67.07658666666667 0
endloop
endfacet
facet normal 0 0 -1
outer loop
vertex 38.79995733333334 66.99562666666667 0
vertex 70.99063466666666 67.07658666666667 0
vertex 71.12654933333334 66.97109333333334 0
endloop
endfacet
facet normal 0 0 -1
outer loop
vertex 38.79995733333334 66.99562666666667 0
vertex 71.12654933333334 66.97109333333334 0
vertex 71.25559466666667 66.85725866666667 0
endloop
endfacet
facet normal 0 0 -1
outer loop
vertex 38.79995733333334 66.99562666666667 0
vertex 71.25559466666667 66.85725866666667 0
vertex 71.37728 66.73557333333333 0
endloop
endfacet
facet normal 0 0 -0.9999999999999999
outer loop
vertex 38.79995733333334 66.99562666666667 0
vertex 71.37728 66.73557333333333 0
vertex 71.49111466666668 66.60652800000001 0
endloop
endfacet
facet normal 0 0 -1
outer loop
vertex 38.79995733333334 66.99562666666667 0
vertex 71.49111466666668 66.60652800000001 0
vertex 71.596608 66.47061333333333 0
endloop
endfacet
facet normal 0 0 -1
outer loop
vertex 38.79995733333334 66.99562666666667 0
vertex 71.596608 66.47061333333333 0
vertex 71.69326933333333 66.32832 0
endloop
endfacet
facet normal 0 0 -1
outer loop
vertex 38.79995733333334 66.99562666666667 0
vertex 71.69326933333333 66.32832 0
vertex 71.78109866666667 66.18013866666668 0
endloop
endfacet
facet normal 0 0 -1
outer loop
vertex 38.79995733333334 66.99562666666667 0
vertex 71.78109866666667 66.18013866666668 0
vertex 71.821824 66.10016 0
endloop
endfacet
facet normal 0 0 -0.9999999999999999
outer loop
vertex 38.79995733333334 66.99562666666667 0
vertex 71.821824 66.10016 0
vertex 67.87980800000001 66.10016 0
endloop
endfacet
facet normal 0 0 -1
outer loop
vertex 38.79995733333334 66.99562666666667 0
vertex 67.87980800000001 66.10016 0
vertex 9.720106666666668 66.10016 0
endloop
endfacet
facet normal 0 0 -0.9999999999999999
outer loop
vertex 38.79995733333334 66.99562666666667 0
vertex 9.720106666666668 66.10016 0
vertex 5.778090666666667 66.10016 0
endloop
endfacet
facet normal 0 0 -1
outer loop
vertex 38.79995733333334 66.99562666666667 0
vertex 5.778090666666667 66.10016 0
vertex 5.818816000000001 66.18013866666668 0
endloop
endfacet
facet normal 0 0 -1
outer loop
vertex 38.79995733333334 66.99562666666667 0
vertex 5.818816000000001 66.18013866666668 0
vertex 5.9066453333333335 66.32832 0
endloop
endfacet
facet normal 0 0 -1
outer loop
vertex 38.79995733333334 66.99562666666667 0
vertex 5.9066453333333335 66.32832 0
vertex 6.003306666666667 66.47061333333333 0
endloop
endfacet
facet normal 0 0 -1
outer loop
vertex 38.79995733333334 66.99562666666667 0
vertex 6.003306666666667 66.47061333333333 0
vertex 6.1088000000000005 66.60652800000001 0
endloop
endfacet
facet normal 0 0 -1
outer loop
vertex 38.79995733333334 66.99562666666667 0
vertex 6.1088000000000005 66.60652800000001 0
vertex 6.222634666666667 66.73557333333333 0
endloop
endfacet
facet normal 0 0 -1
outer loop
vertex 38.79995733333334 66.99562666666667 0
vertex 6.222634666666667 66.73557333333333 0
vertex 6.344320000000001 66.85725866666667 0
endloop
endfacet
facet normal 0 0 -0.9999999999999999
outer loop
vertex 38.79995733333334 66.99562666666667 0
vertex 6.344320000000001 66.85725866666667 0
vertex 6.473365333333334 66.97109333333334 0
endloop
endfacet
facet normal 0 0 -1
outer loop
vertex 38.79995733333334 66.99562666666667 0
vertex 6.473365333333334 66.97109333333334 0
vertex 6.609280000000001 67.07658666666667 0
endloop
endfacet
facet normal 0 0 -0.9999999999999999
outer loop
vertex 38.79995733333334 66.99562666666667 0
vertex 6.609280000000001 67.07658666666667 0
vertex 6.752064000000001 67.173248 0
endloop
endfacet
facet normal 0 0 -1
outer loop
vertex 38.79995733333334 66.99562666666667 0
vertex 6.752064000000001 67.173248 0
vertex 6.899754666666667 67.26107733333333 0
endloop
endfacet
facet normal 0 0 -1
outer loop
vertex 38.79995733333334 66.99562666666667 0
vertex 6.899754666666667 67.26107733333333 0
vertex 7.053333333333334 67.33909333333334 0
endloop
endfacet
facet normal 0 0 -1
outer loop
vertex 38.79995733333334 66.99562666666667 0
vertex 7.053333333333334 67.33909333333334 0
vertex 7.211328000000001 67.40778666666667 0
endloop
endfacet
facet normal 0 0 -1
outer loop
vertex 38.79995733333334 66.99562666666667 0
vertex 7.211328000000001 67.40778666666667 0
vertex 7.373248 67.46568533333334 0
endloop
endfacet
facet normal 0 0 -1
outer loop
vertex 38.79995733333334 66.99562666666667 0
vertex 7.373248 67.46568533333334 0
vertex 7.538602666666667 67.51377066666667 0
endloop
endfacet
facet normal 0 0 -1
outer loop
vertex 38.79995733333334 66.99562666666667 0
vertex 7.538602666666667 67.51377066666667 0
vertex 7.706410666666668 67.551552 0
endloop
endfacet
facet normal 0 0 -0.9999999999999999
outer loop
vertex 38.79995733333334 66.99562666666667 0
vertex 7.706410666666668 67.551552 0
vertex 7.876672000000001 67.57853866666667 0
endloop
endfacet
facet normal 0 0 -1
outer loop
vertex 38.79995733333334 66.99562666666667 0
vertex 7.876672000000001 67.57853866666667 0
vertex 8.047914666666667 67.59473066666668 0
endloop
endfacet
facet normal 0 0 -1
outer loop
vertex 38.79995733333334 66.99562666666667 0
vertex 8.047914666666667 67.59473066666668 0
vertex 8.220138666666667 67.600128 0
endloop
endfacet
facet normal 0 0 -1
outer loop
vertex 38.79995733333334 66.99562666666667 0
vertex 8.220138666666667 67.600128 0
vertex 69.379776 67.600128 0
endloop
endfacet
facet normal 0 0 -1
outer loop
vertex 9.720106666666668 66.10016 0
vertex 9.547882666666668 66.09476266666667 0
vertex 5.775637333333334 66.09476266666667 0
endloop
endfacet
facet normal 0 0 -1
outer loop
vertex 9.720106666666668 66.10016 0
vertex 5.775637333333334 66.09476266666667 0
vertex 5.778090666666667 66.10016 0
endloop
endfacet
facet normal 0 0 -1
outer loop
vertex 71.821824 66.10016 0
vertex 71.824768 66.09476266666667 0
vertex 68.05203200000001 66.09476266666667 0
endloop
endfacet
facet normal 0 0 -1
outer loop
vertex 71.821824 66.10016 0
vertex 68.05203200000001 66.09476266666667 0
vertex 67.87980800000001 66.10016 0
endloop
endfacet
facet normal 0 0 -1
outer loop
vertex 9.547882666666668 66.09476266666667 0
vertex 9.37664 66.07857066666668 0
vertex 5.767296000000001 66.07857066666668 0
endloop
endfacet
facet normal 0 0 -0.9999999999999999
outer loop
vertex 9.547882666666668 66.09476266666667 0
vertex 5.767296000000001 66.07857066666668 0
vertex 5.775637333333334 66.09476266666667 0
endloop
endfacet
facet normal 0 0 -1
outer loop
vertex 71.824768 66.09476266666667 0
vertex 71.83261866666668 66.07857066666668 0
vertex 68.22327466666667 66.07857066666668 0
endloop
endfacet
facet normal 0 0 -1
outer loop
vertex 71.824768 66.09476266666667 0
vertex 68.22327466666667 66.07857066666668 0
vertex 68.05203200000001 66.09476266666667 0
endloop
endfacet
facet normal 0 0 -0.9999999999999999
outer loop
vertex 9.37664 66.07857066666668 0
vertex 9.206378666666668 66.051584 0
vertex 5.753557333333334 66.051584 0
endloop
endfacet
facet normal 0 0 -1
outer loop
vertex 9.37664 66.07857066666668 0
vertex 5.753557333333334 66.051584 0
vertex 5.767296000000001 66.07857066666668 0
endloop
endfacet
facet normal 0 0 -1
outer loop
vertex 71.83261866666668 66.07857066666668 0
vertex 71.84635733333334 66.051584 0
vertex 68.39353600000001 66.051584 0
endloop
endfacet
facet normal 0 0 -1
outer loop
vertex 71.83261866666668 66.07857066666668 0
vertex 68.39353600000001 66.051584 0
vertex 68.22327466666667 66.07857066666668 0
endloop
endfacet
facet normal 0 0 -1
outer loop
vertex 7.095040000000001 66.03146666666667 0
vertex 9.206378666666668 66.051584 0
vertex 9.038570666666667 66.01380266666668 0
endloop
endfacet
facet normal 0 0 -0.9999999999999999
outer loop
vertex 7.095040000000001 66.03146666666667 0
vertex 9.038570666666667 66.01380266666668 0
vertex 5.735402666666667 66.01380266666668 0
endloop
endfacet
facet normal 0 0 -1
outer loop
vertex 7.095040000000001 66.03146666666667 0
vertex 5.735402666666667 66.01380266666668 0
vertex 5.7408 66.02656 0
endloop
endfacet
facet normal 0 0 -1
outer loop
vertex 7.095040000000001 66.03146666666667 0
vertex 5.7408 66.02656 0
vertex 5.753557333333334 66.051584 0
endloop
endfacet
facet normal 0 0 -1
outer loop
vertex 7.095040000000001 66.03146666666667 0
vertex 5.753557333333334 66.051584 0
vertex 9.206378666666668 66.051584 0
endloop
endfacet
facet normal 0 0 -1
outer loop
vertex 70.50487466666667 66.03146666666667 0
vertex 71.84635733333334 66.051584 0
vertex 71.85911466666667 66.02656 0
endloop
endfacet
facet normal 0 0 -1
outer loop
vertex 70.50487466666667 66.03146666666667 0
vertex 71.85911466666667 66.02656 0
vertex 71.864512 66.01380266666668 0
endloop
endfacet
facet normal 0 0 -1
outer loop
vertex 70.50487466666667 66.03146666666667 0
vertex 71.864512 66.01380266666668 0
vertex 68.561344 66.01380266666668 0
endloop
endfacet
facet normal 0 0 -1
outer loop
vertex 70.50487466666667 66.03146666666667 0
vertex 68.561344 66.01380266666668 0
vertex 68.39353600000001 66.051584 0
endloop
endfacet
facet normal 0 0 -1
outer loop
vertex 70.50487466666667 66.03146666666667 0
vertex 68.39353600000001 66.051584 0
vertex 71.84635733333334 66.051584 0
endloop
endfacet
facet normal 0 0 -1
outer loop
vertex 9.038570666666667 66.01380266666668 0
vertex 8.873216000000001 65.96571733333334 0
vertex 5.714304 65.96571733333334 0
endloop
endfacet
facet normal 0 0 -1
outer loop
vertex 9.038570666666667 66.01380266666668 0
vertex 5.714304 65.96571733333334 0
vertex 5.735402666666667 66.01380266666668 0
endloop
endfacet
facet normal 0 0 -1
outer loop
vertex 71.864512 66.01380266666668 0
vertex 71.88561066666668 65.96571733333334 0
vertex 68.72669866666668 65.96571733333334 0
endloop
endfacet
facet normal 0 0 -1
outer loop
vertex 71.864512 66.01380266666668 0
vertex 68.72669866666668 65.96571733333334 0
vertex 68.561344 66.01380266666668 0
endloop
endfacet
facet normal 0 0 -0.9999999999999999
outer loop
vertex 8.873216000000001 65.96571733333334 0
vertex 8.711296 65.90781866666667 0
vertex 5.68928 65.90781866666667 0
endloop
endfacet
facet normal 0 0 -1
outer loop
vertex 8.873216000000001 65.96571733333334 0
vertex 5.68928 65.90781866666667 0
vertex 5.714304 65.96571733333334 0
endloop
endfacet
facet normal 0 0 -1
outer loop
vertex 71.88561066666668 65.96571733333334 0
vertex 71.91063466666667 65.90781866666667 0
vertex 68.88861866666667 65.90781866666667 0
endloop
endfacet
facet normal 0 0 -1
outer loop
vertex 71.88561066666668 65.96571733333334 0
vertex 68.88861866666667 65.90781866666667 0
vertex 68.72669866666668 65.96571733333334 0
endloop
endfacet
facet normal 0 0 -1
outer loop
vertex 6.857557333333334 65.87249066666668 0
vertex 8.711296 65.90781866666667 0
vertex 8.553301333333334 65.83912533333334 0
endloop
endfacet
facet normal 0 0 -1
outer loop
vertex 6.857557333333334 65.87249066666668 0
vertex 8.553301333333334 65.83912533333334 0
vertex 5.661802666666667 65.83912533333334 0
endloop
endfacet
facet normal 0 0 -1
outer loop
vertex 6.857557333333334 65.87249066666668 0
vertex 5.661802666666667 65.83912533333334 0
vertex 5.672597333333334 65.86856533333334 0
endloop
endfacet
facet normal 0 0 -1
outer loop
vertex 6.857557333333334 65.87249066666668 0
vertex 5.672597333333334 65.86856533333334 0
vertex 5.68928 65.90781866666667 0
endloop
endfacet
facet normal 0 0 -1
outer loop
vertex 6.857557333333334 65.87249066666668 0
vertex 5.68928 65.90781866666667 0
vertex 8.711296 65.90781866666667 0
endloop
endfacet
facet normal 0 0 -1
outer loop
vertex 70.74235733333335 65.87249066666668 0
vertex 71.91063466666667 65.90781866666667 0
vertex 71.927808 65.86856533333334 0
endloop
endfacet
facet normal 0 0 -1
outer loop
vertex 70.74235733333335 65.87249066666668 0
vertex 71.927808 65.86856533333334 0
vertex 71.938112 65.83912533333334 0
endloop
endfacet
facet normal 0 0 -1
outer loop
vertex 70.74235733333335 65.87249066666668 0
vertex 71.938112 65.83912533333334 0
vertex 69.04661333333334 65.83912533333334 0
endloop
endfacet
facet normal 0 0 -1
outer loop
vertex 70.74235733333335 65.87249066666668 0
vertex 69.04661333333334 65.83912533333334 0
vertex 68.88861866666667 65.90781866666667 0
endloop
endfacet
facet normal 0 0 -1
outer loop
vertex 70.74235733333335 65.87249066666668 0
vertex 68.88861866666667 65.90781866666667 0
vertex 71.91063466666667 65.90781866666667 0
endloop
endfacet
facet normal 0 0 -1
outer loop
vertex 8.553301333333334 65.83912533333334 0
vertex 8.400213333333333 65.76110933333334 0
vertex 5.633834666666667 65.76110933333334 0
endloop
endfacet
facet normal 0 0 -1
outer loop
vertex 8.553301333333334 65.83912533333334 0
vertex 5.633834666666667 65.76110933333334 0
vertex 5.661802666666667 65.83912533333334 0
endloop
endfacet
facet normal 0 0 -1
outer loop
vertex 71.938112 65.83912533333334 0
vertex 71.96608 65.76110933333334 0
vertex 69.200192 65.76110933333334 0
endloop
endfacet
facet normal 0 0 -0.9999999999999999
outer loop
vertex 71.938112 65.83912533333334 0
vertex 69.200192 65.76110933333334 0
vertex 69.04661333333334 65.83912533333334 0
endloop
endfacet
facet normal 0 0 -1
outer loop
vertex 6.701034666666668 65.71498666666668 0
vertex 8.400213333333333 65.76110933333334 0
vertex 8.252032 65.67328 0
endloop
endfacet
facet normal 0 0 -1
outer loop
vertex 6.701034666666668 65.71498666666668 0
vertex 8.252032 65.67328 0
vertex 5.604394666666667 65.67328 0
endloop
endfacet
facet normal 0 0 -0.9999999999999999
outer loop
vertex 6.701034666666668 65.71498666666668 0
vertex 5.604394666666667 65.67328 0
vertex 5.6142080000000005 65.70664533333334 0
endloop
endfacet
facet normal 0 0 -1
outer loop
vertex 6.701034666666668 65.71498666666668 0
vertex 5.6142080000000005 65.70664533333334 0
vertex 5.633834666666667 65.76110933333334 0
endloop
endfacet
facet normal 0 0 -1
outer loop
vertex 6.701034666666668 65.71498666666668 0
vertex 5.633834666666667 65.76110933333334 0
vertex 8.400213333333333 65.76110933333334 0
endloop
endfacet
facet normal 0 0 -1
outer loop
vertex 70.89937066666667 65.71498666666668 0
vertex 71.96608 65.76110933333334 0
vertex 71.98570666666667 65.70664533333334 0
endloop
endfacet
facet normal 0 0 -1
outer loop
vertex 70.89937066666667 65.71498666666668 0
vertex 71.98570666666667 65.70664533333334 0
vertex 71.99552 65.67328 0
endloop
endfacet
facet normal 0 0 -1
outer loop
vertex 70.89937066666667 65.71498666666668 0
vertex 71.99552 65.67328 0
vertex 69.34837333333334 65.67328 0
endloop
endfacet
facet normal 0 0 -1
outer loop
vertex 70.89937066666667 65.71498666666668 0
vertex 69.34837333333334 65.67328 0
vertex 69.200192 65.76110933333334 0
endloop
endfacet
facet normal 0 0 -1
outer loop
vertex 70.89937066666667 65.71498666666668 0
vertex 69.200192 65.76110933333334 0
vertex 71.96608 65.76110933333334 0
endloop
endfacet
facet normal 0 0 -1
outer loop
vertex 8.252032 65.67328 0
vertex 8.109248000000001 65.57661866666668 0
vertex 5.576426666666667 65.57661866666668 0
endloop
endfacet
facet normal 0 0 -1
outer loop
vertex 8.252032 65.67328 0
vertex 5.576426666666667 65.57661866666668 0
vertex 5.604394666666667 65.67328 0
endloop
endfacet
facet normal 0 0 -1
outer loop
vertex 71.99552 65.67328 0
vertex 72.023488 65.57661866666668 0
vertex 69.49066666666667 65.57661866666668 0
endloop
endfacet
facet normal 0 0 -1
outer loop
vertex 71.99552 65.67328 0
vertex 69.49066666666667 65.57661866666668 0
vertex 69.34837333333334 65.67328 0
endloop
endfacet
facet normal 0 0 -1
outer loop
vertex 6.5553066666666675 65.527552 0
vertex 8.109248000000001 65.57661866666668 0
vertex 7.973333333333334 65.47112533333333 0
endloop
endfacet
facet normal 0 0 -1
outer loop
vertex 6.5553066666666675 65.527552 0
vertex 7.973333333333334 65.47112533333333 0
vertex 5.550421333333333 65.47112533333333 0
endloop
endfacet
facet normal 0 0 -1
outer loop
vertex 6.5553066666666675 65.527552 0
vertex 5.550421333333333 65.47112533333333 0
vertex 5.566122666666667 65.54129066666667 0
endloop
endfacet
facet normal 0 0 -0.9999999999999999
outer loop
vertex 6.5553066666666675 65.527552 0
vertex 5.566122666666667 65.54129066666667 0
vertex 5.576426666666667 65.57661866666668 0
endloop
endfacet
facet normal 0 0 -0.9999999999999999
outer loop
vertex 6.5553066666666675 65.527552 0
vertex 5.576426666666667 65.57661866666668 0
vertex 8.109248000000001 65.57661866666668 0
endloop
endfacet
facet normal 0 0 -1
outer loop
vertex 71.04460800000001 65.527552 0
vertex 72.023488 65.57661866666668 0
vertex 72.033792 65.54129066666667 0
endloop
endfacet
facet normal 0 0 -1
outer loop
vertex 71.04460800000001 65.527552 0
vertex 72.033792 65.54129066666667 0
vertex 72.04949333333334 65.47112533333333 0
endloop
endfacet
facet normal 0 0 -1
outer loop
vertex 71.04460800000001 65.527552 0
vertex 72.04949333333334 65.47112533333333 0
vertex 69.62658133333333 65.47112533333333 0
endloop
endfacet
facet normal 0 0 -1
outer loop
vertex 71.04460800000001 65.527552 0
vertex 69.62658133333333 65.47112533333333 0
vertex 69.49066666666667 65.57661866666668 0
endloop
endfacet
facet normal 0 0 -1
outer loop
vertex 71.04460800000001 65.527552 0
vertex 69.49066666666667 65.57661866666668 0
vertex 72.023488 65.57661866666668 0
endloop
endfacet
facet normal 0 0 -0.9999999999999999
outer loop
vertex 6.484650666666667 65.40586666666667 0
vertex 7.973333333333334 65.47112533333333 0
vertex 7.844288000000001 65.35729066666667 0
endloop
endfacet
facet normal 0 0 -1
outer loop
vertex 6.484650666666667 65.40586666666667 0
vertex 7.844288000000001 65.35729066666667 0
vertex 5.525888 65.35729066666667 0
endloop
endfacet
facet normal 0 0 -1
outer loop
vertex 6.484650666666667 65.40586666666667 0
vertex 5.525888 65.35729066666667 0
vertex 5.5283413333333336 65.37348266666667 0
endloop
endfacet
facet normal 0 0 -1
outer loop
vertex 6.484650666666667 65.40586666666667 0
vertex 5.5283413333333336 65.37348266666667 0
vertex 5.550421333333333 65.47112533333333 0
endloop
endfacet
facet normal 0 0 -1
outer loop
vertex 6.484650666666667 65.40586666666667 0
vertex 5.550421333333333 65.47112533333333 0
vertex 7.973333333333334 65.47112533333333 0
endloop
endfacet
facet normal 0 0 -0.9999999999999999
outer loop
vertex 71.11526400000001 65.40586666666667 0
vertex 72.04949333333334 65.47112533333333 0
vertex 72.07157333333333 65.37348266666667 0
endloop
endfacet
facet normal 0 0 -1
outer loop
vertex 71.11526400000001 65.40586666666667 0
vertex 72.07157333333333 65.37348266666667 0
vertex 72.07402666666667 65.35729066666667 0
endloop
endfacet
facet normal 0 0 -1
outer loop
vertex 71.11526400000001 65.40586666666667 0
vertex 72.07402666666667 65.35729066666667 0
vertex 69.75562666666667 65.35729066666667 0
endloop
endfacet
facet normal 0 0 -1
outer loop
vertex 71.11526400000001 65.40586666666667 0
vertex 69.75562666666667 65.35729066666667 0
vertex 69.62658133333333 65.47112533333333 0
endloop
endfacet
facet normal 0 0 -0.9999999999999999
outer loop
vertex 71.11526400000001 65.40586666666667 0
vertex 69.62658133333333 65.47112533333333 0
vertex 72.04949333333334 65.47112533333333 0
endloop
endfacet
facet normal 0 0 -1
outer loop
vertex 7.844288000000001 65.35729066666667 0
vertex 7.722602666666667 65.23560533333334 0
vertex 5.5067520000000005 65.23560533333334 0
endloop
endfacet
facet normal 0 0 -1
outer loop
vertex 7.844288000000001 65.35729066666667 0
vertex 5.5067520000000005 65.23560533333334 0
vertex 5.525888 65.35729066666667 0
endloop
endfacet
facet normal 0 0 -1
outer loop
vertex 72.07402666666667 65.35729066666667 0
vertex 72.09316266666667 65.23560533333334 0
vertex 69.877312 65.23560533333334 0
endloop
endfacet
facet normal 0 0 -1
outer loop
vertex 72.07402666666667 65.35729066666667 0
vertex 69.877312 65.23560533333334 0
vertex 69.75562666666667 65.35729066666667 0
endloop
endfacet
facet normal 0 0 -1
outer loop
vertex 6.3664000000000005 65.17770666666667 0
vertex 7.722602666666667 65.23560533333334 0
vertex 7.608768 65.10656 0
endloop
endfacet
facet normal 0 0 -1
outer loop
vertex 6.3664000000000005 65.17770666666667 0
vertex 7.608768 65.10656 0
vertex 5.492522666666667 65.10656 0
endloop
endfacet
facet normal 0 0 -1
outer loop
vertex 6.3664000000000005 65.17770666666667 0
vertex 5.492522666666667 65.10656 0
vertex 5.501845333333334 65.20322133333333 0
endloop
endfacet
facet normal 0 0 -0.9999999999999999
outer loop
vertex 6.3664000000000005 65.17770666666667 0
vertex 5.501845333333334 65.20322133333333 0
vertex 5.5067520000000005 65.23560533333334 0
endloop
endfacet
facet normal 0 0 -1
outer loop
vertex 6.3664000000000005 65.17770666666667 0
vertex 5.5067520000000005 65.23560533333334 0
vertex 7.722602666666667 65.23560533333334 0
endloop
endfacet
facet normal 0 0 -1
outer loop
vertex 71.23351466666668 65.17770666666667 0
vertex 72.09316266666667 65.23560533333334 0
vertex 72.09856 65.20322133333333 0
endloop
endfacet
facet normal 0 0 -1
outer loop
vertex 71.23351466666668 65.17770666666667 0
vertex 72.09856 65.20322133333333 0
vertex 72.107392 65.10656 0
endloop
endfacet
facet normal 0 0 -1
outer loop
vertex 71.23351466666668 65.17770666666667 0
vertex 72.107392 65.10656 0
vertex 69.99114666666667 65.10656 0
endloop
endfacet
facet normal 0 0 -1
outer loop
vertex 71.23351466666668 65.17770666666667 0
vertex 69.99114666666667 65.10656 0
vertex 69.877312 65.23560533333334 0
endloop
endfacet
facet normal 0 0 -1
outer loop
vertex 71.23351466666668 65.17770666666667 0
vertex 69.877312 65.23560533333334 0
vertex 72.09316266666667 65.23560533333334 0
endloop
endfacet
facet normal 0 0 -1
outer loop
vertex 6.3148800000000005 65.03737600000001 0
vertex 7.608768 65.10656 0
vertex 7.503274666666667 64.97064533333334 0
endloop
endfacet
facet normal 0 0 -1
outer loop
vertex 6.3148800000000005 65.03737600000001 0
vertex 7.503274666666667 64.97064533333334 0
vertex 5.483690666666667 64.97064533333334 0
endloop
endfacet
facet normal 0 0 -0.9999999999999999
outer loop
vertex 6.3148800000000005 65.03737600000001 0
vertex 5.483690666666667 64.97064533333334 0
vertex 5.485162666666667 65.03197866666667 0
endloop
endfacet
facet normal 0 0 -1
outer loop
vertex 6.3148800000000005 65.03737600000001 0
vertex 5.485162666666667 65.03197866666667 0
vertex 5.492522666666667 65.10656 0
endloop
endfacet
facet normal 0 0 -1
outer loop
vertex 6.3148800000000005 65.03737600000001 0
vertex 5.492522666666667 65.10656 0
vertex 7.608768 65.10656 0
endloop
endfacet
facet normal 0 0 -0.9999999999999999
outer loop
vertex 71.28552533333334 65.03737600000001 0
vertex 72.107392 65.10656 0
vertex 72.11475200000001 65.03197866666667 0
endloop
endfacet
facet normal 0 0 -1
outer loop
vertex 71.28552533333334 65.03737600000001 0
vertex 72.11475200000001 65.03197866666667 0
vertex 72.11671466666667 64.97064533333334 0
endloop
endfacet
facet normal 0 0 -1
outer loop
vertex 71.28552533333334 65.03737600000001 0
vertex 72.11671466666667 64.97064533333334 0
vertex 70.09664000000001 64.97064533333334 0
endloop
endfacet
facet normal 0 0 -1
outer loop
vertex 71.28552533333334 65.03737600000001 0
vertex 70.09664000000001 64.97064533333334 0
vertex 69.99114666666667 65.10656 0
endloop
endfacet
facet normal 0 0 -1
outer loop
vertex 71.28552533333334 65.03737600000001 0
vertex 69.99114666666667 65.10656 0
vertex 72.107392 65.10656 0
endloop
endfacet
facet normal 0 0 -1
outer loop
vertex 7.503274666666667 64.97064533333334 0
vertex 7.4066133333333335 64.82835200000001 0
vertex 5.478784 64.82835200000001 0
endloop
endfacet
facet normal 0 0 -1
outer loop
vertex 7.503274666666667 64.97064533333334 0
vertex 5.478784 64.82835200000001 0
vertex 5.483690666666667 64.97064533333334 0
endloop
endfacet
facet normal 0 0 -1
outer loop
vertex 72.11671466666667 64.97064533333334 0
vertex 72.12113066666667 64.82835200000001 0
vertex 70.19330133333334 64.82835200000001 0
endloop
endfacet
facet normal 0 0 -1
outer loop
vertex 72.11671466666667 64.97064533333334 0
vertex 70.19330133333334 64.82835200000001 0
vertex 70.09664000000001 64.97064533333334 0
endloop
endfacet
facet normal 0 0 -1
outer loop
vertex 7.4066133333333335 64.82835200000001 0
vertex 7.323690666666667 64.68802133333334 0
vertex 5.474368 64.68802133333334 0
endloop
endfacet
facet normal 0 0 -1
outer loop
vertex 7.4066133333333335 64.82835200000001 0
vertex 5.474368 64.68802133333334 0
vertex 5.478784 64.82835200000001 0
endloop
endfacet
facet normal 0 0 -1
outer loop
vertex 72.12113066666667 64.82835200000001 0
vertex 72.12554666666668 64.68802133333334 0
vertex 70.276224 64.68802133333334 0
endloop
endfacet
facet normal 0 0 -1
outer loop
vertex 72.12113066666667 64.82835200000001 0
vertex 70.276224 64.68802133333334 0
vertex 70.19330133333334 64.82835200000001 0
endloop
endfacet
facet normal 0 0 -1
outer loop
vertex 7.323690666666667 64.68802133333334 0
vertex 7.318784000000001 64.68017066666667 0
vertex 5.473877333333334 64.68017066666667 0
endloop
endfacet
facet normal 0 0 -1
outer loop
vertex 7.323690666666667 64.68802133333334 0
vertex 5.473877333333334 64.68017066666667 0
vertex 5.474368 64.68802133333334 0
endloop
endfacet
facet normal 0 0 -0.9999999999999999
outer loop
vertex 72.12554666666668 64.68802133333334 0
vertex 72.12603733333334 64.68017066666667 0
vertex 70.28113066666667 64.68017066666667 0
endloop
endfacet
facet normal 0 0 -1
outer loop
vertex 72.12554666666668 64.68802133333334 0
vertex 70.28113066666667 64.68017066666667 0
vertex 70.276224 64.68802133333334 0
endloop
endfacet
facet normal 0 0 -1
outer loop
vertex 7.318784000000001 64.68017066666667 0
vertex 7.240768000000001 64.52659200000001 0
vertex 5.459157333333334 64.52659200000001 0
endloop
endfacet
facet normal 0 0 -0.9999999999999999
outer loop
vertex 7.318784000000001 64.68017066666667 0
vertex 5.459157333333334 64.52659200000001 0
vertex 5.473877333333334 64.68017066666667 0
endloop
endfacet
facet normal 0 0 -1
outer loop
vertex 72.12603733333334 64.68017066666667 0
vertex 72.14075733333334 64.52659200000001 0
vertex 70.35914666666667 64.52659200000001 0
endloop
endfacet
facet normal 0 0 -1
outer loop
vertex 72.12603733333334 64.68017066666667 0
vertex 70.35914666666667 64.52659200000001 0
vertex 70.28113066666667 64.68017066666667 0
endloop
endfacet
facet normal 0 0 -1
outer loop
vertex 7.240768000000001 64.52659200000001 0
vertex 7.236352 64.51677866666667 0
vertex 5.458176000000001 64.51677866666667 0
endloop
endfacet
facet normal 0 0 -1
outer loop
vertex 7.240768000000001 64.52659200000001 0
vertex 5.458176000000001 64.51677866666667 0
vertex 5.459157333333334 64.52659200000001 0
endloop
endfacet
facet normal 0 0 -1
outer loop
vertex 72.14075733333334 64.52659200000001 0
vertex 72.14173866666667 64.51677866666667 0
vertex 70.36356266666667 64.51677866666667 0
endloop
endfacet
facet normal 0 0 -1
outer loop
vertex 72.14075733333334 64.52659200000001 0
vertex 70.36356266666667 64.51677866666667 0
vertex 70.35914666666667 64.52659200000001 0
endloop
endfacet
facet normal 0 0 -1
outer loop
vertex 7.236352 64.51677866666667 0
vertex 7.172565333333334 64.36859733333334 0
vertex 5.435114666666667 64.36859733333334 0
endloop
endfacet
facet normal 0 0 -1
outer loop
vertex 7.236352 64.51677866666667 0
vertex 5.435114666666667 64.36859733333334 0
vertex 5.458176000000001 64.51677866666667 0
endloop
endfacet
facet normal 0 0 -1
outer loop
vertex 72.14173866666667 64.51677866666667 0
vertex 72.1648 64.36859733333334 0
vertex 70.42734933333334 64.36859733333334 0
endloop
endfacet
facet normal 0 0 -1
outer loop
vertex 72.14173866666667 64.51677866666667 0
vertex 70.42734933333334 64.36859733333334 0
vertex 70.36356266666667 64.51677866666667 0
endloop
endfacet
facet normal 0 0 -1
outer loop
vertex 7.172565333333334 64.36859733333334 0
vertex 7.164224000000001 64.34651733333334 0
vertex 5.43168 64.34651733333334 0
endloop
endfacet
facet normal 0 0 -0.9999999999999999
outer loop
vertex 7.172565333333334 64.36859733333334 0
vertex 5.43168 64.34651733333334 0
vertex 5.435114666666667 64.36859733333334 0
endloop
endfacet
facet normal 0 0 -1
outer loop
vertex 72.1648 64.36859733333334 0
vertex 72.16872533333334 64.34651733333334 0
vertex 70.43569066666667 64.34651733333334 0
endloop
endfacet
facet normal 0 0 -1
outer loop
vertex 72.1648 64.36859733333334 0
vertex 70.43569066666667 64.34651733333334 0
vertex 70.42734933333334 64.36859733333334 0
endloop
endfacet
facet normal 0 0 -1
outer loop
vertex 7.164224000000001 64.34651733333334 0
vertex 7.1141760000000005 64.20667733333333 0
vertex 5.400277333333333 64.20667733333333 0
endloop
endfacet
facet normal 0 0 -0.9999999999999999
outer loop
vertex 7.164224000000001 64.34651733333334 0
vertex 5.400277333333333 64.20667733333333 0
vertex 5.43168 64.34651733333334 0
endloop
endfacet
facet normal 0 0 -0.9999999999999999
outer loop
vertex 72.16872533333334 64.34651733333334 0
vertex 72.19963733333334 64.20667733333333 0
vertex 70.48573866666668 64.20667733333333 0
endloop
endfacet
facet normal 0 0 -1
outer loop
vertex 72.16872533333334 64.34651733333334 0
vertex 70.48573866666668 64.20667733333333 0
vertex 70.43569066666667 64.34651733333334 0
endloop
endfacet
facet normal 0 0 -1
outer loop
vertex 7.1141760000000005 64.20667733333333 0
vertex 7.105834666666667 64.17870933333334 0
vertex 5.393898666666667 64.17870933333334 0
endloop
endfacet
facet normal 0 0 -1
outer loop
vertex 7.1141760000000005 64.20667733333333 0
vertex 5.393898666666667 64.17870933333334 0
vertex 5.400277333333333 64.20667733333333 0
endloop
endfacet
facet normal 0 0 -1
outer loop
vertex 72.19963733333334 64.20667733333333 0
vertex 72.206016 64.17870933333334 0
vertex 70.49408000000001 64.17870933333334 0
endloop
endfacet
facet normal 0 0 -1
outer loop
vertex 72.19963733333334 64.20667733333333 0
vertex 70.49408000000001 64.17870933333334 0
vertex 70.48573866666668 64.20667733333333 0
endloop
endfacet
facet normal 0 0 -1
outer loop
vertex 7.105834666666667 64.17870933333334 0
vertex 7.066090666666668 64.04132266666667 0
vertex 5.354154666666667 64.04132266666667 0
endloop
endfacet
facet normal 0 0 -0.9999999999999999
outer loop
vertex 7.105834666666667 64.17870933333334 0
vertex 5.354154666666667 64.04132266666667 0
vertex 5.393898666666667 64.17870933333334 0
endloop
endfacet
facet normal 0 0 -1
outer loop
vertex 72.206016 64.17870933333334 0
vertex 72.24576 64.04132266666667 0
vertex 70.53382400000001 64.04132266666667 0
endloop
endfacet
facet normal 0 0 -1
outer loop
vertex 72.206016 64.17870933333334 0
vertex 70.53382400000001 64.04132266666667 0
vertex 70.49408000000001 64.17870933333334 0
endloop
endfacet
facet normal 0 0 -1
outer loop
vertex 7.066090666666668 64.04132266666667 0
vertex 7.059712 64.01335466666667 0
vertex 5.345813333333334 64.01335466666667 0
endloop
endfacet
facet normal 0 0 -1
outer loop
vertex 7.066090666666668 64.04132266666667 0
vertex 5.345813333333334 64.01335466666667 0
vertex 5.354154666666667 64.04132266666667 0
endloop
endfacet
facet normal 0 0 -1
outer loop
vertex 72.24576 64.04132266666667 0
vertex 72.25410133333334 64.01335466666667 0
vertex 70.54020266666667 64.01335466666667 0
endloop
endfacet
facet normal 0 0 -1
outer loop
vertex 72.24576 64.04132266666667 0
vertex 70.54020266666667 64.01335466666667 0
vertex 70.53382400000001 64.04132266666667 0
endloop
endfacet
facet normal 0 0 -1
outer loop
vertex 7.059712 64.01335466666667 0
vertex 7.0283093333333335 63.87351466666667 0
vertex 5.295765333333334 63.87351466666667 0
endloop
endfacet
facet normal 0 0 -1
outer loop
vertex 7.059712 64.01335466666667 0
vertex 5.295765333333334 63.87351466666667 0
vertex 5.345813333333334 64.01335466666667 0
endloop
endfacet
facet normal 0 0 -1
outer loop
vertex 72.25410133333334 64.01335466666667 0
vertex 72.30464 63.87351466666667 0
vertex 70.57160533333334 63.87351466666667 0
endloop
endfacet
facet normal 0 0 -1
outer loop
vertex 72.25410133333334 64.01335466666667 0
vertex 70.57160533333334 63.87351466666667 0
vertex 70.54020266666667 64.01335466666667 0
endloop
endfacet
facet normal 0 0 -0.9999999999999999
outer loop
vertex 7.0283093333333335 63.87351466666667 0
vertex 7.024874666666667 63.85143466666667 0
vertex 5.287424000000001 63.85143466666667 0
endloop
endfacet
facet normal 0 0 -1
outer loop
vertex 7.0283093333333335 63.87351466666667 0
vertex 5.287424000000001 63.85143466666667 0
vertex 5.295765333333334 63.87351466666667 0
endloop
endfacet
facet normal 0 0 -1
outer loop
vertex 72.30464 63.87351466666667 0
vertex 72.31249066666668 63.85143466666667 0
vertex 70.57504 63.85143466666667 0
endloop
endfacet
facet normal 0 0 -1
outer loop
vertex 72.30464 63.87351466666667 0
vertex 70.57504 63.85143466666667 0
vertex 70.57160533333334 63.87351466666667 0
endloop
endfacet
facet normal 0 0 -1
outer loop
vertex 7.024874666666667 63.85143466666667 0
vertex 7.001813333333334 63.703253333333336 0
vertex 5.2236373333333335 63.703253333333336 0
endloop
endfacet
facet normal 0 0 -1
outer loop
vertex 7.024874666666667 63.85143466666667 0
vertex 5.2236373333333335 63.703253333333336 0
vertex 5.287424000000001 63.85143466666667 0
endloop
endfacet
facet normal 0 0 -1
outer loop
vertex 72.31249066666668 63.85143466666667 0
vertex 72.37627733333333 63.703253333333336 0
vertex 70.59859200000001 63.703253333333336 0
endloop
endfacet
facet normal 0 0 -1
outer loop
vertex 72.31249066666668 63.85143466666667 0
vertex 70.59859200000001 63.703253333333336 0
vertex 70.57504 63.85143466666667 0
endloop
endfacet
facet normal 0 0 -1
outer loop
vertex 7.001813333333334 63.703253333333336 0
vertex 7.000832000000001 63.69344 0
vertex 5.2192213333333335 63.69344 0
endloop
endfacet
facet normal 0 0 -1
outer loop
vertex 7.001813333333334 63.703253333333336 0
vertex 5.2192213333333335 63.69344 0
vertex 5.2236373333333335 63.703253333333336 0
endloop
endfacet
facet normal 0 0 -1
outer loop
vertex 72.37627733333333 63.703253333333336 0
vertex 72.38069333333334 63.69344 0
vertex 70.59957333333334 63.69344 0
endloop
endfacet
facet normal 0 0 -1
outer loop
vertex 72.37627733333333 63.703253333333336 0
vertex 70.59957333333334 63.69344 0
vertex 70.59859200000001 63.703253333333336 0
endloop
endfacet
facet normal 0 0 -0.9999999999999999
outer loop
vertex 7.000832000000001 63.69344 0
vertex 6.986112 63.53986133333334 0
vertex 5.141205333333334 63.53986133333334 0
endloop
endfacet
facet normal 0 0 -1
outer loop
vertex 7.000832000000001 63.69344 0
vertex 5.141205333333334 63.53986133333334 0
vertex 5.2192213333333335 63.69344 0
endloop
endfacet
facet normal 0 0 -1
outer loop
vertex 72.38069333333334 63.69344 0
vertex 72.45870933333335 63.53986133333334 0
vertex 70.61380266666667 63.53986133333334 0
endloop
endfacet
facet normal 0 0 -1
outer loop
vertex 72.38069333333334 63.69344 0
vertex 70.61380266666667 63.53986133333334 0
vertex 70.59957333333334 63.69344 0
endloop
endfacet
facet normal 0 0 -1
outer loop
vertex 6.986112 63.53986133333334 0
vertex 6.9856213333333335 63.53201066666667 0
vertex 5.136298666666667 63.53201066666667 0
endloop
endfacet
facet normal 0 0 -1
outer loop
vertex 6.986112 63.53986133333334 0
vertex 5.136298666666667 63.53201066666667 0
vertex 5.141205333333334 63.53986133333334 0
endloop
endfacet
facet normal 0 0 -1
outer loop
vertex 72.45870933333335 63.53986133333334 0
vertex 72.463616 63.53201066666667 0
vertex 70.614784 63.53201066666667 0
endloop
endfacet
facet normal 0 0 -1
outer loop
vertex 72.45870933333335 63.53986133333334 0
vertex 70.614784 63.53201066666667 0
vertex 70.61380266666667 63.53986133333334 0
endloop
endfacet
facet normal 0 0 -1
outer loop
vertex 6.9856213333333335 63.53201066666667 0
vertex 6.9812053333333335 63.39168000000001 0
vertex 5.053376 63.39168000000001 0
endloop
endfacet
facet normal 0 0 -1
outer loop
vertex 6.9856213333333335 63.53201066666667 0
vertex 5.053376 63.39168000000001 0
vertex 5.136298666666667 63.53201066666667 0
endloop
endfacet
facet normal 0 0 -1
outer loop
vertex 72.463616 63.53201066666667 0
vertex 72.54653866666668 63.39168000000001 0
vertex 70.6192 63.39168000000001 0
endloop
endfacet
facet normal 0 0 -1
outer loop
vertex 72.463616 63.53201066666667 0
vertex 70.6192 63.39168000000001 0
vertex 70.614784 63.53201066666667 0
endloop
endfacet
facet normal 0 0 -1
outer loop
vertex 6.9812053333333335 63.39168000000001 0
vertex 6.9762986666666675 63.24938666666667 0
vertex 4.956714666666667 63.24938666666667 0
endloop
endfacet
facet normal 0 0 -1
outer loop
vertex 6.9812053333333335 63.39168000000001 0
vertex 4.956714666666667 63.24938666666667 0
vertex 5.053376 63.39168000000001 0
endloop
endfacet
facet normal 0 0 -1
outer loop
vertex 72.54653866666668 63.39168000000001 0
vertex 72.64320000000001 63.24938666666667 0
vertex 70.623616 63.24938666666667 0
endloop
endfacet
facet normal 0 0 -1
outer loop
vertex 72.54653866666668 63.39168000000001 0
vertex 70.623616 63.24938666666667 0
vertex 70.6192 63.39168000000001 0
endloop
endfacet
facet normal 0 0 -0.9999999999999999
outer loop
vertex 6.145109333333334 63.182656 0
vertex 6.9762986666666675 63.24938666666667 0
vertex 6.974826666666667 63.188053333333336 0
endloop
endfacet
facet normal 0 0 -1
outer loop
vertex 6.145109333333334 63.182656 0
vertex 6.974826666666667 63.188053333333336 0
vertex 6.967466666666668 63.113472 0
endloop
endfacet
facet normal 0 0 -1
outer loop
vertex 6.145109333333334 63.182656 0
vertex 6.967466666666668 63.113472 0
vertex 4.851221333333334 63.113472 0
endloop
endfacet
facet normal 0 0 -1
outer loop
vertex 6.145109333333334 63.182656 0
vertex 4.851221333333334 63.113472 0
vertex 4.956714666666667 63.24938666666667 0
endloop
endfacet
facet normal 0 0 -1
outer loop
vertex 6.145109333333334 63.182656 0
vertex 4.956714666666667 63.24938666666667 0
vertex 6.9762986666666675 63.24938666666667 0
endloop
endfacet
facet normal 0 0 -0.9999999999999999
outer loop
vertex 71.45480533333334 63.182656 0
vertex 72.64320000000001 63.24938666666667 0
vertex 72.74869333333334 63.113472 0
endloop
endfacet
facet normal 0 0 -1
outer loop
vertex 71.45480533333334 63.182656 0
vertex 72.74869333333334 63.113472 0
vertex 70.63244800000001 63.113472 0
endloop
endfacet
facet normal 0 0 -1
outer loop
vertex 71.45480533333334 63.182656 0
vertex 70.63244800000001 63.113472 0
vertex 70.62557866666667 63.188053333333336 0
endloop
endfacet
facet normal 0 0 -1
outer loop
vertex 71.45480533333334 63.182656 0
vertex 70.62557866666667 63.188053333333336 0
vertex 70.623616 63.24938666666667 0
endloop
endfacet
facet normal 0 0 -1
outer loop
vertex 71.45480533333334 63.182656 0
vertex 70.623616 63.24938666666667 0
vertex 72.64320000000001 63.24938666666667 0
endloop
endfacet
facet normal 0 0 -0.9999999999999999
outer loop
vertex 6.093589333333334 63.04232533333334 0
vertex 6.967466666666668 63.113472 0
vertex 6.958634666666667 63.01681066666667 0
endloop
endfacet
facet normal 0 0 -1
outer loop
vertex 6.093589333333334 63.04232533333334 0
vertex 6.958634666666667 63.01681066666667 0
vertex 6.953237333333334 62.98442666666667 0
endloop
endfacet
facet normal 0 0 -1
outer loop
vertex 6.093589333333334 63.04232533333334 0
vertex 6.953237333333334 62.98442666666667 0
vertex 4.737386666666667 62.98442666666667 0
endloop
endfacet
facet normal 0 0 -1
outer loop
vertex 6.093589333333334 63.04232533333334 0
vertex 4.737386666666667 62.98442666666667 0
vertex 4.851221333333334 63.113472 0
endloop
endfacet
facet normal 0 0 -1
outer loop
vertex 6.093589333333334 63.04232533333334 0
vertex 4.851221333333334 63.113472 0
vertex 6.967466666666668 63.113472 0
endloop
endfacet
facet normal 0 0 -1
outer loop
vertex 71.50632533333334 63.04232533333334 0
vertex 72.74869333333334 63.113472 0
vertex 72.86252800000001 62.98442666666667 0
endloop
endfacet
facet normal 0 0 -1
outer loop
vertex 71.50632533333334 63.04232533333334 0
vertex 72.86252800000001 62.98442666666667 0
vertex 70.64667733333334 62.98442666666667 0
endloop
endfacet
facet normal 0 0 -1
outer loop
vertex 71.50632533333334 63.04232533333334 0
vertex 70.64667733333334 62.98442666666667 0
vertex 70.64177066666667 63.01681066666667 0
endloop
endfacet
facet normal 0 0 -1
outer loop
vertex 71.50632533333334 63.04232533333334 0
vertex 70.64177066666667 63.01681066666667 0
vertex 70.63244800000001 63.113472 0
endloop
endfacet
facet normal 0 0 -1
outer loop
vertex 71.50632533333334 63.04232533333334 0
vertex 70.63244800000001 63.113472 0
vertex 72.74869333333334 63.113472 0
endloop
endfacet
facet normal 0 0 -1
outer loop
vertex 6.953237333333334 62.98442666666667 0
vertex 6.9341013333333335 62.86274133333334 0
vertex 4.615701333333334 62.86274133333334 0
endloop
endfacet
facet normal 0 0 -1
outer loop
vertex 6.953237333333334 62.98442666666667 0
vertex 4.615701333333334 62.86274133333334 0
vertex 4.737386666666667 62.98442666666667 0
endloop
endfacet
facet normal 0 0 -1
outer loop
vertex 72.86252800000001 62.98442666666667 0
vertex 72.98421333333334 62.86274133333334 0
vertex 70.66581333333333 62.86274133333334 0
endloop
endfacet
facet normal 0 0 -1
outer loop
vertex 72.86252800000001 62.98442666666667 0
vertex 70.66581333333333 62.86274133333334 0
vertex 70.64667733333334 62.98442666666667 0
endloop
endfacet
facet normal 0 0 -1
outer loop
vertex 5.9753386666666675 62.814165333333335 0
vertex 6.9341013333333335 62.86274133333334 0
vertex 6.931648000000001 62.846549333333336 0
endloop
endfacet
facet normal 0 0 -1
outer loop
vertex 5.9753386666666675 62.814165333333335 0
vertex 6.931648000000001 62.846549333333336 0
vertex 6.909568 62.74890666666667 0
endloop
endfacet
facet normal 0 0 -1
outer loop
vertex 5.9753386666666675 62.814165333333335 0
vertex 6.909568 62.74890666666667 0
vertex 4.486656 62.74890666666667 0
endloop
endfacet
facet normal 0 0 -1
outer loop
vertex 5.9753386666666675 62.814165333333335 0
vertex 4.486656 62.74890666666667 0
vertex 4.615701333333334 62.86274133333334 0
endloop
endfacet
facet normal 0 0 -0.9999999999999999
outer loop
vertex 5.9753386666666675 62.814165333333335 0
vertex 4.615701333333334 62.86274133333334 0
vertex 6.9341013333333335 62.86274133333334 0
endloop
endfacet
facet normal 0 0 -1
outer loop
vertex 71.624576 62.814165333333335 0
vertex 72.98421333333334 62.86274133333334 0
vertex 73.11325866666667 62.74890666666667 0
endloop
endfacet
facet normal 0 0 -1
outer loop
vertex 71.624576 62.814165333333335 0
vertex 73.11325866666667 62.74890666666667 0
vertex 70.69034666666667 62.74890666666667 0
endloop
endfacet
facet normal 0 0 -1
outer loop
vertex 71.624576 62.814165333333335 0
vertex 70.69034666666667 62.74890666666667 0
vertex 70.66875733333333 62.846549333333336 0
endloop
endfacet
facet normal 0 0 -0.9999999999999999
outer loop
vertex 71.624576 62.814165333333335 0
vertex 70.66875733333333 62.846549333333336 0
vertex 70.66581333333333 62.86274133333334 0
endloop
endfacet
facet normal 0 0 -1
outer loop
vertex 71.624576 62.814165333333335 0
vertex 70.66581333333333 62.86274133333334 0
vertex 72.98421333333334 62.86274133333334 0
endloop
endfacet
facet normal 0 0 -1
outer loop
vertex 5.904682666666667 62.69248 0
vertex 6.909568 62.74890666666667 0
vertex 6.893866666666667 62.678741333333335 0
endloop
endfacet
facet normal 0 0 -1
outer loop
vertex 5.904682666666667 62.69248 0
vertex 6.893866666666667 62.678741333333335 0
vertex 6.883562666666667 62.643413333333335 0
endloop
endfacet
facet normal 0 0 -1
outer loop
vertex 5.904682666666667 62.69248 0
vertex 6.883562666666667 62.643413333333335 0
vertex 4.350741333333334 62.643413333333335 0
endloop
endfacet
facet normal 0 0 -1
outer loop
vertex 5.904682666666667 62.69248 0
vertex 4.350741333333334 62.643413333333335 0
vertex 4.486656 62.74890666666667 0
endloop
endfacet
facet normal 0 0 -1
outer loop
vertex 5.904682666666667 62.69248 0
vertex 4.486656 62.74890666666667 0
vertex 6.909568 62.74890666666667 0
endloop
endfacet
facet normal 0 0 -1
outer loop
vertex 71.695232 62.69248 0
vertex 73.11325866666667 62.74890666666667 0
vertex 73.24966400000001 62.643413333333335 0
endloop
endfacet
facet normal 0 0 -1
outer loop
vertex 71.695232 62.69248 0
vertex 73.24966400000001 62.643413333333335 0
vertex 70.716352 62.643413333333335 0
endloop
endfacet
facet normal 0 0 -0.9999999999999999
outer loop
vertex 71.695232 62.69248 0
vertex 70.716352 62.643413333333335 0
vertex 70.70604800000001 62.678741333333335 0
endloop
endfacet
facet normal 0 0 -1
outer loop
vertex 71.695232 62.69248 0
vertex 70.70604800000001 62.678741333333335 0
vertex 70.69034666666667 62.74890666666667 0
endloop
endfacet
facet normal 0 0 -1
outer loop
vertex 71.695232 62.69248 0
vertex 70.69034666666667 62.74890666666667 0
vertex 73.11325866666667 62.74890666666667 0
endloop
endfacet
facet normal 0 0 -1
outer loop
vertex 6.883562666666667 62.643413333333335 0
vertex 6.855594666666668 62.546752000000005 0
vertex 4.207957333333334 62.546752000000005 0
endloop
endfacet
facet normal 0 0 -1
outer loop
vertex 6.883562666666667 62.643413333333335 0
vertex 4.207957333333334 62.546752000000005 0
vertex 4.350741333333334 62.643413333333335 0
endloop
endfacet
facet normal 0 0 -1
outer loop
vertex 73.24966400000001 62.643413333333335 0
vertex 73.39195733333334 62.546752000000005 0
vertex 70.74432 62.546752000000005 0
endloop
endfacet
facet normal 0 0 -0.9999999999999999
outer loop
vertex 73.24966400000001 62.643413333333335 0
vertex 70.74432 62.546752000000005 0
vertex 70.716352 62.643413333333335 0
endloop
endfacet
facet normal 0 0 -0.9999999999999999
outer loop
vertex 5.758954666666667 62.505045333333335 0
vertex 6.855594666666668 62.546752000000005 0
vertex 6.845781333333334 62.51338666666667 0
endloop
endfacet
facet normal 0 0 -1
outer loop
vertex 5.758954666666667 62.505045333333335 0
vertex 6.845781333333334 62.51338666666667 0
vertex 6.8261546666666675 62.45892266666667 0
endloop
endfacet
facet normal 0 0 -1
outer loop
vertex 5.758954666666667 62.505045333333335 0
vertex 6.8261546666666675 62.45892266666667 0
vertex 4.059776 62.45892266666667 0
endloop
endfacet
facet normal 0 0 -1
outer loop
vertex 5.758954666666667 62.505045333333335 0
vertex 4.059776 62.45892266666667 0
vertex 4.207957333333334 62.546752000000005 0
endloop
endfacet
facet normal 0 0 -1
outer loop
vertex 5.758954666666667 62.505045333333335 0
vertex 4.207957333333334 62.546752000000005 0
vertex 6.855594666666668 62.546752000000005 0
endloop
endfacet
facet normal 0 0 -1
outer loop
vertex 71.84096000000001 62.505045333333335 0
vertex 73.39195733333334 62.546752000000005 0
vertex 73.54013866666668 62.45892266666667 0
endloop
endfacet
facet normal 0 0 -1
outer loop
vertex 71.84096000000001 62.505045333333335 0
vertex 73.54013866666668 62.45892266666667 0
vertex 70.77376000000001 62.45892266666667 0
endloop
endfacet
facet normal 0 0 -1
outer loop
vertex 71.84096000000001 62.505045333333335 0
vertex 70.77376000000001 62.45892266666667 0
vertex 70.75413333333334 62.51338666666667 0
endloop
endfacet
facet normal 0 0 -1
outer loop
vertex 71.84096000000001 62.505045333333335 0
vertex 70.75413333333334 62.51338666666667 0
vertex 70.74432 62.546752000000005 0
endloop
endfacet
facet normal 0 0 -1
outer loop
vertex 71.84096000000001 62.505045333333335 0
vertex 70.74432 62.546752000000005 0
vertex 73.39195733333334 62.546752000000005 0
endloop
endfacet
facet normal 0 0 -0.9999999999999999
outer loop
vertex 6.8261546666666675 62.45892266666667 0
vertex 6.798186666666667 62.38090666666667 0
vertex 3.9066880000000004 62.38090666666667 0
endloop
endfacet
facet normal 0 0 -1
outer loop
vertex 6.8261546666666675 62.45892266666667 0
vertex 3.9066880000000004 62.38090666666667 0
vertex 4.059776 62.45892266666667 0
endloop
endfacet
facet normal 0 0 -1
outer loop
vertex 73.54013866666668 62.45892266666667 0
vertex 73.69322666666667 62.38090666666667 0
vertex 70.80172800000001 62.38090666666667 0
endloop
endfacet
facet normal 0 0 -1
outer loop
vertex 73.54013866666668 62.45892266666667 0
vertex 70.80172800000001 62.38090666666667 0
vertex 70.77376000000001 62.45892266666667 0
endloop
endfacet
facet normal 0 0 -1
outer loop
vertex 5.602432 62.34754133333334 0
vertex 6.798186666666667 62.38090666666667 0
vertex 6.7873920000000005 62.351466666666674 0
endloop
endfacet
facet normal 0 0 -1
outer loop
vertex 5.602432 62.34754133333334 0
vertex 6.7873920000000005 62.351466666666674 0
vertex 6.7707093333333335 62.31221333333334 0
endloop
endfacet
facet normal 0 0 -1
outer loop
vertex 5.602432 62.34754133333334 0
vertex 6.7707093333333335 62.31221333333334 0
vertex 3.7486933333333337 62.31221333333334 0
endloop
endfacet
facet normal 0 0 -1
outer loop
vertex 5.602432 62.34754133333334 0
vertex 3.7486933333333337 62.31221333333334 0
vertex 3.9066880000000004 62.38090666666667 0
endloop
endfacet
facet normal 0 0 -1
outer loop
vertex 5.602432 62.34754133333334 0
vertex 3.9066880000000004 62.38090666666667 0
vertex 6.798186666666667 62.38090666666667 0
endloop
endfacet
facet normal 0 0 -1
outer loop
vertex 71.99748266666667 62.34754133333334 0
vertex 73.69322666666667 62.38090666666667 0
vertex 73.85122133333334 62.31221333333334 0
endloop
endfacet
facet normal 0 0 -1
outer loop
vertex 71.99748266666667 62.34754133333334 0
vertex 73.85122133333334 62.31221333333334 0
vertex 70.82920533333333 62.31221333333334 0
endloop
endfacet
facet normal 0 0 -1
outer loop
vertex 71.99748266666667 62.34754133333334 0
vertex 70.82920533333333 62.31221333333334 0
vertex 70.81252266666667 62.351466666666674 0
endloop
endfacet
facet normal 0 0 -1
outer loop
vertex 71.99748266666667 62.34754133333334 0
vertex 70.81252266666667 62.351466666666674 0
vertex 70.80172800000001 62.38090666666667 0
endloop
endfacet
facet normal 0 0 -0.9999999999999999
outer loop
vertex 71.99748266666667 62.34754133333334 0
vertex 70.80172800000001 62.38090666666667 0
vertex 73.69322666666667 62.38090666666667 0
endloop
endfacet
facet normal 0 0 -1
outer loop
vertex 6.7707093333333335 62.31221333333334 0
vertex 6.745685333333334 62.25431466666667 0
vertex 3.586773333333334 62.25431466666667 0
endloop
endfacet
facet normal 0 0 -1
outer loop
vertex 6.7707093333333335 62.31221333333334 0
vertex 3.586773333333334 62.25431466666667 0
vertex 3.7486933333333337 62.31221333333334 0
endloop
endfacet
facet normal 0 0 -1
outer loop
vertex 73.85122133333334 62.31221333333334 0
vertex 74.01314133333334 62.25431466666667 0
vertex 70.85472 62.25431466666667 0
endloop
endfacet
facet normal 0 0 -1
outer loop
vertex 73.85122133333334 62.31221333333334 0
vertex 70.85472 62.25431466666667 0
vertex 70.82920533333333 62.31221333333334 0
endloop
endfacet
facet normal 0 0 -1
outer loop
vertex 6.745685333333334 62.25431466666667 0
vertex 6.724586666666667 62.20622933333334 0
vertex 3.421418666666667 62.20622933333334 0
endloop
endfacet
facet normal 0 0 -1
outer loop
vertex 6.745685333333334 62.25431466666667 0
vertex 3.421418666666667 62.20622933333334 0
vertex 3.586773333333334 62.25431466666667 0
endloop
endfacet
facet normal 0 0 -1
outer loop
vertex 74.01314133333334 62.25431466666667 0
vertex 74.17849600000001 62.20622933333334 0
vertex 70.87532800000001 62.20622933333334 0
endloop
endfacet
facet normal 0 0 -1
outer loop
vertex 74.01314133333334 62.25431466666667 0
vertex 70.87532800000001 62.20622933333334 0
vertex 70.85472 62.25431466666667 0
endloop
endfacet
facet normal 0 0 -1
outer loop
vertex 5.364949333333334 62.18856533333334 0
vertex 6.724586666666667 62.20622933333334 0
vertex 6.7191893333333335 62.19347200000001 0
endloop
endfacet
facet normal 0 0 -1
outer loop
vertex 5.364949333333334 62.18856533333334 0
vertex 6.7191893333333335 62.19347200000001 0
vertex 6.706432 62.168448000000005 0
endloop
endfacet
facet normal 0 0 -1
outer loop
vertex 5.364949333333334 62.18856533333334 0
vertex 6.706432 62.168448000000005 0
vertex 3.253610666666667 62.168448000000005 0
endloop
endfacet
facet normal 0 0 -1
outer loop
vertex 5.364949333333334 62.18856533333334 0
vertex 3.253610666666667 62.168448000000005 0
vertex 3.421418666666667 62.20622933333334 0
endloop
endfacet
facet normal 0 0 -0.9999999999999999
outer loop
vertex 5.364949333333334 62.18856533333334 0
vertex 3.421418666666667 62.20622933333334 0
vertex 6.724586666666667 62.20622933333334 0
endloop
endfacet
facet normal 0 0 -1
outer loop
vertex 72.23496533333334 62.18856533333334 0
vertex 74.17849600000001 62.20622933333334 0
vertex 74.34679466666667 62.168448000000005 0
endloop
endfacet
facet normal 0 0 -1
outer loop
vertex 72.23496533333334 62.18856533333334 0
vertex 74.34679466666667 62.168448000000005 0
vertex 70.89348266666667 62.168448000000005 0
endloop
endfacet
facet normal 0 0 -1
outer loop
vertex 72.23496533333334 62.18856533333334 0
vertex 70.89348266666667 62.168448000000005 0
vertex 70.88072533333334 62.19347200000001 0
endloop
endfacet
facet normal 0 0 -1
outer loop
vertex 72.23496533333334 62.18856533333334 0
vertex 70.88072533333334 62.19347200000001 0
vertex 70.87532800000001 62.20622933333334 0
endloop
endfacet
facet normal 0 0 -1
outer loop
vertex 72.23496533333334 62.18856533333334 0
vertex 70.87532800000001 62.20622933333334 0
vertex 74.17849600000001 62.20622933333334 0
endloop
endfacet
facet normal 0 0 -1
outer loop
vertex 6.706432 62.168448000000005 0
vertex 6.692693333333334 62.14146133333334 0
vertex 3.0833493333333335 62.14146133333334 0
endloop
endfacet
facet normal 0 0 -1
outer loop
vertex 6.706432 62.168448000000005 0
vertex 3.0833493333333335 62.14146133333334 0
vertex 3.253610666666667 62.168448000000005 0
endloop
endfacet
facet normal 0 0 -1
outer loop
vertex 74.34679466666667 62.168448000000005 0
vertex 74.51656533333333 62.14146133333334 0
vertex 70.90722133333334 62.14146133333334 0
endloop
endfacet
facet normal 0 0 -1
outer loop
vertex 74.34679466666667 62.168448000000005 0
vertex 70.90722133333334 62.14146133333334 0
vertex 70.89348266666667 62.168448000000005 0
endloop
endfacet
facet normal 0 0 -1
outer loop
vertex 6.692693333333334 62.14146133333334 0
vertex 6.684842666666667 62.125269333333335 0
vertex 2.912106666666667 62.125269333333335 0
endloop
endfacet
facet normal 0 0 -1
outer loop
vertex 6.692693333333334 62.14146133333334 0
vertex 2.912106666666667 62.125269333333335 0
vertex 3.0833493333333335 62.14146133333334 0
endloop
endfacet
facet normal 0 0 -0.9999999999999999
outer loop
vertex 74.51656533333333 62.14146133333334 0
vertex 74.687808 62.125269333333335 0
vertex 70.91556266666667 62.125269333333335 0
endloop
endfacet
facet normal 0 0 -1
outer loop
vertex 74.51656533333333 62.14146133333334 0
vertex 70.91556266666667 62.125269333333335 0
vertex 70.90722133333334 62.14146133333334 0
endloop
endfacet
facet normal 0 0 -0.9999999999999999
outer loop
vertex 3.4901120000000003 61.370133333333335 0
vertex 6.684842666666667 62.125269333333335 0
vertex 6.641173333333334 62.03989333333334 0
endloop
endfacet
facet normal 0 0 -0.9999999999999999
outer loop
vertex 3.4901120000000003 61.370133333333335 0
vertex 6.641173333333334 62.03989333333334 0
vertex 6.553344 61.891712000000005 0
endloop
endfacet
facet normal 0 0 -1
outer loop
vertex 3.4901120000000003 61.370133333333335 0
vertex 6.553344 61.891712000000005 0
vertex 6.4566826666666675 61.74941866666667 0
endloop
endfacet
facet normal 0 0 -1
outer loop
vertex 3.4901120000000003 61.370133333333335 0
vertex 6.4566826666666675 61.74941866666667 0
vertex 6.351189333333334 61.613504000000006 0
endloop
endfacet
facet normal 0 0 -1
outer loop
vertex 3.4901120000000003 61.370133333333335 0
vertex 6.351189333333334 61.613504000000006 0
vertex 6.2373546666666675 61.48445866666667 0
endloop
endfacet
facet normal 0 0 -1
outer loop
vertex 3.4901120000000003 61.370133333333335 0
vertex 6.2373546666666675 61.48445866666667 0
vertex 6.115669333333334 61.36277333333334 0
endloop
endfacet
facet normal 0 0 -0.9999999999999999
outer loop
vertex 3.4901120000000003 61.370133333333335 0
vertex 6.115669333333334 61.36277333333334 0
vertex 5.986624000000001 61.248938666666675 0
endloop
endfacet
facet normal 0 0 -1
outer loop
vertex 3.4901120000000003 61.370133333333335 0
vertex 5.986624000000001 61.248938666666675 0
vertex 5.8507093333333335 61.14344533333334 0
endloop
endfacet
facet normal 0 0 -0.9999999999999999
outer loop
vertex 3.4901120000000003 61.370133333333335 0
vertex 5.8507093333333335 61.14344533333334 0
vertex 5.707925333333334 61.046784 0
endloop
endfacet
facet normal 0 0 -1
outer loop
vertex 3.4901120000000003 61.370133333333335 0
vertex 5.707925333333334 61.046784 0
vertex 5.560234666666667 60.95895466666667 0
endloop
endfacet
facet normal 0 0 -1
outer loop
vertex 3.4901120000000003 61.370133333333335 0
vertex 5.560234666666667 60.95895466666667 0
vertex 5.406656000000001 60.88093866666667 0
endloop
endfacet
facet normal 0 0 -1
outer loop
vertex 3.4901120000000003 61.370133333333335 0
vertex 5.406656000000001 60.88093866666667 0
vertex 5.248661333333334 60.81224533333334 0
endloop
endfacet
facet normal 0 0 -1
outer loop
vertex 3.4901120000000003 61.370133333333335 0
vertex 5.248661333333334 60.81224533333334 0
vertex 5.086741333333333 60.75434666666667 0
endloop
endfacet
facet normal 0 0 -1
outer loop
vertex 3.4901120000000003 61.370133333333335 0
vertex 5.086741333333333 60.75434666666667 0
vertex 4.921386666666667 60.70626133333334 0
endloop
endfacet
facet normal 0 0 -1
outer loop
vertex 3.4901120000000003 61.370133333333335 0
vertex 4.921386666666667 60.70626133333334 0
vertex 4.753578666666667 60.66848 0
endloop
endfacet
facet normal 0 0 -1
outer loop
vertex 3.4901120000000003 61.370133333333335 0
vertex 4.753578666666667 60.66848 0
vertex 4.5833173333333335 60.64149333333334 0
endloop
endfacet
facet normal 0 0 -1
outer loop
vertex 3.4901120000000003 61.370133333333335 0
vertex 4.5833173333333335 60.64149333333334 0
vertex 4.412074666666667 60.62530133333334 0
endloop
endfacet
facet normal 0 0 -1
outer loop
vertex 3.4901120000000003 61.370133333333335 0
vertex 4.412074666666667 60.62530133333334 0
vertex 4.068117333333333 60.61450666666667 0
endloop
endfacet
facet normal 0 0 -1
outer loop
vertex 3.4901120000000003 61.370133333333335 0
vertex 4.068117333333333 60.61450666666667 0
vertex 0.29538133333333333 60.61450666666667 0
endloop
endfacet
facet normal 0 0 -1
outer loop
vertex 3.4901120000000003 61.370133333333335 0
vertex 0.29538133333333333 60.61450666666667 0
vertex 0.33905066666666667 60.699882666666674 0
endloop
endfacet
facet normal 0 0 -1
outer loop
vertex 3.4901120000000003 61.370133333333335 0
vertex 0.33905066666666667 60.699882666666674 0
vertex 0.42638933333333334 60.84806400000001 0
endloop
endfacet
facet normal 0 0 -1
outer loop
vertex 3.4901120000000003 61.370133333333335 0
vertex 0.42638933333333334 60.84806400000001 0
vertex 0.5230506666666667 60.990357333333336 0
endloop
endfacet
facet normal 0 0 -1
outer loop
vertex 3.4901120000000003 61.370133333333335 0
vertex 0.5230506666666667 60.990357333333336 0
vertex 0.6290346666666667 61.12676266666667 0
endloop
endfacet
facet normal 0 0 -1
outer loop
vertex 3.4901120000000003 61.370133333333335 0
vertex 0.6290346666666667 61.12676266666667 0
vertex 0.7428693333333334 61.255808 0
endloop
endfacet
facet normal 0 0 -1
outer loop
vertex 3.4901120000000003 61.370133333333335 0
vertex 0.7428693333333334 61.255808 0
vertex 0.8645546666666667 61.37749333333334 0
endloop
endfacet
facet normal 0 0 -1
outer loop
vertex 3.4901120000000003 61.370133333333335 0
vertex 0.8645546666666667 61.37749333333334 0
vertex 0.9936 61.491328 0
endloop
endfacet
facet normal 0 0 -1
outer loop
vertex 3.4901120000000003 61.370133333333335 0
vertex 0.9936 61.491328 0
vertex 1.1295146666666667 61.59682133333334 0
endloop
endfacet
facet normal 0 0 -1
outer loop
vertex 3.4901120000000003 61.370133333333335 0
vertex 1.1295146666666667 61.59682133333334 0
vertex 1.271808 61.69348266666667 0
endloop
endfacet
facet normal 0 0 -1
outer loop
vertex 3.4901120000000003 61.370133333333335 0
vertex 1.271808 61.69348266666667 0
vertex 1.4199893333333335 61.78131200000001 0
endloop
endfacet
facet normal 0 0 -1
outer loop
vertex 3.4901120000000003 61.370133333333335 0
vertex 1.4199893333333335 61.78131200000001 0
vertex 1.573568 61.859328000000005 0
endloop
endfacet
facet normal 0 0 -0.9999999999999999
outer loop
vertex 3.4901120000000003 61.370133333333335 0
vertex 1.573568 61.859328000000005 0
vertex 1.7315626666666668 61.92753066666667 0
endloop
endfacet
facet normal 0 0 -1
outer loop
vertex 3.4901120000000003 61.370133333333335 0
vertex 1.7315626666666668 61.92753066666667 0
vertex 1.8934826666666669 61.98592000000001 0
endloop
endfacet
facet normal 0 0 -1
outer loop
vertex 3.4901120000000003 61.370133333333335 0
vertex 1.8934826666666669 61.98592000000001 0
vertex 2.058346666666667 62.03400533333334 0
endloop
endfacet
facet normal 0 0 -1
outer loop
vertex 3.4901120000000003 61.370133333333335 0
vertex 2.058346666666667 62.03400533333334 0
vertex 2.2266453333333334 62.071296000000004 0
endloop
endfacet
facet normal 0 0 -1
outer loop
vertex 3.4901120000000003 61.370133333333335 0
vertex 2.2266453333333334 62.071296000000004 0
vertex 2.3964160000000003 62.09828266666667 0
endloop
endfacet
facet normal 0 0 -1
outer loop
vertex 3.4901120000000003 61.370133333333335 0
vertex 2.3964160000000003 62.09828266666667 0
vertex 2.5681493333333334 62.11447466666667 0
endloop
endfacet
facet normal 0 0 -1
outer loop
vertex 3.4901120000000003 61.370133333333335 0
vertex 2.5681493333333334 62.11447466666667 0
vertex 2.912106666666667 62.125269333333335 0
endloop
endfacet
facet normal 0 0 -0.9999999999999999
outer loop
vertex 3.4901120000000003 61.370133333333335 0
vertex 2.912106666666667 62.125269333333335 0
vertex 6.684842666666667 62.125269333333335 0
endloop
endfacet
facet normal 0 0 -1
outer loop
vertex 74.10980266666667 61.370133333333335 0
vertex 74.687808 62.125269333333335 0
vertex 75.032256 62.11447466666667 0
endloop
endfacet
facet normal 0 0 -1
outer loop
vertex 74.10980266666667 61.370133333333335 0
vertex 75.032256 62.11447466666667 0
vertex 75.20349866666668 62.09828266666667 0
endloop
endfacet
facet normal 0 0 -1
outer loop
vertex 74.10980266666667 61.370133333333335 0
vertex 75.20349866666668 62.09828266666667 0
vertex 75.37326933333334 62.071296000000004 0
endloop
endfacet
facet normal 0 0 -1
outer loop
vertex 74.10980266666667 61.370133333333335 0
vertex 75.37326933333334 62.071296000000004 0
vertex 75.54156800000001 62.03400533333334 0
endloop
endfacet
facet normal 0 0 -1
outer loop
vertex 74.10980266666667 61.370133333333335 0
vertex 75.54156800000001 62.03400533333334 0
vertex 75.70692266666667 61.98592000000001 0
endloop
endfacet
facet normal 0 0 -1
outer loop
vertex 74.10980266666667 61.370133333333335 0
vertex 75.70692266666667 61.98592000000001 0
vertex 75.86884266666667 61.92753066666667 0
endloop
endfacet
facet normal 0 0 -1
outer loop
vertex 74.10980266666667 61.370133333333335 0
vertex 75.86884266666667 61.92753066666667 0
vertex 76.02683733333333 61.859328000000005 0
endloop
endfacet
facet normal 0 0 -0.9999999999999999
outer loop
vertex 74.10980266666667 61.370133333333335 0
vertex 76.02683733333333 61.859328000000005 0
vertex 76.17992533333334 61.78131200000001 0
endloop
endfacet
facet normal 0 0 -1
outer loop
vertex 74.10980266666667 61.370133333333335 0
vertex 76.17992533333334 61.78131200000001 0
vertex 76.32810666666667 61.69348266666667 0
endloop
endfacet
facet normal 0 0 -1
outer loop
vertex 74.10980266666667 61.370133333333335 0
vertex 76.32810666666667 61.69348266666667 0
vertex 76.47040000000001 61.59682133333334 0
endloop
endfacet
facet normal 0 0 -1
outer loop
vertex 74.10980266666667 61.370133333333335 0
vertex 76.47040000000001 61.59682133333334 0
vertex 76.60631466666668 61.491328 0
endloop
endfacet
facet normal 0 0 -1
outer loop
vertex 74.10980266666667 61.370133333333335 0
vertex 76.60631466666668 61.491328 0
vertex 76.73585066666668 61.37749333333334 0
endloop
endfacet
facet normal 0 0 -1
outer loop
vertex 74.10980266666667 61.370133333333335 0
vertex 76.73585066666668 61.37749333333334 0
vertex 76.85753600000001 61.255808 0
endloop
endfacet
facet normal 0 0 -1
outer loop
vertex 74.10980266666667 61.370133333333335 0
vertex 76.85753600000001 61.255808 0
vertex 76.97137066666667 61.12676266666667 0
endloop
endfacet
facet normal 0 0 -1
outer loop
vertex 74.10980266666667 61.370133333333335 0
vertex 76.97137066666667 61.12676266666667 0
vertex 77.076864 60.990357333333336 0
endloop
endfacet
facet normal 0 0 -1
outer loop
vertex 74.10980266666667 61.370133333333335 0
vertex 77.076864 60.990357333333336 0
vertex 77.17352533333334 60.84806400000001 0
endloop
endfacet
facet normal 0 0 -1
outer loop
vertex 74.10980266666667 61.370133333333335 0
vertex 77.17352533333334 60.84806400000001 0
vertex 77.26086400000001 60.699882666666674 0
endloop
endfacet
facet normal 0 0 -1
outer loop
vertex 74.10980266666667 61.370133333333335 0
vertex 77.26086400000001 60.699882666666674 0
vertex 77.30453333333334 60.61450666666667 0
endloop
endfacet
facet normal 0 0 -0.9999999999999999
outer loop
vertex 74.10980266666667 61.370133333333335 0
vertex 77.30453333333334 60.61450666666667 0
vertex 73.53228800000001 60.61450666666667 0
endloop
endfacet
facet normal 0 0 -1
outer loop
vertex 74.10980266666667 61.370133333333335 0
vertex 73.53228800000001 60.61450666666667 0
vertex 73.18784000000001 60.62530133333334 0
endloop
endfacet
facet normal 0 0 -1
outer loop
vertex 74.10980266666667 61.370133333333335 0
vertex 73.18784000000001 60.62530133333334 0
vertex 73.01659733333334 60.64149333333334 0
endloop
endfacet
facet normal 0 0 -1
outer loop
vertex 74.10980266666667 61.370133333333335 0
vertex 73.01659733333334 60.64149333333334 0
vertex 72.84633600000001 60.66848 0
endloop
endfacet
facet normal 0 0 -1
outer loop
vertex 74.10980266666667 61.370133333333335 0
vertex 72.84633600000001 60.66848 0
vertex 72.678528 60.70626133333334 0
endloop
endfacet
facet normal 0 0 -1
outer loop
vertex 74.10980266666667 61.370133333333335 0
vertex 72.678528 60.70626133333334 0
vertex 72.51317333333334 60.75434666666667 0
endloop
endfacet
facet normal 0 0 -1
outer loop
vertex 74.10980266666667 61.370133333333335 0
vertex 72.51317333333334 60.75434666666667 0
vertex 72.35125333333333 60.81224533333334 0
endloop
endfacet
facet normal 0 0 -1
outer loop
vertex 74.10980266666667 61.370133333333335 0
vertex 72.35125333333333 60.81224533333334 0
vertex 72.19325866666667 60.88093866666667 0
endloop
endfacet
facet normal 0 0 -1
outer loop
vertex 74.10980266666667 61.370133333333335 0
vertex 72.19325866666667 60.88093866666667 0
vertex 72.04017066666667 60.95895466666667 0
endloop
endfacet
facet normal 0 0 -1
outer loop
vertex 74.10980266666667 61.370133333333335 0
vertex 72.04017066666667 60.95895466666667 0
vertex 71.89198933333334 61.046784 0
endloop
endfacet
facet normal 0 0 -1
outer loop
vertex 74.10980266666667 61.370133333333335 0
vertex 71.89198933333334 61.046784 0
vertex 71.749696 61.14344533333334 0
endloop
endfacet
facet normal 0 0 -1
outer loop
vertex 74.10980266666667 61.370133333333335 0
vertex 71.749696 61.14344533333334 0
vertex 71.61329066666667 61.248938666666675 0
endloop
endfacet
facet normal 0 0 -1
outer loop
vertex 74.10980266666667 61.370133333333335 0
vertex 71.61329066666667 61.248938666666675 0
vertex 71.48424533333333 61.36277333333334 0
endloop
endfacet
facet normal 0 0 -1
outer loop
vertex 74.10980266666667 61.370133333333335 0
vertex 71.48424533333333 61.36277333333334 0
vertex 71.36256 61.48445866666667 0
endloop
endfacet
facet normal 0 0 -1
outer loop
vertex 74.10980266666667 61.370133333333335 0
vertex 71.36256 61.48445866666667 0
vertex 71.24872533333334 61.613504000000006 0
endloop
endfacet
facet normal 0 0 -0.9999999999999999
outer loop
vertex 74.10980266666667 61.370133333333335 0
vertex 71.24872533333334 61.613504000000006 0
vertex 71.14323200000001 61.74941866666667 0
endloop
endfacet
facet normal 0 0 -1
outer loop
vertex 74.10980266666667 61.370133333333335 0
vertex 71.14323200000001 61.74941866666667 0
vertex 71.04657066666667 61.891712000000005 0
endloop
endfacet
facet normal 0 0 -0.9999999999999999
outer loop
vertex 74.10980266666667 61.370133333333335 0
vertex 71.04657066666667 61.891712000000005 0
vertex 70.95874133333334 62.03989333333334 0
endloop
endfacet
facet normal 0 0 -0.9999999999999999
outer loop
vertex 74.10980266666667 61.370133333333335 0
vertex 70.95874133333334 62.03989333333334 0
vertex 70.91556266666667 62.125269333333335 0
endloop
endfacet
facet normal 0 0 -1
outer loop
vertex 74.10980266666667 61.370133333333335 0
vertex 70.91556266666667 62.125269333333335 0
vertex 74.687808 62.125269333333335 0
endloop
endfacet
facet normal 0 0 -0.9999999999999999
outer loop
vertex 4.068117333333333 60.61450666666667 0
vertex 3.8963840000000003 60.598314666666674 0
vertex 0.28704 60.598314666666674 0
endloop
endfacet
facet normal 0 0 -0.9999999999999999
outer loop
vertex 4.068117333333333 60.61450666666667 0
vertex 0.28704 60.598314666666674 0
vertex 0.29538133333333333 60.61450666666667 0
endloop
endfacet
facet normal 0 0 -1
outer loop
vertex 77.30453333333334 60.61450666666667 0
vertex 77.31287466666667 60.598314666666674 0
vertex 73.70353066666667 60.598314666666674 0
endloop
endfacet
facet normal 0 0 -1
outer loop
vertex 77.30453333333334 60.61450666666667 0
vertex 73.70353066666667 60.598314666666674 0
vertex 73.53228800000001 60.61450666666667 0
endloop
endfacet
facet normal 0 0 -1
outer loop
vertex 3.8963840000000003 60.598314666666674 0
vertex 3.7266133333333338 60.571328 0
vertex 0.27330133333333334 60.571328 0
endloop
endfacet
facet normal 0 0 -0.9999999999999999
outer loop
vertex 3.8963840000000003 60.598314666666674 0
vertex 0.27330133333333334 60.571328 0
vertex 0.28704 60.598314666666674 0
endloop
endfacet
facet normal 0 0 -1
outer loop
vertex 77.31287466666667 60.598314666666674 0
vertex 77.32661333333334 60.571328 0
vertex 73.87330133333334 60.571328 0
endloop
endfacet
facet normal 0 0 -1
outer loop
vertex 77.31287466666667 60.598314666666674 0
vertex 73.87330133333334 60.571328 0
vertex 73.70353066666667 60.598314666666674 0
endloop
endfacet
facet normal 0 0 -1
outer loop
vertex 1.6147840000000002 60.55170133333334 0
vertex 3.7266133333333338 60.571328 0
vertex 3.558805333333334 60.53403733333334 0
endloop
endfacet
facet normal 0 0 -1
outer loop
vertex 1.6147840000000002 60.55170133333334 0
vertex 3.558805333333334 60.53403733333334 0
vertex 0.2551466666666667 60.53403733333334 0
endloop
endfacet
facet normal 0 0 -1
outer loop
vertex 1.6147840000000002 60.55170133333334 0
vertex 0.2551466666666667 60.53403733333334 0
vertex 0.260544 60.54679466666667 0
endloop
endfacet
facet normal 0 0 -1
outer loop
vertex 1.6147840000000002 60.55170133333334 0
vertex 0.260544 60.54679466666667 0
vertex 0.27330133333333334 60.571328 0
endloop
endfacet
facet normal 0 0 -1
outer loop
vertex 1.6147840000000002 60.55170133333334 0
vertex 0.27330133333333334 60.571328 0
vertex 3.7266133333333338 60.571328 0
endloop
endfacet
facet normal 0 0 -1
outer loop
vertex 75.98513066666668 60.55170133333334 0
vertex 77.32661333333334 60.571328 0
vertex 77.33937066666667 60.54679466666667 0
endloop
endfacet
facet normal 0 0 -1
outer loop
vertex 75.98513066666668 60.55170133333334 0
vertex 77.33937066666667 60.54679466666667 0
vertex 77.344768 60.53403733333334 0
endloop
endfacet
facet normal 0 0 -1
outer loop
vertex 75.98513066666668 60.55170133333334 0
vertex 77.344768 60.53403733333334 0
vertex 74.0416 60.53403733333334 0
endloop
endfacet
facet normal 0 0 -1
outer loop
vertex 75.98513066666668 60.55170133333334 0
vertex 74.0416 60.53403733333334 0
vertex 73.87330133333334 60.571328 0
endloop
endfacet
facet normal 0 0 -1
outer loop
vertex 75.98513066666668 60.55170133333334 0
vertex 73.87330133333334 60.571328 0
vertex 77.32661333333334 60.571328 0
endloop
endfacet
facet normal 0 0 -1
outer loop
vertex 3.558805333333334 60.53403733333334 0
vertex 3.393450666666667 60.485952000000005 0
vertex 0.23453866666666667 60.485952000000005 0
endloop
endfacet
facet normal 0 0 -0.9999999999999999
outer loop
vertex 3.558805333333334 60.53403733333334 0
vertex 0.23453866666666667 60.485952000000005 0
vertex 0.2551466666666667 60.53403733333334 0
endloop
endfacet
facet normal 0 0 -1
outer loop
vertex 77.344768 60.53403733333334 0
vertex 77.36537600000001 60.485952000000005 0
vertex 74.20646400000001 60.485952000000005 0
endloop
endfacet
facet normal 0 0 -1
outer loop
vertex 77.344768 60.53403733333334 0
vertex 74.20646400000001 60.485952000000005 0
vertex 74.0416 60.53403733333334 0
endloop
endfacet
facet normal 0 0 -1
outer loop
vertex 3.393450666666667 60.485952000000005 0
vertex 3.231530666666667 60.427562666666674 0
vertex 0.20902400000000002 60.427562666666674 0
endloop
endfacet
facet normal 0 0 -0.9999999999999999
outer loop
vertex 3.393450666666667 60.485952000000005 0
vertex 0.20902400000000002 60.427562666666674 0
vertex 0.23453866666666667 60.485952000000005 0
endloop
endfacet
facet normal 0 0 -0.9999999999999999
outer loop
vertex 77.36537600000001 60.485952000000005 0
vertex 77.39089066666668 60.427562666666674 0
vertex 74.36887466666667 60.427562666666674 0
endloop
endfacet
facet normal 0 0 -1
outer loop
vertex 77.36537600000001 60.485952000000005 0
vertex 74.36887466666667 60.427562666666674 0
vertex 74.20646400000001 60.485952000000005 0
endloop
endfacet
facet normal 0 0 -1
outer loop
vertex 1.3777920000000001 60.39272533333334 0
vertex 3.231530666666667 60.427562666666674 0
vertex 3.0735360000000003 60.35936 0
endloop
endfacet
facet normal 0 0 -1
outer loop
vertex 1.3777920000000001 60.39272533333334 0
vertex 3.0735360000000003 60.35936 0
vertex 0.18203733333333336 60.35936 0
endloop
endfacet
facet normal 0 0 -1
outer loop
vertex 1.3777920000000001 60.39272533333334 0
vertex 0.18203733333333336 60.35936 0
vertex 0.19234133333333334 60.3888 0
endloop
endfacet
facet normal 0 0 -1
outer loop
vertex 1.3777920000000001 60.39272533333334 0
vertex 0.19234133333333334 60.3888 0
vertex 0.20902400000000002 60.427562666666674 0
endloop
endfacet
facet normal 0 0 -1
outer loop
vertex 1.3777920000000001 60.39272533333334 0
vertex 0.20902400000000002 60.427562666666674 0
vertex 3.231530666666667 60.427562666666674 0
endloop
endfacet
facet normal 0 0 -1
outer loop
vertex 76.22261333333334 60.39272533333334 0
vertex 77.39089066666668 60.427562666666674 0
vertex 77.40757333333335 60.3888 0
endloop
endfacet
facet normal 0 0 -1
outer loop
vertex 76.22261333333334 60.39272533333334 0
vertex 77.40757333333335 60.3888 0
vertex 77.418368 60.35936 0
endloop
endfacet
facet normal 0 0 -1
outer loop
vertex 76.22261333333334 60.39272533333334 0
vertex 77.418368 60.35936 0
vertex 74.52686933333334 60.35936 0
endloop
endfacet
facet normal 0 0 -1
outer loop
vertex 76.22261333333334 60.39272533333334 0
vertex 74.52686933333334 60.35936 0
vertex 74.36887466666667 60.427562666666674 0
endloop
endfacet
facet normal 0 0 -1
outer loop
vertex 76.22261333333334 60.39272533333334 0
vertex 74.36887466666667 60.427562666666674 0
vertex 77.39089066666668 60.427562666666674 0
endloop
endfacet
facet normal 0 0 -0.9999999999999999
outer loop
vertex 3.0735360000000003 60.35936 0
vertex 2.9199573333333335 60.28085333333334 0
vertex 0.15357866666666667 60.28085333333334 0
endloop
endfacet
facet normal 0 0 -0.9999999999999999
outer loop
vertex 3.0735360000000003 60.35936 0
vertex 0.15357866666666667 60.28085333333334 0
vertex 0.18203733333333336 60.35936 0
endloop
endfacet
facet normal 0 0 -1
outer loop
vertex 77.418368 60.35936 0
vertex 77.446336 60.28085333333334 0
vertex 74.67995733333333 60.28085333333334 0
endloop
endfacet
facet normal 0 0 -1
outer loop
vertex 77.418368 60.35936 0
vertex 74.67995733333333 60.28085333333334 0
vertex 74.52686933333334 60.35936 0
endloop
endfacet
facet normal 0 0 -1
outer loop
vertex 1.2207786666666667 60.235221333333335 0
vertex 2.9199573333333335 60.28085333333334 0
vertex 2.771776 60.19351466666667 0
endloop
endfacet
facet normal 0 0 -1
outer loop
vertex 1.2207786666666667 60.235221333333335 0
vertex 2.771776 60.19351466666667 0
vertex 0.12462933333333334 60.19351466666667 0
endloop
endfacet
facet normal 0 0 -1
outer loop
vertex 1.2207786666666667 60.235221333333335 0
vertex 0.12462933333333334 60.19351466666667 0
vertex 0.13395200000000002 60.22688 0
endloop
endfacet
facet normal 0 0 -1
outer loop
vertex 1.2207786666666667 60.235221333333335 0
vertex 0.13395200000000002 60.22688 0
vertex 0.15357866666666667 60.28085333333334 0
endloop
endfacet
facet normal 0 0 -1
outer loop
vertex 1.2207786666666667 60.235221333333335 0
vertex 0.15357866666666667 60.28085333333334 0
vertex 2.9199573333333335 60.28085333333334 0
endloop
endfacet
facet normal 0 0 -1
outer loop
vertex 76.379136 60.235221333333335 0
vertex 77.446336 60.28085333333334 0
vertex 77.46596266666667 60.22688 0
endloop
endfacet
facet normal 0 0 -1
outer loop
vertex 76.379136 60.235221333333335 0
vertex 77.46596266666667 60.22688 0
vertex 77.47577600000001 60.19351466666667 0
endloop
endfacet
facet normal 0 0 -1
outer loop
vertex 76.379136 60.235221333333335 0
vertex 77.47577600000001 60.19351466666667 0
vertex 74.82813866666667 60.19351466666667 0
endloop
endfacet
facet normal 0 0 -1
outer loop
vertex 76.379136 60.235221333333335 0
vertex 74.82813866666667 60.19351466666667 0
vertex 74.67995733333333 60.28085333333334 0
endloop
endfacet
facet normal 0 0 -1
outer loop
vertex 76.379136 60.235221333333335 0
vertex 74.67995733333333 60.28085333333334 0
vertex 77.446336 60.28085333333334 0
endloop
endfacet
facet normal 0 0 -1
outer loop
vertex 2.771776 60.19351466666667 0
vertex 2.629482666666667 60.096853333333335 0
vertex 0.09617066666666667 60.096853333333335 0
endloop
endfacet
facet normal 0 0 -1
outer loop
vertex 2.771776 60.19351466666667 0
vertex 0.09617066666666667 60.096853333333335 0
vertex 0.12462933333333334 60.19351466666667 0
endloop
endfacet
facet normal 0 0 -1
outer loop
vertex 77.47577600000001 60.19351466666667 0
vertex 77.50374400000001 60.096853333333335 0
vertex 74.970432 60.096853333333335 0
endloop
endfacet
facet normal 0 0 -1
outer loop
vertex 77.47577600000001 60.19351466666667 0
vertex 74.970432 60.096853333333335 0
vertex 74.82813866666667 60.19351466666667 0
endloop
endfacet
facet normal 0 0 -1
outer loop
vertex 1.0750506666666668 60.047786666666674 0
vertex 2.629482666666667 60.096853333333335 0
vertex 2.4935680000000002 59.99136000000001 0
endloop
endfacet
facet normal 0 0 -1
outer loop
vertex 1.0750506666666668 60.047786666666674 0
vertex 2.4935680000000002 59.99136000000001 0
vertex 0.07016533333333334 59.99136000000001 0
endloop
endfacet
facet normal 0 0 -1
outer loop
vertex 1.0750506666666668 60.047786666666674 0
vertex 0.07016533333333334 59.99136000000001 0
vertex 0.08586666666666667 60.061525333333336 0
endloop
endfacet
facet normal 0 0 -1
outer loop
vertex 1.0750506666666668 60.047786666666674 0
vertex 0.08586666666666667 60.061525333333336 0
vertex 0.09617066666666667 60.096853333333335 0
endloop
endfacet
facet normal 0 0 -1
outer loop
vertex 1.0750506666666668 60.047786666666674 0
vertex 0.09617066666666667 60.096853333333335 0
vertex 2.629482666666667 60.096853333333335 0
endloop
endfacet
facet normal 0 0 -1
outer loop
vertex 76.52486400000001 60.047786666666674 0
vertex 77.50374400000001 60.096853333333335 0
vertex 77.514048 60.061525333333336 0
endloop
endfacet
facet normal 0 0 -1
outer loop
vertex 76.52486400000001 60.047786666666674 0
vertex 77.514048 60.061525333333336 0
vertex 77.52974933333334 59.99136000000001 0
endloop
endfacet
facet normal 0 0 -1
outer loop
vertex 76.52486400000001 60.047786666666674 0
vertex 77.52974933333334 59.99136000000001 0
vertex 75.10634666666667 59.99136000000001 0
endloop
endfacet
facet normal 0 0 -1
outer loop
vertex 76.52486400000001 60.047786666666674 0
vertex 75.10634666666667 59.99136000000001 0
vertex 74.970432 60.096853333333335 0
endloop
endfacet
facet normal 0 0 -1
outer loop
vertex 76.52486400000001 60.047786666666674 0
vertex 74.970432 60.096853333333335 0
vertex 77.50374400000001 60.096853333333335 0
endloop
endfacet
facet normal 0 0 -1
outer loop
vertex 1.0043946666666668 59.926101333333335 0
vertex 2.4935680000000002 59.99136000000001 0
vertex 2.3645226666666668 59.87752533333334 0
endloop
endfacet
facet normal 0 0 -1
outer loop
vertex 1.0043946666666668 59.926101333333335 0
vertex 2.3645226666666668 59.87752533333334 0
vertex 0.04612266666666667 59.87752533333334 0
endloop
endfacet
facet normal 0 0 -1
outer loop
vertex 1.0043946666666668 59.926101333333335 0
vertex 0.04612266666666667 59.87752533333334 0
vertex 0.048576 59.89322666666667 0
endloop
endfacet
facet normal 0 0 -0.9999999999999999
outer loop
vertex 1.0043946666666668 59.926101333333335 0
vertex 0.048576 59.89322666666667 0
vertex 0.07016533333333334 59.99136000000001 0
endloop
endfacet
facet normal 0 0 -1
outer loop
vertex 1.0043946666666668 59.926101333333335 0
vertex 0.07016533333333334 59.99136000000001 0
vertex 2.4935680000000002 59.99136000000001 0
endloop
endfacet
facet normal 0 0 -1
outer loop
vertex 76.59552000000001 59.926101333333335 0
vertex 77.52974933333334 59.99136000000001 0
vertex 77.55133866666667 59.89322666666667 0
endloop
endfacet
facet normal 0 0 -1
outer loop
vertex 76.59552000000001 59.926101333333335 0
vertex 77.55133866666667 59.89322666666667 0
vertex 77.553792 59.87752533333334 0
endloop
endfacet
facet normal 0 0 -1
outer loop
vertex 76.59552000000001 59.926101333333335 0
vertex 77.553792 59.87752533333334 0
vertex 75.23588266666667 59.87752533333334 0
endloop
endfacet
facet normal 0 0 -0.9999999999999999
outer loop
vertex 76.59552000000001 59.926101333333335 0
vertex 75.23588266666667 59.87752533333334 0
vertex 75.10634666666667 59.99136000000001 0
endloop
endfacet
facet normal 0 0 -1
outer loop
vertex 76.59552000000001 59.926101333333335 0
vertex 75.10634666666667 59.99136000000001 0
vertex 77.52974933333334 59.99136000000001 0
endloop
endfacet
facet normal 0 0 -1
outer loop
vertex 2.3645226666666668 59.87752533333334 0
vertex 2.2428373333333336 59.755840000000006 0
vertex 0.026496000000000002 59.755840000000006 0
endloop
endfacet
facet normal 0 0 -1
outer loop
vertex 2.3645226666666668 59.87752533333334 0
vertex 0.026496000000000002 59.755840000000006 0
vertex 0.04612266666666667 59.87752533333334 0
endloop
endfacet
facet normal 0 0 -1
outer loop
vertex 77.553792 59.87752533333334 0
vertex 77.57341866666667 59.755840000000006 0
vertex 75.357568 59.755840000000006 0
endloop
endfacet
facet normal 0 0 -1
outer loop
vertex 77.553792 59.87752533333334 0
vertex 75.357568 59.755840000000006 0
vertex 75.23588266666667 59.87752533333334 0
endloop
endfacet
facet normal 0 0 -1
outer loop
vertex 0.8866346666666667 59.69745066666667 0
vertex 2.2428373333333336 59.755840000000006 0
vertex 2.129002666666667 59.626304000000005 0
endloop
endfacet
facet normal 0 0 -1
outer loop
vertex 0.8866346666666667 59.69745066666667 0
vertex 2.129002666666667 59.626304000000005 0
vertex 0.012266666666666667 59.626304000000005 0
endloop
endfacet
facet normal 0 0 -1
outer loop
vertex 0.8866346666666667 59.69745066666667 0
vertex 0.012266666666666667 59.626304000000005 0
vertex 0.021589333333333335 59.723456000000006 0
endloop
endfacet
facet normal 0 0 -1
outer loop
vertex 0.8866346666666667 59.69745066666667 0
vertex 0.021589333333333335 59.723456000000006 0
vertex 0.026496000000000002 59.755840000000006 0
endloop
endfacet
facet normal 0 0 -1
outer loop
vertex 0.8866346666666667 59.69745066666667 0
vertex 0.026496000000000002 59.755840000000006 0
vertex 2.2428373333333336 59.755840000000006 0
endloop
endfacet
facet normal 0 0 -1
outer loop
vertex 76.71377066666668 59.69745066666667 0
vertex 77.57341866666667 59.755840000000006 0
vertex 77.57832533333334 59.723456000000006 0
endloop
endfacet
facet normal 0 0 -1
outer loop
vertex 76.71377066666668 59.69745066666667 0
vertex 77.57832533333334 59.723456000000006 0
vertex 77.587648 59.626304000000005 0
endloop
endfacet
facet normal 0 0 -1
outer loop
vertex 76.71377066666668 59.69745066666667 0
vertex 77.587648 59.626304000000005 0
vertex 75.47140266666668 59.626304000000005 0
endloop
endfacet
facet normal 0 0 -1
outer loop
vertex 76.71377066666668 59.69745066666667 0
vertex 75.47140266666668 59.626304000000005 0
vertex 75.357568 59.755840000000006 0
endloop
endfacet
facet normal 0 0 -1
outer loop
vertex 76.71377066666668 59.69745066666667 0
vertex 75.357568 59.755840000000006 0
vertex 77.57341866666667 59.755840000000006 0
endloop
endfacet
facet normal 0 0 -1
outer loop
vertex 0.834624 59.557120000000005 0
vertex 2.129002666666667 59.626304000000005 0
vertex 2.0235093333333336 59.49038933333334 0
endloop
endfacet
facet normal 0 0 -1
outer loop
vertex 0.834624 59.557120000000005 0
vertex 2.0235093333333336 59.49038933333334 0
vertex 0.003434666666666667 59.49038933333334 0
endloop
endfacet
facet normal 0 0 -1
outer loop
vertex 0.834624 59.557120000000005 0
vertex 0.003434666666666667 59.49038933333334 0
vertex 0.005397333333333334 59.552213333333334 0
endloop
endfacet
facet normal 0 0 -1
outer loop
vertex 0.834624 59.557120000000005 0
vertex 0.005397333333333334 59.552213333333334 0
vertex 0.012266666666666667 59.626304000000005 0
endloop
endfacet
facet normal 0 0 -1
outer loop
vertex 0.834624 59.557120000000005 0
vertex 0.012266666666666667 59.626304000000005 0
vertex 2.129002666666667 59.626304000000005 0
endloop
endfacet
facet normal 0 0 -1
outer loop
vertex 76.76529066666667 59.557120000000005 0
vertex 77.587648 59.626304000000005 0
vertex 77.59451733333334 59.552213333333334 0
endloop
endfacet
facet normal 0 0 -0.9999999999999999
outer loop
vertex 76.76529066666667 59.557120000000005 0
vertex 77.59451733333334 59.552213333333334 0
vertex 77.59648 59.49038933333334 0
endloop
endfacet
facet normal 0 0 -1
outer loop
vertex 76.76529066666667 59.557120000000005 0
vertex 77.59648 59.49038933333334 0
vertex 75.576896 59.49038933333334 0
endloop
endfacet
facet normal 0 0 -0.9999999999999999
outer loop
vertex 76.76529066666667 59.557120000000005 0
vertex 75.576896 59.49038933333334 0
vertex 75.47140266666668 59.626304000000005 0
endloop
endfacet
facet normal 0 0 -1
outer loop
vertex 76.76529066666667 59.557120000000005 0
vertex 75.47140266666668 59.626304000000005 0
vertex 77.587648 59.626304000000005 0
endloop
endfacet
facet normal 0 0 -1
outer loop
vertex 0.790464 59.411392000000006 0
vertex 2.0235093333333336 59.49038933333334 0
vertex 1.9263573333333335 59.348096000000005 0
endloop
endfacet
facet normal 0 0 -0.9999999999999999
outer loop
vertex 0.790464 59.411392000000006 0
vertex 1.9263573333333335 59.348096000000005 0
vertex 0 59.348096000000005 0
endloop
endfacet
facet normal 0 0 -0.9999999999999999
outer loop
vertex 0.790464 59.411392000000006 0
vertex 0 59.348096000000005 0
vertex 0 59.379989333333334 0
endloop
endfacet
facet normal 0 0 -1
outer loop
vertex 0.790464 59.411392000000006 0
vertex 0 59.379989333333334 0
vertex 0.003434666666666667 59.49038933333334 0
endloop
endfacet
facet normal 0 0 -1
outer loop
vertex 0.790464 59.411392000000006 0
vertex 0.003434666666666667 59.49038933333334 0
vertex 2.0235093333333336 59.49038933333334 0
endloop
endfacet
facet normal 0 0 -1
outer loop
vertex 76.80945066666668 59.411392000000006 0
vertex 77.59648 59.49038933333334 0
vertex 77.59991466666668 59.379989333333334 0
endloop
endfacet
facet normal 0 0 -0.9999999999999999
outer loop
vertex 76.80945066666668 59.411392000000006 0
vertex 77.59991466666668 59.379989333333334 0
vertex 77.59991466666668 59.348096000000005 0
endloop
endfacet
facet normal 0 0 -0.9999999999999999
outer loop
vertex 76.80945066666668 59.411392000000006 0
vertex 77.59991466666668 59.348096000000005 0
vertex 75.67355733333333 59.348096000000005 0
endloop
endfacet
facet normal 0 0 -1
outer loop
vertex 76.80945066666668 59.411392000000006 0
vertex 75.67355733333333 59.348096000000005 0
vertex 75.576896 59.49038933333334 0
endloop
endfacet
facet normal 0 0 -1
outer loop
vertex 76.80945066666668 59.411392000000006 0
vertex 75.576896 59.49038933333334 0
vertex 77.59648 59.49038933333334 0
endloop
endfacet
facet normal 0 0 -1
outer loop
vertex 1.9263573333333335 59.348096000000005 0
vertex 1.8390186666666668 59.19991466666667 0
vertex 0 59.19991466666667 0
endloop
endfacet
facet normal 0 0 -1
outer loop
vertex 1.9263573333333335 59.348096000000005 0
vertex 0 59.19991466666667 0
vertex 0 59.348096000000005 0
endloop
endfacet
facet normal 0 0 -1
outer loop
vertex 77.59991466666668 59.348096000000005 0
vertex 77.59991466666668 59.19991466666667 0
vertex 75.760896 59.19991466666667 0
endloop
endfacet
facet normal 0 0 -1
outer loop
vertex 77.59991466666668 59.348096000000005 0
vertex 75.760896 59.19991466666667 0
vertex 75.67355733333333 59.348096000000005 0
endloop
endfacet
facet normal 0 0 -1
outer loop
vertex 1.8390186666666668 59.19991466666667 0
vertex 1.7610026666666667 59.04682666666667 0
vertex 0 59.04682666666667 0
endloop
endfacet
facet normal 0 0 -1
outer loop
vertex 1.8390186666666668 59.19991466666667 0
vertex 0 59.04682666666667 0
vertex 0 59.19991466666667 0
endloop
endfacet
facet normal 0 0 -1
outer loop
vertex 77.59991466666668 59.19991466666667 0
vertex 77.59991466666668 59.04682666666667 0
vertex 75.83940266666667 59.04682666666667 0
endloop
endfacet
facet normal 0 0 -1
outer loop
vertex 77.59991466666668 59.19991466666667 0
vertex 75.83940266666667 59.04682666666667 0
vertex 75.760896 59.19991466666667 0
endloop
endfacet
facet normal 0 0 -1
outer loop
vertex 1.7610026666666667 59.04682666666667 0
vertex 1.6923093333333334 58.88883200000001 0
vertex 0 58.88883200000001 0
endloop
endfacet
facet normal 0 0 -1
outer loop
vertex 1.7610026666666667 59.04682666666667 0
vertex 0 58.88883200000001 0
vertex 0 59.04682666666667 0
endloop
endfacet
facet normal 0 0 -1
outer loop
vertex 77.59991466666668 59.04682666666667 0
vertex 77.59991466666668 58.88883200000001 0
vertex 75.90760533333334 58.88883200000001 0
endloop
endfacet
facet normal 0 0 -1
outer loop
vertex 77.59991466666668 59.04682666666667 0
vertex 75.90760533333334 58.88883200000001 0
vertex 75.83940266666667 59.04682666666667 0
endloop
endfacet
facet normal 0 0 -1
outer loop
vertex 1.6923093333333334 58.88883200000001 0
vertex 1.63392 58.726912000000006 0
vertex 0 58.726912000000006 0
endloop
endfacet
facet normal 0 0 -1
outer loop
vertex 1.6923093333333334 58.88883200000001 0
vertex 0 58.726912000000006 0
vertex 0 58.88883200000001 0
endloop
endfacet
facet normal 0 0 -1
outer loop
vertex 77.59991466666668 58.88883200000001 0
vertex 77.59991466666668 58.726912000000006 0
vertex 75.96599466666667 58.726912000000006 0
endloop
endfacet
facet normal 0 0 -1
outer loop
vertex 77.59991466666668 58.88883200000001 0
vertex 75.96599466666667 58.726912000000006 0
vertex 75.90760533333334 58.88883200000001 0
endloop
endfacet
facet normal 0 0 -1
outer loop
vertex 1.63392 58.726912000000006 0
vertex 1.5863253333333334 58.56155733333334 0
vertex 0 58.56155733333334 0
endloop
endfacet
facet normal 0 0 -1
outer loop
vertex 1.63392 58.726912000000006 0
vertex 0 58.56155733333334 0
vertex 0 58.726912000000006 0
endloop
endfacet
facet normal 0 0 -1
outer loop
vertex 77.59991466666668 58.726912000000006 0
vertex 77.59991466666668 58.56155733333334 0
vertex 76.01408 58.56155733333334 0
endloop
endfacet
facet normal 0 0 -1
outer loop
vertex 77.59991466666668 58.726912000000006 0
vertex 76.01408 58.56155733333334 0
vertex 75.96599466666667 58.726912000000006 0
endloop
endfacet
facet normal 0 0 -1
outer loop
vertex 1.5863253333333334 58.56155733333334 0
vertex 1.5485440000000001 58.39325866666667 0
vertex 0 58.39325866666667 0
endloop
endfacet
facet normal 0 0 -1
outer loop
vertex 1.5863253333333334 58.56155733333334 0
vertex 0 58.39325866666667 0
vertex 0 58.56155733333334 0
endloop
endfacet
facet normal 0 0 -1
outer loop
vertex 77.59991466666668 58.56155733333334 0
vertex 77.59991466666668 58.39325866666667 0
vertex 76.05137066666667 58.39325866666667 0
endloop
endfacet
facet normal 0 0 -1
outer loop
vertex 77.59991466666668 58.56155733333334 0
vertex 76.05137066666667 58.39325866666667 0
vertex 76.01408 58.56155733333334 0
endloop
endfacet
facet normal 0 0 -1
outer loop
vertex 1.5485440000000001 58.39325866666667 0
vertex 1.5215573333333334 58.223488 0
vertex 0 58.223488 0
endloop
endfacet
facet normal 0 0 -1
outer loop
vertex 1.5485440000000001 58.39325866666667 0
vertex 0 58.223488 0
vertex 0 58.39325866666667 0
endloop
endfacet
facet normal 0 0 -1
outer loop
vertex 77.59991466666668 58.39325866666667 0
vertex 77.59991466666668 58.223488 0
vertex 76.07835733333334 58.223488 0
endloop
endfacet
facet normal 0 0 -1
outer loop
vertex 77.59991466666668 58.39325866666667 0
vertex 76.07835733333334 58.223488 0
vertex 76.05137066666667 58.39325866666667 0
endloop
endfacet
facet normal 0 0 -1
outer loop
vertex 1.5215573333333334 58.223488 0
vertex 1.5053653333333334 58.05224533333334 0
vertex 0 58.05224533333334 0
endloop
endfacet
facet normal 0 0 -1
outer loop
vertex 1.5215573333333334 58.223488 0
vertex 0 58.05224533333334 0
vertex 0 58.223488 0
endloop
endfacet
facet normal 0 0 -1
outer loop
vertex 77.59991466666668 58.223488 0
vertex 77.59991466666668 58.05224533333334 0
vertex 76.09454933333333 58.05224533333334 0
endloop
endfacet
facet normal 0 0 -1
outer loop
vertex 77.59991466666668 58.223488 0
vertex 76.09454933333333 58.05224533333334 0
vertex 76.07835733333334 58.223488 0
endloop
endfacet
facet normal 0 0 -1
outer loop
vertex 1.5053653333333334 58.05224533333334 0
vertex 1.4999680000000002 57.88002133333334 0
vertex 0 57.88002133333334 0
endloop
endfacet
facet normal 0 0 -1
outer loop
vertex 1.5053653333333334 58.05224533333334 0
vertex 0 57.88002133333334 0
vertex 0 58.05224533333334 0
endloop
endfacet
facet normal 0 0 -1
outer loop
vertex 77.59991466666668 58.05224533333334 0
vertex 77.59991466666668 57.88002133333334 0
vertex 76.09994666666667 57.88002133333334 0
endloop
endfacet
facet normal 0 0 -1
outer loop
vertex 77.59991466666668 58.05224533333334 0
vertex 76.09994666666667 57.88002133333334 0
vertex 76.09454933333333 58.05224533333334 0
endloop
endfacet
facet normal 0 0 -1
outer loop
vertex 1.4999680000000002 57.88002133333334 0
vertex 1.4999680000000002 9.720106666666668 0
vertex 0 9.720106666666668 0
endloop
endfacet
facet normal 0 0 -1
outer loop
vertex 1.4999680000000002 57.88002133333334 0
vertex 0 9.720106666666668 0
vertex 0 57.88002133333334 0
endloop
endfacet
facet normal 0 0 -1
outer loop
vertex 77.59991466666668 57.88002133333334 0
vertex 77.59991466666668 9.720106666666668 0
vertex 76.09994666666667 9.720106666666668 0
endloop
endfacet
facet normal 0 0 -1
outer loop
vertex 77.59991466666668 57.88002133333334 0
vertex 76.09994666666667 9.720106666666668 0
vertex 76.09994666666667 57.88002133333334 0
endloop
endfacet
facet normal 0 0 -1
outer loop
vertex 1.4999680000000002 9.720106666666668 0
vertex 1.5053653333333334 9.547882666666668 0
vertex 0 9.547882666666668 0
endloop
endfacet
facet normal 0 0 -1
outer loop
vertex 1.4999680000000002 9.720106666666668 0
vertex 0 9.547882666666668 0
vertex 0 9.720106666666668 0
endloop
endfacet
facet normal 0 0 -1
outer loop
vertex 77.59991466666668 9.720106666666668 0
vertex 77.59991466666668 9.547882666666668 0
vertex 76.09454933333333 9.547882666666668 0
endloop
endfacet
facet normal 0 0 -1
outer loop
vertex 77.59991466666668 9.720106666666668 0
vertex 76.09454933333333 9.547882666666668 0
vertex 76.09994666666667 9.720106666666668 0
endloop
endfacet
facet normal 0 0 -1
outer loop
vertex 1.5053653333333334 9.547882666666668 0
vertex 1.5215573333333334 9.37664 0
vertex 0 9.37664 0
endloop
endfacet
facet normal 0 0 -1
outer loop
vertex 1.5053653333333334 9.547882666666668 0
vertex 0 9.37664 0
vertex 0 9.547882666666668 0
endloop
endfacet
facet normal 0 0 -1
outer loop
vertex 77.59991466666668 9.547882666666668 0
vertex 77.59991466666668 9.37664 0
vertex 76.07835733333334 9.37664 0
endloop
endfacet
facet normal 0 0 -1
outer loop
vertex 77.59991466666668 9.547882666666668 0
vertex 76.07835733333334 9.37664 0
vertex 76.09454933333333 9.547882666666668 0
endloop
endfacet
facet normal 0 0 -1
outer loop
vertex 1.5215573333333334 9.37664 0
vertex 1.5485440000000001 9.206378666666668 0
vertex 0 9.206378666666668 0
endloop
endfacet
facet normal 0 0 -1
outer loop
vertex 1.5215573333333334 9.37664 0
vertex 0 9.206378666666668 0
vertex 0 9.37664 0
endloop
endfacet
facet normal 0 0 -1
outer loop
vertex 77.59991466666668 9.37664 0
vertex 77.59991466666668 9.206378666666668 0
vertex 76.05137066666667 9.206378666666668 0
endloop
endfacet
facet normal 0 0 -1
outer loop
vertex 77.59991466666668 9.37664 0
vertex 76.05137066666667 9.206378666666668 0
vertex 76.07835733333334 9.37664 0
endloop
endfacet
facet normal 0 0 -1
outer loop
vertex 1.5485440000000001 9.206378666666668 0
vertex 1.5863253333333334 9.038570666666667 0
vertex 0 9.038570666666667 0
endloop
endfacet
facet normal 0 0 -1
outer loop
vertex 1.5485440000000001 9.206378666666668 0
vertex 0 9.038570666666667 0
vertex 0 9.206378666666668 0
endloop
endfacet
facet normal 0 0 -1
outer loop
vertex 77.59991466666668 9.206378666666668 0
vertex 77.59991466666668 9.038570666666667 0
vertex 76.01408 9.038570666666667 0
endloop
endfacet
facet normal 0 0 -1
outer loop
vertex 77.59991466666668 9.206378666666668 0
vertex 76.01408 9.038570666666667 0
vertex 76.05137066666667 9.206378666666668 0
endloop
endfacet
facet normal 0 0 -1
outer loop
vertex 1.5863253333333334 9.038570666666667 0
vertex 1.63392 8.873216000000001 0
vertex 0 8.873216000000001 0
endloop
endfacet
facet normal 0 0 -1
outer loop
vertex 1.5863253333333334 9.038570666666667 0
vertex 0 8.873216000000001 0
vertex 0 9.038570666666667 0
endloop
endfacet
facet normal 0 0 -1
outer loop
vertex 77.59991466666668 9.038570666666667 0
vertex 77.59991466666668 8.873216000000001 0
vertex 75.96599466666667 8.873216000000001 0
endloop
endfacet
facet normal 0 0 -1
outer loop
vertex 77.59991466666668 9.038570666666667 0
vertex 75.96599466666667 8.873216000000001 0
vertex 76.01408 9.038570666666667 0
endloop
endfacet
facet normal 0 0 -1
outer loop
vertex 1.63392 8.873216000000001 0
vertex 1.6923093333333334 8.711296 0
vertex 0 8.711296 0
endloop
endfacet
facet normal 0 0 -1
outer loop
vertex 1.63392 8.873216000000001 0
vertex 0 8.711296 0
vertex 0 8.873216000000001 0
endloop
endfacet
facet normal 0 0 -1
outer loop
vertex 77.59991466666668 8.873216000000001 0
vertex 77.59991466666668 8.711296 0
vertex 75.90760533333334 8.711296 0
endloop
endfacet
facet normal 0 0 -1
outer loop
vertex 77.59991466666668 8.873216000000001 0
vertex 75.90760533333334 8.711296 0
vertex 75.96599466666667 8.873216000000001 0
endloop
endfacet
facet normal 0 0 -1
outer loop
vertex 1.6923093333333334 8.711296 0
vertex 1.7610026666666667 8.553301333333334 0
vertex 0 8.553301333333334 0
endloop
endfacet
facet normal 0 0 -1
outer loop
vertex 1.6923093333333334 8.711296 0
vertex 0 8.553301333333334 0
vertex 0 8.711296 0
endloop
endfacet
facet normal 0 0 -1
outer loop
vertex 77.59991466666668 8.711296 0
vertex 77.59991466666668 8.553301333333334 0
vertex 75.83940266666667 8.553301333333334 0
endloop
endfacet
facet normal 0 0 -1
outer loop
vertex 77.59991466666668 8.711296 0
vertex 75.83940266666667 8.553301333333334 0
vertex 75.90760533333334 8.711296 0
endloop
endfacet
facet normal 0 0 -1
outer loop
vertex 1.7610026666666667 8.553301333333334 0
vertex 1.8390186666666668 8.400213333333333 0
vertex 0 8.400213333333333 0
endloop
endfacet
facet normal 0 0 -1
outer loop
vertex 1.7610026666666667 8.553301333333334 0
vertex 0 8.400213333333333 0
vertex 0 8.553301333333334 0
endloop
endfacet
facet normal 0 0 -1
outer loop
vertex 77.59991466666668 8.553301333333334 0
vertex 77.59991466666668 8.400213333333333 0
vertex 75.760896 8.400213333333333 0
endloop
endfacet
facet normal 0 0 -1
outer loop
vertex 77.59991466666668 8.553301333333334 0
vertex 75.760896 8.400213333333333 0
vertex 75.83940266666667 8.553301333333334 0
endloop
endfacet
facet normal 0 0 -1
outer loop
vertex 1.8390186666666668 8.400213333333333 0
vertex 1.9263573333333335 8.252032 0
vertex 0 8.252032 0
endloop
endfacet
facet normal 0 0 -1
outer loop
vertex 1.8390186666666668 8.400213333333333 0
vertex 0 8.252032 0
vertex 0 8.400213333333333 0
endloop
endfacet
facet normal 0 0 -1
outer loop
vertex 77.59991466666668 8.400213333333333 0
vertex 77.59991466666668 8.252032 0
vertex 75.67355733333333 8.252032 0
endloop
endfacet
facet normal 0 0 -1
outer loop
vertex 77.59991466666668 8.400213333333333 0
vertex 75.67355733333333 8.252032 0
vertex 75.760896 8.400213333333333 0
endloop
endfacet
facet normal 0 0 -1
outer loop
vertex 0.790464 8.188736 0
vertex 1.9263573333333335 8.252032 0
vertex 2.0235093333333336 8.109248000000001 0
endloop
endfacet
facet normal 0 0 -1
outer loop
vertex 0.790464 8.188736 0
vertex 2.0235093333333336 8.109248000000001 0
vertex 0.003434666666666667 8.109248000000001 0
endloop
endfacet
facet normal 0 0 -1
outer loop
vertex 0.790464 8.188736 0
vertex 0.003434666666666667 8.109248000000001 0
vertex 0 8.220138666666667 0
endloop
endfacet
facet normal 0 0 -1
outer loop
vertex 0.790464 8.188736 0
vertex 0 8.220138666666667 0
vertex 0 8.252032 0
endloop
endfacet
facet normal 0 0 -0.9999999999999999
outer loop
vertex 0.790464 8.188736 0
vertex 0 8.252032 0
vertex 1.9263573333333335 8.252032 0
endloop
endfacet
facet normal 0 0 -1
outer loop
vertex 76.80945066666668 8.188736 0
vertex 77.59991466666668 8.252032 0
vertex 77.59991466666668 8.220138666666667 0
endloop
endfacet
facet normal 0 0 -1
outer loop
vertex 76.80945066666668 8.188736 0
vertex 77.59991466666668 8.220138666666667 0
vertex 77.59648 8.109248000000001 0
endloop
endfacet
facet normal 0 0 -1
outer loop
vertex 76.80945066666668 8.188736 0
vertex 77.59648 8.109248000000001 0
vertex 75.576896 8.109248000000001 0
endloop
endfacet
facet normal 0 0 -0.9999999999999999
outer loop
vertex 76.80945066666668 8.188736 0
vertex 75.576896 8.109248000000001 0
vertex 75.67355733333333 8.252032 0
endloop
endfacet
facet normal 0 0 -1
outer loop
vertex 76.80945066666668 8.188736 0
vertex 75.67355733333333 8.252032 0
vertex 77.59991466666668 8.252032 0
endloop
endfacet
facet normal 0 0 -1
outer loop
vertex 0.834624 8.042517333333334 0
vertex 2.0235093333333336 8.109248000000001 0
vertex 2.129002666666667 7.973333333333334 0
endloop
endfacet
facet normal 0 0 -1
outer loop
vertex 0.834624 8.042517333333334 0
vertex 2.129002666666667 7.973333333333334 0
vertex 0.012266666666666667 7.973333333333334 0
endloop
endfacet
facet normal 0 0 -0.9999999999999999
outer loop
vertex 0.834624 8.042517333333334 0
vertex 0.012266666666666667 7.973333333333334 0
vertex 0.005397333333333334 8.047914666666667 0
endloop
endfacet
facet normal 0 0 -1
outer loop
vertex 0.834624 8.042517333333334 0
vertex 0.005397333333333334 8.047914666666667 0
vertex 0.003434666666666667 8.109248000000001 0
endloop
endfacet
facet normal 0 0 -1
outer loop
vertex 0.834624 8.042517333333334 0
vertex 0.003434666666666667 8.109248000000001 0
vertex 2.0235093333333336 8.109248000000001 0
endloop
endfacet
facet normal 0 0 -1
outer loop
vertex 76.76529066666667 8.042517333333334 0
vertex 77.59648 8.109248000000001 0
vertex 77.59451733333334 8.047914666666667 0
endloop
endfacet
facet normal 0 0 -0.9999999999999999
outer loop
vertex 76.76529066666667 8.042517333333334 0
vertex 77.59451733333334 8.047914666666667 0
vertex 77.587648 7.973333333333334 0
endloop
endfacet
facet normal 0 0 -0.9999999999999999
outer loop
vertex 76.76529066666667 8.042517333333334 0
vertex 77.587648 7.973333333333334 0
vertex 75.47140266666668 7.973333333333334 0
endloop
endfacet
facet normal 0 0 -0.9999999999999999
outer loop
vertex 76.76529066666667 8.042517333333334 0
vertex 75.47140266666668 7.973333333333334 0
vertex 75.576896 8.109248000000001 0
endloop
endfacet
facet normal 0 0 -1
outer loop
vertex 76.76529066666667 8.042517333333334 0
vertex 75.576896 8.109248000000001 0
vertex 77.59648 8.109248000000001 0
endloop
endfacet
facet normal 0 0 -1
outer loop
vertex 0.8866346666666667 7.902186666666667 0
vertex 2.129002666666667 7.973333333333334 0
vertex 2.2428373333333336 7.844288000000001 0
endloop
endfacet
facet normal 0 0 -1
outer loop
vertex 0.8866346666666667 7.902186666666667 0
vertex 2.2428373333333336 7.844288000000001 0
vertex 0.026496000000000002 7.844288000000001 0
endloop
endfacet
facet normal 0 0 -1
outer loop
vertex 0.8866346666666667 7.902186666666667 0
vertex 0.026496000000000002 7.844288000000001 0
vertex 0.021589333333333335 7.876672000000001 0
endloop
endfacet
facet normal 0 0 -1
outer loop
vertex 0.8866346666666667 7.902186666666667 0
vertex 0.021589333333333335 7.876672000000001 0
vertex 0.012266666666666667 7.973333333333334 0
endloop
endfacet
facet normal 0 0 -1
outer loop
vertex 0.8866346666666667 7.902186666666667 0
vertex 0.012266666666666667 7.973333333333334 0
vertex 2.129002666666667 7.973333333333334 0
endloop
endfacet
facet normal 0 0 -1
outer loop
vertex 76.71377066666668 7.902186666666667 0
vertex 77.587648 7.973333333333334 0
vertex 77.57832533333334 7.876672000000001 0
endloop
endfacet
facet normal 0 0 -1
outer loop
vertex 76.71377066666668 7.902186666666667 0
vertex 77.57832533333334 7.876672000000001 0
vertex 77.57341866666667 7.844288000000001 0
endloop
endfacet
facet normal 0 0 -1
outer loop
vertex 76.71377066666668 7.902186666666667 0
vertex 77.57341866666667 7.844288000000001 0
vertex 75.357568 7.844288000000001 0
endloop
endfacet
facet normal 0 0 -1
outer loop
vertex 76.71377066666668 7.902186666666667 0
vertex 75.357568 7.844288000000001 0
vertex 75.47140266666668 7.973333333333334 0
endloop
endfacet
facet normal 0 0 -1
outer loop
vertex 76.71377066666668 7.902186666666667 0
vertex 75.47140266666668 7.973333333333334 0
vertex 77.587648 7.973333333333334 0
endloop
endfacet
facet normal 0 0 -1
outer loop
vertex 2.2428373333333336 7.844288000000001 0
vertex 2.3645226666666668 7.722602666666667 0
vertex 0.04612266666666667 7.722602666666667 0
endloop
endfacet
facet normal 0 0 -1
outer loop
vertex 2.2428373333333336 7.844288000000001 0
vertex 0.04612266666666667 7.722602666666667 0
vertex 0.026496000000000002 7.844288000000001 0
endloop
endfacet
facet normal 0 0 -1
outer loop
vertex 77.57341866666667 7.844288000000001 0
vertex 77.553792 7.722602666666667 0
vertex 75.23588266666667 7.722602666666667 0
endloop
endfacet
facet normal 0 0 -1
outer loop
vertex 77.57341866666667 7.844288000000001 0
vertex 75.23588266666667 7.722602666666667 0
vertex 75.357568 7.844288000000001 0
endloop
endfacet
facet normal 0 0 -1
outer loop
vertex 1.0043946666666668 7.674026666666667 0
vertex 2.3645226666666668 7.722602666666667 0
vertex 2.4935680000000002 7.608768 0
endloop
endfacet
facet normal 0 0 -1
outer loop
vertex 1.0043946666666668 7.674026666666667 0
vertex 2.4935680000000002 7.608768 0
vertex 0.07016533333333334 7.608768 0
endloop
endfacet
facet normal 0 0 -0.9999999999999999
outer loop
vertex 1.0043946666666668 7.674026666666667 0
vertex 0.07016533333333334 7.608768 0
vertex 0.048576 7.706410666666668 0
endloop
endfacet
facet normal 0 0 -1
outer loop
vertex 1.0043946666666668 7.674026666666667 0
vertex 0.048576 7.706410666666668 0
vertex 0.04612266666666667 7.722602666666667 0
endloop
endfacet
facet normal 0 0 -1
outer loop
vertex 1.0043946666666668 7.674026666666667 0
vertex 0.04612266666666667 7.722602666666667 0
vertex 2.3645226666666668 7.722602666666667 0
endloop
endfacet
facet normal 0 0 -1
outer loop
vertex 76.59552000000001 7.674026666666667 0
vertex 77.553792 7.722602666666667 0
vertex 77.55133866666667 7.706410666666668 0
endloop
endfacet
facet normal 0 0 -1
outer loop
vertex 76.59552000000001 7.674026666666667 0
vertex 77.55133866666667 7.706410666666668 0
vertex 77.52974933333334 7.608768 0
endloop
endfacet
facet normal 0 0 -1
outer loop
vertex 76.59552000000001 7.674026666666667 0
vertex 77.52974933333334 7.608768 0
vertex 75.10634666666667 7.608768 0
endloop
endfacet
facet normal 0 0 -1
outer loop
vertex 76.59552000000001 7.674026666666667 0
vertex 75.10634666666667 7.608768 0
vertex 75.23588266666667 7.722602666666667 0
endloop
endfacet
facet normal 0 0 -1
outer loop
vertex 76.59552000000001 7.674026666666667 0
vertex 75.23588266666667 7.722602666666667 0
vertex 77.553792 7.722602666666667 0
endloop
endfacet
facet normal 0 0 -0.9999999999999999
outer loop
vertex 1.0750506666666668 7.552341333333334 0
vertex 2.4935680000000002 7.608768 0
vertex 2.629482666666667 7.503274666666667 0
endloop
endfacet
facet normal 0 0 -1
outer loop
vertex 1.0750506666666668 7.552341333333334 0
vertex 2.629482666666667 7.503274666666667 0
vertex 0.09617066666666667 7.503274666666667 0
endloop
endfacet
facet normal 0 0 -1
outer loop
vertex 1.0750506666666668 7.552341333333334 0
vertex 0.09617066666666667 7.503274666666667 0
vertex 0.08586666666666667 7.538602666666667 0
endloop
endfacet
facet normal 0 0 -1
outer loop
vertex 1.0750506666666668 7.552341333333334 0
vertex 0.08586666666666667 7.538602666666667 0
vertex 0.07016533333333334 7.608768 0
endloop
endfacet
facet normal 0 0 -1
outer loop
vertex 1.0750506666666668 7.552341333333334 0
vertex 0.07016533333333334 7.608768 0
vertex 2.4935680000000002 7.608768 0
endloop
endfacet
facet normal 0 0 -1
outer loop
vertex 76.52486400000001 7.552341333333334 0
vertex 77.52974933333334 7.608768 0
vertex 77.514048 7.538602666666667 0
endloop
endfacet
facet normal 0 0 -1
outer loop
vertex 76.52486400000001 7.552341333333334 0
vertex 77.514048 7.538602666666667 0
vertex 77.50374400000001 7.503274666666667 0
endloop
endfacet
facet normal 0 0 -0.9999999999999999
outer loop
vertex 76.52486400000001 7.552341333333334 0
vertex 77.50374400000001 7.503274666666667 0
vertex 74.970432 7.503274666666667 0
endloop
endfacet
facet normal 0 0 -1
outer loop
vertex 76.52486400000001 7.552341333333334 0
vertex 74.970432 7.503274666666667 0
vertex 75.10634666666667 7.608768 0
endloop
endfacet
facet normal 0 0 -1
outer loop
vertex 76.52486400000001 7.552341333333334 0
vertex 75.10634666666667 7.608768 0
vertex 77.52974933333334 7.608768 0
endloop
endfacet
facet normal 0 0 -1
outer loop
vertex 2.629482666666667 7.503274666666667 0
vertex 2.771776 7.4066133333333335 0
vertex 0.12462933333333334 7.4066133333333335 0
endloop
endfacet
facet normal 0 0 -1
outer loop
vertex 2.629482666666667 7.503274666666667 0
vertex 0.12462933333333334 7.4066133333333335 0
vertex 0.09617066666666667 7.503274666666667 0
endloop
endfacet
facet normal 0 0 -1
outer loop
vertex 77.50374400000001 7.503274666666667 0
vertex 77.47577600000001 7.4066133333333335 0
vertex 74.82813866666667 7.4066133333333335 0
endloop
endfacet
facet normal 0 0 -1
outer loop
vertex 77.50374400000001 7.503274666666667 0
vertex 74.82813866666667 7.4066133333333335 0
vertex 74.970432 7.503274666666667 0
endloop
endfacet
facet normal 0 0 -0.9999999999999999
outer loop
vertex 1.2207786666666667 7.364906666666667 0
vertex 2.771776 7.4066133333333335 0
vertex 2.9199573333333335 7.318784000000001 0
endloop
endfacet
facet normal 0 0 -1
outer loop
vertex 1.2207786666666667 7.364906666666667 0
vertex 2.9199573333333335 7.318784000000001 0
vertex 0.15357866666666667 7.318784000000001 0
endloop
endfacet
facet normal 0 0 -0.9999999999999999
outer loop
vertex 1.2207786666666667 7.364906666666667 0
vertex 0.15357866666666667 7.318784000000001 0
vertex 0.13395200000000002 7.373248 0
endloop
endfacet
facet normal 0 0 -1
outer loop
vertex 1.2207786666666667 7.364906666666667 0
vertex 0.13395200000000002 7.373248 0
vertex 0.12462933333333334 7.4066133333333335 0
endloop
endfacet
facet normal 0 0 -1
outer loop
vertex 1.2207786666666667 7.364906666666667 0
vertex 0.12462933333333334 7.4066133333333335 0
vertex 2.771776 7.4066133333333335 0
endloop
endfacet
facet normal 0 0 -1
outer loop
vertex 76.379136 7.364906666666667 0
vertex 77.47577600000001 7.4066133333333335 0
vertex 77.46596266666667 7.373248 0
endloop
endfacet
facet normal 0 0 -1
outer loop
vertex 76.379136 7.364906666666667 0
vertex 77.46596266666667 7.373248 0
vertex 77.446336 7.318784000000001 0
endloop
endfacet
facet normal 0 0 -1
outer loop
vertex 76.379136 7.364906666666667 0
vertex 77.446336 7.318784000000001 0
vertex 74.67995733333333 7.318784000000001 0
endloop
endfacet
facet normal 0 0 -1
outer loop
vertex 76.379136 7.364906666666667 0
vertex 74.67995733333333 7.318784000000001 0
vertex 74.82813866666667 7.4066133333333335 0
endloop
endfacet
facet normal 0 0 -1
outer loop
vertex 76.379136 7.364906666666667 0
vertex 74.82813866666667 7.4066133333333335 0
vertex 77.47577600000001 7.4066133333333335 0
endloop
endfacet
facet normal 0 0 -1
outer loop
vertex 2.9199573333333335 7.318784000000001 0
vertex 3.0735360000000003 7.240768000000001 0
vertex 0.18203733333333336 7.240768000000001 0
endloop
endfacet
facet normal 0 0 -1
outer loop
vertex 2.9199573333333335 7.318784000000001 0
vertex 0.18203733333333336 7.240768000000001 0
vertex 0.15357866666666667 7.318784000000001 0
endloop
endfacet
facet normal 0 0 -1
outer loop
vertex 77.446336 7.318784000000001 0
vertex 77.418368 7.240768000000001 0
vertex 74.52686933333334 7.240768000000001 0
endloop
endfacet
facet normal 0 0 -1
outer loop
vertex 77.446336 7.318784000000001 0
vertex 74.52686933333334 7.240768000000001 0
vertex 74.67995733333333 7.318784000000001 0
endloop
endfacet
facet normal 0 0 -1
outer loop
vertex 1.3777920000000001 7.207402666666667 0
vertex 3.0735360000000003 7.240768000000001 0
vertex 3.231530666666667 7.172565333333334 0
endloop
endfacet
facet normal 0 0 -1
outer loop
vertex 1.3777920000000001 7.207402666666667 0
vertex 3.231530666666667 7.172565333333334 0
vertex 0.20902400000000002 7.172565333333334 0
endloop
endfacet
facet normal 0 0 -0.9999999999999999
outer loop
vertex 1.3777920000000001 7.207402666666667 0
vertex 0.20902400000000002 7.172565333333334 0
vertex 0.19234133333333334 7.211328000000001 0
endloop
endfacet
facet normal 0 0 -1
outer loop
vertex 1.3777920000000001 7.207402666666667 0
vertex 0.19234133333333334 7.211328000000001 0
vertex 0.18203733333333336 7.240768000000001 0
endloop
endfacet
facet normal 0 0 -1
outer loop
vertex 1.3777920000000001 7.207402666666667 0
vertex 0.18203733333333336 7.240768000000001 0
vertex 3.0735360000000003 7.240768000000001 0
endloop
endfacet
facet normal 0 0 -1
outer loop
vertex 76.22261333333334 7.207402666666667 0
vertex 77.418368 7.240768000000001 0
vertex 77.40757333333335 7.211328000000001 0
endloop
endfacet
facet normal 0 0 -1
outer loop
vertex 76.22261333333334 7.207402666666667 0
vertex 77.40757333333335 7.211328000000001 0
vertex 77.39089066666668 7.172565333333334 0
endloop
endfacet
facet normal 0 0 -1
outer loop
vertex 76.22261333333334 7.207402666666667 0
vertex 77.39089066666668 7.172565333333334 0
vertex 74.36887466666667 7.172565333333334 0
endloop
endfacet
facet normal 0 0 -1
outer loop
vertex 76.22261333333334 7.207402666666667 0
vertex 74.36887466666667 7.172565333333334 0
vertex 74.52686933333334 7.240768000000001 0
endloop
endfacet
facet normal 0 0 -1
outer loop
vertex 76.22261333333334 7.207402666666667 0
vertex 74.52686933333334 7.240768000000001 0
vertex 77.418368 7.240768000000001 0
endloop
endfacet
facet normal 0 0 -1
outer loop
vertex 3.231530666666667 7.172565333333334 0
vertex 3.393450666666667 7.1141760000000005 0
vertex 0.23453866666666667 7.1141760000000005 0
endloop
endfacet
facet normal 0 0 -1
outer loop
vertex 3.231530666666667 7.172565333333334 0
vertex 0.23453866666666667 7.1141760000000005 0
vertex 0.20902400000000002 7.172565333333334 0
endloop
endfacet
facet normal 0 0 -1
outer loop
vertex 77.39089066666668 7.172565333333334 0
vertex 77.36537600000001 7.1141760000000005 0
vertex 74.20646400000001 7.1141760000000005 0
endloop
endfacet
facet normal 0 0 -0.9999999999999999
outer loop
vertex 77.39089066666668 7.172565333333334 0
vertex 74.20646400000001 7.1141760000000005 0
vertex 74.36887466666667 7.172565333333334 0
endloop
endfacet
facet normal 0 0 -0.9999999999999999
outer loop
vertex 3.393450666666667 7.1141760000000005 0
vertex 3.558805333333334 7.066090666666668 0
vertex 0.2551466666666667 7.066090666666668 0
endloop
endfacet
facet normal 0 0 -1
outer loop
vertex 3.393450666666667 7.1141760000000005 0
vertex 0.2551466666666667 7.066090666666668 0
vertex 0.23453866666666667 7.1141760000000005 0
endloop
endfacet
facet normal 0 0 -1
outer loop
vertex 77.36537600000001 7.1141760000000005 0
vertex 77.344768 7.066090666666668 0
vertex 74.0416 7.066090666666668 0
endloop
endfacet
facet normal 0 0 -1
outer loop
vertex 77.36537600000001 7.1141760000000005 0
vertex 74.0416 7.066090666666668 0
vertex 74.20646400000001 7.1141760000000005 0
endloop
endfacet
facet normal 0 0 -1
outer loop
vertex 1.6147840000000002 7.048426666666667 0
vertex 3.558805333333334 7.066090666666668 0
vertex 3.7266133333333338 7.0283093333333335 0
endloop
endfacet
facet normal 0 0 -1
outer loop
vertex 1.6147840000000002 7.048426666666667 0
vertex 3.7266133333333338 7.0283093333333335 0
vertex 0.27330133333333334 7.0283093333333335 0
endloop
endfacet
facet normal 0 0 -1
outer loop
vertex 1.6147840000000002 7.048426666666667 0
vertex 0.27330133333333334 7.0283093333333335 0
vertex 0.260544 7.053333333333334 0
endloop
endfacet
facet normal 0 0 -1
outer loop
vertex 1.6147840000000002 7.048426666666667 0
vertex 0.260544 7.053333333333334 0
vertex 0.2551466666666667 7.066090666666668 0
endloop
endfacet
facet normal 0 0 -1
outer loop
vertex 1.6147840000000002 7.048426666666667 0
vertex 0.2551466666666667 7.066090666666668 0
vertex 3.558805333333334 7.066090666666668 0
endloop
endfacet
facet normal 0 0 -1
outer loop
vertex 75.98513066666668 7.048426666666667 0
vertex 77.344768 7.066090666666668 0
vertex 77.33937066666667 7.053333333333334 0
endloop
endfacet
facet normal 0 0 -1
outer loop
vertex 75.98513066666668 7.048426666666667 0
vertex 77.33937066666667 7.053333333333334 0
vertex 77.32661333333334 7.0283093333333335 0
endloop
endfacet
facet normal 0 0 -0.9999999999999999
outer loop
vertex 75.98513066666668 7.048426666666667 0
vertex 77.32661333333334 7.0283093333333335 0
vertex 73.87330133333334 7.0283093333333335 0
endloop
endfacet
facet normal 0 0 -1
outer loop
vertex 75.98513066666668 7.048426666666667 0
vertex 73.87330133333334 7.0283093333333335 0
vertex 74.0416 7.066090666666668 0
endloop
endfacet
facet normal 0 0 -1
outer loop
vertex 75.98513066666668 7.048426666666667 0
vertex 74.0416 7.066090666666668 0
vertex 77.344768 7.066090666666668 0
endloop
endfacet
facet normal 0 0 -1
outer loop
vertex 3.7266133333333338 7.0283093333333335 0
vertex 3.8963840000000003 7.001813333333334 0
vertex 0.28704 7.001813333333334 0
endloop
endfacet
facet normal 0 0 -1
outer loop
vertex 3.7266133333333338 7.0283093333333335 0
vertex 0.28704 7.001813333333334 0
vertex 0.27330133333333334 7.0283093333333335 0
endloop
endfacet
facet normal 0 0 -1
outer loop
vertex 77.32661333333334 7.0283093333333335 0
vertex 77.31287466666667 7.001813333333334 0
vertex 73.70353066666667 7.001813333333334 0
endloop
endfacet
facet normal 0 0 -1
outer loop
vertex 77.32661333333334 7.0283093333333335 0
vertex 73.70353066666667 7.001813333333334 0
vertex 73.87330133333334 7.0283093333333335 0
endloop
endfacet
facet normal 0 0 -1
outer loop
vertex 3.8963840000000003 7.001813333333334 0
vertex 4.068117333333333 6.9856213333333335 0
vertex 0.29538133333333333 6.9856213333333335 0
endloop
endfacet
facet normal 0 0 -1
outer loop
vertex 3.8963840000000003 7.001813333333334 0
vertex 0.29538133333333333 6.9856213333333335 0
vertex 0.28704 7.001813333333334 0
endloop
endfacet
facet normal 0 0 -0.9999999999999999
outer loop
vertex 77.31287466666667 7.001813333333334 0
vertex 77.30453333333334 6.9856213333333335 0
vertex 73.53228800000001 6.9856213333333335 0
endloop
endfacet
facet normal 0 0 -1
outer loop
vertex 77.31287466666667 7.001813333333334 0
vertex 73.53228800000001 6.9856213333333335 0
vertex 73.70353066666667 7.001813333333334 0
endloop
endfacet
facet normal 0 0 -1
outer loop
vertex 3.4901120000000003 6.229994666666667 0
vertex 4.068117333333333 6.9856213333333335 0
vertex 4.412074666666667 6.974826666666667 0
endloop
endfacet
facet normal 0 0 -0.9999999999999999
outer loop
vertex 3.4901120000000003 6.229994666666667 0
vertex 4.412074666666667 6.974826666666667 0
vertex 4.5833173333333335 6.958634666666667 0
endloop
endfacet
facet normal 0 0 -1
outer loop
vertex 3.4901120000000003 6.229994666666667 0
vertex 4.5833173333333335 6.958634666666667 0
vertex 4.753578666666667 6.931648000000001 0
endloop
endfacet
facet normal 0 0 -1
outer loop
vertex 3.4901120000000003 6.229994666666667 0
vertex 4.753578666666667 6.931648000000001 0
vertex 4.921386666666667 6.893866666666667 0
endloop
endfacet
facet normal 0 0 -1
outer loop
vertex 3.4901120000000003 6.229994666666667 0
vertex 4.921386666666667 6.893866666666667 0
vertex 5.086741333333333 6.845781333333334 0
endloop
endfacet
facet normal 0 0 -1
outer loop
vertex 3.4901120000000003 6.229994666666667 0
vertex 5.086741333333333 6.845781333333334 0
vertex 5.248661333333334 6.7873920000000005 0
endloop
endfacet
facet normal 0 0 -1
outer loop
vertex 3.4901120000000003 6.229994666666667 0
vertex 5.248661333333334 6.7873920000000005 0
vertex 5.406656000000001 6.7191893333333335 0
endloop
endfacet
facet normal 0 0 -0.9999999999999999
outer loop
vertex 3.4901120000000003 6.229994666666667 0
vertex 5.406656000000001 6.7191893333333335 0
vertex 5.560234666666667 6.641173333333334 0
endloop
endfacet
facet normal 0 0 -0.9999999999999999
outer loop
vertex 3.4901120000000003 6.229994666666667 0
vertex 5.560234666666667 6.641173333333334 0
vertex 5.707925333333334 6.553344 0
endloop
endfacet
facet normal 0 0 -1
outer loop
vertex 3.4901120000000003 6.229994666666667 0
vertex 5.707925333333334 6.553344 0
vertex 5.8507093333333335 6.4566826666666675 0
endloop
endfacet
facet normal 0 0 -1
outer loop
vertex 3.4901120000000003 6.229994666666667 0
vertex 5.8507093333333335 6.4566826666666675 0
vertex 5.986624000000001 6.351189333333334 0
endloop
endfacet
facet normal 0 0 -1
outer loop
vertex 3.4901120000000003 6.229994666666667 0
vertex 5.986624000000001 6.351189333333334 0
vertex 6.115669333333334 6.2373546666666675 0
endloop
endfacet
facet normal 0 0 -1
outer loop
vertex 3.4901120000000003 6.229994666666667 0
vertex 6.115669333333334 6.2373546666666675 0
vertex 6.2373546666666675 6.115669333333334 0
endloop
endfacet
facet normal 0 0 -1
outer loop
vertex 3.4901120000000003 6.229994666666667 0
vertex 6.2373546666666675 6.115669333333334 0
vertex 6.351189333333334 5.986624000000001 0
endloop
endfacet
facet normal 0 0 -1
outer loop
vertex 3.4901120000000003 6.229994666666667 0
vertex 6.351189333333334 5.986624000000001 0
vertex 6.4566826666666675 5.8507093333333335 0
endloop
endfacet
facet normal 0 0 -1
outer loop
vertex 3.4901120000000003 6.229994666666667 0
vertex 6.4566826666666675 5.8507093333333335 0
vertex 6.553344 5.707925333333334 0
endloop
endfacet
facet normal 0 0 -1
outer loop
vertex 3.4901120000000003 6.229994666666667 0
vertex 6.553344 5.707925333333334 0
vertex 6.641173333333334 5.560234666666667 0
endloop
endfacet
facet normal 0 0 -1
outer loop
vertex 3.4901120000000003 6.229994666666667 0
vertex 6.641173333333334 5.560234666666667 0
vertex 6.684842666666667 5.474368 0
endloop
endfacet
facet normal 0 0 -0.9999999999999999
outer loop
vertex 3.4901120000000003 6.229994666666667 0
vertex 6.684842666666667 5.474368 0
vertex 2.912106666666667 5.474368 0
endloop
endfacet
facet normal 0 0 -1
outer loop
vertex 3.4901120000000003 6.229994666666667 0
vertex 2.912106666666667 5.474368 0
vertex 2.5681493333333334 5.485162666666667 0
endloop
endfacet
facet normal 0 0 -1
outer loop
vertex 3.4901120000000003 6.229994666666667 0
vertex 2.5681493333333334 5.485162666666667 0
vertex 2.3964160000000003 5.501845333333334 0
endloop
endfacet
facet normal 0 0 -1
outer loop
vertex 3.4901120000000003 6.229994666666667 0
vertex 2.3964160000000003 5.501845333333334 0
vertex 2.2266453333333334 5.5283413333333336 0
endloop
endfacet
facet normal 0 0 -1
outer loop
vertex 3.4901120000000003 6.229994666666667 0
vertex 2.2266453333333334 5.5283413333333336 0
vertex 2.058346666666667 5.566122666666667 0
endloop
endfacet
facet normal 0 0 -1
outer loop
vertex 3.4901120000000003 6.229994666666667 0
vertex 2.058346666666667 5.566122666666667 0
vertex 1.8934826666666669 5.6142080000000005 0
endloop
endfacet
facet normal 0 0 -1
outer loop
vertex 3.4901120000000003 6.229994666666667 0
vertex 1.8934826666666669 5.6142080000000005 0
vertex 1.7315626666666668 5.672597333333334 0
endloop
endfacet
facet normal 0 0 -0.9999999999999999
outer loop
vertex 3.4901120000000003 6.229994666666667 0
vertex 1.7315626666666668 5.672597333333334 0
vertex 1.573568 5.7408 0
endloop
endfacet
facet normal 0 0 -1
outer loop
vertex 3.4901120000000003 6.229994666666667 0
vertex 1.573568 5.7408 0
vertex 1.4199893333333335 5.818816000000001 0
endloop
endfacet
facet normal 0 0 -1
outer loop
vertex 3.4901120000000003 6.229994666666667 0
vertex 1.4199893333333335 5.818816000000001 0
vertex 1.271808 5.9066453333333335 0
endloop
endfacet
facet normal 0 0 -1
outer loop
vertex 3.4901120000000003 6.229994666666667 0
vertex 1.271808 5.9066453333333335 0
vertex 1.1295146666666667 6.003306666666667 0
endloop
endfacet
facet normal 0 0 -1
outer loop
vertex 3.4901120000000003 6.229994666666667 0
vertex 1.1295146666666667 6.003306666666667 0
vertex 0.9936 6.1088000000000005 0
endloop
endfacet
facet normal 0 0 -1
outer loop
vertex 3.4901120000000003 6.229994666666667 0
vertex 0.9936 6.1088000000000005 0
vertex 0.8645546666666667 6.222634666666667 0
endloop
endfacet
facet normal 0 0 -1
outer loop
vertex 3.4901120000000003 6.229994666666667 0
vertex 0.8645546666666667 6.222634666666667 0
vertex 0.7428693333333334 6.344320000000001 0
endloop
endfacet
facet normal 0 0 -0.9999999999999999
outer loop
vertex 3.4901120000000003 6.229994666666667 0
vertex 0.7428693333333334 6.344320000000001 0
vertex 0.6290346666666667 6.473365333333334 0
endloop
endfacet
facet normal 0 0 -1
outer loop
vertex 3.4901120000000003 6.229994666666667 0
vertex 0.6290346666666667 6.473365333333334 0
vertex 0.5230506666666667 6.609280000000001 0
endloop
endfacet
facet normal 0 0 -1
outer loop
vertex 3.4901120000000003 6.229994666666667 0
vertex 0.5230506666666667 6.609280000000001 0
vertex 0.42638933333333334 6.752064000000001 0
endloop
endfacet
facet normal 0 0 -1
outer loop
vertex 3.4901120000000003 6.229994666666667 0
vertex 0.42638933333333334 6.752064000000001 0
vertex 0.33905066666666667 6.899754666666667 0
endloop
endfacet
facet normal 0 0 -1
outer loop
vertex 3.4901120000000003 6.229994666666667 0
vertex 0.33905066666666667 6.899754666666667 0
vertex 0.29538133333333333 6.9856213333333335 0
endloop
endfacet
facet normal 0 0 -1
outer loop
vertex 3.4901120000000003 6.229994666666667 0
vertex 0.29538133333333333 6.9856213333333335 0
vertex 4.068117333333333 6.9856213333333335 0
endloop
endfacet
facet normal 0 0 -1
outer loop
vertex 74.10980266666667 6.229994666666667 0
vertex 77.30453333333334 6.9856213333333335 0
vertex 77.26086400000001 6.899754666666667 0
endloop
endfacet
facet normal 0 0 -1
outer loop
vertex 74.10980266666667 6.229994666666667 0
vertex 77.26086400000001 6.899754666666667 0
vertex 77.17352533333334 6.752064000000001 0
endloop
endfacet
facet normal 0 0 -1
outer loop
vertex 74.10980266666667 6.229994666666667 0
vertex 77.17352533333334 6.752064000000001 0
vertex 77.076864 6.609280000000001 0
endloop
endfacet
facet normal 0 0 -1
outer loop
vertex 74.10980266666667 6.229994666666667 0
vertex 77.076864 6.609280000000001 0
vertex 76.97137066666667 6.473365333333334 0
endloop
endfacet
facet normal 0 0 -1
outer loop
vertex 74.10980266666667 6.229994666666667 0
vertex 76.97137066666667 6.473365333333334 0
vertex 76.85753600000001 6.344320000000001 0
endloop
endfacet
facet normal 0 0 -0.9999999999999999
outer loop
vertex 74.10980266666667 6.229994666666667 0
vertex 76.85753600000001 6.344320000000001 0
vertex 76.73585066666668 6.222634666666667 0
endloop
endfacet
facet normal 0 0 -0.9999999999999999
outer loop
vertex 74.10980266666667 6.229994666666667 0
vertex 76.73585066666668 6.222634666666667 0
vertex 76.60631466666668 6.1088000000000005 0
endloop
endfacet
facet normal 0 0 -1
outer loop
vertex 74.10980266666667 6.229994666666667 0
vertex 76.60631466666668 6.1088000000000005 0
vertex 76.47040000000001 6.003306666666667 0
endloop
endfacet
facet normal 0 0 -1
outer loop
vertex 74.10980266666667 6.229994666666667 0
vertex 76.47040000000001 6.003306666666667 0
vertex 76.32810666666667 5.9066453333333335 0
endloop
endfacet
facet normal 0 0 -1
outer loop
vertex 74.10980266666667 6.229994666666667 0
vertex 76.32810666666667 5.9066453333333335 0
vertex 76.17992533333334 5.818816000000001 0
endloop
endfacet
facet normal 0 0 -1
outer loop
vertex 74.10980266666667 6.229994666666667 0
vertex 76.17992533333334 5.818816000000001 0
vertex 76.02683733333333 5.7408 0
endloop
endfacet
facet normal 0 0 -0.9999999999999999
outer loop
vertex 74.10980266666667 6.229994666666667 0
vertex 76.02683733333333 5.7408 0
vertex 75.86884266666667 5.672597333333334 0
endloop
endfacet
facet normal 0 0 -0.9999999999999999
outer loop
vertex 74.10980266666667 6.229994666666667 0
vertex 75.86884266666667 5.672597333333334 0
vertex 75.70692266666667 5.6142080000000005 0
endloop
endfacet
facet normal 0 0 -1
outer loop
vertex 74.10980266666667 6.229994666666667 0
vertex 75.70692266666667 5.6142080000000005 0
vertex 75.54156800000001 5.566122666666667 0
endloop
endfacet
facet normal 0 0 -1
outer loop
vertex 74.10980266666667 6.229994666666667 0
vertex 75.54156800000001 5.566122666666667 0
vertex 75.37326933333334 5.5283413333333336 0
endloop
endfacet
facet normal 0 0 -1
outer loop
vertex 74.10980266666667 6.229994666666667 0
vertex 75.37326933333334 5.5283413333333336 0
vertex 75.20349866666668 5.501845333333334 0
endloop
endfacet
facet normal 0 0 -1
outer loop
vertex 74.10980266666667 6.229994666666667 0
vertex 75.20349866666668 5.501845333333334 0
vertex 75.032256 5.485162666666667 0
endloop
endfacet
facet normal 0 0 -1
outer loop
vertex 74.10980266666667 6.229994666666667 0
vertex 75.032256 5.485162666666667 0
vertex 74.687808 5.474368 0
endloop
endfacet
facet normal 0 0 -1
outer loop
vertex 74.10980266666667 6.229994666666667 0
vertex 74.687808 5.474368 0
vertex 70.91556266666667 5.474368 0
endloop
endfacet
facet normal 0 0 -1
outer loop
vertex 74.10980266666667 6.229994666666667 0
vertex 70.91556266666667 5.474368 0
vertex 70.95874133333334 5.560234666666667 0
endloop
endfacet
facet normal 0 0 -1
outer loop
vertex 74.10980266666667 6.229994666666667 0
vertex 70.95874133333334 5.560234666666667 0
vertex 71.04657066666667 5.707925333333334 0
endloop
endfacet
facet normal 0 0 -1
outer loop
vertex 74.10980266666667 6.229994666666667 0
vertex 71.04657066666667 5.707925333333334 0
vertex 71.14323200000001 5.8507093333333335 0
endloop
endfacet
facet normal 0 0 -1
outer loop
vertex 74.10980266666667 6.229994666666667 0
vertex 71.14323200000001 5.8507093333333335 0
vertex 71.24872533333334 5.986624000000001 0
endloop
endfacet
facet normal 0 0 -1
outer loop
vertex 74.10980266666667 6.229994666666667 0
vertex 71.24872533333334 5.986624000000001 0
vertex 71.36256 6.115669333333334 0
endloop
endfacet
facet normal 0 0 -1
outer loop
vertex 74.10980266666667 6.229994666666667 0
vertex 71.36256 6.115669333333334 0
vertex 71.48424533333333 6.2373546666666675 0
endloop
endfacet
facet normal 0 0 -1
outer loop
vertex 74.10980266666667 6.229994666666667 0
vertex 71.48424533333333 6.2373546666666675 0
vertex 71.61329066666667 6.351189333333334 0
endloop
endfacet
facet normal 0 0 -1
outer loop
vertex 74.10980266666667 6.229994666666667 0
vertex 71.61329066666667 6.351189333333334 0
vertex 71.749696 6.4566826666666675 0
endloop
endfacet
facet normal 0 0 -1
outer loop
vertex 74.10980266666667 6.229994666666667 0
vertex 71.749696 6.4566826666666675 0
vertex 71.89198933333334 6.553344 0
endloop
endfacet
facet normal 0 0 -1
outer loop
vertex 74.10980266666667 6.229994666666667 0
vertex 71.89198933333334 6.553344 0
vertex 72.04017066666667 6.641173333333334 0
endloop
endfacet
facet normal 0 0 -0.9999999999999999
outer loop
vertex 74.10980266666667 6.229994666666667 0
vertex 72.04017066666667 6.641173333333334 0
vertex 72.19325866666667 6.7191893333333335 0
endloop
endfacet
facet normal 0 0 -1
outer loop
vertex 74.10980266666667 6.229994666666667 0
vertex 72.19325866666667 6.7191893333333335 0
vertex 72.35125333333333 6.7873920000000005 0
endloop
endfacet
facet normal 0 0 -1
outer loop
vertex 74.10980266666667 6.229994666666667 0
vertex 72.35125333333333 6.7873920000000005 0
vertex 72.51317333333334 6.845781333333334 0
endloop
endfacet
facet normal 0 0 -1
outer loop
vertex 74.10980266666667 6.229994666666667 0
vertex 72.51317333333334 6.845781333333334 0
vertex 72.678528 6.893866666666667 0
endloop
endfacet
facet normal 0 0 -1
outer loop
vertex 74.10980266666667 6.229994666666667 0
vertex 72.678528 6.893866666666667 0
vertex 72.84633600000001 6.931648000000001 0
endloop
endfacet
facet normal 0 0 -1
outer loop
vertex 74.10980266666667 6.229994666666667 0
vertex 72.84633600000001 6.931648000000001 0
vertex 73.01659733333334 6.958634666666667 0
endloop
endfacet
facet normal 0 0 -1
outer loop
vertex 74.10980266666667 6.229994666666667 0
vertex 73.01659733333334 6.958634666666667 0
vertex 73.18784000000001 6.974826666666667 0
endloop
endfacet
facet normal 0 0 -1
outer loop
vertex 74.10980266666667 6.229994666666667 0
vertex 73.18784000000001 6.974826666666667 0
vertex 73.53228800000001 6.9856213333333335 0
endloop
endfacet
facet normal 0 0 -1
outer loop
vertex 74.10980266666667 6.229994666666667 0
vertex 73.53228800000001 6.9856213333333335 0
vertex 77.30453333333334 6.9856213333333335 0
endloop
endfacet
facet normal 0 0 -1
outer loop
vertex 6.684842666666667 5.474368 0
vertex 6.692693333333334 5.458176000000001 0
vertex 3.0833493333333335 5.458176000000001 0
endloop
endfacet
facet normal 0 0 -1
outer loop
vertex 6.684842666666667 5.474368 0
vertex 3.0833493333333335 5.458176000000001 0
vertex 2.912106666666667 5.474368 0
endloop
endfacet
facet normal 0 0 -1
outer loop
vertex 74.687808 5.474368 0
vertex 74.51656533333333 5.458176000000001 0
vertex 70.90722133333334 5.458176000000001 0
endloop
endfacet
facet normal 0 0 -1
outer loop
vertex 74.687808 5.474368 0
vertex 70.90722133333334 5.458176000000001 0
vertex 70.91556266666667 5.474368 0
endloop
endfacet
facet normal 0 0 -1
outer loop
vertex 6.692693333333334 5.458176000000001 0
vertex 6.706432 5.43168 0
vertex 3.253610666666667 5.43168 0
endloop
endfacet
facet normal 0 0 -0.9999999999999999
outer loop
vertex 6.692693333333334 5.458176000000001 0
vertex 3.253610666666667 5.43168 0
vertex 3.0833493333333335 5.458176000000001 0
endloop
endfacet
facet normal 0 0 -1
outer loop
vertex 74.51656533333333 5.458176000000001 0
vertex 74.34679466666667 5.43168 0
vertex 70.89348266666667 5.43168 0
endloop
endfacet
facet normal 0 0 -1
outer loop
vertex 74.51656533333333 5.458176000000001 0
vertex 70.89348266666667 5.43168 0
vertex 70.90722133333334 5.458176000000001 0
endloop
endfacet
facet normal 0 0 -1
outer loop
vertex 5.364949333333334 5.411562666666667 0
vertex 6.706432 5.43168 0
vertex 6.7191893333333335 5.406656000000001 0
endloop
endfacet
facet normal 0 0 -1
outer loop
vertex 5.364949333333334 5.411562666666667 0
vertex 6.7191893333333335 5.406656000000001 0
vertex 6.724586666666667 5.393898666666667 0
endloop
endfacet
facet normal 0 0 -1
outer loop
vertex 5.364949333333334 5.411562666666667 0
vertex 6.724586666666667 5.393898666666667 0
vertex 3.421418666666667 5.393898666666667 0
endloop
endfacet
facet normal 0 0 -1
outer loop
vertex 5.364949333333334 5.411562666666667 0
vertex 3.421418666666667 5.393898666666667 0
vertex 3.253610666666667 5.43168 0
endloop
endfacet
facet normal 0 0 -1
outer loop
vertex 5.364949333333334 5.411562666666667 0
vertex 3.253610666666667 5.43168 0
vertex 6.706432 5.43168 0
endloop
endfacet
facet normal 0 0 -1
outer loop
vertex 72.23496533333334 5.411562666666667 0
vertex 74.34679466666667 5.43168 0
vertex 74.17849600000001 5.393898666666667 0
endloop
endfacet
facet normal 0 0 -0.9999999999999999
outer loop
vertex 72.23496533333334 5.411562666666667 0
vertex 74.17849600000001 5.393898666666667 0
vertex 70.87532800000001 5.393898666666667 0
endloop
endfacet
facet normal 0 0 -1
outer loop
vertex 72.23496533333334 5.411562666666667 0
vertex 70.87532800000001 5.393898666666667 0
vertex 70.88072533333334 5.406656000000001 0
endloop
endfacet
facet normal 0 0 -1
outer loop
vertex 72.23496533333334 5.411562666666667 0
vertex 70.88072533333334 5.406656000000001 0
vertex 70.89348266666667 5.43168 0
endloop
endfacet
facet normal 0 0 -0.9999999999999999
outer loop
vertex 72.23496533333334 5.411562666666667 0
vertex 70.89348266666667 5.43168 0
vertex 74.34679466666667 5.43168 0
endloop
endfacet
facet normal 0 0 -1
outer loop
vertex 6.724586666666667 5.393898666666667 0
vertex 6.745685333333334 5.345813333333334 0
vertex 3.586773333333334 5.345813333333334 0
endloop
endfacet
facet normal 0 0 -1
outer loop
vertex 6.724586666666667 5.393898666666667 0
vertex 3.586773333333334 5.345813333333334 0
vertex 3.421418666666667 5.393898666666667 0
endloop
endfacet
facet normal 0 0 -0.9999999999999999
outer loop
vertex 74.17849600000001 5.393898666666667 0
vertex 74.01314133333334 5.345813333333334 0
vertex 70.85472 5.345813333333334 0
endloop
endfacet
facet normal 0 0 -1
outer loop
vertex 74.17849600000001 5.393898666666667 0
vertex 70.85472 5.345813333333334 0
vertex 70.87532800000001 5.393898666666667 0
endloop
endfacet
facet normal 0 0 -0.9999999999999999
outer loop
vertex 6.745685333333334 5.345813333333334 0
vertex 6.7707093333333335 5.287424000000001 0
vertex 3.7486933333333337 5.287424000000001 0
endloop
endfacet
facet normal 0 0 -1
outer loop
vertex 6.745685333333334 5.345813333333334 0
vertex 3.7486933333333337 5.287424000000001 0
vertex 3.586773333333334 5.345813333333334 0
endloop
endfacet
facet normal 0 0 -0.9999999999999999
outer loop
vertex 74.01314133333334 5.345813333333334 0
vertex 73.85122133333334 5.287424000000001 0
vertex 70.82920533333333 5.287424000000001 0
endloop
endfacet
facet normal 0 0 -1
outer loop
vertex 74.01314133333334 5.345813333333334 0
vertex 70.82920533333333 5.287424000000001 0
vertex 70.85472 5.345813333333334 0
endloop
endfacet
facet normal 0 0 -1
outer loop
vertex 5.602432 5.252586666666667 0
vertex 6.7707093333333335 5.287424000000001 0
vertex 6.7873920000000005 5.248661333333334 0
endloop
endfacet
facet normal 0 0 -1
outer loop
vertex 5.602432 5.252586666666667 0
vertex 6.7873920000000005 5.248661333333334 0
vertex 6.798186666666667 5.2192213333333335 0
endloop
endfacet
facet normal 0 0 -1
outer loop
vertex 5.602432 5.252586666666667 0
vertex 6.798186666666667 5.2192213333333335 0
vertex 3.9066880000000004 5.2192213333333335 0
endloop
endfacet
facet normal 0 0 -0.9999999999999999
outer loop
vertex 5.602432 5.252586666666667 0
vertex 3.9066880000000004 5.2192213333333335 0
vertex 3.7486933333333337 5.287424000000001 0
endloop
endfacet
facet normal 0 0 -0.9999999999999999
outer loop
vertex 5.602432 5.252586666666667 0
vertex 3.7486933333333337 5.287424000000001 0
vertex 6.7707093333333335 5.287424000000001 0
endloop
endfacet
facet normal 0 0 -1
outer loop
vertex 71.99748266666667 5.252586666666667 0
vertex 73.85122133333334 5.287424000000001 0
vertex 73.69322666666667 5.2192213333333335 0
endloop
endfacet
facet normal 0 0 -1
outer loop
vertex 71.99748266666667 5.252586666666667 0
vertex 73.69322666666667 5.2192213333333335 0
vertex 70.80172800000001 5.2192213333333335 0
endloop
endfacet
facet normal 0 0 -1
outer loop
vertex 71.99748266666667 5.252586666666667 0
vertex 70.80172800000001 5.2192213333333335 0
vertex 70.81252266666667 5.248661333333334 0
endloop
endfacet
facet normal 0 0 -1
outer loop
vertex 71.99748266666667 5.252586666666667 0
vertex 70.81252266666667 5.248661333333334 0
vertex 70.82920533333333 5.287424000000001 0
endloop
endfacet
facet normal 0 0 -1
outer loop
vertex 71.99748266666667 5.252586666666667 0
vertex 70.82920533333333 5.287424000000001 0
vertex 73.85122133333334 5.287424000000001 0
endloop
endfacet
facet normal 0 0 -1
outer loop
vertex 6.798186666666667 5.2192213333333335 0
vertex 6.8261546666666675 5.141205333333334 0
vertex 4.059776 5.141205333333334 0
endloop
endfacet
facet normal 0 0 -0.9999999999999999
outer loop
vertex 6.798186666666667 5.2192213333333335 0
vertex 4.059776 5.141205333333334 0
vertex 3.9066880000000004 5.2192213333333335 0
endloop
endfacet
facet normal 0 0 -1
outer loop
vertex 73.69322666666667 5.2192213333333335 0
vertex 73.54013866666668 5.141205333333334 0
vertex 70.77376000000001 5.141205333333334 0
endloop
endfacet
facet normal 0 0 -1
outer loop
vertex 73.69322666666667 5.2192213333333335 0
vertex 70.77376000000001 5.141205333333334 0
vertex 70.80172800000001 5.2192213333333335 0
endloop
endfacet
facet normal 0 0 -1
outer loop
vertex 5.758954666666667 5.095082666666667 0
vertex 6.8261546666666675 5.141205333333334 0
vertex 6.845781333333334 5.086741333333333 0
endloop
endfacet
facet normal 0 0 -1
outer loop
vertex 5.758954666666667 5.095082666666667 0
vertex 6.845781333333334 5.086741333333333 0
vertex 6.855594666666668 5.053376 0
endloop
endfacet
facet normal 0 0 -1
outer loop
vertex 5.758954666666667 5.095082666666667 0
vertex 6.855594666666668 5.053376 0
vertex 4.207957333333334 5.053376 0
endloop
endfacet
facet normal 0 0 -1
outer loop
vertex 5.758954666666667 5.095082666666667 0
vertex 4.207957333333334 5.053376 0
vertex 4.059776 5.141205333333334 0
endloop
endfacet
facet normal 0 0 -1
outer loop
vertex 5.758954666666667 5.095082666666667 0
vertex 4.059776 5.141205333333334 0
vertex 6.8261546666666675 5.141205333333334 0
endloop
endfacet
facet normal 0 0 -1
outer loop
vertex 71.84096000000001 5.095082666666667 0
vertex 73.54013866666668 5.141205333333334 0
vertex 73.39195733333334 5.053376 0
endloop
endfacet
facet normal 0 0 -1
outer loop
vertex 71.84096000000001 5.095082666666667 0
vertex 73.39195733333334 5.053376 0
vertex 70.74432 5.053376 0
endloop
endfacet
facet normal 0 0 -1
outer loop
vertex 71.84096000000001 5.095082666666667 0
vertex 70.74432 5.053376 0
vertex 70.75413333333334 5.086741333333333 0
endloop
endfacet
facet normal 0 0 -0.9999999999999999
outer loop
vertex 71.84096000000001 5.095082666666667 0
vertex 70.75413333333334 5.086741333333333 0
vertex 70.77376000000001 5.141205333333334 0
endloop
endfacet
facet normal 0 0 -1
outer loop
vertex 71.84096000000001 5.095082666666667 0
vertex 70.77376000000001 5.141205333333334 0
vertex 73.54013866666668 5.141205333333334 0
endloop
endfacet
facet normal 0 0 -1
outer loop
vertex 6.855594666666668 5.053376 0
vertex 6.883562666666667 4.956714666666667 0
vertex 4.350741333333334 4.956714666666667 0
endloop
endfacet
facet normal 0 0 -1
outer loop
vertex 6.855594666666668 5.053376 0
vertex 4.350741333333334 4.956714666666667 0
vertex 4.207957333333334 5.053376 0
endloop
endfacet
facet normal 0 0 -1
outer loop
vertex 73.39195733333334 5.053376 0
vertex 73.24966400000001 4.956714666666667 0
vertex 70.716352 4.956714666666667 0
endloop
endfacet
facet normal 0 0 -1
outer loop
vertex 73.39195733333334 5.053376 0
vertex 70.716352 4.956714666666667 0
vertex 70.74432 5.053376 0
endloop
endfacet
facet normal 0 0 -1
outer loop
vertex 5.904682666666667 4.907648 0
vertex 6.883562666666667 4.956714666666667 0
vertex 6.893866666666667 4.921386666666667 0
endloop
endfacet
facet normal 0 0 -1
outer loop
vertex 5.904682666666667 4.907648 0
vertex 6.893866666666667 4.921386666666667 0
vertex 6.909568 4.851221333333334 0
endloop
endfacet
facet normal 0 0 -1
outer loop
vertex 5.904682666666667 4.907648 0
vertex 6.909568 4.851221333333334 0
vertex 4.486656 4.851221333333334 0
endloop
endfacet
facet normal 0 0 -1
outer loop
vertex 5.904682666666667 4.907648 0
vertex 4.486656 4.851221333333334 0
vertex 4.350741333333334 4.956714666666667 0
endloop
endfacet
facet normal 0 0 -1
outer loop
vertex 5.904682666666667 4.907648 0
vertex 4.350741333333334 4.956714666666667 0
vertex 6.883562666666667 4.956714666666667 0
endloop
endfacet
facet normal 0 0 -0.9999999999999999
outer loop
vertex 71.695232 4.907648 0
vertex 73.24966400000001 4.956714666666667 0
vertex 73.11325866666667 4.851221333333334 0
endloop
endfacet
facet normal 0 0 -1
outer loop
vertex 71.695232 4.907648 0
vertex 73.11325866666667 4.851221333333334 0
vertex 70.69034666666667 4.851221333333334 0
endloop
endfacet
facet normal 0 0 -1
outer loop
vertex 71.695232 4.907648 0
vertex 70.69034666666667 4.851221333333334 0
vertex 70.70604800000001 4.921386666666667 0
endloop
endfacet
facet normal 0 0 -1
outer loop
vertex 71.695232 4.907648 0
vertex 70.70604800000001 4.921386666666667 0
vertex 70.716352 4.956714666666667 0
endloop
endfacet
facet normal 0 0 -0.9999999999999999
outer loop
vertex 71.695232 4.907648 0
vertex 70.716352 4.956714666666667 0
vertex 73.24966400000001 4.956714666666667 0
endloop
endfacet
facet normal 0 0 -1
outer loop
vertex 5.9753386666666675 4.785962666666667 0
vertex 6.909568 4.851221333333334 0
vertex 6.931648000000001 4.753578666666667 0
endloop
endfacet
facet normal 0 0 -1
outer loop
vertex 5.9753386666666675 4.785962666666667 0
vertex 6.931648000000001 4.753578666666667 0
vertex 6.9341013333333335 4.737386666666667 0
endloop
endfacet
facet normal 0 0 -1
outer loop
vertex 5.9753386666666675 4.785962666666667 0
vertex 6.9341013333333335 4.737386666666667 0
vertex 4.615701333333334 4.737386666666667 0
endloop
endfacet
facet normal 0 0 -1
outer loop
vertex 5.9753386666666675 4.785962666666667 0
vertex 4.615701333333334 4.737386666666667 0
vertex 4.486656 4.851221333333334 0
endloop
endfacet
facet normal 0 0 -1
outer loop
vertex 5.9753386666666675 4.785962666666667 0
vertex 4.486656 4.851221333333334 0
vertex 6.909568 4.851221333333334 0
endloop
endfacet
facet normal 0 0 -1
outer loop
vertex 71.624576 4.785962666666667 0
vertex 73.11325866666667 4.851221333333334 0
vertex 72.98421333333334 4.737386666666667 0
endloop
endfacet
facet normal 0 0 -1
outer loop
vertex 71.624576 4.785962666666667 0
vertex 72.98421333333334 4.737386666666667 0
vertex 70.66581333333333 4.737386666666667 0
endloop
endfacet
facet normal 0 0 -0.9999999999999999
outer loop
vertex 71.624576 4.785962666666667 0
vertex 70.66581333333333 4.737386666666667 0
vertex 70.66875733333333 4.753578666666667 0
endloop
endfacet
facet normal 0 0 -1
outer loop
vertex 71.624576 4.785962666666667 0
vertex 70.66875733333333 4.753578666666667 0
vertex 70.69034666666667 4.851221333333334 0
endloop
endfacet
facet normal 0 0 -1
outer loop
vertex 71.624576 4.785962666666667 0
vertex 70.69034666666667 4.851221333333334 0
vertex 73.11325866666667 4.851221333333334 0
endloop
endfacet
facet normal 0 0 -1
outer loop
vertex 6.9341013333333335 4.737386666666667 0
vertex 6.953237333333334 4.615701333333334 0
vertex 4.737386666666667 4.615701333333334 0
endloop
endfacet
facet normal 0 0 -1
outer loop
vertex 6.9341013333333335 4.737386666666667 0
vertex 4.737386666666667 4.615701333333334 0
vertex 4.615701333333334 4.737386666666667 0
endloop
endfacet
facet normal 0 0 -1
outer loop
vertex 72.98421333333334 4.737386666666667 0
vertex 72.86252800000001 4.615701333333334 0
vertex 70.64667733333334 4.615701333333334 0
endloop
endfacet
facet normal 0 0 -1
outer loop
vertex 72.98421333333334 4.737386666666667 0
vertex 70.64667733333334 4.615701333333334 0
vertex 70.66581333333333 4.737386666666667 0
endloop
endfacet
facet normal 0 0 -1
outer loop
vertex 6.093589333333334 4.557802666666667 0
vertex 6.953237333333334 4.615701333333334 0
vertex 6.958634666666667 4.5833173333333335 0
endloop
endfacet
facet normal 0 0 -1
outer loop
vertex 6.093589333333334 4.557802666666667 0
vertex 6.958634666666667 4.5833173333333335 0
vertex 6.967466666666668 4.486656 0
endloop
endfacet
facet normal 0 0 -1
outer loop
vertex 6.093589333333334 4.557802666666667 0
vertex 6.967466666666668 4.486656 0
vertex 4.851221333333334 4.486656 0
endloop
endfacet
facet normal 0 0 -1
outer loop
vertex 6.093589333333334 4.557802666666667 0
vertex 4.851221333333334 4.486656 0
vertex 4.737386666666667 4.615701333333334 0
endloop
endfacet
facet normal 0 0 -1
outer loop
vertex 6.093589333333334 4.557802666666667 0
vertex 4.737386666666667 4.615701333333334 0
vertex 6.953237333333334 4.615701333333334 0
endloop
endfacet
facet normal 0 0 -1
outer loop
vertex 71.50632533333334 4.557802666666667 0
vertex 72.86252800000001 4.615701333333334 0
vertex 72.74869333333334 4.486656 0
endloop
endfacet
facet normal 0 0 -1
outer loop
vertex 71.50632533333334 4.557802666666667 0
vertex 72.74869333333334 4.486656 0
vertex 70.63244800000001 4.486656 0
endloop
endfacet
facet normal 0 0 -1
outer loop
vertex 71.50632533333334 4.557802666666667 0
vertex 70.63244800000001 4.486656 0
vertex 70.64177066666667 4.5833173333333335 0
endloop
endfacet
facet normal 0 0 -1
outer loop
vertex 71.50632533333334 4.557802666666667 0
vertex 70.64177066666667 4.5833173333333335 0
vertex 70.64667733333334 4.615701333333334 0
endloop
endfacet
facet normal 0 0 -1
outer loop
vertex 71.50632533333334 4.557802666666667 0
vertex 70.64667733333334 4.615701333333334 0
vertex 72.86252800000001 4.615701333333334 0
endloop
endfacet
facet normal 0 0 -0.9999999999999999
outer loop
vertex 6.145109333333334 4.417472 0
vertex 6.967466666666668 4.486656 0
vertex 6.974826666666667 4.412074666666667 0
endloop
endfacet
facet normal 0 0 -1
outer loop
vertex 6.145109333333334 4.417472 0
vertex 6.974826666666667 4.412074666666667 0
vertex 6.9762986666666675 4.350741333333334 0
endloop
endfacet
facet normal 0 0 -1
outer loop
vertex 6.145109333333334 4.417472 0
vertex 6.9762986666666675 4.350741333333334 0
vertex 4.956714666666667 4.350741333333334 0
endloop
endfacet
facet normal 0 0 -1
outer loop
vertex 6.145109333333334 4.417472 0
vertex 4.956714666666667 4.350741333333334 0
vertex 4.851221333333334 4.486656 0
endloop
endfacet
facet normal 0 0 -1
outer loop
vertex 6.145109333333334 4.417472 0
vertex 4.851221333333334 4.486656 0
vertex 6.967466666666668 4.486656 0
endloop
endfacet
facet normal 0 0 -1
outer loop
vertex 71.45480533333334 4.417472 0
vertex 72.74869333333334 4.486656 0
vertex 72.64320000000001 4.350741333333334 0
endloop
endfacet
facet normal 0 0 -1
outer loop
vertex 71.45480533333334 4.417472 0
vertex 72.64320000000001 4.350741333333334 0
vertex 70.623616 4.350741333333334 0
endloop
endfacet
facet normal 0 0 -0.9999999999999999
outer loop
vertex 71.45480533333334 4.417472 0
vertex 70.623616 4.350741333333334 0
vertex 70.62557866666667 4.412074666666667 0
endloop
endfacet
facet normal 0 0 -1
outer loop
vertex 71.45480533333334 4.417472 0
vertex 70.62557866666667 4.412074666666667 0
vertex 70.63244800000001 4.486656 0
endloop
endfacet
facet normal 0 0 -1
outer loop
vertex 71.45480533333334 4.417472 0
vertex 70.63244800000001 4.486656 0
vertex 72.74869333333334 4.486656 0
endloop
endfacet
facet normal 0 0 -1
outer loop
vertex 6.9762986666666675 4.350741333333334 0
vertex 6.9812053333333335 4.207957333333334 0
vertex 5.053376 4.207957333333334 0
endloop
endfacet
facet normal 0 0 -1
outer loop
vertex 6.9762986666666675 4.350741333333334 0
vertex 5.053376 4.207957333333334 0
vertex 4.956714666666667 4.350741333333334 0
endloop
endfacet
facet normal 0 0 -1
outer loop
vertex 72.64320000000001 4.350741333333334 0
vertex 72.54653866666668 4.207957333333334 0
vertex 70.6192 4.207957333333334 0
endloop
endfacet
facet normal 0 0 -1
outer loop
vertex 72.64320000000001 4.350741333333334 0
vertex 70.6192 4.207957333333334 0
vertex 70.623616 4.350741333333334 0
endloop
endfacet
facet normal 0 0 -1
outer loop
vertex 6.9812053333333335 4.207957333333334 0
vertex 6.9856213333333335 4.068117333333333 0
vertex 5.136298666666667 4.068117333333333 0
endloop
endfacet
facet normal 0 0 -1
outer loop
vertex 6.9812053333333335 4.207957333333334 0
vertex 5.136298666666667 4.068117333333333 0
vertex 5.053376 4.207957333333334 0
endloop
endfacet
facet normal 0 0 -1
outer loop
vertex 72.54653866666668 4.207957333333334 0
vertex 72.463616 4.068117333333333 0
vertex 70.614784 4.068117333333333 0
endloop
endfacet
facet normal 0 0 -1
outer loop
vertex 72.54653866666668 4.207957333333334 0
vertex 70.614784 4.068117333333333 0
vertex 70.6192 4.207957333333334 0
endloop
endfacet
facet normal 0 0 -0.9999999999999999
outer loop
vertex 6.9856213333333335 4.068117333333333 0
vertex 6.986112 4.059776 0
vertex 5.141205333333334 4.059776 0
endloop
endfacet
facet normal 0 0 -1
outer loop
vertex 6.9856213333333335 4.068117333333333 0
vertex 5.141205333333334 4.059776 0
vertex 5.136298666666667 4.068117333333333 0
endloop
endfacet
facet normal 0 0 -1
outer loop
vertex 72.463616 4.068117333333333 0
vertex 72.45870933333335 4.059776 0
vertex 70.61380266666667 4.059776 0
endloop
endfacet
facet normal 0 0 -1
outer loop
vertex 72.463616 4.068117333333333 0
vertex 70.61380266666667 4.059776 0
vertex 70.614784 4.068117333333333 0
endloop
endfacet
facet normal 0 0 -1
outer loop
vertex 6.986112 4.059776 0
vertex 7.000832000000001 3.9066880000000004 0
vertex 5.2192213333333335 3.9066880000000004 0
endloop
endfacet
facet normal 0 0 -1
outer loop
vertex 6.986112 4.059776 0
vertex 5.2192213333333335 3.9066880000000004 0
vertex 5.141205333333334 4.059776 0
endloop
endfacet
facet normal 0 0 -1
outer loop
vertex 72.45870933333335 4.059776 0
vertex 72.38069333333334 3.9066880000000004 0
vertex 70.59957333333334 3.9066880000000004 0
endloop
endfacet
facet normal 0 0 -1
outer loop
vertex 72.45870933333335 4.059776 0
vertex 70.59957333333334 3.9066880000000004 0
vertex 70.61380266666667 4.059776 0
endloop
endfacet
facet normal 0 0 -1
outer loop
vertex 7.000832000000001 3.9066880000000004 0
vertex 7.001813333333334 3.8963840000000003 0
vertex 5.2236373333333335 3.8963840000000003 0
endloop
endfacet
facet normal 0 0 -1
outer loop
vertex 7.000832000000001 3.9066880000000004 0
vertex 5.2236373333333335 3.8963840000000003 0
vertex 5.2192213333333335 3.9066880000000004 0
endloop
endfacet
facet normal 0 0 -1
outer loop
vertex 72.38069333333334 3.9066880000000004 0
vertex 72.37627733333333 3.8963840000000003 0
vertex 70.59859200000001 3.8963840000000003 0
endloop
endfacet
facet normal 0 0 -0.9999999999999999
outer loop
vertex 72.38069333333334 3.9066880000000004 0
vertex 70.59859200000001 3.8963840000000003 0
vertex 70.59957333333334 3.9066880000000004 0
endloop
endfacet
facet normal 0 0 -1
outer loop
vertex 7.001813333333334 3.8963840000000003 0
vertex 7.024874666666667 3.7486933333333337 0
vertex 5.287424000000001 3.7486933333333337 0
endloop
endfacet
facet normal 0 0 -1
outer loop
vertex 7.001813333333334 3.8963840000000003 0
vertex 5.287424000000001 3.7486933333333337 0
vertex 5.2236373333333335 3.8963840000000003 0
endloop
endfacet
facet normal 0 0 -1
outer loop
vertex 72.37627733333333 3.8963840000000003 0
vertex 72.31249066666668 3.7486933333333337 0
vertex 70.57504 3.7486933333333337 0
endloop
endfacet
facet normal 0 0 -1
outer loop
vertex 72.37627733333333 3.8963840000000003 0
vertex 70.57504 3.7486933333333337 0
vertex 70.59859200000001 3.8963840000000003 0
endloop
endfacet
facet normal 0 0 -1
outer loop
vertex 7.024874666666667 3.7486933333333337 0
vertex 7.0283093333333335 3.7266133333333338 0
vertex 5.295765333333334 3.7266133333333338 0
endloop
endfacet
facet normal 0 0 -1
outer loop
vertex 7.024874666666667 3.7486933333333337 0
vertex 5.295765333333334 3.7266133333333338 0
vertex 5.287424000000001 3.7486933333333337 0
endloop
endfacet
facet normal 0 0 -1
outer loop
vertex 72.31249066666668 3.7486933333333337 0
vertex 72.30464 3.7266133333333338 0
vertex 70.57160533333334 3.7266133333333338 0
endloop
endfacet
facet normal 0 0 -0.9999999999999999
outer loop
vertex 72.31249066666668 3.7486933333333337 0
vertex 70.57160533333334 3.7266133333333338 0
vertex 70.57504 3.7486933333333337 0
endloop
endfacet
facet normal 0 0 -0.9999999999999999
outer loop
vertex 7.0283093333333335 3.7266133333333338 0
vertex 7.059712 3.586773333333334 0
vertex 5.345813333333334 3.586773333333334 0
endloop
endfacet
facet normal 0 0 -1
outer loop
vertex 7.0283093333333335 3.7266133333333338 0
vertex 5.345813333333334 3.586773333333334 0
vertex 5.295765333333334 3.7266133333333338 0
endloop
endfacet
facet normal 0 0 -1
outer loop
vertex 72.30464 3.7266133333333338 0
vertex 72.25410133333334 3.586773333333334 0
vertex 70.54020266666667 3.586773333333334 0
endloop
endfacet
facet normal 0 0 -1
outer loop
vertex 72.30464 3.7266133333333338 0
vertex 70.54020266666667 3.586773333333334 0
vertex 70.57160533333334 3.7266133333333338 0
endloop
endfacet
facet normal 0 0 -1
outer loop
vertex 7.059712 3.586773333333334 0
vertex 7.066090666666668 3.558805333333334 0
vertex 5.354154666666667 3.558805333333334 0
endloop
endfacet
facet normal 0 0 -1
outer loop
vertex 7.059712 3.586773333333334 0
vertex 5.354154666666667 3.558805333333334 0
vertex 5.345813333333334 3.586773333333334 0
endloop
endfacet
facet normal 0 0 -1
outer loop
vertex 72.25410133333334 3.586773333333334 0
vertex 72.24576 3.558805333333334 0
vertex 70.53382400000001 3.558805333333334 0
endloop
endfacet
facet normal 0 0 -1
outer loop
vertex 72.25410133333334 3.586773333333334 0
vertex 70.53382400000001 3.558805333333334 0
vertex 70.54020266666667 3.586773333333334 0
endloop
endfacet
facet normal 0 0 -1
outer loop
vertex 7.066090666666668 3.558805333333334 0
vertex 7.105834666666667 3.421418666666667 0
vertex 5.393898666666667 3.421418666666667 0
endloop
endfacet
facet normal 0 0 -1
outer loop
vertex 7.066090666666668 3.558805333333334 0
vertex 5.393898666666667 3.421418666666667 0
vertex 5.354154666666667 3.558805333333334 0
endloop
endfacet
facet normal 0 0 -1
outer loop
vertex 72.24576 3.558805333333334 0
vertex 72.206016 3.421418666666667 0
vertex 70.49408000000001 3.421418666666667 0
endloop
endfacet
facet normal 0 0 -1
outer loop
vertex 72.24576 3.558805333333334 0
vertex 70.49408000000001 3.421418666666667 0
vertex 70.53382400000001 3.558805333333334 0
endloop
endfacet
facet normal 0 0 -1
outer loop
vertex 7.105834666666667 3.421418666666667 0
vertex 7.1141760000000005 3.393450666666667 0
vertex 5.400277333333333 3.393450666666667 0
endloop
endfacet
facet normal 0 0 -1
outer loop
vertex 7.105834666666667 3.421418666666667 0
vertex 5.400277333333333 3.393450666666667 0
vertex 5.393898666666667 3.421418666666667 0
endloop
endfacet
facet normal 0 0 -1
outer loop
vertex 72.206016 3.421418666666667 0
vertex 72.19963733333334 3.393450666666667 0
vertex 70.48573866666668 3.393450666666667 0
endloop
endfacet
facet normal 0 0 -1
outer loop
vertex 72.206016 3.421418666666667 0
vertex 70.48573866666668 3.393450666666667 0
vertex 70.49408000000001 3.421418666666667 0
endloop
endfacet
facet normal 0 0 -1
outer loop
vertex 7.1141760000000005 3.393450666666667 0
vertex 7.164224000000001 3.253610666666667 0
vertex 5.43168 3.253610666666667 0
endloop
endfacet
facet normal 0 0 -1
outer loop
vertex 7.1141760000000005 3.393450666666667 0
vertex 5.43168 3.253610666666667 0
vertex 5.400277333333333 3.393450666666667 0
endloop
endfacet
facet normal 0 0 -1
outer loop
vertex 72.19963733333334 3.393450666666667 0
vertex 72.16872533333334 3.253610666666667 0
vertex 70.43569066666667 3.253610666666667 0
endloop
endfacet
facet normal 0 0 -1
outer loop
vertex 72.19963733333334 3.393450666666667 0
vertex 70.43569066666667 3.253610666666667 0
vertex 70.48573866666668 3.393450666666667 0
endloop
endfacet
facet normal 0 0 -1
outer loop
vertex 7.164224000000001 3.253610666666667 0
vertex 7.172565333333334 3.231530666666667 0
vertex 5.435114666666667 3.231530666666667 0
endloop
endfacet
facet normal 0 0 -1
outer loop
vertex 7.164224000000001 3.253610666666667 0
vertex 5.435114666666667 3.231530666666667 0
vertex 5.43168 3.253610666666667 0
endloop
endfacet
facet normal 0 0 -1
outer loop
vertex 72.16872533333334 3.253610666666667 0
vertex 72.1648 3.231530666666667 0
vertex 70.42734933333334 3.231530666666667 0
endloop
endfacet
facet normal 0 0 -1
outer loop
vertex 72.16872533333334 3.253610666666667 0
vertex 70.42734933333334 3.231530666666667 0
vertex 70.43569066666667 3.253610666666667 0
endloop
endfacet
facet normal 0 0 -1
outer loop
vertex 7.172565333333334 3.231530666666667 0
vertex 7.236352 3.0833493333333335 0
vertex 5.458176000000001 3.0833493333333335 0
endloop
endfacet
facet normal 0 0 -1
outer loop
vertex 7.172565333333334 3.231530666666667 0
vertex 5.458176000000001 3.0833493333333335 0
vertex 5.435114666666667 3.231530666666667 0
endloop
endfacet
facet normal 0 0 -1
outer loop
vertex 72.1648 3.231530666666667 0
vertex 72.14173866666667 3.0833493333333335 0
vertex 70.36356266666667 3.0833493333333335 0
endloop
endfacet
facet normal 0 0 -1
outer loop
vertex 72.1648 3.231530666666667 0
vertex 70.36356266666667 3.0833493333333335 0
vertex 70.42734933333334 3.231530666666667 0
endloop
endfacet
facet normal 0 0 -1
outer loop
vertex 7.236352 3.0833493333333335 0
vertex 7.240768000000001 3.0735360000000003 0
vertex 5.459157333333334 3.0735360000000003 0
endloop
endfacet
facet normal 0 0 -1
outer loop
vertex 7.236352 3.0833493333333335 0
vertex 5.459157333333334 3.0735360000000003 0
vertex 5.458176000000001 3.0833493333333335 0
endloop
endfacet
facet normal 0 0 -1
outer loop
vertex 72.14173866666667 3.0833493333333335 0
vertex 72.14075733333334 3.0735360000000003 0
vertex 70.35914666666667 3.0735360000000003 0
endloop
endfacet
facet normal 0 0 -1
outer loop
vertex 72.14173866666667 3.0833493333333335 0
vertex 70.35914666666667 3.0735360000000003 0
vertex 70.36356266666667 3.0833493333333335 0
endloop
endfacet
facet normal 0 0 -1
outer loop
vertex 7.240768000000001 3.0735360000000003 0
vertex 7.318784000000001 2.9199573333333335 0
vertex 5.473877333333334 2.9199573333333335 0
endloop
endfacet
facet normal 0 0 -1
outer loop
vertex 7.240768000000001 3.0735360000000003 0
vertex 5.473877333333334 2.9199573333333335 0
vertex 5.459157333333334 3.0735360000000003 0
endloop
endfacet
facet normal 0 0 -1
outer loop
vertex 72.14075733333334 3.0735360000000003 0
vertex 72.12603733333334 2.9199573333333335 0
vertex 70.28113066666667 2.9199573333333335 0
endloop
endfacet
facet normal 0 0 -1
outer loop
vertex 72.14075733333334 3.0735360000000003 0
vertex 70.28113066666667 2.9199573333333335 0
vertex 70.35914666666667 3.0735360000000003 0
endloop
endfacet
facet normal 0 0 -1
outer loop
vertex 7.318784000000001 2.9199573333333335 0
vertex 7.323690666666667 2.912106666666667 0
vertex 5.474368 2.912106666666667 0
endloop
endfacet
facet normal 0 0 -1
outer loop
vertex 7.318784000000001 2.9199573333333335 0
vertex 5.474368 2.912106666666667 0
vertex 5.473877333333334 2.9199573333333335 0
endloop
endfacet
facet normal 0 0 -1
outer loop
vertex 72.12603733333334 2.9199573333333335 0
vertex 72.12554666666668 2.912106666666667 0
vertex 70.276224 2.912106666666667 0
endloop
endfacet
facet normal 0 0 -1
outer loop
vertex 72.12603733333334 2.9199573333333335 0
vertex 70.276224 2.912106666666667 0
vertex 70.28113066666667 2.9199573333333335 0
endloop
endfacet
facet normal 0 0 -1
outer loop
vertex 7.323690666666667 2.912106666666667 0
vertex 7.4066133333333335 2.771776 0
vertex 5.478784 2.771776 0
endloop
endfacet
facet normal 0 0 -1
outer loop
vertex 7.323690666666667 2.912106666666667 0
vertex 5.478784 2.771776 0
vertex 5.474368 2.912106666666667 0
endloop
endfacet
facet normal 0 0 -1
outer loop
vertex 72.12554666666668 2.912106666666667 0
vertex 72.12113066666667 2.771776 0
vertex 70.19330133333334 2.771776 0
endloop
endfacet
facet normal 0 0 -1
outer loop
vertex 72.12554666666668 2.912106666666667 0
vertex 70.19330133333334 2.771776 0
vertex 70.276224 2.912106666666667 0
endloop
endfacet
facet normal 0 0 -1
outer loop
vertex 7.4066133333333335 2.771776 0
vertex 7.503274666666667 2.629482666666667 0
vertex 5.483690666666667 2.629482666666667 0
endloop
endfacet
facet normal 0 0 -1
outer loop
vertex 7.4066133333333335 2.771776 0
vertex 5.483690666666667 2.629482666666667 0
vertex 5.478784 2.771776 0
endloop
endfacet
facet normal 0 0 -1
outer loop
vertex 72.12113066666667 2.771776 0
vertex 72.11671466666667 2.629482666666667 0
vertex 70.09664000000001 2.629482666666667 0
endloop
endfacet
facet normal 0 0 -1
outer loop
vertex 72.12113066666667 2.771776 0
vertex 70.09664000000001 2.629482666666667 0
vertex 70.19330133333334 2.771776 0
endloop
endfacet
facet normal 0 0 -1
outer loop
vertex 6.3148800000000005 2.562752 0
vertex 7.503274666666667 2.629482666666667 0
vertex 7.608768 2.4935680000000002 0
endloop
endfacet
facet normal 0 0 -1
outer loop
vertex 6.3148800000000005 2.562752 0
vertex 7.608768 2.4935680000000002 0
vertex 5.492522666666667 2.4935680000000002 0
endloop
endfacet
facet normal 0 0 -1
outer loop
vertex 6.3148800000000005 2.562752 0
vertex 5.492522666666667 2.4935680000000002 0
vertex 5.485162666666667 2.5681493333333334 0
endloop
endfacet
facet normal 0 0 -1
outer loop
vertex 6.3148800000000005 2.562752 0
vertex 5.485162666666667 2.5681493333333334 0
vertex 5.483690666666667 2.629482666666667 0
endloop
endfacet
facet normal 0 0 -1
outer loop
vertex 6.3148800000000005 2.562752 0
vertex 5.483690666666667 2.629482666666667 0
vertex 7.503274666666667 2.629482666666667 0
endloop
endfacet
facet normal 0 0 -0.9999999999999999
outer loop
vertex 71.28552533333334 2.562752 0
vertex 72.11671466666667 2.629482666666667 0
vertex 72.11475200000001 2.5681493333333334 0
endloop
endfacet
facet normal 0 0 -1
outer loop
vertex 71.28552533333334 2.562752 0
vertex 72.11475200000001 2.5681493333333334 0
vertex 72.107392 2.4935680000000002 0
endloop
endfacet
facet normal 0 0 -1
outer loop
vertex 71.28552533333334 2.562752 0
vertex 72.107392 2.4935680000000002 0
vertex 69.99114666666667 2.4935680000000002 0
endloop
endfacet
facet normal 0 0 -1
outer loop
vertex 71.28552533333334 2.562752 0
vertex 69.99114666666667 2.4935680000000002 0
vertex 70.09664000000001 2.629482666666667 0
endloop
endfacet
facet normal 0 0 -1
outer loop
vertex 71.28552533333334 2.562752 0
vertex 70.09664000000001 2.629482666666667 0
vertex 72.11671466666667 2.629482666666667 0
endloop
endfacet
facet normal 0 0 -1
outer loop
vertex 6.3664000000000005 2.4224213333333333 0
vertex 7.608768 2.4935680000000002 0
vertex 7.722602666666667 2.3645226666666668 0
endloop
endfacet
facet normal 0 0 -1
outer loop
vertex 6.3664000000000005 2.4224213333333333 0
vertex 7.722602666666667 2.3645226666666668 0
vertex 5.5067520000000005 2.3645226666666668 0
endloop
endfacet
facet normal 0 0 -1
outer loop
vertex 6.3664000000000005 2.4224213333333333 0
vertex 5.5067520000000005 2.3645226666666668 0
vertex 5.501845333333334 2.3964160000000003 0
endloop
endfacet
facet normal 0 0 -1
outer loop
vertex 6.3664000000000005 2.4224213333333333 0
vertex 5.501845333333334 2.3964160000000003 0
vertex 5.492522666666667 2.4935680000000002 0
endloop
endfacet
facet normal 0 0 -0.9999999999999999
outer loop
vertex 6.3664000000000005 2.4224213333333333 0
vertex 5.492522666666667 2.4935680000000002 0
vertex 7.608768 2.4935680000000002 0
endloop
endfacet
facet normal 0 0 -1
outer loop
vertex 71.23351466666668 2.4224213333333333 0
vertex 72.107392 2.4935680000000002 0
vertex 72.09856 2.3964160000000003 0
endloop
endfacet
facet normal 0 0 -1
outer loop
vertex 71.23351466666668 2.4224213333333333 0
vertex 72.09856 2.3964160000000003 0
vertex 72.09316266666667 2.3645226666666668 0
endloop
endfacet
facet normal 0 0 -1
outer loop
vertex 71.23351466666668 2.4224213333333333 0
vertex 72.09316266666667 2.3645226666666668 0
vertex 69.877312 2.3645226666666668 0
endloop
endfacet
facet normal 0 0 -0.9999999999999999
outer loop
vertex 71.23351466666668 2.4224213333333333 0
vertex 69.877312 2.3645226666666668 0
vertex 69.99114666666667 2.4935680000000002 0
endloop
endfacet
facet normal 0 0 -1
outer loop
vertex 71.23351466666668 2.4224213333333333 0
vertex 69.99114666666667 2.4935680000000002 0
vertex 72.107392 2.4935680000000002 0
endloop
endfacet
facet normal 0 0 -1
outer loop
vertex 7.722602666666667 2.3645226666666668 0
vertex 7.844288000000001 2.2428373333333336 0
vertex 5.525888 2.2428373333333336 0
endloop
endfacet
facet normal 0 0 -1
outer loop
vertex 7.722602666666667 2.3645226666666668 0
vertex 5.525888 2.2428373333333336 0
vertex 5.5067520000000005 2.3645226666666668 0
endloop
endfacet
facet normal 0 0 -1
outer loop
vertex 72.09316266666667 2.3645226666666668 0
vertex 72.07402666666667 2.2428373333333336 0
vertex 69.75562666666667 2.2428373333333336 0
endloop
endfacet
facet normal 0 0 -1
outer loop
vertex 72.09316266666667 2.3645226666666668 0
vertex 69.75562666666667 2.2428373333333336 0
vertex 69.877312 2.3645226666666668 0
endloop
endfacet
facet normal 0 0 -1
outer loop
vertex 6.484650666666667 2.1942613333333334 0
vertex 7.844288000000001 2.2428373333333336 0
vertex 7.973333333333334 2.129002666666667 0
endloop
endfacet
facet normal 0 0 -0.9999999999999999
outer loop
vertex 6.484650666666667 2.1942613333333334 0
vertex 7.973333333333334 2.129002666666667 0
vertex 5.550421333333333 2.129002666666667 0
endloop
endfacet
facet normal 0 0 -0.9999999999999999
outer loop
vertex 6.484650666666667 2.1942613333333334 0
vertex 5.550421333333333 2.129002666666667 0
vertex 5.5283413333333336 2.2266453333333334 0
endloop
endfacet
facet normal 0 0 -0.9999999999999999
outer loop
vertex 6.484650666666667 2.1942613333333334 0
vertex 5.5283413333333336 2.2266453333333334 0
vertex 5.525888 2.2428373333333336 0
endloop
endfacet
facet normal 0 0 -1
outer loop
vertex 6.484650666666667 2.1942613333333334 0
vertex 5.525888 2.2428373333333336 0
vertex 7.844288000000001 2.2428373333333336 0
endloop
endfacet
facet normal 0 0 -0.9999999999999999
outer loop
vertex 71.11526400000001 2.1942613333333334 0
vertex 72.07402666666667 2.2428373333333336 0
vertex 72.07157333333333 2.2266453333333334 0
endloop
endfacet
facet normal 0 0 -1
outer loop
vertex 71.11526400000001 2.1942613333333334 0
vertex 72.07157333333333 2.2266453333333334 0
vertex 72.04949333333334 2.129002666666667 0
endloop
endfacet
facet normal 0 0 -1
outer loop
vertex 71.11526400000001 2.1942613333333334 0
vertex 72.04949333333334 2.129002666666667 0
vertex 69.62658133333333 2.129002666666667 0
endloop
endfacet
facet normal 0 0 -1
outer loop
vertex 71.11526400000001 2.1942613333333334 0
vertex 69.62658133333333 2.129002666666667 0
vertex 69.75562666666667 2.2428373333333336 0
endloop
endfacet
facet normal 0 0 -0.9999999999999999
outer loop
vertex 71.11526400000001 2.1942613333333334 0
vertex 69.75562666666667 2.2428373333333336 0
vertex 72.07402666666667 2.2428373333333336 0
endloop
endfacet
facet normal 0 0 -1
outer loop
vertex 6.5553066666666675 2.072576 0
vertex 7.973333333333334 2.129002666666667 0
vertex 8.109248000000001 2.0235093333333336 0
endloop
endfacet
facet normal 0 0 -1
outer loop
vertex 6.5553066666666675 2.072576 0
vertex 8.109248000000001 2.0235093333333336 0
vertex 5.576426666666667 2.0235093333333336 0
endloop
endfacet
facet normal 0 0 -1
outer loop
vertex 6.5553066666666675 2.072576 0
vertex 5.576426666666667 2.0235093333333336 0
vertex 5.566122666666667 2.058346666666667 0
endloop
endfacet
facet normal 0 0 -1
outer loop
vertex 6.5553066666666675 2.072576 0
vertex 5.566122666666667 2.058346666666667 0
vertex 5.550421333333333 2.129002666666667 0
endloop
endfacet
facet normal 0 0 -1
outer loop
vertex 6.5553066666666675 2.072576 0
vertex 5.550421333333333 2.129002666666667 0
vertex 7.973333333333334 2.129002666666667 0
endloop
endfacet
facet normal 0 0 -1
outer loop
vertex 71.04460800000001 2.072576 0
vertex 72.04949333333334 2.129002666666667 0
vertex 72.033792 2.058346666666667 0
endloop
endfacet
facet normal 0 0 -1
outer loop
vertex 71.04460800000001 2.072576 0
vertex 72.033792 2.058346666666667 0
vertex 72.023488 2.0235093333333336 0
endloop
endfacet
facet normal 0 0 -0.9999999999999999
outer loop
vertex 71.04460800000001 2.072576 0
vertex 72.023488 2.0235093333333336 0
vertex 69.49066666666667 2.0235093333333336 0
endloop
endfacet
facet normal 0 0 -1
outer loop
vertex 71.04460800000001 2.072576 0
vertex 69.49066666666667 2.0235093333333336 0
vertex 69.62658133333333 2.129002666666667 0
endloop
endfacet
facet normal 0 0 -1
outer loop
vertex 71.04460800000001 2.072576 0
vertex 69.62658133333333 2.129002666666667 0
vertex 72.04949333333334 2.129002666666667 0
endloop
endfacet
facet normal 0 0 -1
outer loop
vertex 8.109248000000001 2.0235093333333336 0
vertex 8.252032 1.9263573333333335 0
vertex 5.604394666666667 1.9263573333333335 0
endloop
endfacet
facet normal 0 0 -1
outer loop
vertex 8.109248000000001 2.0235093333333336 0
vertex 5.604394666666667 1.9263573333333335 0
vertex 5.576426666666667 2.0235093333333336 0
endloop
endfacet
facet normal 0 0 -1
outer loop
vertex 72.023488 2.0235093333333336 0
vertex 71.99552 1.9263573333333335 0
vertex 69.34837333333334 1.9263573333333335 0
endloop
endfacet
facet normal 0 0 -1
outer loop
vertex 72.023488 2.0235093333333336 0
vertex 69.34837333333334 1.9263573333333335 0
vertex 69.49066666666667 2.0235093333333336 0
endloop
endfacet
facet normal 0 0 -1
outer loop
vertex 6.701034666666668 1.8846506666666667 0
vertex 8.252032 1.9263573333333335 0
vertex 8.400213333333333 1.8390186666666668 0
endloop
endfacet
facet normal 0 0 -1
outer loop
vertex 6.701034666666668 1.8846506666666667 0
vertex 8.400213333333333 1.8390186666666668 0
vertex 5.633834666666667 1.8390186666666668 0
endloop
endfacet
facet normal 0 0 -1
outer loop
vertex 6.701034666666668 1.8846506666666667 0
vertex 5.633834666666667 1.8390186666666668 0
vertex 5.6142080000000005 1.8934826666666669 0
endloop
endfacet
facet normal 0 0 -1
outer loop
vertex 6.701034666666668 1.8846506666666667 0
vertex 5.6142080000000005 1.8934826666666669 0
vertex 5.604394666666667 1.9263573333333335 0
endloop
endfacet
facet normal 0 0 -0.9999999999999999
outer loop
vertex 6.701034666666668 1.8846506666666667 0
vertex 5.604394666666667 1.9263573333333335 0
vertex 8.252032 1.9263573333333335 0
endloop
endfacet
facet normal 0 0 -1
outer loop
vertex 70.89937066666667 1.8846506666666667 0
vertex 71.99552 1.9263573333333335 0
vertex 71.98570666666667 1.8934826666666669 0
endloop
endfacet
facet normal 0 0 -1
outer loop
vertex 70.89937066666667 1.8846506666666667 0
vertex 71.98570666666667 1.8934826666666669 0
vertex 71.96608 1.8390186666666668 0
endloop
endfacet
facet normal 0 0 -1
outer loop
vertex 70.89937066666667 1.8846506666666667 0
vertex 71.96608 1.8390186666666668 0
vertex 69.200192 1.8390186666666668 0
endloop
endfacet
facet normal 0 0 -1
outer loop
vertex 70.89937066666667 1.8846506666666667 0
vertex 69.200192 1.8390186666666668 0
vertex 69.34837333333334 1.9263573333333335 0
endloop
endfacet
facet normal 0 0 -1
outer loop
vertex 70.89937066666667 1.8846506666666667 0
vertex 69.34837333333334 1.9263573333333335 0
vertex 71.99552 1.9263573333333335 0
endloop
endfacet
facet normal 0 0 -1
outer loop
vertex 8.400213333333333 1.8390186666666668 0
vertex 8.553301333333334 1.7610026666666667 0
vertex 5.661802666666667 1.7610026666666667 0
endloop
endfacet
facet normal 0 0 -1
outer loop
vertex 8.400213333333333 1.8390186666666668 0
vertex 5.661802666666667 1.7610026666666667 0
vertex 5.633834666666667 1.8390186666666668 0
endloop
endfacet
facet normal 0 0 -1
outer loop
vertex 71.96608 1.8390186666666668 0
vertex 71.938112 1.7610026666666667 0
vertex 69.04661333333334 1.7610026666666667 0
endloop
endfacet
facet normal 0 0 -1
outer loop
vertex 71.96608 1.8390186666666668 0
vertex 69.04661333333334 1.7610026666666667 0
vertex 69.200192 1.8390186666666668 0
endloop
endfacet
facet normal 0 0 -1
outer loop
vertex 6.857557333333334 1.7276373333333335 0
vertex 8.553301333333334 1.7610026666666667 0
vertex 8.711296 1.6923093333333334 0
endloop
endfacet
facet normal 0 0 -0.9999999999999999
outer loop
vertex 6.857557333333334 1.7276373333333335 0
vertex 8.711296 1.6923093333333334 0
vertex 5.68928 1.6923093333333334 0
endloop
endfacet
facet normal 0 0 -1
outer loop
vertex 6.857557333333334 1.7276373333333335 0
vertex 5.68928 1.6923093333333334 0
vertex 5.672597333333334 1.7315626666666668 0
endloop
endfacet
facet normal 0 0 -1
outer loop
vertex 6.857557333333334 1.7276373333333335 0
vertex 5.672597333333334 1.7315626666666668 0
vertex 5.661802666666667 1.7610026666666667 0
endloop
endfacet
facet normal 0 0 -1
outer loop
vertex 6.857557333333334 1.7276373333333335 0
vertex 5.661802666666667 1.7610026666666667 0
vertex 8.553301333333334 1.7610026666666667 0
endloop
endfacet
facet normal 0 0 -1
outer loop
vertex 70.74235733333335 1.7276373333333335 0
vertex 71.938112 1.7610026666666667 0
vertex 71.927808 1.7315626666666668 0
endloop
endfacet
facet normal 0 0 -1
outer loop
vertex 70.74235733333335 1.7276373333333335 0
vertex 71.927808 1.7315626666666668 0
vertex 71.91063466666667 1.6923093333333334 0
endloop
endfacet
facet normal 0 0 -1
outer loop
vertex 70.74235733333335 1.7276373333333335 0
vertex 71.91063466666667 1.6923093333333334 0
vertex 68.88861866666667 1.6923093333333334 0
endloop
endfacet
facet normal 0 0 -1
outer loop
vertex 70.74235733333335 1.7276373333333335 0
vertex 68.88861866666667 1.6923093333333334 0
vertex 69.04661333333334 1.7610026666666667 0
endloop
endfacet
facet normal 0 0 -1
outer loop
vertex 70.74235733333335 1.7276373333333335 0
vertex 69.04661333333334 1.7610026666666667 0
vertex 71.938112 1.7610026666666667 0
endloop
endfacet
facet normal 0 0 -1
outer loop
vertex 8.711296 1.6923093333333334 0
vertex 8.873216000000001 1.63392 0
vertex 5.714304 1.63392 0
endloop
endfacet
facet normal 0 0 -0.9999999999999999
outer loop
vertex 8.711296 1.6923093333333334 0
vertex 5.714304 1.63392 0
vertex 5.68928 1.6923093333333334 0
endloop
endfacet
facet normal 0 0 -1
outer loop
vertex 71.91063466666667 1.6923093333333334 0
vertex 71.88561066666668 1.63392 0
vertex 68.72669866666668 1.63392 0
endloop
endfacet
facet normal 0 0 -1
outer loop
vertex 71.91063466666667 1.6923093333333334 0
vertex 68.72669866666668 1.63392 0
vertex 68.88861866666667 1.6923093333333334 0
endloop
endfacet
facet normal 0 0 -0.9999999999999999
outer loop
vertex 8.873216000000001 1.63392 0
vertex 9.038570666666667 1.5863253333333334 0
vertex 5.735402666666667 1.5863253333333334 0
endloop
endfacet
facet normal 0 0 -1
outer loop
vertex 8.873216000000001 1.63392 0
vertex 5.735402666666667 1.5863253333333334 0
vertex 5.714304 1.63392 0
endloop
endfacet
facet normal 0 0 -0.9999999999999999
outer loop
vertex 71.88561066666668 1.63392 0
vertex 71.864512 1.5863253333333334 0
vertex 68.561344 1.5863253333333334 0
endloop
endfacet
facet normal 0 0 -1
outer loop
vertex 71.88561066666668 1.63392 0
vertex 68.561344 1.5863253333333334 0
vertex 68.72669866666668 1.63392 0
endloop
endfacet
facet normal 0 0 -1
outer loop
vertex 7.095040000000001 1.5686613333333335 0
vertex 9.038570666666667 1.5863253333333334 0
vertex 9.206378666666668 1.5485440000000001 0
endloop
endfacet
facet normal 0 0 -1
outer loop
vertex 7.095040000000001 1.5686613333333335 0
vertex 9.206378666666668 1.5485440000000001 0
vertex 5.753557333333334 1.5485440000000001 0
endloop
endfacet
facet normal 0 0 -1
outer loop
vertex 7.095040000000001 1.5686613333333335 0
vertex 5.753557333333334 1.5485440000000001 0
vertex 5.7408 1.573568 0
endloop
endfacet
facet normal 0 0 -1
outer loop
vertex 7.095040000000001 1.5686613333333335 0
vertex 5.7408 1.573568 0
vertex 5.735402666666667 1.5863253333333334 0
endloop
endfacet
facet normal 0 0 -0.9999999999999999
outer loop
vertex 7.095040000000001 1.5686613333333335 0
vertex 5.735402666666667 1.5863253333333334 0
vertex 9.038570666666667 1.5863253333333334 0
endloop
endfacet
facet normal 0 0 -1
outer loop
vertex 70.50487466666667 1.5686613333333335 0
vertex 71.864512 1.5863253333333334 0
vertex 71.85911466666667 1.573568 0
endloop
endfacet
facet normal 0 0 -1
outer loop
vertex 70.50487466666667 1.5686613333333335 0
vertex 71.85911466666667 1.573568 0
vertex 71.84635733333334 1.5485440000000001 0
endloop
endfacet
facet normal 0 0 -1
outer loop
vertex 70.50487466666667 1.5686613333333335 0
vertex 71.84635733333334 1.5485440000000001 0
vertex 68.39353600000001 1.5485440000000001 0
endloop
endfacet
facet normal 0 0 -1
outer loop
vertex 70.50487466666667 1.5686613333333335 0
vertex 68.39353600000001 1.5485440000000001 0
vertex 68.561344 1.5863253333333334 0
endloop
endfacet
facet normal 0 0 -0.9999999999999999
outer loop
vertex 70.50487466666667 1.5686613333333335 0
vertex 68.561344 1.5863253333333334 0
vertex 71.864512 1.5863253333333334 0
endloop
endfacet
facet normal 0 0 -1
outer loop
vertex 9.206378666666668 1.5485440000000001 0
vertex 9.37664 1.5215573333333334 0
vertex 5.767296000000001 1.5215573333333334 0
endloop
endfacet
facet normal 0 0 -1
outer loop
vertex 9.206378666666668 1.5485440000000001 0
vertex 5.767296000000001 1.5215573333333334 0
vertex 5.753557333333334 1.5485440000000001 0
endloop
endfacet
facet normal 0 0 -0.9999999999999999
outer loop
vertex 71.84635733333334 1.5485440000000001 0
vertex 71.83261866666668 1.5215573333333334 0
vertex 68.22327466666667 1.5215573333333334 0
endloop
endfacet
facet normal 0 0 -1
outer loop
vertex 71.84635733333334 1.5485440000000001 0
vertex 68.22327466666667 1.5215573333333334 0
vertex 68.39353600000001 1.5485440000000001 0
endloop
endfacet
facet normal 0 0 -0.9999999999999999
outer loop
vertex 9.37664 1.5215573333333334 0
vertex 9.547882666666668 1.5053653333333334 0
vertex 5.775637333333334 1.5053653333333334 0
endloop
endfacet
facet normal 0 0 -0.9999999999999999
outer loop
vertex 9.37664 1.5215573333333334 0
vertex 5.775637333333334 1.5053653333333334 0
vertex 5.767296000000001 1.5215573333333334 0
endloop
endfacet
facet normal 0 0 -0.9999999999999999
outer loop
vertex 71.83261866666668 1.5215573333333334 0
vertex 71.824768 1.5053653333333334 0
vertex 68.05203200000001 1.5053653333333334 0
endloop
endfacet
facet normal 0 0 -1
outer loop
vertex 71.83261866666668 1.5215573333333334 0
vertex 68.05203200000001 1.5053653333333334 0
vertex 68.22327466666667 1.5215573333333334 0
endloop
endfacet
facet normal 0 0 -1
outer loop
vertex 9.547882666666668 1.5053653333333334 0
vertex 9.720106666666668 1.4999680000000002 0
vertex 5.778090666666667 1.4999680000000002 0
endloop
endfacet
facet normal 0 0 -1
outer loop
vertex 9.547882666666668 1.5053653333333334 0
vertex 5.778090666666667 1.4999680000000002 0
vertex 5.775637333333334 1.5053653333333334 0
endloop
endfacet
facet normal 0 0 -1
outer loop
vertex 71.824768 1.5053653333333334 0
vertex 71.821824 1.4999680000000002 0
vertex 67.87980800000001 1.4999680000000002 0
endloop
endfacet
facet normal 0 0 -1
outer loop
vertex 71.824768 1.5053653333333334 0
vertex 67.87980800000001 1.4999680000000002 0
vertex 68.05203200000001 1.5053653333333334 0
endloop
endfacet
facet normal 0 0 -1
outer loop
vertex 38.79995733333334 0.6045013333333333 0
vertex 9.720106666666668 1.4999680000000002 0
vertex 67.87980800000001 1.4999680000000002 0
endloop
endfacet
facet normal 0 0 -1
outer loop
vertex 38.79995733333334 0.6045013333333333 0
vertex 67.87980800000001 1.4999680000000002 0
vertex 71.821824 1.4999680000000002 0
endloop
endfacet
facet normal 0 0 -1
outer loop
vertex 38.79995733333334 0.6045013333333333 0
vertex 71.821824 1.4999680000000002 0
vertex 71.78109866666667 1.4199893333333335 0
endloop
endfacet
facet normal 0 0 -1
outer loop
vertex 38.79995733333334 0.6045013333333333 0
vertex 71.78109866666667 1.4199893333333335 0
vertex 71.69326933333333 1.271808 0
endloop
endfacet
facet normal 0 0 -1
outer loop
vertex 38.79995733333334 0.6045013333333333 0
vertex 71.69326933333333 1.271808 0
vertex 71.596608 1.1295146666666667 0
endloop
endfacet
facet normal 0 0 -1
outer loop
vertex 38.79995733333334 0.6045013333333333 0
vertex 71.596608 1.1295146666666667 0
vertex 71.49111466666668 0.9936 0
endloop
endfacet
facet normal 0 0 -1
outer loop
vertex 38.79995733333334 0.6045013333333333 0
vertex 71.49111466666668 0.9936 0
vertex 71.37728 0.8645546666666667 0
endloop
endfacet
facet normal 0 0 -1
outer loop
vertex 38.79995733333334 0.6045013333333333 0
vertex 71.37728 0.8645546666666667 0
vertex 71.25559466666667 0.7428693333333334 0
endloop
endfacet
facet normal 0 0 -1
outer loop
vertex 38.79995733333334 0.6045013333333333 0
vertex 71.25559466666667 0.7428693333333334 0
vertex 71.12654933333334 0.6290346666666667 0
endloop
endfacet
facet normal 0 0 -1
outer loop
vertex 38.79995733333334 0.6045013333333333 0
vertex 71.12654933333334 0.6290346666666667 0
vertex 70.99063466666666 0.5230506666666667 0
endloop
endfacet
facet normal 0 0 -1
outer loop
vertex 38.79995733333334 0.6045013333333333 0
vertex 70.99063466666666 0.5230506666666667 0
vertex 70.84834133333334 0.42638933333333334 0
endloop
endfacet
facet normal 0 0 -1
outer loop
vertex 38.79995733333334 0.6045013333333333 0
vertex 70.84834133333334 0.42638933333333334 0
vertex 70.70016000000001 0.33905066666666667 0
endloop
endfacet
facet normal 0 0 -1
outer loop
vertex 38.79995733333334 0.6045013333333333 0
vertex 70.70016000000001 0.33905066666666667 0
vertex 70.54658133333334 0.260544 0
endloop
endfacet
facet normal 0 0 -1
outer loop
vertex 38.79995733333334 0.6045013333333333 0
vertex 70.54658133333334 0.260544 0
vertex 70.38858666666667 0.19234133333333334 0
endloop
endfacet
facet normal 0 0 -1
outer loop
vertex 38.79995733333334 0.6045013333333333 0
vertex 70.38858666666667 0.19234133333333334 0
vertex 70.22666666666667 0.13395200000000002 0
endloop
endfacet
facet normal 0 0 -1
outer loop
vertex 38.79995733333334 0.6045013333333333 0
vertex 70.22666666666667 0.13395200000000002 0
vertex 70.061312 0.08586666666666667 0
endloop
endfacet
facet normal 0 0 -1
outer loop
vertex 38.79995733333334 0.6045013333333333 0
vertex 70.061312 0.08586666666666667 0
vertex 69.89350400000001 0.048576 0
endloop
endfacet
facet normal 0 0 -1
outer loop
vertex 38.79995733333334 0.6045013333333333 0
vertex 69.89350400000001 0.048576 0
vertex 69.72324266666668 0.021589333333333335 0
endloop
endfacet
facet normal 0 0 -1
outer loop
vertex 38.79995733333334 0.6045013333333333 0
vertex 69.72324266666668 0.021589333333333335 0
vertex 69.552 0.005397333333333334 0
endloop
endfacet
facet normal 0 0 -1
outer loop
vertex 38.79995733333334 0.6045013333333333 0
vertex 69.552 0.005397333333333334 0
vertex 69.379776 0 0
endloop
endfacet
facet normal 0 0 -0.9999999999999999
outer loop
vertex 38.79995733333334 0.6045013333333333 0
vertex 69.379776 0 0
vertex 8.220138666666667 0 0
endloop
endfacet
facet normal 0 0 -1
outer loop
vertex 38.79995733333334 0.6045013333333333 0
vertex 8.220138666666667 0 0
vertex 8.047914666666667 0.005397333333333334 0
endloop
endfacet
facet normal 0 0 -1
outer loop
vertex 38.79995733333334 0.6045013333333333 0
vertex 8.047914666666667 0.005397333333333334 0
vertex 7.876672000000001 0.021589333333333335 0
endloop
endfacet
facet normal 0 0 -1
outer loop
vertex 38.79995733333334 0.6045013333333333 0
vertex 7.876672000000001 0.021589333333333335 0
vertex 7.706410666666668 0.048576 0
endloop
endfacet
facet normal 0 0 -0.9999999999999999
outer loop
vertex 38.79995733333334 0.6045013333333333 0
vertex 7.706410666666668 0.048576 0
vertex 7.538602666666667 0.08586666666666667 0
endloop
endfacet
facet normal 0 0 -1
outer loop
vertex 38.79995733333334 0.6045013333333333 0
vertex 7.538602666666667 0.08586666666666667 0
vertex 7.373248 0.13395200000000002 0
endloop
endfacet
facet normal 0 0 -0.9999999999999999
outer loop
vertex 38.79995733333334 0.6045013333333333 0
vertex 7.373248 0.13395200000000002 0
vertex 7.211328000000001 0.19234133333333334 0
endloop
endfacet
facet normal 0 0 -1
outer loop
vertex 38.79995733333334 0.6045013333333333 0
vertex 7.211328000000001 0.19234133333333334 0
vertex 7.053333333333334 0.260544 0
endloop
endfacet
facet normal 0 0 -1
outer loop
vertex 38.79995733333334 0.6045013333333333 0
vertex 7.053333333333334 0.260544 0
vertex 6.899754666666667 0.33905066666666667 0
endloop
endfacet
facet normal 0 0 -0.9999999999999999
outer loop
vertex 38.79995733333334 0.6045013333333333 0
vertex 6.899754666666667 0.33905066666666667 0
vertex 6.752064000000001 0.42638933333333334 0
endloop
endfacet
facet normal 0 0 -1
outer loop
vertex 38.79995733333334 0.6045013333333333 0
vertex 6.752064000000001 0.42638933333333334 0
vertex 6.609280000000001 0.5230506666666667 0
endloop
endfacet
facet normal 0 0 -1
outer loop
vertex 38.79995733333334 0.6045013333333333 0
vertex 6.609280000000001 0.5230506666666667 0
vertex 6.473365333333334 0.6290346666666667 0
endloop
endfacet
facet normal 0 0 -0.9999999999999999
outer loop
vertex 38.79995733333334 0.6045013333333333 0
vertex 6.473365333333334 0.6290346666666667 0
vertex 6.344320000000001 0.7428693333333334 0
endloop
endfacet
facet normal 0 0 -1
outer loop
vertex 38.79995733333334 0.6045013333333333 0
vertex 6.344320000000001 0.7428693333333334 0
vertex 6.222634666666667 0.8645546666666667 0
endloop
endfacet
facet normal 0 0 -1
outer loop
vertex 38.79995733333334 0.6045013333333333 0
vertex 6.222634666666667 0.8645546666666667 0
vertex 6.1088000000000005 0.9936 0
endloop
endfacet
facet normal 0 0 -1
outer loop
vertex 38.79995733333334 0.6045013333333333 0
vertex 6.1088000000000005 0.9936 0
vertex 6.003306666666667 1.1295146666666667 0
endloop
endfacet
facet normal 0 0 -1
outer loop
vertex 38.79995733333334 0.6045013333333333 0
vertex 6.003306666666667 1.1295146666666667 0
vertex 5.9066453333333335 1.271808 0
endloop
endfacet
facet normal 0 0 -1
outer loop
vertex 38.79995733333334 0.6045013333333333 0
vertex 5.9066453333333335 1.271808 0
vertex 5.818816000000001 1.4199893333333335 0
endloop
endfacet
facet normal 0 0 -1
outer loop
vertex 38.79995733333334 0.6045013333333333 0
vertex 5.818816000000001 1.4199893333333335 0
vertex 5.778090666666667 1.4999680000000002 0
endloop
endfacet
facet normal 0 0 -1
outer loop
vertex 38.79995733333334 0.6045013333333333 0
vertex 5.778090666666667 1.4999680000000002 0
vertex 9.720106666666668 1.4999680000000002 0
endloop
endfacet
facet normal 0 0 1
outer loop
vertex 38.79995733333334 66.99562666666667 1.9999573333333336
vertex 8.220138666666667 67.600128 1.9999573333333336
vertex 8.047914666666667 67.59473066666668 1.9999573333333336
endloop
endfacet
facet normal 0 0 1
outer loop
vertex 38.79995733333334 66.99562666666667 1.9999573333333336
vertex 8.047914666666667 67.59473066666668 1.9999573333333336
vertex 7.876672000000001 67.57853866666667 1.9999573333333336
endloop
endfacet
facet normal 0 0 0.9999999999999999
outer loop
vertex 38.79995733333334 66.99562666666667 1.9999573333333336
vertex 7.876672000000001 67.57853866666667 1.9999573333333336
vertex 7.706410666666668 67.551552 1.9999573333333336
endloop
endfacet
facet normal 0 0 1
outer loop
vertex 38.79995733333334 66.99562666666667 1.9999573333333336
vertex 7.706410666666668 67.551552 1.9999573333333336
vertex 7.538602666666667 67.51377066666667 1.9999573333333336
endloop
endfacet
facet normal 0 0 1
outer loop
vertex 38.79995733333334 66.99562666666667 1.9999573333333336
vertex 7.538602666666667 67.51377066666667 1.9999573333333336
vertex 7.373248 67.46568533333334 1.9999573333333336
endloop
endfacet
facet normal 0 0 1
outer loop
vertex 38.79995733333334 66.99562666666667 1.9999573333333336
vertex 7.373248 67.46568533333334 1.9999573333333336
vertex 7.211328000000001 67.40778666666667 1.9999573333333336
endloop
endfacet
facet normal 0 0 1
outer loop
vertex 38.79995733333334 66.99562666666667 1.9999573333333336
vertex 7.211328000000001 67.40778666666667 1.9999573333333336
vertex 7.053333333333334 67.33909333333334 1.9999573333333336
endloop
endfacet
facet normal 0 0 1
outer loop
vertex 38.79995733333334 66.99562666666667 1.9999573333333336
vertex 7.053333333333334 67.33909333333334 1.9999573333333336
vertex 6.899754666666667 67.26107733333333 1.9999573333333336
endloop
endfacet
facet normal 0 0 1
outer loop
vertex 38.79995733333334 66.99562666666667 1.9999573333333336
vertex 6.899754666666667 67.26107733333333 1.9999573333333336
vertex 6.752064000000001 67.173248 1.9999573333333336
endloop
endfacet
facet normal 0 0 0.9999999999999999
outer loop
vertex 38.79995733333334 66.99562666666667 1.9999573333333336
vertex 6.752064000000001 67.173248 1.9999573333333336
vertex 6.609280000000001 67.07658666666667 1.9999573333333336
endloop
endfacet
facet normal 0 0 1
outer loop
vertex 38.79995733333334 66.99562666666667 1.9999573333333336
vertex 6.609280000000001 67.07658666666667 1.9999573333333336
vertex 6.473365333333334 66.97109333333334 1.9999573333333336
endloop
endfacet
facet normal 0 0 0.9999999999999999
outer loop
vertex 38.79995733333334 66.99562666666667 1.9999573333333336
vertex 6.473365333333334 66.97109333333334 1.9999573333333336
vertex 6.344320000000001 66.85725866666667 1.9999573333333336
endloop
endfacet
facet normal 0 0 1
outer loop
vertex 38.79995733333334 66.99562666666667 1.9999573333333336
vertex 6.344320000000001 66.85725866666667 1.9999573333333336
vertex 6.222634666666667 66.73557333333333 1.9999573333333336
endloop
endfacet
facet normal 0 0 1
outer loop
vertex 38.79995733333334 66.99562666666667 1.9999573333333336
vertex 6.222634666666667 66.73557333333333 1.9999573333333336
vertex 6.1088000000000005 66.60652800000001 1.9999573333333336
endloop
endfacet
facet normal 0 0 1
outer loop
vertex 38.79995733333334 66.99562666666667 1.9999573333333336
vertex 6.1088000000000005 66.60652800000001 1.9999573333333336
vertex 6.003306666666667 66.47061333333333 1.9999573333333336
endloop
endfacet
facet normal 0 0 1
outer loop
vertex 38.79995733333334 66.99562666666667 1.9999573333333336
vertex 6.003306666666667 66.47061333333333 1.9999573333333336
vertex 5.9066453333333335 66.32832 1.9999573333333336
endloop
endfacet
facet normal 0 0 1
outer loop
vertex 38.79995733333334 66.99562666666667 1.9999573333333336
vertex 5.9066453333333335 66.32832 1.9999573333333336
vertex 5.818816000000001 66.18013866666668 1.9999573333333336
endloop
endfacet
facet normal 0 0 1
outer loop
vertex 38.79995733333334 66.99562666666667 1.9999573333333336
vertex 5.818816000000001 66.18013866666668 1.9999573333333336
vertex 5.778090666666667 66.10016 1.9999573333333336
endloop
endfacet
facet normal 0 0 0.9999999999999999
outer loop
vertex 38.79995733333334 66.99562666666667 1.9999573333333336
vertex 5.778090666666667 66.10016 1.9999573333333336
vertex 9.720106666666668 66.10016 1.9999573333333336
endloop
endfacet
facet normal 0 0 1
outer loop
vertex 38.79995733333334 66.99562666666667 1.9999573333333336
vertex 9.720106666666668 66.10016 1.9999573333333336
vertex 67.87980800000001 66.10016 1.9999573333333336
endloop
endfacet
facet normal 0 0 0.9999999999999999
outer loop
vertex 38.79995733333334 66.99562666666667 1.9999573333333336
vertex 67.87980800000001 66.10016 1.9999573333333336
vertex 71.821824 66.10016 1.9999573333333336
endloop
endfacet
facet normal 0 0 1
outer loop
vertex 38.79995733333334 66.99562666666667 1.9999573333333336
vertex 71.821824 66.10016 1.9999573333333336
vertex 71.78109866666667 66.18013866666668 1.9999573333333336
endloop
endfacet
facet normal 0 0 1
outer loop
vertex 38.79995733333334 66.99562666666667 1.9999573333333336
vertex 71.78109866666667 66.18013866666668 1.9999573333333336
vertex 71.69326933333333 66.32832 1.9999573333333336
endloop
endfacet
facet normal 0 0 1
outer loop
vertex 38.79995733333334 66.99562666666667 1.9999573333333336
vertex 71.69326933333333 66.32832 1.9999573333333336
vertex 71.596608 66.47061333333333 1.9999573333333336
endloop
endfacet
facet normal 0 0 1
outer loop
vertex 38.79995733333334 66.99562666666667 1.9999573333333336
vertex 71.596608 66.47061333333333 1.9999573333333336
vertex 71.49111466666668 66.60652800000001 1.9999573333333336
endloop
endfacet
facet normal 0 0 0.9999999999999999
outer loop
vertex 38.79995733333334 66.99562666666667 1.9999573333333336
vertex 71.49111466666668 66.60652800000001 1.9999573333333336
vertex 71.37728 66.73557333333333 1.9999573333333336
endloop
endfacet
facet normal 0 0 1
outer loop
vertex 38.79995733333334 66.99562666666667 1.9999573333333336
vertex 71.37728 66.73557333333333 1.9999573333333336
vertex 71.25559466666667 66.85725866666667 1.9999573333333336
endloop
endfacet
facet normal 0 0 1
outer loop
vertex 38.79995733333334 66.99562666666667 1.9999573333333336
vertex 71.25559466666667 66.85725866666667 1.9999573333333336
vertex 71.12654933333334 66.97109333333334 1.9999573333333336
endloop
endfacet
facet normal 0 0 1
outer loop
vertex 38.79995733333334 66.99562666666667 1.9999573333333336
vertex 71.12654933333334 66.97109333333334 1.9999573333333336
vertex 70.99063466666666 67.07658666666667 1.9999573333333336
endloop
endfacet
facet normal 0 0 1
outer loop
vertex 38.79995733333334 66.99562666666667 1.9999573333333336
vertex 70.99063466666666 67.07658666666667 1.9999573333333336
vertex 70.84834133333334 67.173248 1.9999573333333336
endloop
endfacet
facet normal 0 0 1
outer loop
vertex 38.79995733333334 66.99562666666667 1.9999573333333336
vertex 70.84834133333334 67.173248 1.9999573333333336
vertex 70.70016000000001 67.26107733333333 1.9999573333333336
endloop
endfacet
facet normal 0 0 1
outer loop
vertex 38.79995733333334 66.99562666666667 1.9999573333333336
vertex 70.70016000000001 67.26107733333333 1.9999573333333336
vertex 70.54658133333334 67.33909333333334 1.9999573333333336
endloop
endfacet
facet normal 0 0 1
outer loop
vertex 38.79995733333334 66.99562666666667 1.9999573333333336
vertex 70.54658133333334 67.33909333333334 1.9999573333333336
vertex 70.38858666666667 67.40778666666667 1.9999573333333336
endloop
endfacet
facet normal 0 0 0.9999999999999999
outer loop
vertex 38.79995733333334 66.99562666666667 1.9999573333333336
vertex 70.38858666666667 67.40778666666667 1.9999573333333336
vertex 70.22666666666667 67.46568533333334 1.9999573333333336
endloop
endfacet
facet normal 0 0 1
outer loop
vertex 38.79995733333334 66.99562666666667 1.9999573333333336
vertex 70.22666666666667 67.46568533333334 1.9999573333333336
vertex 70.061312 67.51377066666667 1.9999573333333336
endloop
endfacet
facet normal 0 0 1
outer loop
vertex 38.79995733333334 66.99562666666667 1.9999573333333336
vertex 70.061312 67.51377066666667 1.9999573333333336
vertex 69.89350400000001 67.551552 1.9999573333333336
endloop
endfacet
facet normal 0 0 0.9999999999999999
outer loop
vertex 38.79995733333334 66.99562666666667 1.9999573333333336
vertex 69.89350400000001 67.551552 1.9999573333333336
vertex 69.72324266666668 67.57853866666667 1.9999573333333336
endloop
endfacet
facet normal 0 0 1
outer loop
vertex 38.79995733333334 66.99562666666667 1.9999573333333336
vertex 69.72324266666668 67.57853866666667 1.9999573333333336
vertex 69.552 67.59473066666668 1.9999573333333336
endloop
endfacet
facet normal 0 0 1
outer loop
vertex 38.79995733333334 66.99562666666667 1.9999573333333336
vertex 69.552 67.59473066666668 1.9999573333333336
vertex 69.379776 67.600128 1.9999573333333336
endloop
endfacet
facet normal 0 0 1
outer loop
vertex 38.79995733333334 66.99562666666667 1.9999573333333336
vertex 69.379776 67.600128 1.9999573333333336
vertex 8.220138666666667 67.600128 1.9999573333333336
endloop
endfacet
facet normal 0 0 1
outer loop
vertex 67.87980800000001 66.10016 1.9999573333333336
vertex 68.05203200000001 66.09476266666667 1.9999573333333336
vertex 71.824768 66.09476266666667 1.9999573333333336
endloop
endfacet
facet normal 0 0 1
outer loop
vertex 67.87980800000001 66.10016 1.9999573333333336
vertex 71.824768 66.09476266666667 1.9999573333333336
vertex 71.821824 66.10016 1.9999573333333336
endloop
endfacet
facet normal 0 0 1
outer loop
vertex 5.778090666666667 66.10016 1.9999573333333336
vertex 5.775637333333334 66.09476266666667 1.9999573333333336
vertex 9.547882666666668 66.09476266666667 1.9999573333333336
endloop
endfacet
facet normal 0 0 1
outer loop
vertex 5.778090666666667 66.10016 1.9999573333333336
vertex 9.547882666666668 66.09476266666667 1.9999573333333336
vertex 9.720106666666668 66.10016 1.9999573333333336
endloop
endfacet
facet normal 0 0 1
outer loop
vertex 68.05203200000001 66.09476266666667 1.9999573333333336
vertex 68.22327466666667 66.07857066666668 1.9999573333333336
vertex 71.83261866666668 66.07857066666668 1.9999573333333336
endloop
endfacet
facet normal 0 0 1
outer loop
vertex 68.05203200000001 66.09476266666667 1.9999573333333336
vertex 71.83261866666668 66.07857066666668 1.9999573333333336
vertex 71.824768 66.09476266666667 1.9999573333333336
endloop
endfacet
facet normal 0 0 1
outer loop
vertex 5.775637333333334 66.09476266666667 1.9999573333333336
vertex 5.767296000000001 66.07857066666668 1.9999573333333336
vertex 9.37664 66.07857066666668 1.9999573333333336
endloop
endfacet
facet normal 0 0 0.9999999999999999
outer loop
vertex 5.775637333333334 66.09476266666667 1.9999573333333336
vertex 9.37664 66.07857066666668 1.9999573333333336
vertex 9.547882666666668 66.09476266666667 1.9999573333333336
endloop
endfacet
facet normal 0 0 1
outer loop
vertex 68.22327466666667 66.07857066666668 1.9999573333333336
vertex 68.39353600000001 66.051584 1.9999573333333336
vertex 71.84635733333334 66.051584 1.9999573333333336
endloop
endfacet
facet normal 0 0 1
outer loop
vertex 68.22327466666667 66.07857066666668 1.9999573333333336
vertex 71.84635733333334 66.051584 1.9999573333333336
vertex 71.83261866666668 66.07857066666668 1.9999573333333336
endloop
endfacet
facet normal 0 0 0.9999999999999999
outer loop
vertex 5.767296000000001 66.07857066666668 1.9999573333333336
vertex 5.753557333333334 66.051584 1.9999573333333336
vertex 9.206378666666668 66.051584 1.9999573333333336
endloop
endfacet
facet normal 0 0 1
outer loop
vertex 5.767296000000001 66.07857066666668 1.9999573333333336
vertex 9.206378666666668 66.051584 1.9999573333333336
vertex 9.37664 66.07857066666668 1.9999573333333336
endloop
endfacet
facet normal 0 0 1
outer loop
vertex 70.50487466666667 66.03146666666667 1.9999573333333336
vertex 68.39353600000001 66.051584 1.9999573333333336
vertex 68.561344 66.01380266666668 1.9999573333333336
endloop
endfacet
facet normal 0 0 1
outer loop
vertex 70.50487466666667 66.03146666666667 1.9999573333333336
vertex 68.561344 66.01380266666668 1.9999573333333336
vertex 71.864512 66.01380266666668 1.9999573333333336
endloop
endfacet
facet normal 0 0 1
outer loop
vertex 70.50487466666667 66.03146666666667 1.9999573333333336
vertex 71.864512 66.01380266666668 1.9999573333333336
vertex 71.85911466666667 66.02656 1.9999573333333336
endloop
endfacet
facet normal 0 0 1
outer loop
vertex 70.50487466666667 66.03146666666667 1.9999573333333336
vertex 71.85911466666667 66.02656 1.9999573333333336
vertex 71.84635733333334 66.051584 1.9999573333333336
endloop
endfacet
facet normal 0 0 1
outer loop
vertex 70.50487466666667 66.03146666666667 1.9999573333333336
vertex 71.84635733333334 66.051584 1.9999573333333336
vertex 68.39353600000001 66.051584 1.9999573333333336
endloop
endfacet
facet normal 0 0 1
outer loop
vertex 7.095040000000001 66.03146666666667 1.9999573333333336
vertex 5.753557333333334 66.051584 1.9999573333333336
vertex 5.7408 66.02656 1.9999573333333336
endloop
endfacet
facet normal 0 0 1
outer loop
vertex 7.095040000000001 66.03146666666667 1.9999573333333336
vertex 5.7408 66.02656 1.9999573333333336
vertex 5.735402666666667 66.01380266666668 1.9999573333333336
endloop
endfacet
facet normal 0 0 0.9999999999999999
outer loop
vertex 7.095040000000001 66.03146666666667 1.9999573333333336
vertex 5.735402666666667 66.01380266666668 1.9999573333333336
vertex 9.038570666666667 66.01380266666668 1.9999573333333336
endloop
endfacet
facet normal 0 0 1
outer loop
vertex 7.095040000000001 66.03146666666667 1.9999573333333336
vertex 9.038570666666667 66.01380266666668 1.9999573333333336
vertex 9.206378666666668 66.051584 1.9999573333333336
endloop
endfacet
facet normal 0 0 1
outer loop
vertex 7.095040000000001 66.03146666666667 1.9999573333333336
vertex 9.206378666666668 66.051584 1.9999573333333336
vertex 5.753557333333334 66.051584 1.9999573333333336
endloop
endfacet
facet normal 0 0 1
outer loop
vertex 68.561344 66.01380266666668 1.9999573333333336
vertex 68.72669866666668 65.96571733333334 1.9999573333333336
vertex 71.88561066666668 65.96571733333334 1.9999573333333336
endloop
endfacet
facet normal 0 0 1
outer loop
vertex 68.561344 66.01380266666668 1.9999573333333336
vertex 71.88561066666668 65.96571733333334 1.9999573333333336
vertex 71.864512 66.01380266666668 1.9999573333333336
endloop
endfacet
facet normal 0 0 1
outer loop
vertex 5.735402666666667 66.01380266666668 1.9999573333333336
vertex 5.714304 65.96571733333334 1.9999573333333336
vertex 8.873216000000001 65.96571733333334 1.9999573333333336
endloop
endfacet
facet normal 0 0 1
outer loop
vertex 5.735402666666667 66.01380266666668 1.9999573333333336
vertex 8.873216000000001 65.96571733333334 1.9999573333333336
vertex 9.038570666666667 66.01380266666668 1.9999573333333336
endloop
endfacet
facet normal 0 0 1
outer loop
vertex 68.72669866666668 65.96571733333334 1.9999573333333336
vertex 68.88861866666667 65.90781866666667 1.9999573333333336
vertex 71.91063466666667 65.90781866666667 1.9999573333333336
endloop
endfacet
facet normal 0 0 1
outer loop
vertex 68.72669866666668 65.96571733333334 1.9999573333333336
vertex 71.91063466666667 65.90781866666667 1.9999573333333336
vertex 71.88561066666668 65.96571733333334 1.9999573333333336
endloop
endfacet
facet normal 0 0 1
outer loop
vertex 5.714304 65.96571733333334 1.9999573333333336
vertex 5.68928 65.90781866666667 1.9999573333333336
vertex 8.711296 65.90781866666667 1.9999573333333336
endloop
endfacet
facet normal 0 0 1
outer loop
vertex 5.714304 65.96571733333334 1.9999573333333336
vertex 8.711296 65.90781866666667 1.9999573333333336
vertex 8.873216000000001 65.96571733333334 1.9999573333333336
endloop
endfacet
facet normal 0 0 1
outer loop
vertex 70.74235733333335 65.87249066666668 1.9999573333333336
vertex 68.88861866666667 65.90781866666667 1.9999573333333336
vertex 69.04661333333334 65.83912533333334 1.9999573333333336
endloop
endfacet
facet normal 0 0 1
outer loop
vertex 70.74235733333335 65.87249066666668 1.9999573333333336
vertex 69.04661333333334 65.83912533333334 1.9999573333333336
vertex 71.938112 65.83912533333334 1.9999573333333336
endloop
endfacet
facet normal 0 0 1
outer loop
vertex 70.74235733333335 65.87249066666668 1.9999573333333336
vertex 71.938112 65.83912533333334 1.9999573333333336
vertex 71.927808 65.86856533333334 1.9999573333333336
endloop
endfacet
facet normal 0 0 1
outer loop
vertex 70.74235733333335 65.87249066666668 1.9999573333333336
vertex 71.927808 65.86856533333334 1.9999573333333336
vertex 71.91063466666667 65.90781866666667 1.9999573333333336
endloop
endfacet
facet normal 0 0 1
outer loop
vertex 70.74235733333335 65.87249066666668 1.9999573333333336
vertex 71.91063466666667 65.90781866666667 1.9999573333333336
vertex 68.88861866666667 65.90781866666667 1.9999573333333336
endloop
endfacet
facet normal 0 0 1
outer loop
vertex 6.857557333333334 65.87249066666668 1.9999573333333336
vertex 5.68928 65.90781866666667 1.9999573333333336
vertex 5.672597333333334 65.86856533333334 1.9999573333333336
endloop
endfacet
facet normal 0 0 1
outer loop
vertex 6.857557333333334 65.87249066666668 1.9999573333333336
vertex 5.672597333333334 65.86856533333334 1.9999573333333336
vertex 5.661802666666667 65.83912533333334 1.9999573333333336
endloop
endfacet
facet normal 0 0 1
outer loop
vertex 6.857557333333334 65.87249066666668 1.9999573333333336
vertex 5.661802666666667 65.83912533333334 1.9999573333333336
vertex 8.553301333333334 65.83912533333334 1.9999573333333336
endloop
endfacet
facet normal 0 0 1
outer loop
vertex 6.857557333333334 65.87249066666668 1.9999573333333336
vertex 8.553301333333334 65.83912533333334 1.9999573333333336
vertex 8.711296 65.90781866666667 1.9999573333333336
endloop
endfacet
facet normal 0 0 1
outer loop
vertex 6.857557333333334 65.87249066666668 1.9999573333333336
vertex 8.711296 65.90781866666667 1.9999573333333336
vertex 5.68928 65.90781866666667 1.9999573333333336
endloop
endfacet
facet normal 0 0 1
outer loop
vertex 69.04661333333334 65.83912533333334 1.9999573333333336
vertex 69.200192 65.76110933333334 1.9999573333333336
vertex 71.96608 65.76110933333334 1.9999573333333336
endloop
endfacet
facet normal 0 0 0.9999999999999999
outer loop
vertex 69.04661333333334 65.83912533333334 1.9999573333333336
vertex 71.96608 65.76110933333334 1.9999573333333336
vertex 71.938112 65.83912533333334 1.9999573333333336
endloop
endfacet
facet normal 0 0 1
outer loop
vertex 5.661802666666667 65.83912533333334 1.9999573333333336
vertex 5.633834666666667 65.76110933333334 1.9999573333333336
vertex 8.400213333333333 65.76110933333334 1.9999573333333336
endloop
endfacet
facet normal 0 0 1
outer loop
vertex 5.661802666666667 65.83912533333334 1.9999573333333336
vertex 8.400213333333333 65.76110933333334 1.9999573333333336
vertex 8.553301333333334 65.83912533333334 1.9999573333333336
endloop
endfacet
facet normal 0 0 1
outer loop
vertex 70.89937066666667 65.71498666666668 1.9999573333333336
vertex 69.200192 65.76110933333334 1.9999573333333336
vertex 69.34837333333334 65.67328 1.9999573333333336
endloop
endfacet
facet normal 0 0 1
outer loop
vertex 70.89937066666667 65.71498666666668 1.9999573333333336
vertex 69.34837333333334 65.67328 1.9999573333333336
vertex 71.99552 65.67328 1.9999573333333336
endloop
endfacet
facet normal 0 0 1
outer loop
vertex 70.89937066666667 65.71498666666668 1.9999573333333336
vertex 71.99552 65.67328 1.9999573333333336
vertex 71.98570666666667 65.70664533333334 1.9999573333333336
endloop
endfacet
facet normal 0 0 1
outer loop
vertex 70.89937066666667 65.71498666666668 1.9999573333333336
vertex 71.98570666666667 65.70664533333334 1.9999573333333336
vertex 71.96608 65.76110933333334 1.9999573333333336
endloop
endfacet
facet normal 0 0 1
outer loop
vertex 70.89937066666667 65.71498666666668 1.9999573333333336
vertex 71.96608 65.76110933333334 1.9999573333333336
vertex 69.200192 65.76110933333334 1.9999573333333336
endloop
endfacet
facet normal 0 0 1
outer loop
vertex 6.701034666666668 65.71498666666668 1.9999573333333336
vertex 5.633834666666667 65.76110933333334 1.9999573333333336
vertex 5.6142080000000005 65.70664533333334 1.9999573333333336
endloop
endfacet
facet normal 0 0 0.9999999999999999
outer loop
vertex 6.701034666666668 65.71498666666668 1.9999573333333336
vertex 5.6142080000000005 65.70664533333334 1.9999573333333336
vertex 5.604394666666667 65.67328 1.9999573333333336
endloop
endfacet
facet normal 0 0 1
outer loop
vertex 6.701034666666668 65.71498666666668 1.9999573333333336
vertex 5.604394666666667 65.67328 1.9999573333333336
vertex 8.252032 65.67328 1.9999573333333336
endloop
endfacet
facet normal 0 0 1
outer loop
vertex 6.701034666666668 65.71498666666668 1.9999573333333336
vertex 8.252032 65.67328 1.9999573333333336
vertex 8.400213333333333 65.76110933333334 1.9999573333333336
endloop
endfacet
facet normal 0 0 1
outer loop
vertex 6.701034666666668 65.71498666666668 1.9999573333333336
vertex 8.400213333333333 65.76110933333334 1.9999573333333336
vertex 5.633834666666667 65.76110933333334 1.9999573333333336
endloop
endfacet
facet normal 0 0 1
outer loop
vertex 69.34837333333334 65.67328 1.9999573333333336
vertex 69.49066666666667 65.57661866666668 1.9999573333333336
vertex 72.023488 65.57661866666668 1.9999573333333336
endloop
endfacet
facet normal 0 0 1
outer loop
vertex 69.34837333333334 65.67328 1.9999573333333336
vertex 72.023488 65.57661866666668 1.9999573333333336
vertex 71.99552 65.67328 1.9999573333333336
endloop
endfacet
facet normal 0 0 1
outer loop
vertex 5.604394666666667 65.67328 1.9999573333333336
vertex 5.576426666666667 65.57661866666668 1.9999573333333336
vertex 8.109248000000001 65.57661866666668 1.9999573333333336
endloop
endfacet
facet normal 0 0 1
outer loop
vertex 5.604394666666667 65.67328 1.9999573333333336
vertex 8.109248000000001 65.57661866666668 1.9999573333333336
vertex 8.252032 65.67328 1.9999573333333336
endloop
endfacet
facet normal 0 0 1
outer loop
vertex 71.04460800000001 65.527552 1.9999573333333336
vertex 69.49066666666667 65.57661866666668 1.9999573333333336
vertex 69.62658133333333 65.47112533333333 1.9999573333333336
endloop
endfacet
facet normal 0 0 1
outer loop
vertex 71.04460800000001 65.527552 1.9999573333333336
vertex 69.62658133333333 65.47112533333333 1.9999573333333336
vertex 72.04949333333334 65.47112533333333 1.9999573333333336
endloop
endfacet
facet normal 0 0 1
outer loop
vertex 71.04460800000001 65.527552 1.9999573333333336
vertex 72.04949333333334 65.47112533333333 1.9999573333333336
vertex 72.033792 65.54129066666667 1.9999573333333336
endloop
endfacet
facet normal 0 0 1
outer loop
vertex 71.04460800000001 65.527552 1.9999573333333336
vertex 72.033792 65.54129066666667 1.9999573333333336
vertex 72.023488 65.57661866666668 1.9999573333333336
endloop
endfacet
facet normal 0 0 1
outer loop
vertex 71.04460800000001 65.527552 1.9999573333333336
vertex 72.023488 65.57661866666668 1.9999573333333336
vertex 69.49066666666667 65.57661866666668 1.9999573333333336
endloop
endfacet
facet normal 0 0 0.9999999999999999
outer loop
vertex 6.5553066666666675 65.527552 1.9999573333333336
vertex 5.576426666666667 65.57661866666668 1.9999573333333336
vertex 5.566122666666667 65.54129066666667 1.9999573333333336
endloop
endfacet
facet normal 0 0 1
outer loop
vertex 6.5553066666666675 65.527552 1.9999573333333336
vertex 5.566122666666667 65.54129066666667 1.9999573333333336
vertex 5.550421333333333 65.47112533333333 1.9999573333333336
endloop
endfacet
facet normal 0 0 1
outer loop
vertex 6.5553066666666675 65.527552 1.9999573333333336
vertex 5.550421333333333 65.47112533333333 1.9999573333333336
vertex 7.973333333333334 65.47112533333333 1.9999573333333336
endloop
endfacet
facet normal 0 0 1
outer loop
vertex 6.5553066666666675 65.527552 1.9999573333333336
vertex 7.973333333333334 65.47112533333333 1.9999573333333336
vertex 8.109248000000001 65.57661866666668 1.9999573333333336
endloop
endfacet
facet normal 0 0 0.9999999999999999
outer loop
vertex 6.5553066666666675 65.527552 1.9999573333333336
vertex 8.109248000000001 65.57661866666668 1.9999573333333336
vertex 5.576426666666667 65.57661866666668 1.9999573333333336
endloop
endfacet
facet normal 0 0 1
outer loop
vertex 71.11526400000001 65.40586666666667 1.9999573333333336
vertex 69.62658133333333 65.47112533333333 1.9999573333333336
vertex 69.75562666666667 65.35729066666667 1.9999573333333336
endloop
endfacet
facet normal 0 0 1
outer loop
vertex 71.11526400000001 65.40586666666667 1.9999573333333336
vertex 69.75562666666667 65.35729066666667 1.9999573333333336
vertex 72.07402666666667 65.35729066666667 1.9999573333333336
endloop
endfacet
facet normal 0 0 1
outer loop
vertex 71.11526400000001 65.40586666666667 1.9999573333333336
vertex 72.07402666666667 65.35729066666667 1.9999573333333336
vertex 72.07157333333333 65.37348266666667 1.9999573333333336
endloop
endfacet
facet normal 0 0 0.9999999999999999
outer loop
vertex 71.11526400000001 65.40586666666667 1.9999573333333336
vertex 72.07157333333333 65.37348266666667 1.9999573333333336
vertex 72.04949333333334 65.47112533333333 1.9999573333333336
endloop
endfacet
facet normal 0 0 0.9999999999999999
outer loop
vertex 71.11526400000001 65.40586666666667 1.9999573333333336
vertex 72.04949333333334 65.47112533333333 1.9999573333333336
vertex 69.62658133333333 65.47112533333333 1.9999573333333336
endloop
endfacet
facet normal 0 0 1
outer loop
vertex 6.484650666666667 65.40586666666667 1.9999573333333336
vertex 5.550421333333333 65.47112533333333 1.9999573333333336
vertex 5.5283413333333336 65.37348266666667 1.9999573333333336
endloop
endfacet
facet normal 0 0 1
outer loop
vertex 6.484650666666667 65.40586666666667 1.9999573333333336
vertex 5.5283413333333336 65.37348266666667 1.9999573333333336
vertex 5.525888 65.35729066666667 1.9999573333333336
endloop
endfacet
facet normal 0 0 1
outer loop
vertex 6.484650666666667 65.40586666666667 1.9999573333333336
vertex 5.525888 65.35729066666667 1.9999573333333336
vertex 7.844288000000001 65.35729066666667 1.9999573333333336
endloop
endfacet
facet normal 0 0 0.9999999999999999
outer loop
vertex 6.484650666666667 65.40586666666667 1.9999573333333336
vertex 7.844288000000001 65.35729066666667 1.9999573333333336
vertex 7.973333333333334 65.47112533333333 1.9999573333333336
endloop
endfacet
facet normal 0 0 1
outer loop
vertex 6.484650666666667 65.40586666666667 1.9999573333333336
vertex 7.973333333333334 65.47112533333333 1.9999573333333336
vertex 5.550421333333333 65.47112533333333 1.9999573333333336
endloop
endfacet
facet normal 0 0 1
outer loop
vertex 69.75562666666667 65.35729066666667 1.9999573333333336
vertex 69.877312 65.23560533333334 1.9999573333333336
vertex 72.09316266666667 65.23560533333334 1.9999573333333336
endloop
endfacet
facet normal 0 0 1
outer loop
vertex 69.75562666666667 65.35729066666667 1.9999573333333336
vertex 72.09316266666667 65.23560533333334 1.9999573333333336
vertex 72.07402666666667 65.35729066666667 1.9999573333333336
endloop
endfacet
facet normal 0 0 1
outer loop
vertex 5.525888 65.35729066666667 1.9999573333333336
vertex 5.5067520000000005 65.23560533333334 1.9999573333333336
vertex 7.722602666666667 65.23560533333334 1.9999573333333336
endloop
endfacet
facet normal 0 0 1
outer loop
vertex 5.525888 65.35729066666667 1.9999573333333336
vertex 7.722602666666667 65.23560533333334 1.9999573333333336
vertex 7.844288000000001 65.35729066666667 1.9999573333333336
endloop
endfacet
facet normal 0 0 1
outer loop
vertex 71.23351466666668 65.17770666666667 1.9999573333333336
vertex 69.877312 65.23560533333334 1.9999573333333336
vertex 69.99114666666667 65.10656 1.9999573333333336
endloop
endfacet
facet normal 0 0 1
outer loop
vertex 71.23351466666668 65.17770666666667 1.9999573333333336
vertex 69.99114666666667 65.10656 1.9999573333333336
vertex 72.107392 65.10656 1.9999573333333336
endloop
endfacet
facet normal 0 0 1
outer loop
vertex 71.23351466666668 65.17770666666667 1.9999573333333336
vertex 72.107392 65.10656 1.9999573333333336
vertex 72.09856 65.20322133333333 1.9999573333333336
endloop
endfacet
facet normal 0 0 1
outer loop
vertex 71.23351466666668 65.17770666666667 1.9999573333333336
vertex 72.09856 65.20322133333333 1.9999573333333336
vertex 72.09316266666667 65.23560533333334 1.9999573333333336
endloop
endfacet
facet normal 0 0 1
outer loop
vertex 71.23351466666668 65.17770666666667 1.9999573333333336
vertex 72.09316266666667 65.23560533333334 1.9999573333333336
vertex 69.877312 65.23560533333334 1.9999573333333336
endloop
endfacet
facet normal 0 0 0.9999999999999999
outer loop
vertex 6.3664000000000005 65.17770666666667 1.9999573333333336
vertex 5.5067520000000005 65.23560533333334 1.9999573333333336
vertex 5.501845333333334 65.20322133333333 1.9999573333333336
endloop
endfacet
facet normal 0 0 1
outer loop
vertex 6.3664000000000005 65.17770666666667 1.9999573333333336
vertex 5.501845333333334 65.20322133333333 1.9999573333333336
vertex 5.492522666666667 65.10656 1.9999573333333336
endloop
endfacet
facet normal 0 0 1
outer loop
vertex 6.3664000000000005 65.17770666666667 1.9999573333333336
vertex 5.492522666666667 65.10656 1.9999573333333336
vertex 7.608768 65.10656 1.9999573333333336
endloop
endfacet
facet normal 0 0 1
outer loop
vertex 6.3664000000000005 65.17770666666667 1.9999573333333336
vertex 7.608768 65.10656 1.9999573333333336
vertex 7.722602666666667 65.23560533333334 1.9999573333333336
endloop
endfacet
facet normal 0 0 1
outer loop
vertex 6.3664000000000005 65.17770666666667 1.9999573333333336
vertex 7.722602666666667 65.23560533333334 1.9999573333333336
vertex 5.5067520000000005 65.23560533333334 1.9999573333333336
endloop
endfacet
facet normal 0 0 1
outer loop
vertex 71.28552533333334 65.03737600000001 1.9999573333333336
vertex 69.99114666666667 65.10656 1.9999573333333336
vertex 70.09664000000001 64.97064533333334 1.9999573333333336
endloop
endfacet
facet normal 0 0 1
outer loop
vertex 71.28552533333334 65.03737600000001 1.9999573333333336
vertex 70.09664000000001 64.97064533333334 1.9999573333333336
vertex 72.11671466666667 64.97064533333334 1.9999573333333336
endloop
endfacet
facet normal 0 0 1
outer loop
vertex 71.28552533333334 65.03737600000001 1.9999573333333336
vertex 72.11671466666667 64.97064533333334 1.9999573333333336
vertex 72.11475200000001 65.03197866666667 1.9999573333333336
endloop
endfacet
facet normal 0 0 0.9999999999999999
outer loop
vertex 71.28552533333334 65.03737600000001 1.9999573333333336
vertex 72.11475200000001 65.03197866666667 1.9999573333333336
vertex 72.107392 65.10656 1.9999573333333336
endloop
endfacet
facet normal 0 0 1
outer loop
vertex 71.28552533333334 65.03737600000001 1.9999573333333336
vertex 72.107392 65.10656 1.9999573333333336
vertex 69.99114666666667 65.10656 1.9999573333333336
endloop
endfacet
facet normal 0 0 1
outer loop
vertex 6.3148800000000005 65.03737600000001 1.9999573333333336
vertex 5.492522666666667 65.10656 1.9999573333333336
vertex 5.485162666666667 65.03197866666667 1.9999573333333336
endloop
endfacet
facet normal 0 0 0.9999999999999999
outer loop
vertex 6.3148800000000005 65.03737600000001 1.9999573333333336
vertex 5.485162666666667 65.03197866666667 1.9999573333333336
vertex 5.483690666666667 64.97064533333334 1.9999573333333336
endloop
endfacet
facet normal 0 0 1
outer loop
vertex 6.3148800000000005 65.03737600000001 1.9999573333333336
vertex 5.483690666666667 64.97064533333334 1.9999573333333336
vertex 7.503274666666667 64.97064533333334 1.9999573333333336
endloop
endfacet
facet normal 0 0 1
outer loop
vertex 6.3148800000000005 65.03737600000001 1.9999573333333336
vertex 7.503274666666667 64.97064533333334 1.9999573333333336
vertex 7.608768 65.10656 1.9999573333333336
endloop
endfacet
facet normal 0 0 1
outer loop
vertex 6.3148800000000005 65.03737600000001 1.9999573333333336
vertex 7.608768 65.10656 1.9999573333333336
vertex 5.492522666666667 65.10656 1.9999573333333336
endloop
endfacet
facet normal 0 0 1
outer loop
vertex 70.09664000000001 64.97064533333334 1.9999573333333336
vertex 70.19330133333334 64.82835200000001 1.9999573333333336
vertex 72.12113066666667 64.82835200000001 1.9999573333333336
endloop
endfacet
facet normal 0 0 1
outer loop
vertex 70.09664000000001 64.97064533333334 1.9999573333333336
vertex 72.12113066666667 64.82835200000001 1.9999573333333336
vertex 72.11671466666667 64.97064533333334 1.9999573333333336
endloop
endfacet
facet normal 0 0 1
outer loop
vertex 5.483690666666667 64.97064533333334 1.9999573333333336
vertex 5.478784 64.82835200000001 1.9999573333333336
vertex 7.4066133333333335 64.82835200000001 1.9999573333333336
endloop
endfacet
facet normal 0 0 1
outer loop
vertex 5.483690666666667 64.97064533333334 1.9999573333333336
vertex 7.4066133333333335 64.82835200000001 1.9999573333333336
vertex 7.503274666666667 64.97064533333334 1.9999573333333336
endloop
endfacet
facet normal 0 0 1
outer loop
vertex 70.19330133333334 64.82835200000001 1.9999573333333336
vertex 70.276224 64.68802133333334 1.9999573333333336
vertex 72.12554666666668 64.68802133333334 1.9999573333333336
endloop
endfacet
facet normal 0 0 1
outer loop
vertex 70.19330133333334 64.82835200000001 1.9999573333333336
vertex 72.12554666666668 64.68802133333334 1.9999573333333336
vertex 72.12113066666667 64.82835200000001 1.9999573333333336
endloop
endfacet
facet normal 0 0 1
outer loop
vertex 5.478784 64.82835200000001 1.9999573333333336
vertex 5.474368 64.68802133333334 1.9999573333333336
vertex 7.323690666666667 64.68802133333334 1.9999573333333336
endloop
endfacet
facet normal 0 0 1
outer loop
vertex 5.478784 64.82835200000001 1.9999573333333336
vertex 7.323690666666667 64.68802133333334 1.9999573333333336
vertex 7.4066133333333335 64.82835200000001 1.9999573333333336
endloop
endfacet
facet normal 0 0 0.9999999999999999
outer loop
vertex 70.276224 64.68802133333334 1.9999573333333336
vertex 70.28113066666667 64.68017066666667 1.9999573333333336
vertex 72.12603733333334 64.68017066666667 1.9999573333333336
endloop
endfacet
facet normal 0 0 1
outer loop
vertex 70.276224 64.68802133333334 1.9999573333333336
vertex 72.12603733333334 64.68017066666667 1.9999573333333336
vertex 72.12554666666668 64.68802133333334 1.9999573333333336
endloop
endfacet
facet normal 0 0 1
outer loop
vertex 5.474368 64.68802133333334 1.9999573333333336
vertex 5.473877333333334 64.68017066666667 1.9999573333333336
vertex 7.318784000000001 64.68017066666667 1.9999573333333336
endloop
endfacet
facet normal 0 0 1
outer loop
vertex 5.474368 64.68802133333334 1.9999573333333336
vertex 7.318784000000001 64.68017066666667 1.9999573333333336
vertex 7.323690666666667 64.68802133333334 1.9999573333333336
endloop
endfacet
facet normal 0 0 1
outer loop
vertex 70.28113066666667 64.68017066666667 1.9999573333333336
vertex 70.35914666666667 64.52659200000001 1.9999573333333336
vertex 72.14075733333334 64.52659200000001 1.9999573333333336
endloop
endfacet
facet normal 0 0 1
outer loop
vertex 70.28113066666667 64.68017066666667 1.9999573333333336
vertex 72.14075733333334 64.52659200000001 1.9999573333333336
vertex 72.12603733333334 64.68017066666667 1.9999573333333336
endloop
endfacet
facet normal 0 0 1
outer loop
vertex 5.473877333333334 64.68017066666667 1.9999573333333336
vertex 5.459157333333334 64.52659200000001 1.9999573333333336
vertex 7.240768000000001 64.52659200000001 1.9999573333333336
endloop
endfacet
facet normal 0 0 0.9999999999999999
outer loop
vertex 5.473877333333334 64.68017066666667 1.9999573333333336
vertex 7.240768000000001 64.52659200000001 1.9999573333333336
vertex 7.318784000000001 64.68017066666667 1.9999573333333336
endloop
endfacet
facet normal 0 0 1
outer loop
vertex 70.35914666666667 64.52659200000001 1.9999573333333336
vertex 70.36356266666667 64.51677866666667 1.9999573333333336
vertex 72.14173866666667 64.51677866666667 1.9999573333333336
endloop
endfacet
facet normal 0 0 1
outer loop
vertex 70.35914666666667 64.52659200000001 1.9999573333333336
vertex 72.14173866666667 64.51677866666667 1.9999573333333336
vertex 72.14075733333334 64.52659200000001 1.9999573333333336
endloop
endfacet
facet normal 0 0 1
outer loop
vertex 5.459157333333334 64.52659200000001 1.9999573333333336
vertex 5.458176000000001 64.51677866666667 1.9999573333333336
vertex 7.236352 64.51677866666667 1.9999573333333336
endloop
endfacet
facet normal 0 0 1
outer loop
vertex 5.459157333333334 64.52659200000001 1.9999573333333336
vertex 7.236352 64.51677866666667 1.9999573333333336
vertex 7.240768000000001 64.52659200000001 1.9999573333333336
endloop
endfacet
facet normal 0 0 1
outer loop
vertex 70.36356266666667 64.51677866666667 1.9999573333333336
vertex 70.42734933333334 64.36859733333334 1.9999573333333336
vertex 72.1648 64.36859733333334 1.9999573333333336
endloop
endfacet
facet normal 0 0 1
outer loop
vertex 70.36356266666667 64.51677866666667 1.9999573333333336
vertex 72.1648 64.36859733333334 1.9999573333333336
vertex 72.14173866666667 64.51677866666667 1.9999573333333336
endloop
endfacet
facet normal 0 0 1
outer loop
vertex 5.458176000000001 64.51677866666667 1.9999573333333336
vertex 5.435114666666667 64.36859733333334 1.9999573333333336
vertex 7.172565333333334 64.36859733333334 1.9999573333333336
endloop
endfacet
facet normal 0 0 1
outer loop
vertex 5.458176000000001 64.51677866666667 1.9999573333333336
vertex 7.172565333333334 64.36859733333334 1.9999573333333336
vertex 7.236352 64.51677866666667 1.9999573333333336
endloop
endfacet
facet normal 0 0 1
outer loop
vertex 70.42734933333334 64.36859733333334 1.9999573333333336
vertex 70.43569066666667 64.34651733333334 1.9999573333333336
vertex 72.16872533333334 64.34651733333334 1.9999573333333336
endloop
endfacet
facet normal 0 0 1
outer loop
vertex 70.42734933333334 64.36859733333334 1.9999573333333336
vertex 72.16872533333334 64.34651733333334 1.9999573333333336
vertex 72.1648 64.36859733333334 1.9999573333333336
endloop
endfacet
facet normal 0 0 1
outer loop
vertex 5.435114666666667 64.36859733333334 1.9999573333333336
vertex 5.43168 64.34651733333334 1.9999573333333336
vertex 7.164224000000001 64.34651733333334 1.9999573333333336
endloop
endfacet
facet normal 0 0 0.9999999999999999
outer loop
vertex 5.435114666666667 64.36859733333334 1.9999573333333336
vertex 7.164224000000001 64.34651733333334 1.9999573333333336
vertex 7.172565333333334 64.36859733333334 1.9999573333333336
endloop
endfacet
facet normal 0 0 0.9999999999999999
outer loop
vertex 70.43569066666667 64.34651733333334 1.9999573333333336
vertex 70.48573866666668 64.20667733333333 1.9999573333333336
vertex 72.19963733333334 64.20667733333333 1.9999573333333336
endloop
endfacet
facet normal 0 0 1
outer loop
vertex 70.43569066666667 64.34651733333334 1.9999573333333336
vertex 72.19963733333334 64.20667733333333 1.9999573333333336
vertex 72.16872533333334 64.34651733333334 1.9999573333333336
endloop
endfacet
facet normal 0 0 1
outer loop
vertex 5.43168 64.34651733333334 1.9999573333333336
vertex 5.400277333333333 64.20667733333333 1.9999573333333336
vertex 7.1141760000000005 64.20667733333333 1.9999573333333336
endloop
endfacet
facet normal 0 0 0.9999999999999999
outer loop
vertex 5.43168 64.34651733333334 1.9999573333333336
vertex 7.1141760000000005 64.20667733333333 1.9999573333333336
vertex 7.164224000000001 64.34651733333334 1.9999573333333336
endloop
endfacet
facet normal 0 0 1
outer loop
vertex 70.48573866666668 64.20667733333333 1.9999573333333336
vertex 70.49408000000001 64.17870933333334 1.9999573333333336
vertex 72.206016 64.17870933333334 1.9999573333333336
endloop
endfacet
facet normal 0 0 1
outer loop
vertex 70.48573866666668 64.20667733333333 1.9999573333333336
vertex 72.206016 64.17870933333334 1.9999573333333336
vertex 72.19963733333334 64.20667733333333 1.9999573333333336
endloop
endfacet
facet normal 0 0 1
outer loop
vertex 5.400277333333333 64.20667733333333 1.9999573333333336
vertex 5.393898666666667 64.17870933333334 1.9999573333333336
vertex 7.105834666666667 64.17870933333334 1.9999573333333336
endloop
endfacet
facet normal 0 0 1
outer loop
vertex 5.400277333333333 64.20667733333333 1.9999573333333336
vertex 7.105834666666667 64.17870933333334 1.9999573333333336
vertex 7.1141760000000005 64.20667733333333 1.9999573333333336
endloop
endfacet
facet normal 0 0 1
outer loop
vertex 70.49408000000001 64.17870933333334 1.9999573333333336
vertex 70.53382400000001 64.04132266666667 1.9999573333333336
vertex 72.24576 64.04132266666667 1.9999573333333336
endloop
endfacet
facet normal 0 0 1
outer loop
vertex 70.49408000000001 64.17870933333334 1.9999573333333336
vertex 72.24576 64.04132266666667 1.9999573333333336
vertex 72.206016 64.17870933333334 1.9999573333333336
endloop
endfacet
facet normal 0 0 0.9999999999999999
outer loop
vertex 5.393898666666667 64.17870933333334 1.9999573333333336
vertex 5.354154666666667 64.04132266666667 1.9999573333333336
vertex 7.066090666666668 64.04132266666667 1.9999573333333336
endloop
endfacet
facet normal 0 0 0.9999999999999999
outer loop
vertex 5.393898666666667 64.17870933333334 1.9999573333333336
vertex 7.066090666666668 64.04132266666667 1.9999573333333336
vertex 7.105834666666667 64.17870933333334 1.9999573333333336
endloop
endfacet
facet normal 0 0 1
outer loop
vertex 70.53382400000001 64.04132266666667 1.9999573333333336
vertex 70.54020266666667 64.01335466666667 1.9999573333333336
vertex 72.25410133333334 64.01335466666667 1.9999573333333336
endloop
endfacet
facet normal 0 0 1
outer loop
vertex 70.53382400000001 64.04132266666667 1.9999573333333336
vertex 72.25410133333334 64.01335466666667 1.9999573333333336
vertex 72.24576 64.04132266666667 1.9999573333333336
endloop
endfacet
facet normal 0 0 1
outer loop
vertex 5.354154666666667 64.04132266666667 1.9999573333333336
vertex 5.345813333333334 64.01335466666667 1.9999573333333336
vertex 7.059712 64.01335466666667 1.9999573333333336
endloop
endfacet
facet normal 0 0 1
outer loop
vertex 5.354154666666667 64.04132266666667 1.9999573333333336
vertex 7.059712 64.01335466666667 1.9999573333333336
vertex 7.066090666666668 64.04132266666667 1.9999573333333336
endloop
endfacet
facet normal 0 0 1
outer loop
vertex 70.54020266666667 64.01335466666667 1.9999573333333336
vertex 70.57160533333334 63.87351466666667 1.9999573333333336
vertex 72.30464 63.87351466666667 1.9999573333333336
endloop
endfacet
facet normal 0 0 1
outer loop
vertex 70.54020266666667 64.01335466666667 1.9999573333333336
vertex 72.30464 63.87351466666667 1.9999573333333336
vertex 72.25410133333334 64.01335466666667 1.9999573333333336
endloop
endfacet
facet normal 0 0 1
outer loop
vertex 5.345813333333334 64.01335466666667 1.9999573333333336
vertex 5.295765333333334 63.87351466666667 1.9999573333333336
vertex 7.0283093333333335 63.87351466666667 1.9999573333333336
endloop
endfacet
facet normal 0 0 1
outer loop
vertex 5.345813333333334 64.01335466666667 1.9999573333333336
vertex 7.0283093333333335 63.87351466666667 1.9999573333333336
vertex 7.059712 64.01335466666667 1.9999573333333336
endloop
endfacet
facet normal 0 0 1
outer loop
vertex 70.57160533333334 63.87351466666667 1.9999573333333336
vertex 70.57504 63.85143466666667 1.9999573333333336
vertex 72.31249066666668 63.85143466666667 1.9999573333333336
endloop
endfacet
facet normal 0 0 1
outer loop
vertex 70.57160533333334 63.87351466666667 1.9999573333333336
vertex 72.31249066666668 63.85143466666667 1.9999573333333336
vertex 72.30464 63.87351466666667 1.9999573333333336
endloop
endfacet
facet normal 0 0 0.9999999999999999
outer loop
vertex 5.295765333333334 63.87351466666667 1.9999573333333336
vertex 5.287424000000001 63.85143466666667 1.9999573333333336
vertex 7.024874666666667 63.85143466666667 1.9999573333333336
endloop
endfacet
facet normal 0 0 1
outer loop
vertex 5.295765333333334 63.87351466666667 1.9999573333333336
vertex 7.024874666666667 63.85143466666667 1.9999573333333336
vertex 7.0283093333333335 63.87351466666667 1.9999573333333336
endloop
endfacet
facet normal 0 0 1
outer loop
vertex 70.57504 63.85143466666667 1.9999573333333336
vertex 70.59859200000001 63.703253333333336 1.9999573333333336
vertex 72.37627733333333 63.703253333333336 1.9999573333333336
endloop
endfacet
facet normal 0 0 1
outer loop
vertex 70.57504 63.85143466666667 1.9999573333333336
vertex 72.37627733333333 63.703253333333336 1.9999573333333336
vertex 72.31249066666668 63.85143466666667 1.9999573333333336
endloop
endfacet
facet normal 0 0 1
outer loop
vertex 5.287424000000001 63.85143466666667 1.9999573333333336
vertex 5.2236373333333335 63.703253333333336 1.9999573333333336
vertex 7.001813333333334 63.703253333333336 1.9999573333333336
endloop
endfacet
facet normal 0 0 1
outer loop
vertex 5.287424000000001 63.85143466666667 1.9999573333333336
vertex 7.001813333333334 63.703253333333336 1.9999573333333336
vertex 7.024874666666667 63.85143466666667 1.9999573333333336
endloop
endfacet
facet normal 0 0 1
outer loop
vertex 70.59859200000001 63.703253333333336 1.9999573333333336
vertex 70.59957333333334 63.69344 1.9999573333333336
vertex 72.38069333333334 63.69344 1.9999573333333336
endloop
endfacet
facet normal 0 0 1
outer loop
vertex 70.59859200000001 63.703253333333336 1.9999573333333336
vertex 72.38069333333334 63.69344 1.9999573333333336
vertex 72.37627733333333 63.703253333333336 1.9999573333333336
endloop
endfacet
facet normal 0 0 1
outer loop
vertex 5.2236373333333335 63.703253333333336 1.9999573333333336
vertex 5.2192213333333335 63.69344 1.9999573333333336
vertex 7.000832000000001 63.69344 1.9999573333333336
endloop
endfacet
facet normal 0 0 1
outer loop
vertex 5.2236373333333335 63.703253333333336 1.9999573333333336
vertex 7.000832000000001 63.69344 1.9999573333333336
vertex 7.001813333333334 63.703253333333336 1.9999573333333336
endloop
endfacet
facet normal 0 0 1
outer loop
vertex 70.59957333333334 63.69344 1.9999573333333336
vertex 70.61380266666667 63.53986133333334 1.9999573333333336
vertex 72.45870933333335 63.53986133333334 1.9999573333333336
endloop
endfacet
facet normal 0 0 1
outer loop
vertex 70.59957333333334 63.69344 1.9999573333333336
vertex 72.45870933333335 63.53986133333334 1.9999573333333336
vertex 72.38069333333334 63.69344 1.9999573333333336
endloop
endfacet
facet normal 0 0 1
outer loop
vertex 5.2192213333333335 63.69344 1.9999573333333336
vertex 5.141205333333334 63.53986133333334 1.9999573333333336
vertex 6.986112 63.53986133333334 1.9999573333333336
endloop
endfacet
facet normal 0 0 1
outer loop
vertex 5.2192213333333335 63.69344 1.9999573333333336
vertex 6.986112 63.53986133333334 1.9999573333333336
vertex 7.000832000000001 63.69344 1.9999573333333336
endloop
endfacet
facet normal 0 0 1
outer loop
vertex 70.61380266666667 63.53986133333334 1.9999573333333336
vertex 70.614784 63.53201066666667 1.9999573333333336
vertex 72.463616 63.53201066666667 1.9999573333333336
endloop
endfacet
facet normal 0 0 1
outer loop
vertex 70.61380266666667 63.53986133333334 1.9999573333333336
vertex 72.463616 63.53201066666667 1.9999573333333336
vertex 72.45870933333335 63.53986133333334 1.9999573333333336
endloop
endfacet
facet normal 0 0 1
outer loop
vertex 5.141205333333334 63.53986133333334 1.9999573333333336
vertex 5.136298666666667 63.53201066666667 1.9999573333333336
vertex 6.9856213333333335 63.53201066666667 1.9999573333333336
endloop
endfacet
facet normal 0 0 1
outer loop
vertex 5.141205333333334 63.53986133333334 1.9999573333333336
vertex 6.9856213333333335 63.53201066666667 1.9999573333333336
vertex 6.986112 63.53986133333334 1.9999573333333336
endloop
endfacet
facet normal 0 0 1
outer loop
vertex 70.614784 63.53201066666667 1.9999573333333336
vertex 70.6192 63.39168000000001 1.9999573333333336
vertex 72.54653866666668 63.39168000000001 1.9999573333333336
endloop
endfacet
facet normal 0 0 1
outer loop
vertex 70.614784 63.53201066666667 1.9999573333333336
vertex 72.54653866666668 63.39168000000001 1.9999573333333336
vertex 72.463616 63.53201066666667 1.9999573333333336
endloop
endfacet
facet normal 0 0 1
outer loop
vertex 5.136298666666667 63.53201066666667 1.9999573333333336
vertex 5.053376 63.39168000000001 1.9999573333333336
vertex 6.9812053333333335 63.39168000000001 1.9999573333333336
endloop
endfacet
facet normal 0 0 1
outer loop
vertex 5.136298666666667 63.53201066666667 1.9999573333333336
vertex 6.9812053333333335 63.39168000000001 1.9999573333333336
vertex 6.9856213333333335 63.53201066666667 1.9999573333333336
endloop
endfacet
facet normal 0 0 1
outer loop
vertex 70.6192 63.39168000000001 1.9999573333333336
vertex 70.623616 63.24938666666667 1.9999573333333336
vertex 72.64320000000001 63.24938666666667 1.9999573333333336
endloop
endfacet
facet normal 0 0 1
outer loop
vertex 70.6192 63.39168000000001 1.9999573333333336
vertex 72.64320000000001 63.24938666666667 1.9999573333333336
vertex 72.54653866666668 63.39168000000001 1.9999573333333336
endloop
endfacet
facet normal 0 0 1
outer loop
vertex 5.053376 63.39168000000001 1.9999573333333336
vertex 4.956714666666667 63.24938666666667 1.9999573333333336
vertex 6.9762986666666675 63.24938666666667 1.9999573333333336
endloop
endfacet
facet normal 0 0 1
outer loop
vertex 5.053376 63.39168000000001 1.9999573333333336
vertex 6.9762986666666675 63.24938666666667 1.9999573333333336
vertex 6.9812053333333335 63.39168000000001 1.9999573333333336
endloop
endfacet
facet normal 0 0 1
outer loop
vertex 71.45480533333334 63.182656 1.9999573333333336
vertex 70.623616 63.24938666666667 1.9999573333333336
vertex 70.62557866666667 63.188053333333336 1.9999573333333336
endloop
endfacet
facet normal 0 0 1
outer loop
vertex 71.45480533333334 63.182656 1.9999573333333336
vertex 70.62557866666667 63.188053333333336 1.9999573333333336
vertex 70.63244800000001 63.113472 1.9999573333333336
endloop
endfacet
facet normal 0 0 1
outer loop
vertex 71.45480533333334 63.182656 1.9999573333333336
vertex 70.63244800000001 63.113472 1.9999573333333336
vertex 72.74869333333334 63.113472 1.9999573333333336
endloop
endfacet
facet normal 0 0 0.9999999999999999
outer loop
vertex 71.45480533333334 63.182656 1.9999573333333336
vertex 72.74869333333334 63.113472 1.9999573333333336
vertex 72.64320000000001 63.24938666666667 1.9999573333333336
endloop
endfacet
facet normal 0 0 1
outer loop
vertex 71.45480533333334 63.182656 1.9999573333333336
vertex 72.64320000000001 63.24938666666667 1.9999573333333336
vertex 70.623616 63.24938666666667 1.9999573333333336
endloop
endfacet
facet normal 0 0 1
outer loop
vertex 6.145109333333334 63.182656 1.9999573333333336
vertex 4.956714666666667 63.24938666666667 1.9999573333333336
vertex 4.851221333333334 63.113472 1.9999573333333336
endloop
endfacet
facet normal 0 0 1
outer loop
vertex 6.145109333333334 63.182656 1.9999573333333336
vertex 4.851221333333334 63.113472 1.9999573333333336
vertex 6.967466666666668 63.113472 1.9999573333333336
endloop
endfacet
facet normal 0 0 1
outer loop
vertex 6.145109333333334 63.182656 1.9999573333333336
vertex 6.967466666666668 63.113472 1.9999573333333336
vertex 6.974826666666667 63.188053333333336 1.9999573333333336
endloop
endfacet
facet normal 0 0 0.9999999999999999
outer loop
vertex 6.145109333333334 63.182656 1.9999573333333336
vertex 6.974826666666667 63.188053333333336 1.9999573333333336
vertex 6.9762986666666675 63.24938666666667 1.9999573333333336
endloop
endfacet
facet normal 0 0 1
outer loop
vertex 6.145109333333334 63.182656 1.9999573333333336
vertex 6.9762986666666675 63.24938666666667 1.9999573333333336
vertex 4.956714666666667 63.24938666666667 1.9999573333333336
endloop
endfacet
facet normal 0 0 1
outer loop
vertex 71.50632533333334 63.04232533333334 1.9999573333333336
vertex 70.63244800000001 63.113472 1.9999573333333336
vertex 70.64177066666667 63.01681066666667 1.9999573333333336
endloop
endfacet
facet normal 0 0 1
outer loop
vertex 71.50632533333334 63.04232533333334 1.9999573333333336
vertex 70.64177066666667 63.01681066666667 1.9999573333333336
vertex 70.64667733333334 62.98442666666667 1.9999573333333336
endloop
endfacet
facet normal 0 0 1
outer loop
vertex 71.50632533333334 63.04232533333334 1.9999573333333336
vertex 70.64667733333334 62.98442666666667 1.9999573333333336
vertex 72.86252800000001 62.98442666666667 1.9999573333333336
endloop
endfacet
facet normal 0 0 1
outer loop
vertex 71.50632533333334 63.04232533333334 1.9999573333333336
vertex 72.86252800000001 62.98442666666667 1.9999573333333336
vertex 72.74869333333334 63.113472 1.9999573333333336
endloop
endfacet
facet normal 0 0 1
outer loop
vertex 71.50632533333334 63.04232533333334 1.9999573333333336
vertex 72.74869333333334 63.113472 1.9999573333333336
vertex 70.63244800000001 63.113472 1.9999573333333336
endloop
endfacet
facet normal 0 0 1
outer loop
vertex 6.093589333333334 63.04232533333334 1.9999573333333336
vertex 4.851221333333334 63.113472 1.9999573333333336
vertex 4.737386666666667 62.98442666666667 1.9999573333333336
endloop
endfacet
facet normal 0 0 1
outer loop
vertex 6.093589333333334 63.04232533333334 1.9999573333333336
vertex 4.737386666666667 62.98442666666667 1.9999573333333336
vertex 6.953237333333334 62.98442666666667 1.9999573333333336
endloop
endfacet
facet normal 0 0 1
outer loop
vertex 6.093589333333334 63.04232533333334 1.9999573333333336
vertex 6.953237333333334 62.98442666666667 1.9999573333333336
vertex 6.958634666666667 63.01681066666667 1.9999573333333336
endloop
endfacet
facet normal 0 0 0.9999999999999999
outer loop
vertex 6.093589333333334 63.04232533333334 1.9999573333333336
vertex 6.958634666666667 63.01681066666667 1.9999573333333336
vertex 6.967466666666668 63.113472 1.9999573333333336
endloop
endfacet
facet normal 0 0 1
outer loop
vertex 6.093589333333334 63.04232533333334 1.9999573333333336
vertex 6.967466666666668 63.113472 1.9999573333333336
vertex 4.851221333333334 63.113472 1.9999573333333336
endloop
endfacet
facet normal 0 0 1
outer loop
vertex 70.64667733333334 62.98442666666667 1.9999573333333336
vertex 70.66581333333333 62.86274133333334 1.9999573333333336
vertex 72.98421333333334 62.86274133333334 1.9999573333333336
endloop
endfacet
facet normal 0 0 1
outer loop
vertex 70.64667733333334 62.98442666666667 1.9999573333333336
vertex 72.98421333333334 62.86274133333334 1.9999573333333336
vertex 72.86252800000001 62.98442666666667 1.9999573333333336
endloop
endfacet
facet normal 0 0 1
outer loop
vertex 4.737386666666667 62.98442666666667 1.9999573333333336
vertex 4.615701333333334 62.86274133333334 1.9999573333333336
vertex 6.9341013333333335 62.86274133333334 1.9999573333333336
endloop
endfacet
facet normal 0 0 1
outer loop
vertex 4.737386666666667 62.98442666666667 1.9999573333333336
vertex 6.9341013333333335 62.86274133333334 1.9999573333333336
vertex 6.953237333333334 62.98442666666667 1.9999573333333336
endloop
endfacet
facet normal 0 0 0.9999999999999999
outer loop
vertex 71.624576 62.814165333333335 1.9999573333333336
vertex 70.66581333333333 62.86274133333334 1.9999573333333336
vertex 70.66875733333333 62.846549333333336 1.9999573333333336
endloop
endfacet
facet normal 0 0 1
outer loop
vertex 71.624576 62.814165333333335 1.9999573333333336
vertex 70.66875733333333 62.846549333333336 1.9999573333333336
vertex 70.69034666666667 62.74890666666667 1.9999573333333336
endloop
endfacet
facet normal 0 0 1
outer loop
vertex 71.624576 62.814165333333335 1.9999573333333336
vertex 70.69034666666667 62.74890666666667 1.9999573333333336
vertex 73.11325866666667 62.74890666666667 1.9999573333333336
endloop
endfacet
facet normal 0 0 1
outer loop
vertex 71.624576 62.814165333333335 1.9999573333333336
vertex 73.11325866666667 62.74890666666667 1.9999573333333336
vertex 72.98421333333334 62.86274133333334 1.9999573333333336
endloop
endfacet
facet normal 0 0 1
outer loop
vertex 71.624576 62.814165333333335 1.9999573333333336
vertex 72.98421333333334 62.86274133333334 1.9999573333333336
vertex 70.66581333333333 62.86274133333334 1.9999573333333336
endloop
endfacet
facet normal 0 0 1
outer loop
vertex 5.9753386666666675 62.814165333333335 1.9999573333333336
vertex 4.615701333333334 62.86274133333334 1.9999573333333336
vertex 4.486656 62.74890666666667 1.9999573333333336
endloop
endfacet
facet normal 0 0 1
outer loop
vertex 5.9753386666666675 62.814165333333335 1.9999573333333336
vertex 4.486656 62.74890666666667 1.9999573333333336
vertex 6.909568 62.74890666666667 1.9999573333333336
endloop
endfacet
facet normal 0 0 1
outer loop
vertex 5.9753386666666675 62.814165333333335 1.9999573333333336
vertex 6.909568 62.74890666666667 1.9999573333333336
vertex 6.931648000000001 62.846549333333336 1.9999573333333336
endloop
endfacet
facet normal 0 0 1
outer loop
vertex 5.9753386666666675 62.814165333333335 1.9999573333333336
vertex 6.931648000000001 62.846549333333336 1.9999573333333336
vertex 6.9341013333333335 62.86274133333334 1.9999573333333336
endloop
endfacet
facet normal 0 0 0.9999999999999999
outer loop
vertex 5.9753386666666675 62.814165333333335 1.9999573333333336
vertex 6.9341013333333335 62.86274133333334 1.9999573333333336
vertex 4.615701333333334 62.86274133333334 1.9999573333333336
endloop
endfacet
facet normal 0 0 1
outer loop
vertex 71.695232 62.69248 1.9999573333333336
vertex 70.69034666666667 62.74890666666667 1.9999573333333336
vertex 70.70604800000001 62.678741333333335 1.9999573333333336
endloop
endfacet
facet normal 0 0 0.9999999999999999
outer loop
vertex 71.695232 62.69248 1.9999573333333336
vertex 70.70604800000001 62.678741333333335 1.9999573333333336
vertex 70.716352 62.643413333333335 1.9999573333333336
endloop
endfacet
facet normal 0 0 1
outer loop
vertex 71.695232 62.69248 1.9999573333333336
vertex 70.716352 62.643413333333335 1.9999573333333336
vertex 73.24966400000001 62.643413333333335 1.9999573333333336
endloop
endfacet
facet normal 0 0 1
outer loop
vertex 71.695232 62.69248 1.9999573333333336
vertex 73.24966400000001 62.643413333333335 1.9999573333333336
vertex 73.11325866666667 62.74890666666667 1.9999573333333336
endloop
endfacet
facet normal 0 0 1
outer loop
vertex 71.695232 62.69248 1.9999573333333336
vertex 73.11325866666667 62.74890666666667 1.9999573333333336
vertex 70.69034666666667 62.74890666666667 1.9999573333333336
endloop
endfacet
facet normal 0 0 1
outer loop
vertex 5.904682666666667 62.69248 1.9999573333333336
vertex 4.486656 62.74890666666667 1.9999573333333336
vertex 4.350741333333334 62.643413333333335 1.9999573333333336
endloop
endfacet
facet normal 0 0 1
outer loop
vertex 5.904682666666667 62.69248 1.9999573333333336
vertex 4.350741333333334 62.643413333333335 1.9999573333333336
vertex 6.883562666666667 62.643413333333335 1.9999573333333336
endloop
endfacet
facet normal 0 0 1
outer loop
vertex 5.904682666666667 62.69248 1.9999573333333336
vertex 6.883562666666667 62.643413333333335 1.9999573333333336
vertex 6.893866666666667 62.678741333333335 1.9999573333333336
endloop
endfacet
facet normal 0 0 1
outer loop
vertex 5.904682666666667 62.69248 1.9999573333333336
vertex 6.893866666666667 62.678741333333335 1.9999573333333336
vertex 6.909568 62.74890666666667 1.9999573333333336
endloop
endfacet
facet normal 0 0 1
outer loop
vertex 5.904682666666667 62.69248 1.9999573333333336
vertex 6.909568 62.74890666666667 1.9999573333333336
vertex 4.486656 62.74890666666667 1.9999573333333336
endloop
endfacet
facet normal 0 0 1
outer loop
vertex 70.716352 62.643413333333335 1.9999573333333336
vertex 70.74432 62.546752000000005 1.9999573333333336
vertex 73.39195733333334 62.546752000000005 1.9999573333333336
endloop
endfacet
facet normal 0 0 0.9999999999999999
outer loop
vertex 70.716352 62.643413333333335 1.9999573333333336
vertex 73.39195733333334 62.546752000000005 1.9999573333333336
vertex 73.24966400000001 62.643413333333335 1.9999573333333336
endloop
endfacet
facet normal 0 0 1
outer loop
vertex 4.350741333333334 62.643413333333335 1.9999573333333336
vertex 4.207957333333334 62.546752000000005 1.9999573333333336
vertex 6.855594666666668 62.546752000000005 1.9999573333333336
endloop
endfacet
facet normal 0 0 1
outer loop
vertex 4.350741333333334 62.643413333333335 1.9999573333333336
vertex 6.855594666666668 62.546752000000005 1.9999573333333336
vertex 6.883562666666667 62.643413333333335 1.9999573333333336
endloop
endfacet
facet normal 0 0 1
outer loop
vertex 71.84096000000001 62.505045333333335 1.9999573333333336
vertex 70.74432 62.546752000000005 1.9999573333333336
vertex 70.75413333333334 62.51338666666667 1.9999573333333336
endloop
endfacet
facet normal 0 0 1
outer loop
vertex 71.84096000000001 62.505045333333335 1.9999573333333336
vertex 70.75413333333334 62.51338666666667 1.9999573333333336
vertex 70.77376000000001 62.45892266666667 1.9999573333333336
endloop
endfacet
facet normal 0 0 1
outer loop
vertex 71.84096000000001 62.505045333333335 1.9999573333333336
vertex 70.77376000000001 62.45892266666667 1.9999573333333336
vertex 73.54013866666668 62.45892266666667 1.9999573333333336
endloop
endfacet
facet normal 0 0 1
outer loop
vertex 71.84096000000001 62.505045333333335 1.9999573333333336
vertex 73.54013866666668 62.45892266666667 1.9999573333333336
vertex 73.39195733333334 62.546752000000005 1.9999573333333336
endloop
endfacet
facet normal 0 0 1
outer loop
vertex 71.84096000000001 62.505045333333335 1.9999573333333336
vertex 73.39195733333334 62.546752000000005 1.9999573333333336
vertex 70.74432 62.546752000000005 1.9999573333333336
endloop
endfacet
facet normal 0 0 1
outer loop
vertex 5.758954666666667 62.505045333333335 1.9999573333333336
vertex 4.207957333333334 62.546752000000005 1.9999573333333336
vertex 4.059776 62.45892266666667 1.9999573333333336
endloop
endfacet
facet normal 0 0 1
outer loop
vertex 5.758954666666667 62.505045333333335 1.9999573333333336
vertex 4.059776 62.45892266666667 1.9999573333333336
vertex 6.8261546666666675 62.45892266666667 1.9999573333333336
endloop
endfacet
facet normal 0 0 1
outer loop
vertex 5.758954666666667 62.505045333333335 1.9999573333333336
vertex 6.8261546666666675 62.45892266666667 1.9999573333333336
vertex 6.845781333333334 62.51338666666667 1.9999573333333336
endloop
endfacet
facet normal 0 0 0.9999999999999999
outer loop
vertex 5.758954666666667 62.505045333333335 1.9999573333333336
vertex 6.845781333333334 62.51338666666667 1.9999573333333336
vertex 6.855594666666668 62.546752000000005 1.9999573333333336
endloop
endfacet
facet normal 0 0 1
outer loop
vertex 5.758954666666667 62.505045333333335 1.9999573333333336
vertex 6.855594666666668 62.546752000000005 1.9999573333333336
vertex 4.207957333333334 62.546752000000005 1.9999573333333336
endloop
endfacet
facet normal 0 0 0.9999999999999999
outer loop
vertex 70.77376000000001 62.45892266666667 1.9999573333333336
vertex 70.80172800000001 62.38090666666667 1.9999573333333336
vertex 73.69322666666667 62.38090666666667 1.9999573333333336
endloop
endfacet
facet normal 0 0 1
outer loop
vertex 70.77376000000001 62.45892266666667 1.9999573333333336
vertex 73.69322666666667 62.38090666666667 1.9999573333333336
vertex 73.54013866666668 62.45892266666667 1.9999573333333336
endloop
endfacet
facet normal 0 0 0.9999999999999999
outer loop
vertex 4.059776 62.45892266666667 1.9999573333333336
vertex 3.9066880000000004 62.38090666666667 1.9999573333333336
vertex 6.798186666666667 62.38090666666667 1.9999573333333336
endloop
endfacet
facet normal 0 0 1
outer loop
vertex 4.059776 62.45892266666667 1.9999573333333336
vertex 6.798186666666667 62.38090666666667 1.9999573333333336
vertex 6.8261546666666675 62.45892266666667 1.9999573333333336
endloop
endfacet
facet normal 0 0 1
outer loop
vertex 71.99748266666667 62.34754133333334 1.9999573333333336
vertex 70.80172800000001 62.38090666666667 1.9999573333333336
vertex 70.81252266666667 62.351466666666674 1.9999573333333336
endloop
endfacet
facet normal 0 0 1
outer loop
vertex 71.99748266666667 62.34754133333334 1.9999573333333336
vertex 70.81252266666667 62.351466666666674 1.9999573333333336
vertex 70.82920533333333 62.31221333333334 1.9999573333333336
endloop
endfacet
facet normal 0 0 1
outer loop
vertex 71.99748266666667 62.34754133333334 1.9999573333333336
vertex 70.82920533333333 62.31221333333334 1.9999573333333336
vertex 73.85122133333334 62.31221333333334 1.9999573333333336
endloop
endfacet
facet normal 0 0 1
outer loop
vertex 71.99748266666667 62.34754133333334 1.9999573333333336
vertex 73.85122133333334 62.31221333333334 1.9999573333333336
vertex 73.69322666666667 62.38090666666667 1.9999573333333336
endloop
endfacet
facet normal 0 0 0.9999999999999999
outer loop
vertex 71.99748266666667 62.34754133333334 1.9999573333333336
vertex 73.69322666666667 62.38090666666667 1.9999573333333336
vertex 70.80172800000001 62.38090666666667 1.9999573333333336
endloop
endfacet
facet normal 0 0 1
outer loop
vertex 5.602432 62.34754133333334 1.9999573333333336
vertex 3.9066880000000004 62.38090666666667 1.9999573333333336
vertex 3.7486933333333337 62.31221333333334 1.9999573333333336
endloop
endfacet
facet normal 0 0 1
outer loop
vertex 5.602432 62.34754133333334 1.9999573333333336
vertex 3.7486933333333337 62.31221333333334 1.9999573333333336
vertex 6.7707093333333335 62.31221333333334 1.9999573333333336
endloop
endfacet
facet normal 0 0 1
outer loop
vertex 5.602432 62.34754133333334 1.9999573333333336
vertex 6.7707093333333335 62.31221333333334 1.9999573333333336
vertex 6.7873920000000005 62.351466666666674 1.9999573333333336
endloop
endfacet
facet normal 0 0 1
outer loop
vertex 5.602432 62.34754133333334 1.9999573333333336
vertex 6.7873920000000005 62.351466666666674 1.9999573333333336
vertex 6.798186666666667 62.38090666666667 1.9999573333333336
endloop
endfacet
facet normal 0 0 1
outer loop
vertex 5.602432 62.34754133333334 1.9999573333333336
vertex 6.798186666666667 62.38090666666667 1.9999573333333336
vertex 3.9066880000000004 62.38090666666667 1.9999573333333336
endloop
endfacet
facet normal 0 0 1
outer loop
vertex 70.82920533333333 62.31221333333334 1.9999573333333336
vertex 70.85472 62.25431466666667 1.9999573333333336
vertex 74.01314133333334 62.25431466666667 1.9999573333333336
endloop
endfacet
facet normal 0 0 1
outer loop
vertex 70.82920533333333 62.31221333333334 1.9999573333333336
vertex 74.01314133333334 62.25431466666667 1.9999573333333336
vertex 73.85122133333334 62.31221333333334 1.9999573333333336
endloop
endfacet
facet normal 0 0 1
outer loop
vertex 3.7486933333333337 62.31221333333334 1.9999573333333336
vertex 3.586773333333334 62.25431466666667 1.9999573333333336
vertex 6.745685333333334 62.25431466666667 1.9999573333333336
endloop
endfacet
facet normal 0 0 1
outer loop
vertex 3.7486933333333337 62.31221333333334 1.9999573333333336
vertex 6.745685333333334 62.25431466666667 1.9999573333333336
vertex 6.7707093333333335 62.31221333333334 1.9999573333333336
endloop
endfacet
facet normal 0 0 1
outer loop
vertex 70.85472 62.25431466666667 1.9999573333333336
vertex 70.87532800000001 62.20622933333334 1.9999573333333336
vertex 74.17849600000001 62.20622933333334 1.9999573333333336
endloop
endfacet
facet normal 0 0 1
outer loop
vertex 70.85472 62.25431466666667 1.9999573333333336
vertex 74.17849600000001 62.20622933333334 1.9999573333333336
vertex 74.01314133333334 62.25431466666667 1.9999573333333336
endloop
endfacet
facet normal 0 0 1
outer loop
vertex 3.586773333333334 62.25431466666667 1.9999573333333336
vertex 3.421418666666667 62.20622933333334 1.9999573333333336
vertex 6.724586666666667 62.20622933333334 1.9999573333333336
endloop
endfacet
facet normal 0 0 1
outer loop
vertex 3.586773333333334 62.25431466666667 1.9999573333333336
vertex 6.724586666666667 62.20622933333334 1.9999573333333336
vertex 6.745685333333334 62.25431466666667 1.9999573333333336
endloop
endfacet
facet normal 0 0 1
outer loop
vertex 72.23496533333334 62.18856533333334 1.9999573333333336
vertex 70.87532800000001 62.20622933333334 1.9999573333333336
vertex 70.88072533333334 62.19347200000001 1.9999573333333336
endloop
endfacet
facet normal 0 0 1
outer loop
vertex 72.23496533333334 62.18856533333334 1.9999573333333336
vertex 70.88072533333334 62.19347200000001 1.9999573333333336
vertex 70.89348266666667 62.168448000000005 1.9999573333333336
endloop
endfacet
facet normal 0 0 1
outer loop
vertex 72.23496533333334 62.18856533333334 1.9999573333333336
vertex 70.89348266666667 62.168448000000005 1.9999573333333336
vertex 74.34679466666667 62.168448000000005 1.9999573333333336
endloop
endfacet
facet normal 0 0 1
outer loop
vertex 72.23496533333334 62.18856533333334 1.9999573333333336
vertex 74.34679466666667 62.168448000000005 1.9999573333333336
vertex 74.17849600000001 62.20622933333334 1.9999573333333336
endloop
endfacet
facet normal 0 0 1
outer loop
vertex 72.23496533333334 62.18856533333334 1.9999573333333336
vertex 74.17849600000001 62.20622933333334 1.9999573333333336
vertex 70.87532800000001 62.20622933333334 1.9999573333333336
endloop
endfacet
facet normal 0 0 1
outer loop
vertex 5.364949333333334 62.18856533333334 1.9999573333333336
vertex 3.421418666666667 62.20622933333334 1.9999573333333336
vertex 3.253610666666667 62.168448000000005 1.9999573333333336
endloop
endfacet
facet normal 0 0 1
outer loop
vertex 5.364949333333334 62.18856533333334 1.9999573333333336
vertex 3.253610666666667 62.168448000000005 1.9999573333333336
vertex 6.706432 62.168448000000005 1.9999573333333336
endloop
endfacet
facet normal 0 0 1
outer loop
vertex 5.364949333333334 62.18856533333334 1.9999573333333336
vertex 6.706432 62.168448000000005 1.9999573333333336
vertex 6.7191893333333335 62.19347200000001 1.9999573333333336
endloop
endfacet
facet normal 0 0 1
outer loop
vertex 5.364949333333334 62.18856533333334 1.9999573333333336
vertex 6.7191893333333335 62.19347200000001 1.9999573333333336
vertex 6.724586666666667 62.20622933333334 1.9999573333333336
endloop
endfacet
facet normal 0 0 0.9999999999999999
outer loop
vertex 5.364949333333334 62.18856533333334 1.9999573333333336
vertex 6.724586666666667 62.20622933333334 1.9999573333333336
vertex 3.421418666666667 62.20622933333334 1.9999573333333336
endloop
endfacet
facet normal 0 0 1
outer loop
vertex 70.89348266666667 62.168448000000005 1.9999573333333336
vertex 70.90722133333334 62.14146133333334 1.9999573333333336
vertex 74.51656533333333 62.14146133333334 1.9999573333333336
endloop
endfacet
facet normal 0 0 1
outer loop
vertex 70.89348266666667 62.168448000000005 1.9999573333333336
vertex 74.51656533333333 62.14146133333334 1.9999573333333336
vertex 74.34679466666667 62.168448000000005 1.9999573333333336
endloop
endfacet
facet normal 0 0 1
outer loop
vertex 3.253610666666667 62.168448000000005 1.9999573333333336
vertex 3.0833493333333335 62.14146133333334 1.9999573333333336
vertex 6.692693333333334 62.14146133333334 1.9999573333333336
endloop
endfacet
facet normal 0 0 1
outer loop
vertex 3.253610666666667 62.168448000000005 1.9999573333333336
vertex 6.692693333333334 62.14146133333334 1.9999573333333336
vertex 6.706432 62.168448000000005 1.9999573333333336
endloop
endfacet
facet normal 0 0 0.9999999999999999
outer loop
vertex 70.90722133333334 62.14146133333334 1.9999573333333336
vertex 70.91556266666667 62.125269333333335 1.9999573333333336
vertex 74.687808 62.125269333333335 1.9999573333333336
endloop
endfacet
facet normal 0 0 1
outer loop
vertex 70.90722133333334 62.14146133333334 1.9999573333333336
vertex 74.687808 62.125269333333335 1.9999573333333336
vertex 74.51656533333333 62.14146133333334 1.9999573333333336
endloop
endfacet
facet normal 0 0 1
outer loop
vertex 3.0833493333333335 62.14146133333334 1.9999573333333336
vertex 2.912106666666667 62.125269333333335 1.9999573333333336
vertex 6.684842666666667 62.125269333333335 1.9999573333333336
endloop
endfacet
facet normal 0 0 1
outer loop
vertex 3.0833493333333335 62.14146133333334 1.9999573333333336
vertex 6.684842666666667 62.125269333333335 1.9999573333333336
vertex 6.692693333333334 62.14146133333334 1.9999573333333336
endloop
endfacet
facet normal 0 0 0.9999999999999999
outer loop
vertex 74.10980266666667 61.370133333333335 1.9999573333333336
vertex 70.91556266666667 62.125269333333335 1.9999573333333336
vertex 70.95874133333334 62.03989333333334 1.9999573333333336
endloop
endfacet
facet normal 0 0 0.9999999999999999
outer loop
vertex 74.10980266666667 61.370133333333335 1.9999573333333336
vertex 70.95874133333334 62.03989333333334 1.9999573333333336
vertex 71.04657066666667 61.891712000000005 1.9999573333333336
endloop
endfacet
facet normal 0 0 1
outer loop
vertex 74.10980266666667 61.370133333333335 1.9999573333333336
vertex 71.04657066666667 61.891712000000005 1.9999573333333336
vertex 71.14323200000001 61.74941866666667 1.9999573333333336
endloop
endfacet
facet normal 0 0 0.9999999999999999
outer loop
vertex 74.10980266666667 61.370133333333335 1.9999573333333336
vertex 71.14323200000001 61.74941866666667 1.9999573333333336
vertex 71.24872533333334 61.613504000000006 1.9999573333333336
endloop
endfacet
facet normal 0 0 1
outer loop
vertex 74.10980266666667 61.370133333333335 1.9999573333333336
vertex 71.24872533333334 61.613504000000006 1.9999573333333336
vertex 71.36256 61.48445866666667 1.9999573333333336
endloop
endfacet
facet normal 0 0 1
outer loop
vertex 74.10980266666667 61.370133333333335 1.9999573333333336
vertex 71.36256 61.48445866666667 1.9999573333333336
vertex 71.48424533333333 61.36277333333334 1.9999573333333336
endloop
endfacet
facet normal 0 0 1
outer loop
vertex 74.10980266666667 61.370133333333335 1.9999573333333336
vertex 71.48424533333333 61.36277333333334 1.9999573333333336
vertex 71.61329066666667 61.248938666666675 1.9999573333333336
endloop
endfacet
facet normal 0 0 1
outer loop
vertex 74.10980266666667 61.370133333333335 1.9999573333333336
vertex 71.61329066666667 61.248938666666675 1.9999573333333336
vertex 71.749696 61.14344533333334 1.9999573333333336
endloop
endfacet
facet normal 0 0 1
outer loop
vertex 74.10980266666667 61.370133333333335 1.9999573333333336
vertex 71.749696 61.14344533333334 1.9999573333333336
vertex 71.89198933333334 61.046784 1.9999573333333336
endloop
endfacet
facet normal 0 0 1
outer loop
vertex 74.10980266666667 61.370133333333335 1.9999573333333336
vertex 71.89198933333334 61.046784 1.9999573333333336
vertex 72.04017066666667 60.95895466666667 1.9999573333333336
endloop
endfacet
facet normal 0 0 1
outer loop
vertex 74.10980266666667 61.370133333333335 1.9999573333333336
vertex 72.04017066666667 60.95895466666667 1.9999573333333336
vertex 72.19325866666667 60.88093866666667 1.9999573333333336
endloop
endfacet
facet normal 0 0 1
outer loop
vertex 74.10980266666667 61.370133333333335 1.9999573333333336
vertex 72.19325866666667 60.88093866666667 1.9999573333333336
vertex 72.35125333333333 60.81224533333334 1.9999573333333336
endloop
endfacet
facet normal 0 0 1
outer loop
vertex 74.10980266666667 61.370133333333335 1.9999573333333336
vertex 72.35125333333333 60.81224533333334 1.9999573333333336
vertex 72.51317333333334 60.75434666666667 1.9999573333333336
endloop
endfacet
facet normal 0 0 1
outer loop
vertex 74.10980266666667 61.370133333333335 1.9999573333333336
vertex 72.51317333333334 60.75434666666667 1.9999573333333336
vertex 72.678528 60.70626133333334 1.9999573333333336
endloop
endfacet
facet normal 0 0 1
outer loop
vertex 74.10980266666667 61.370133333333335 1.9999573333333336
vertex 72.678528 60.70626133333334 1.9999573333333336
vertex 72.84633600000001 60.66848 1.9999573333333336
endloop
endfacet
facet normal 0 0 1
outer loop
vertex 74.10980266666667 61.370133333333335 1.9999573333333336
vertex 72.84633600000001 60.66848 1.9999573333333336
vertex 73.01659733333334 60.64149333333334 1.9999573333333336
endloop
endfacet
facet normal 0 0 1
outer loop
vertex 74.10980266666667 61.370133333333335 1.9999573333333336
vertex 73.01659733333334 60.64149333333334 1.9999573333333336
vertex 73.18784000000001 60.62530133333334 1.9999573333333336
endloop
endfacet
facet normal 0 0 1
outer loop
vertex 74.10980266666667 61.370133333333335 1.9999573333333336
vertex 73.18784000000001 60.62530133333334 1.9999573333333336
vertex 73.53228800000001 60.61450666666667 1.9999573333333336
endloop
endfacet
facet normal 0 0 0.9999999999999999
outer loop
vertex 74.10980266666667 61.370133333333335 1.9999573333333336
vertex 73.53228800000001 60.61450666666667 1.9999573333333336
vertex 77.30453333333334 60.61450666666667 1.9999573333333336
endloop
endfacet
facet normal 0 0 1
outer loop
vertex 74.10980266666667 61.370133333333335 1.9999573333333336
vertex 77.30453333333334 60.61450666666667 1.9999573333333336
vertex 77.26086400000001 60.699882666666674 1.9999573333333336
endloop
endfacet
facet normal 0 0 1
outer loop
vertex 74.10980266666667 61.370133333333335 1.9999573333333336
vertex 77.26086400000001 60.699882666666674 1.9999573333333336
vertex 77.17352533333334 60.84806400000001 1.9999573333333336
endloop
endfacet
facet normal 0 0 1
outer loop
vertex 74.10980266666667 61.370133333333335 1.9999573333333336
vertex 77.17352533333334 60.84806400000001 1.9999573333333336
vertex 77.076864 60.990357333333336 1.9999573333333336
endloop
endfacet
facet normal 0 0 1
outer loop
vertex 74.10980266666667 61.370133333333335 1.9999573333333336
vertex 77.076864 60.990357333333336 1.9999573333333336
vertex 76.97137066666667 61.12676266666667 1.9999573333333336
endloop
endfacet
facet normal 0 0 1
outer loop
vertex 74.10980266666667 61.370133333333335 1.9999573333333336
vertex 76.97137066666667 61.12676266666667 1.9999573333333336
vertex 76.85753600000001 61.255808 1.9999573333333336
endloop
endfacet
facet normal 0 0 1
outer loop
vertex 74.10980266666667 61.370133333333335 1.9999573333333336
vertex 76.85753600000001 61.255808 1.9999573333333336
vertex 76.73585066666668 61.37749333333334 1.9999573333333336
endloop
endfacet
facet normal 0 0 1
outer loop
vertex 74.10980266666667 61.370133333333335 1.9999573333333336
vertex 76.73585066666668 61.37749333333334 1.9999573333333336
vertex 76.60631466666668 61.491328 1.9999573333333336
endloop
endfacet
facet normal 0 0 1
outer loop
vertex 74.10980266666667 61.370133333333335 1.9999573333333336
vertex 76.60631466666668 61.491328 1.9999573333333336
vertex 76.47040000000001 61.59682133333334 1.9999573333333336
endloop
endfacet
facet normal 0 0 1
outer loop
vertex 74.10980266666667 61.370133333333335 1.9999573333333336
vertex 76.47040000000001 61.59682133333334 1.9999573333333336
vertex 76.32810666666667 61.69348266666667 1.9999573333333336
endloop
endfacet
facet normal 0 0 1
outer loop
vertex 74.10980266666667 61.370133333333335 1.9999573333333336
vertex 76.32810666666667 61.69348266666667 1.9999573333333336
vertex 76.17992533333334 61.78131200000001 1.9999573333333336
endloop
endfacet
facet normal 0 0 0.9999999999999999
outer loop
vertex 74.10980266666667 61.370133333333335 1.9999573333333336
vertex 76.17992533333334 61.78131200000001 1.9999573333333336
vertex 76.02683733333333 61.859328000000005 1.9999573333333336
endloop
endfacet
facet normal 0 0 1
outer loop
vertex 74.10980266666667 61.370133333333335 1.9999573333333336
vertex 76.02683733333333 61.859328000000005 1.9999573333333336
vertex 75.86884266666667 61.92753066666667 1.9999573333333336
endloop
endfacet
facet normal 0 0 1
outer loop
vertex 74.10980266666667 61.370133333333335 1.9999573333333336
vertex 75.86884266666667 61.92753066666667 1.9999573333333336
vertex 75.70692266666667 61.98592000000001 1.9999573333333336
endloop
endfacet
facet normal 0 0 1
outer loop
vertex 74.10980266666667 61.370133333333335 1.9999573333333336
vertex 75.70692266666667 61.98592000000001 1.9999573333333336
vertex 75.54156800000001 62.03400533333334 1.9999573333333336
endloop
endfacet
facet normal 0 0 1
outer loop
vertex 74.10980266666667 61.370133333333335 1.9999573333333336
vertex 75.54156800000001 62.03400533333334 1.9999573333333336
vertex 75.37326933333334 62.071296000000004 1.9999573333333336
endloop
endfacet
facet normal 0 0 1
outer loop
vertex 74.10980266666667 61.370133333333335 1.9999573333333336
vertex 75.37326933333334 62.071296000000004 1.9999573333333336
vertex 75.20349866666668 62.09828266666667 1.9999573333333336
endloop
endfacet
facet normal 0 0 1
outer loop
vertex 74.10980266666667 61.370133333333335 1.9999573333333336
vertex 75.20349866666668 62.09828266666667 1.9999573333333336
vertex 75.032256 62.11447466666667 1.9999573333333336
endloop
endfacet
facet normal 0 0 1
outer loop
vertex 74.10980266666667 61.370133333333335 1.9999573333333336
vertex 75.032256 62.11447466666667 1.9999573333333336
vertex 74.687808 62.125269333333335 1.9999573333333336
endloop
endfacet
facet normal 0 0 1
outer loop
vertex 74.10980266666667 61.370133333333335 1.9999573333333336
vertex 74.687808 62.125269333333335 1.9999573333333336
vertex 70.91556266666667 62.125269333333335 1.9999573333333336
endloop
endfacet
facet normal 0 0 1
outer loop
vertex 3.4901120000000003 61.370133333333335 1.9999573333333336
vertex 2.912106666666667 62.125269333333335 1.9999573333333336
vertex 2.5681493333333334 62.11447466666667 1.9999573333333336
endloop
endfacet
facet normal 0 0 1
outer loop
vertex 3.4901120000000003 61.370133333333335 1.9999573333333336
vertex 2.5681493333333334 62.11447466666667 1.9999573333333336
vertex 2.3964160000000003 62.09828266666667 1.9999573333333336
endloop
endfacet
facet normal 0 0 1
outer loop
vertex 3.4901120000000003 61.370133333333335 1.9999573333333336
vertex 2.3964160000000003 62.09828266666667 1.9999573333333336
vertex 2.2266453333333334 62.071296000000004 1.9999573333333336
endloop
endfacet
facet normal 0 0 1
outer loop
vertex 3.4901120000000003 61.370133333333335 1.9999573333333336
vertex 2.2266453333333334 62.071296000000004 1.9999573333333336
vertex 2.058346666666667 62.03400533333334 1.9999573333333336
endloop
endfacet
facet normal 0 0 1
outer loop
vertex 3.4901120000000003 61.370133333333335 1.9999573333333336
vertex 2.058346666666667 62.03400533333334 1.9999573333333336
vertex 1.8934826666666669 61.98592000000001 1.9999573333333336
endloop
endfacet
facet normal 0 0 1
outer loop
vertex 3.4901120000000003 61.370133333333335 1.9999573333333336
vertex 1.8934826666666669 61.98592000000001 1.9999573333333336
vertex 1.7315626666666668 61.92753066666667 1.9999573333333336
endloop
endfacet
facet normal 0 0 0.9999999999999999
outer loop
vertex 3.4901120000000003 61.370133333333335 1.9999573333333336
vertex 1.7315626666666668 61.92753066666667 1.9999573333333336
vertex 1.573568 61.859328000000005 1.9999573333333336
endloop
endfacet
facet normal 0 0 1
outer loop
vertex 3.4901120000000003 61.370133333333335 1.9999573333333336
vertex 1.573568 61.859328000000005 1.9999573333333336
vertex 1.4199893333333335 61.78131200000001 1.9999573333333336
endloop
endfacet
facet normal 0 0 1
outer loop
vertex 3.4901120000000003 61.370133333333335 1.9999573333333336
vertex 1.4199893333333335 61.78131200000001 1.9999573333333336
vertex 1.271808 61.69348266666667 1.9999573333333336
endloop
endfacet
facet normal 0 0 1
outer loop
vertex 3.4901120000000003 61.370133333333335 1.9999573333333336
vertex 1.271808 61.69348266666667 1.9999573333333336
vertex 1.1295146666666667 61.59682133333334 1.9999573333333336
endloop
endfacet
facet normal 0 0 1
outer loop
vertex 3.4901120000000003 61.370133333333335 1.9999573333333336
vertex 1.1295146666666667 61.59682133333334 1.9999573333333336
vertex 0.9936 61.491328 1.9999573333333336
endloop
endfacet
facet normal 0 0 1
outer loop
vertex 3.4901120000000003 61.370133333333335 1.9999573333333336
vertex 0.9936 61.491328 1.9999573333333336
vertex 0.8645546666666667 61.37749333333334 1.9999573333333336
endloop
endfacet
facet normal 0 0 1
outer loop
vertex 3.4901120000000003 61.370133333333335 1.9999573333333336
vertex 0.8645546666666667 61.37749333333334 1.9999573333333336
vertex 0.7428693333333334 61.255808 1.9999573333333336
endloop
endfacet
facet normal 0 0 1
outer loop
vertex 3.4901120000000003 61.370133333333335 1.9999573333333336
vertex 0.7428693333333334 61.255808 1.9999573333333336
vertex 0.6290346666666667 61.12676266666667 1.9999573333333336
endloop
endfacet
facet normal 0 0 1
outer loop
vertex 3.4901120000000003 61.370133333333335 1.9999573333333336
vertex 0.6290346666666667 61.12676266666667 1.9999573333333336
vertex 0.5230506666666667 60.990357333333336 1.9999573333333336
endloop
endfacet
facet normal 0 0 1
outer loop
vertex 3.4901120000000003 61.370133333333335 1.9999573333333336
vertex 0.5230506666666667 60.990357333333336 1.9999573333333336
vertex 0.42638933333333334 60.84806400000001 1.9999573333333336
endloop
endfacet
facet normal 0 0 1
outer loop
vertex 3.4901120000000003 61.370133333333335 1.9999573333333336
vertex 0.42638933333333334 60.84806400000001 1.9999573333333336
vertex 0.33905066666666667 60.699882666666674 1.9999573333333336
endloop
endfacet
facet normal 0 0 1
outer loop
vertex 3.4901120000000003 61.370133333333335 1.9999573333333336
vertex 0.33905066666666667 60.699882666666674 1.9999573333333336
vertex 0.29538133333333333 60.61450666666667 1.9999573333333336
endloop
endfacet
facet normal 0 0 1
outer loop
vertex 3.4901120000000003 61.370133333333335 1.9999573333333336
vertex 0.29538133333333333 60.61450666666667 1.9999573333333336
vertex 4.068117333333333 60.61450666666667 1.9999573333333336
endloop
endfacet
facet normal 0 0 1
outer loop
vertex 3.4901120000000003 61.370133333333335 1.9999573333333336
vertex 4.068117333333333 60.61450666666667 1.9999573333333336
vertex 4.412074666666667 60.62530133333334 1.9999573333333336
endloop
endfacet
facet normal 0 0 1
outer loop
vertex 3.4901120000000003 61.370133333333335 1.9999573333333336
vertex 4.412074666666667 60.62530133333334 1.9999573333333336
vertex 4.5833173333333335 60.64149333333334 1.9999573333333336
endloop
endfacet
facet normal 0 0 1
outer loop
vertex 3.4901120000000003 61.370133333333335 1.9999573333333336
vertex 4.5833173333333335 60.64149333333334 1.9999573333333336
vertex 4.753578666666667 60.66848 1.9999573333333336
endloop
endfacet
facet normal 0 0 1
outer loop
vertex 3.4901120000000003 61.370133333333335 1.9999573333333336
vertex 4.753578666666667 60.66848 1.9999573333333336
vertex 4.921386666666667 60.70626133333334 1.9999573333333336
endloop
endfacet
facet normal 0 0 1
outer loop
vertex 3.4901120000000003 61.370133333333335 1.9999573333333336
vertex 4.921386666666667 60.70626133333334 1.9999573333333336
vertex 5.086741333333333 60.75434666666667 1.9999573333333336
endloop
endfacet
facet normal 0 0 1
outer loop
vertex 3.4901120000000003 61.370133333333335 1.9999573333333336
vertex 5.086741333333333 60.75434666666667 1.9999573333333336
vertex 5.248661333333334 60.81224533333334 1.9999573333333336
endloop
endfacet
facet normal 0 0 1
outer loop
vertex 3.4901120000000003 61.370133333333335 1.9999573333333336
vertex 5.248661333333334 60.81224533333334 1.9999573333333336
vertex 5.406656000000001 60.88093866666667 1.9999573333333336
endloop
endfacet
facet normal 0 0 1
outer loop
vertex 3.4901120000000003 61.370133333333335 1.9999573333333336
vertex 5.406656000000001 60.88093866666667 1.9999573333333336
vertex 5.560234666666667 60.95895466666667 1.9999573333333336
endloop
endfacet
facet normal 0 0 1
outer loop
vertex 3.4901120000000003 61.370133333333335 1.9999573333333336
vertex 5.560234666666667 60.95895466666667 1.9999573333333336
vertex 5.707925333333334 61.046784 1.9999573333333336
endloop
endfacet
facet normal 0 0 0.9999999999999999
outer loop
vertex 3.4901120000000003 61.370133333333335 1.9999573333333336
vertex 5.707925333333334 61.046784 1.9999573333333336
vertex 5.8507093333333335 61.14344533333334 1.9999573333333336
endloop
endfacet
facet normal 0 0 1
outer loop
vertex 3.4901120000000003 61.370133333333335 1.9999573333333336
vertex 5.8507093333333335 61.14344533333334 1.9999573333333336
vertex 5.986624000000001 61.248938666666675 1.9999573333333336
endloop
endfacet
facet normal 0 0 0.9999999999999999
outer loop
vertex 3.4901120000000003 61.370133333333335 1.9999573333333336
vertex 5.986624000000001 61.248938666666675 1.9999573333333336
vertex 6.115669333333334 61.36277333333334 1.9999573333333336
endloop
endfacet
facet normal 0 0 1
outer loop
vertex 3.4901120000000003 61.370133333333335 1.9999573333333336
vertex 6.115669333333334 61.36277333333334 1.9999573333333336
vertex 6.2373546666666675 61.48445866666667 1.9999573333333336
endloop
endfacet
facet normal 0 0 1
outer loop
vertex 3.4901120000000003 61.370133333333335 1.9999573333333336
vertex 6.2373546666666675 61.48445866666667 1.9999573333333336
vertex 6.351189333333334 61.613504000000006 1.9999573333333336
endloop
endfacet
facet normal 0 0 1
outer loop
vertex 3.4901120000000003 61.370133333333335 1.9999573333333336
vertex 6.351189333333334 61.613504000000006 1.9999573333333336
vertex 6.4566826666666675 61.74941866666667 1.9999573333333336
endloop
endfacet
facet normal 0 0 1
outer loop
vertex 3.4901120000000003 61.370133333333335 1.9999573333333336
vertex 6.4566826666666675 61.74941866666667 1.9999573333333336
vertex 6.553344 61.891712000000005 1.9999573333333336
endloop
endfacet
facet normal 0 0 0.9999999999999999
outer loop
vertex 3.4901120000000003 61.370133333333335 1.9999573333333336
vertex 6.553344 61.891712000000005 1.9999573333333336
vertex 6.641173333333334 62.03989333333334 1.9999573333333336
endloop
endfacet
facet normal 0 0 0.9999999999999999
outer loop
vertex 3.4901120000000003 61.370133333333335 1.9999573333333336
vertex 6.641173333333334 62.03989333333334 1.9999573333333336
vertex 6.684842666666667 62.125269333333335 1.9999573333333336
endloop
endfacet
facet normal 0 0 0.9999999999999999
outer loop
vertex 3.4901120000000003 61.370133333333335 1.9999573333333336
vertex 6.684842666666667 62.125269333333335 1.9999573333333336
vertex 2.912106666666667 62.125269333333335 1.9999573333333336
endloop
endfacet
facet normal 0 0 1
outer loop
vertex 73.53228800000001 60.61450666666667 1.9999573333333336
vertex 73.70353066666667 60.598314666666674 1.9999573333333336
vertex 77.31287466666667 60.598314666666674 1.9999573333333336
endloop
endfacet
facet normal 0 0 1
outer loop
vertex 73.53228800000001 60.61450666666667 1.9999573333333336
vertex 77.31287466666667 60.598314666666674 1.9999573333333336
vertex 77.30453333333334 60.61450666666667 1.9999573333333336
endloop
endfacet
facet normal 0 0 1
outer loop
vertex 0.29538133333333333 60.61450666666667 1.9999573333333336
vertex 0.28704 60.598314666666674 1.9999573333333336
vertex 3.8963840000000003 60.598314666666674 1.9999573333333336
endloop
endfacet
facet normal 0 0 0.9999999999999999
outer loop
vertex 0.29538133333333333 60.61450666666667 1.9999573333333336
vertex 3.8963840000000003 60.598314666666674 1.9999573333333336
vertex 4.068117333333333 60.61450666666667 1.9999573333333336
endloop
endfacet
facet normal 0 0 1
outer loop
vertex 73.70353066666667 60.598314666666674 1.9999573333333336
vertex 73.87330133333334 60.571328 1.9999573333333336
vertex 77.32661333333334 60.571328 1.9999573333333336
endloop
endfacet
facet normal 0 0 1
outer loop
vertex 73.70353066666667 60.598314666666674 1.9999573333333336
vertex 77.32661333333334 60.571328 1.9999573333333336
vertex 77.31287466666667 60.598314666666674 1.9999573333333336
endloop
endfacet
facet normal 0 0 1
outer loop
vertex 0.28704 60.598314666666674 1.9999573333333336
vertex 0.27330133333333334 60.571328 1.9999573333333336
vertex 3.7266133333333338 60.571328 1.9999573333333336
endloop
endfacet
facet normal 0 0 0.9999999999999999
outer loop
vertex 0.28704 60.598314666666674 1.9999573333333336
vertex 3.7266133333333338 60.571328 1.9999573333333336
vertex 3.8963840000000003 60.598314666666674 1.9999573333333336
endloop
endfacet
facet normal 0 0 1
outer loop
vertex 75.98513066666668 60.55170133333334 1.9999573333333336
vertex 73.87330133333334 60.571328 1.9999573333333336
vertex 74.0416 60.53403733333334 1.9999573333333336
endloop
endfacet
facet normal 0 0 1
outer loop
vertex 75.98513066666668 60.55170133333334 1.9999573333333336
vertex 74.0416 60.53403733333334 1.9999573333333336
vertex 77.344768 60.53403733333334 1.9999573333333336
endloop
endfacet
facet normal 0 0 1
outer loop
vertex 75.98513066666668 60.55170133333334 1.9999573333333336
vertex 77.344768 60.53403733333334 1.9999573333333336
vertex 77.33937066666667 60.54679466666667 1.9999573333333336
endloop
endfacet
facet normal 0 0 1
outer loop
vertex 75.98513066666668 60.55170133333334 1.9999573333333336
vertex 77.33937066666667 60.54679466666667 1.9999573333333336
vertex 77.32661333333334 60.571328 1.9999573333333336
endloop
endfacet
facet normal 0 0 1
outer loop
vertex 75.98513066666668 60.55170133333334 1.9999573333333336
vertex 77.32661333333334 60.571328 1.9999573333333336
vertex 73.87330133333334 60.571328 1.9999573333333336
endloop
endfacet
facet normal 0 0 1
outer loop
vertex 1.6147840000000002 60.55170133333334 1.9999573333333336
vertex 0.27330133333333334 60.571328 1.9999573333333336
vertex 0.260544 60.54679466666667 1.9999573333333336
endloop
endfacet
facet normal 0 0 1
outer loop
vertex 1.6147840000000002 60.55170133333334 1.9999573333333336
vertex 0.260544 60.54679466666667 1.9999573333333336
vertex 0.2551466666666667 60.53403733333334 1.9999573333333336
endloop
endfacet
facet normal 0 0 1
outer loop
vertex 1.6147840000000002 60.55170133333334 1.9999573333333336
vertex 0.2551466666666667 60.53403733333334 1.9999573333333336
vertex 3.558805333333334 60.53403733333334 1.9999573333333336
endloop
endfacet
facet normal 0 0 1
outer loop
vertex 1.6147840000000002 60.55170133333334 1.9999573333333336
vertex 3.558805333333334 60.53403733333334 1.9999573333333336
vertex 3.7266133333333338 60.571328 1.9999573333333336
endloop
endfacet
facet normal 0 0 1
outer loop
vertex 1.6147840000000002 60.55170133333334 1.9999573333333336
vertex 3.7266133333333338 60.571328 1.9999573333333336
vertex 0.27330133333333334 60.571328 1.9999573333333336
endloop
endfacet
facet normal 0 0 1
outer loop
vertex 74.0416 60.53403733333334 1.9999573333333336
vertex 74.20646400000001 60.485952000000005 1.9999573333333336
vertex 77.36537600000001 60.485952000000005 1.9999573333333336
endloop
endfacet
facet normal 0 0 1
outer loop
vertex 74.0416 60.53403733333334 1.9999573333333336
vertex 77.36537600000001 60.485952000000005 1.9999573333333336
vertex 77.344768 60.53403733333334 1.9999573333333336
endloop
endfacet
facet normal 0 0 1
outer loop
vertex 0.2551466666666667 60.53403733333334 1.9999573333333336
vertex 0.23453866666666667 60.485952000000005 1.9999573333333336
vertex 3.393450666666667 60.485952000000005 1.9999573333333336
endloop
endfacet
facet normal 0 0 0.9999999999999999
outer loop
vertex 0.2551466666666667 60.53403733333334 1.9999573333333336
vertex 3.393450666666667 60.485952000000005 1.9999573333333336
vertex 3.558805333333334 60.53403733333334 1.9999573333333336
endloop
endfacet
facet normal 0 0 0.9999999999999999
outer loop
vertex 74.20646400000001 60.485952000000005 1.9999573333333336
vertex 74.36887466666667 60.427562666666674 1.9999573333333336
vertex 77.39089066666668 60.427562666666674 1.9999573333333336
endloop
endfacet
facet normal 0 0 1
outer loop
vertex 74.20646400000001 60.485952000000005 1.9999573333333336
vertex 77.39089066666668 60.427562666666674 1.9999573333333336
vertex 77.36537600000001 60.485952000000005 1.9999573333333336
endloop
endfacet
facet normal 0 0 1
outer loop
vertex 0.23453866666666667 60.485952000000005 1.9999573333333336
vertex 0.20902400000000002 60.427562666666674 1.9999573333333336
vertex 3.231530666666667 60.427562666666674 1.9999573333333336
endloop
endfacet
facet normal 0 0 0.9999999999999999
outer loop
vertex 0.23453866666666667 60.485952000000005 1.9999573333333336
vertex 3.231530666666667 60.427562666666674 1.9999573333333336
vertex 3.393450666666667 60.485952000000005 1.9999573333333336
endloop
endfacet
facet normal 0 0 1
outer loop
vertex 76.22261333333334 60.39272533333334 1.9999573333333336
vertex 74.36887466666667 60.427562666666674 1.9999573333333336
vertex 74.52686933333334 60.35936 1.9999573333333336
endloop
endfacet
facet normal 0 0 1
outer loop
vertex 76.22261333333334 60.39272533333334 1.9999573333333336
vertex 74.52686933333334 60.35936 1.9999573333333336
vertex 77.418368 60.35936 1.9999573333333336
endloop
endfacet
facet normal 0 0 1
outer loop
vertex 76.22261333333334 60.39272533333334 1.9999573333333336
vertex 77.418368 60.35936 1.9999573333333336
vertex 77.40757333333335 60.3888 1.9999573333333336
endloop
endfacet
facet normal 0 0 1
outer loop
vertex 76.22261333333334 60.39272533333334 1.9999573333333336
vertex 77.40757333333335 60.3888 1.9999573333333336
vertex 77.39089066666668 60.427562666666674 1.9999573333333336
endloop
endfacet
facet normal 0 0 1
outer loop
vertex 76.22261333333334 60.39272533333334 1.9999573333333336
vertex 77.39089066666668 60.427562666666674 1.9999573333333336
vertex 74.36887466666667 60.427562666666674 1.9999573333333336
endloop
endfacet
facet normal 0 0 1
outer loop
vertex 1.3777920000000001 60.39272533333334 1.9999573333333336
vertex 0.20902400000000002 60.427562666666674 1.9999573333333336
vertex 0.19234133333333334 60.3888 1.9999573333333336
endloop
endfacet
facet normal 0 0 1
outer loop
vertex 1.3777920000000001 60.39272533333334 1.9999573333333336
vertex 0.19234133333333334 60.3888 1.9999573333333336
vertex 0.18203733333333336 60.35936 1.9999573333333336
endloop
endfacet
facet normal 0 0 1
outer loop
vertex 1.3777920000000001 60.39272533333334 1.9999573333333336
vertex 0.18203733333333336 60.35936 1.9999573333333336
vertex 3.0735360000000003 60.35936 1.9999573333333336
endloop
endfacet
facet normal 0 0 1
outer loop
vertex 1.3777920000000001 60.39272533333334 1.9999573333333336
vertex 3.0735360000000003 60.35936 1.9999573333333336
vertex 3.231530666666667 60.427562666666674 1.9999573333333336
endloop
endfacet
facet normal 0 0 1
outer loop
vertex 1.3777920000000001 60.39272533333334 1.9999573333333336
vertex 3.231530666666667 60.427562666666674 1.9999573333333336
vertex 0.20902400000000002 60.427562666666674 1.9999573333333336
endloop
endfacet
facet normal 0 0 0.9999999999999999
outer loop
vertex 74.52686933333334 60.35936 1.9999573333333336
vertex 74.67995733333333 60.28085333333334 1.9999573333333336
vertex 77.446336 60.28085333333334 1.9999573333333336
endloop
endfacet
facet normal 0 0 1
outer loop
vertex 74.52686933333334 60.35936 1.9999573333333336
vertex 77.446336 60.28085333333334 1.9999573333333336
vertex 77.418368 60.35936 1.9999573333333336
endloop
endfacet
facet normal 0 0 1
outer loop
vertex 0.18203733333333336 60.35936 1.9999573333333336
vertex 0.15357866666666667 60.28085333333334 1.9999573333333336
vertex 2.9199573333333335 60.28085333333334 1.9999573333333336
endloop
endfacet
facet normal 0 0 0.9999999999999999
outer loop
vertex 0.18203733333333336 60.35936 1.9999573333333336
vertex 2.9199573333333335 60.28085333333334 1.9999573333333336
vertex 3.0735360000000003 60.35936 1.9999573333333336
endloop
endfacet
facet normal 0 0 1
outer loop
vertex 76.379136 60.235221333333335 1.9999573333333336
vertex 74.67995733333333 60.28085333333334 1.9999573333333336
vertex 74.82813866666667 60.19351466666667 1.9999573333333336
endloop
endfacet
facet normal 0 0 1
outer loop
vertex 76.379136 60.235221333333335 1.9999573333333336
vertex 74.82813866666667 60.19351466666667 1.9999573333333336
vertex 77.47577600000001 60.19351466666667 1.9999573333333336
endloop
endfacet
facet normal 0 0 1
outer loop
vertex 76.379136 60.235221333333335 1.9999573333333336
vertex 77.47577600000001 60.19351466666667 1.9999573333333336
vertex 77.46596266666667 60.22688 1.9999573333333336
endloop
endfacet
facet normal 0 0 1
outer loop
vertex 76.379136 60.235221333333335 1.9999573333333336
vertex 77.46596266666667 60.22688 1.9999573333333336
vertex 77.446336 60.28085333333334 1.9999573333333336
endloop
endfacet
facet normal 0 0 1
outer loop
vertex 76.379136 60.235221333333335 1.9999573333333336
vertex 77.446336 60.28085333333334 1.9999573333333336
vertex 74.67995733333333 60.28085333333334 1.9999573333333336
endloop
endfacet
facet normal 0 0 1
outer loop
vertex 1.2207786666666667 60.235221333333335 1.9999573333333336
vertex 0.15357866666666667 60.28085333333334 1.9999573333333336
vertex 0.13395200000000002 60.22688 1.9999573333333336
endloop
endfacet
facet normal 0 0 1
outer loop
vertex 1.2207786666666667 60.235221333333335 1.9999573333333336
vertex 0.13395200000000002 60.22688 1.9999573333333336
vertex 0.12462933333333334 60.19351466666667 1.9999573333333336
endloop
endfacet
facet normal 0 0 1
outer loop
vertex 1.2207786666666667 60.235221333333335 1.9999573333333336
vertex 0.12462933333333334 60.19351466666667 1.9999573333333336
vertex 2.771776 60.19351466666667 1.9999573333333336
endloop
endfacet
facet normal 0 0 1
outer loop
vertex 1.2207786666666667 60.235221333333335 1.9999573333333336
vertex 2.771776 60.19351466666667 1.9999573333333336
vertex 2.9199573333333335 60.28085333333334 1.9999573333333336
endloop
endfacet
facet normal 0 0 1
outer loop
vertex 1.2207786666666667 60.235221333333335 1.9999573333333336
vertex 2.9199573333333335 60.28085333333334 1.9999573333333336
vertex 0.15357866666666667 60.28085333333334 1.9999573333333336
endloop
endfacet
facet normal 0 0 1
outer loop
vertex 74.82813866666667 60.19351466666667 1.9999573333333336
vertex 74.970432 60.096853333333335 1.9999573333333336
vertex 77.50374400000001 60.096853333333335 1.9999573333333336
endloop
endfacet
facet normal 0 0 1
outer loop
vertex 74.82813866666667 60.19351466666667 1.9999573333333336
vertex 77.50374400000001 60.096853333333335 1.9999573333333336
vertex 77.47577600000001 60.19351466666667 1.9999573333333336
endloop
endfacet
facet normal 0 0 1
outer loop
vertex 0.12462933333333334 60.19351466666667 1.9999573333333336
vertex 0.09617066666666667 60.096853333333335 1.9999573333333336
vertex 2.629482666666667 60.096853333333335 1.9999573333333336
endloop
endfacet
facet normal 0 0 1
outer loop
vertex 0.12462933333333334 60.19351466666667 1.9999573333333336
vertex 2.629482666666667 60.096853333333335 1.9999573333333336
vertex 2.771776 60.19351466666667 1.9999573333333336
endloop
endfacet
facet normal 0 0 1
outer loop
vertex 76.52486400000001 60.047786666666674 1.9999573333333336
vertex 74.970432 60.096853333333335 1.9999573333333336
vertex 75.10634666666667 59.99136000000001 1.9999573333333336
endloop
endfacet
facet normal 0 0 1
outer loop
vertex 76.52486400000001 60.047786666666674 1.9999573333333336
vertex 75.10634666666667 59.99136000000001 1.9999573333333336
vertex 77.52974933333334 59.99136000000001 1.9999573333333336
endloop
endfacet
facet normal 0 0 1
outer loop
vertex 76.52486400000001 60.047786666666674 1.9999573333333336
vertex 77.52974933333334 59.99136000000001 1.9999573333333336
vertex 77.514048 60.061525333333336 1.9999573333333336
endloop
endfacet
facet normal 0 0 1
outer loop
vertex 76.52486400000001 60.047786666666674 1.9999573333333336
vertex 77.514048 60.061525333333336 1.9999573333333336
vertex 77.50374400000001 60.096853333333335 1.9999573333333336
endloop
endfacet
facet normal 0 0 1
outer loop
vertex 76.52486400000001 60.047786666666674 1.9999573333333336
vertex 77.50374400000001 60.096853333333335 1.9999573333333336
vertex 74.970432 60.096853333333335 1.9999573333333336
endloop
endfacet
facet normal 0 0 1
outer loop
vertex 1.0750506666666668 60.047786666666674 1.9999573333333336
vertex 0.09617066666666667 60.096853333333335 1.9999573333333336
vertex 0.08586666666666667 60.061525333333336 1.9999573333333336
endloop
endfacet
facet normal 0 0 1
outer loop
vertex 1.0750506666666668 60.047786666666674 1.9999573333333336
vertex 0.08586666666666667 60.061525333333336 1.9999573333333336
vertex 0.07016533333333334 59.99136000000001 1.9999573333333336
endloop
endfacet
facet normal 0 0 1
outer loop
vertex 1.0750506666666668 60.047786666666674 1.9999573333333336
vertex 0.07016533333333334 59.99136000000001 1.9999573333333336
vertex 2.4935680000000002 59.99136000000001 1.9999573333333336
endloop
endfacet
facet normal 0 0 1
outer loop
vertex 1.0750506666666668 60.047786666666674 1.9999573333333336
vertex 2.4935680000000002 59.99136000000001 1.9999573333333336
vertex 2.629482666666667 60.096853333333335 1.9999573333333336
endloop
endfacet
facet normal 0 0 1
outer loop
vertex 1.0750506666666668 60.047786666666674 1.9999573333333336
vertex 2.629482666666667 60.096853333333335 1.9999573333333336
vertex 0.09617066666666667 60.096853333333335 1.9999573333333336
endloop
endfacet
facet normal 0 0 0.9999999999999999
outer loop
vertex 76.59552000000001 59.926101333333335 1.9999573333333336
vertex 75.10634666666667 59.99136000000001 1.9999573333333336
vertex 75.23588266666667 59.87752533333334 1.9999573333333336
endloop
endfacet
facet normal 0 0 1
outer loop
vertex 76.59552000000001 59.926101333333335 1.9999573333333336
vertex 75.23588266666667 59.87752533333334 1.9999573333333336
vertex 77.553792 59.87752533333334 1.9999573333333336
endloop
endfacet
facet normal 0 0 1
outer loop
vertex 76.59552000000001 59.926101333333335 1.9999573333333336
vertex 77.553792 59.87752533333334 1.9999573333333336
vertex 77.55133866666667 59.89322666666667 1.9999573333333336
endloop
endfacet
facet normal 0 0 1
outer loop
vertex 76.59552000000001 59.926101333333335 1.9999573333333336
vertex 77.55133866666667 59.89322666666667 1.9999573333333336
vertex 77.52974933333334 59.99136000000001 1.9999573333333336
endloop
endfacet
facet normal 0 0 1
outer loop
vertex 76.59552000000001 59.926101333333335 1.9999573333333336
vertex 77.52974933333334 59.99136000000001 1.9999573333333336
vertex 75.10634666666667 59.99136000000001 1.9999573333333336
endloop
endfacet
facet normal 0 0 0.9999999999999999
outer loop
vertex 1.0043946666666668 59.926101333333335 1.9999573333333336
vertex 0.07016533333333334 59.99136000000001 1.9999573333333336
vertex 0.048576 59.89322666666667 1.9999573333333336
endloop
endfacet
facet normal 0 0 1
outer loop
vertex 1.0043946666666668 59.926101333333335 1.9999573333333336
vertex 0.048576 59.89322666666667 1.9999573333333336
vertex 0.04612266666666667 59.87752533333334 1.9999573333333336
endloop
endfacet
facet normal 0 0 1
outer loop
vertex 1.0043946666666668 59.926101333333335 1.9999573333333336
vertex 0.04612266666666667 59.87752533333334 1.9999573333333336
vertex 2.3645226666666668 59.87752533333334 1.9999573333333336
endloop
endfacet
facet normal 0 0 1
outer loop
vertex 1.0043946666666668 59.926101333333335 1.9999573333333336
vertex 2.3645226666666668 59.87752533333334 1.9999573333333336
vertex 2.4935680000000002 59.99136000000001 1.9999573333333336
endloop
endfacet
facet normal 0 0 1
outer loop
vertex 1.0043946666666668 59.926101333333335 1.9999573333333336
vertex 2.4935680000000002 59.99136000000001 1.9999573333333336
vertex 0.07016533333333334 59.99136000000001 1.9999573333333336
endloop
endfacet
facet normal 0 0 1
outer loop
vertex 75.23588266666667 59.87752533333334 1.9999573333333336
vertex 75.357568 59.755840000000006 1.9999573333333336
vertex 77.57341866666667 59.755840000000006 1.9999573333333336
endloop
endfacet
facet normal 0 0 1
outer loop
vertex 75.23588266666667 59.87752533333334 1.9999573333333336
vertex 77.57341866666667 59.755840000000006 1.9999573333333336
vertex 77.553792 59.87752533333334 1.9999573333333336
endloop
endfacet
facet normal 0 0 0.9999999999999999
outer loop
vertex 0.04612266666666667 59.87752533333334 1.9999573333333336
vertex 0.026496000000000002 59.755840000000006 1.9999573333333336
vertex 2.2428373333333336 59.755840000000006 1.9999573333333336
endloop
endfacet
facet normal 0 0 1
outer loop
vertex 0.04612266666666667 59.87752533333334 1.9999573333333336
vertex 2.2428373333333336 59.755840000000006 1.9999573333333336
vertex 2.3645226666666668 59.87752533333334 1.9999573333333336
endloop
endfacet
facet normal 0 0 1
outer loop
vertex 76.71377066666668 59.69745066666667 1.9999573333333336
vertex 75.357568 59.755840000000006 1.9999573333333336
vertex 75.47140266666668 59.626304000000005 1.9999573333333336
endloop
endfacet
facet normal 0 0 1
outer loop
vertex 76.71377066666668 59.69745066666667 1.9999573333333336
vertex 75.47140266666668 59.626304000000005 1.9999573333333336
vertex 77.587648 59.626304000000005 1.9999573333333336
endloop
endfacet
facet normal 0 0 1
outer loop
vertex 76.71377066666668 59.69745066666667 1.9999573333333336
vertex 77.587648 59.626304000000005 1.9999573333333336
vertex 77.57832533333334 59.723456000000006 1.9999573333333336
endloop
endfacet
facet normal 0 0 1
outer loop
vertex 76.71377066666668 59.69745066666667 1.9999573333333336
vertex 77.57832533333334 59.723456000000006 1.9999573333333336
vertex 77.57341866666667 59.755840000000006 1.9999573333333336
endloop
endfacet
facet normal 0 0 1
outer loop
vertex 76.71377066666668 59.69745066666667 1.9999573333333336
vertex 77.57341866666667 59.755840000000006 1.9999573333333336
vertex 75.357568 59.755840000000006 1.9999573333333336
endloop
endfacet
facet normal 0 0 1
outer loop
vertex 0.8866346666666667 59.69745066666667 1.9999573333333336
vertex 0.026496000000000002 59.755840000000006 1.9999573333333336
vertex 0.021589333333333335 59.723456000000006 1.9999573333333336
endloop
endfacet
facet normal 0 0 1
outer loop
vertex 0.8866346666666667 59.69745066666667 1.9999573333333336
vertex 0.021589333333333335 59.723456000000006 1.9999573333333336
vertex 0.012266666666666667 59.626304000000005 1.9999573333333336
endloop
endfacet
facet normal 0 0 1
outer loop
vertex 0.8866346666666667 59.69745066666667 1.9999573333333336
vertex 0.012266666666666667 59.626304000000005 1.9999573333333336
vertex 2.129002666666667 59.626304000000005 1.9999573333333336
endloop
endfacet
facet normal 0 0 1
outer loop
vertex 0.8866346666666667 59.69745066666667 1.9999573333333336
vertex 2.129002666666667 59.626304000000005 1.9999573333333336
vertex 2.2428373333333336 59.755840000000006 1.9999573333333336
endloop
endfacet
facet normal 0 0 1
outer loop
vertex 0.8866346666666667 59.69745066666667 1.9999573333333336
vertex 2.2428373333333336 59.755840000000006 1.9999573333333336
vertex 0.026496000000000002 59.755840000000006 1.9999573333333336
endloop
endfacet
facet normal 0 0 0.9999999999999999
outer loop
vertex 76.76529066666667 59.557120000000005 1.9999573333333336
vertex 75.47140266666668 59.626304000000005 1.9999573333333336
vertex 75.576896 59.49038933333334 1.9999573333333336
endloop
endfacet
facet normal 0 0 1
outer loop
vertex 76.76529066666667 59.557120000000005 1.9999573333333336
vertex 75.576896 59.49038933333334 1.9999573333333336
vertex 77.59648 59.49038933333334 1.9999573333333336
endloop
endfacet
facet normal 0 0 0.9999999999999999
outer loop
vertex 76.76529066666667 59.557120000000005 1.9999573333333336
vertex 77.59648 59.49038933333334 1.9999573333333336
vertex 77.59451733333334 59.552213333333334 1.9999573333333336
endloop
endfacet
facet normal 0 0 1
outer loop
vertex 76.76529066666667 59.557120000000005 1.9999573333333336
vertex 77.59451733333334 59.552213333333334 1.9999573333333336
vertex 77.587648 59.626304000000005 1.9999573333333336
endloop
endfacet
facet normal 0 0 1
outer loop
vertex 76.76529066666667 59.557120000000005 1.9999573333333336
vertex 77.587648 59.626304000000005 1.9999573333333336
vertex 75.47140266666668 59.626304000000005 1.9999573333333336
endloop
endfacet
facet normal 0 0 1
outer loop
vertex 0.834624 59.557120000000005 1.9999573333333336
vertex 0.012266666666666667 59.626304000000005 1.9999573333333336
vertex 0.005397333333333334 59.552213333333334 1.9999573333333336
endloop
endfacet
facet normal 0 0 1
outer loop
vertex 0.834624 59.557120000000005 1.9999573333333336
vertex 0.005397333333333334 59.552213333333334 1.9999573333333336
vertex 0.003434666666666667 59.49038933333334 1.9999573333333336
endloop
endfacet
facet normal 0 0 1
outer loop
vertex 0.834624 59.557120000000005 1.9999573333333336
vertex 0.003434666666666667 59.49038933333334 1.9999573333333336
vertex 2.0235093333333336 59.49038933333334 1.9999573333333336
endloop
endfacet
facet normal 0 0 1
outer loop
vertex 0.834624 59.557120000000005 1.9999573333333336
vertex 2.0235093333333336 59.49038933333334 1.9999573333333336
vertex 2.129002666666667 59.626304000000005 1.9999573333333336
endloop
endfacet
facet normal 0 0 1
outer loop
vertex 0.834624 59.557120000000005 1.9999573333333336
vertex 2.129002666666667 59.626304000000005 1.9999573333333336
vertex 0.012266666666666667 59.626304000000005 1.9999573333333336
endloop
endfacet
facet normal 0 0 1
outer loop
vertex 76.80945066666668 59.411392000000006 1.9999573333333336
vertex 75.576896 59.49038933333334 1.9999573333333336
vertex 75.67355733333333 59.348096000000005 1.9999573333333336
endloop
endfacet
facet normal 0 0 0.9999999999999999
outer loop
vertex 76.80945066666668 59.411392000000006 1.9999573333333336
vertex 75.67355733333333 59.348096000000005 1.9999573333333336
vertex 77.59991466666668 59.348096000000005 1.9999573333333336
endloop
endfacet
facet normal 0 0 0.9999999999999999
outer loop
vertex 76.80945066666668 59.411392000000006 1.9999573333333336
vertex 77.59991466666668 59.348096000000005 1.9999573333333336
vertex 77.59991466666668 59.379989333333334 1.9999573333333336
endloop
endfacet
facet normal 0 0 1
outer loop
vertex 76.80945066666668 59.411392000000006 1.9999573333333336
vertex 77.59991466666668 59.379989333333334 1.9999573333333336
vertex 77.59648 59.49038933333334 1.9999573333333336
endloop
endfacet
facet normal 0 0 1
outer loop
vertex 76.80945066666668 59.411392000000006 1.9999573333333336
vertex 77.59648 59.49038933333334 1.9999573333333336
vertex 75.576896 59.49038933333334 1.9999573333333336
endloop
endfacet
facet normal 0 0 1
outer loop
vertex 0.790464 59.411392000000006 1.9999573333333336
vertex 0.003434666666666667 59.49038933333334 1.9999573333333336
vertex 0 59.379989333333334 1.9999573333333336
endloop
endfacet
facet normal 0 0 0.9999999999999999
outer loop
vertex 0.790464 59.411392000000006 1.9999573333333336
vertex 0 59.379989333333334 1.9999573333333336
vertex 0 59.348096000000005 1.9999573333333336
endloop
endfacet
facet normal 0 0 0.9999999999999999
outer loop
vertex 0.790464 59.411392000000006 1.9999573333333336
vertex 0 59.348096000000005 1.9999573333333336
vertex 1.9263573333333335 59.348096000000005 1.9999573333333336
endloop
endfacet
facet normal 0 0 1
outer loop
vertex 0.790464 59.411392000000006 1.9999573333333336
vertex 1.9263573333333335 59.348096000000005 1.9999573333333336
vertex 2.0235093333333336 59.49038933333334 1.9999573333333336
endloop
endfacet
facet normal 0 0 1
outer loop
vertex 0.790464 59.411392000000006 1.9999573333333336
vertex 2.0235093333333336 59.49038933333334 1.9999573333333336
vertex 0.003434666666666667 59.49038933333334 1.9999573333333336
endloop
endfacet
facet normal 0 0 1
outer loop
vertex 75.67355733333333 59.348096000000005 1.9999573333333336
vertex 75.760896 59.19991466666667 1.9999573333333336
vertex 77.59991466666668 59.19991466666667 1.9999573333333336
endloop
endfacet
facet normal 0 0 1
outer loop
vertex 75.67355733333333 59.348096000000005 1.9999573333333336
vertex 77.59991466666668 59.19991466666667 1.9999573333333336
vertex 77.59991466666668 59.348096000000005 1.9999573333333336
endloop
endfacet
facet normal 0 0 1
outer loop
vertex 0 59.348096000000005 1.9999573333333336
vertex 0 59.19991466666667 1.9999573333333336
vertex 1.8390186666666668 59.19991466666667 1.9999573333333336
endloop
endfacet
facet normal 0 0 1
outer loop
vertex 0 59.348096000000005 1.9999573333333336
vertex 1.8390186666666668 59.19991466666667 1.9999573333333336
vertex 1.9263573333333335 59.348096000000005 1.9999573333333336
endloop
endfacet
facet normal 0 0 1
outer loop
vertex 75.760896 59.19991466666667 1.9999573333333336
vertex 75.83940266666667 59.04682666666667 1.9999573333333336
vertex 77.59991466666668 59.04682666666667 1.9999573333333336
endloop
endfacet
facet normal 0 0 1
outer loop
vertex 75.760896 59.19991466666667 1.9999573333333336
vertex 77.59991466666668 59.04682666666667 1.9999573333333336
vertex 77.59991466666668 59.19991466666667 1.9999573333333336
endloop
endfacet
facet normal 0 0 1
outer loop
vertex 0 59.19991466666667 1.9999573333333336
vertex 0 59.04682666666667 1.9999573333333336
vertex 1.7610026666666667 59.04682666666667 1.9999573333333336
endloop
endfacet
facet normal 0 0 1
outer loop
vertex 0 59.19991466666667 1.9999573333333336
vertex 1.7610026666666667 59.04682666666667 1.9999573333333336
vertex 1.8390186666666668 59.19991466666667 1.9999573333333336
endloop
endfacet
facet normal 0 0 1
outer loop
vertex 75.83940266666667 59.04682666666667 1.9999573333333336
vertex 75.90760533333334 58.88883200000001 1.9999573333333336
vertex 77.59991466666668 58.88883200000001 1.9999573333333336
endloop
endfacet
facet normal 0 0 1
outer loop
vertex 75.83940266666667 59.04682666666667 1.9999573333333336
vertex 77.59991466666668 58.88883200000001 1.9999573333333336
vertex 77.59991466666668 59.04682666666667 1.9999573333333336
endloop
endfacet
facet normal 0 0 1
outer loop
vertex 0 59.04682666666667 1.9999573333333336
vertex 0 58.88883200000001 1.9999573333333336
vertex 1.6923093333333334 58.88883200000001 1.9999573333333336
endloop
endfacet
facet normal 0 0 1
outer loop
vertex 0 59.04682666666667 1.9999573333333336
vertex 1.6923093333333334 58.88883200000001 1.9999573333333336
vertex 1.7610026666666667 59.04682666666667 1.9999573333333336
endloop
endfacet
facet normal 0 0 1
outer loop
vertex 75.90760533333334 58.88883200000001 1.9999573333333336
vertex 75.96599466666667 58.726912000000006 1.9999573333333336
vertex 77.59991466666668 58.726912000000006 1.9999573333333336
endloop
endfacet
facet normal 0 0 1
outer loop
vertex 75.90760533333334 58.88883200000001 1.9999573333333336
vertex 77.59991466666668 58.726912000000006 1.9999573333333336
vertex 77.59991466666668 58.88883200000001 1.9999573333333336
endloop
endfacet
facet normal 0 0 1
outer loop
vertex 0 58.88883200000001 1.9999573333333336
vertex 0 58.726912000000006 1.9999573333333336
vertex 1.63392 58.726912000000006 1.9999573333333336
endloop
endfacet
facet normal 0 0 1
outer loop
vertex 0 58.88883200000001 1.9999573333333336
vertex 1.63392 58.726912000000006 1.9999573333333336
vertex 1.6923093333333334 58.88883200000001 1.9999573333333336
endloop
endfacet
facet normal 0 0 1
outer loop
vertex 75.96599466666667 58.726912000000006 1.9999573333333336
vertex 76.01408 58.56155733333334 1.9999573333333336
vertex 77.59991466666668 58.56155733333334 1.9999573333333336
endloop
endfacet
facet normal 0 0 1
outer loop
vertex 75.96599466666667 58.726912000000006 1.9999573333333336
vertex 77.59991466666668 58.56155733333334 1.9999573333333336
vertex 77.59991466666668 58.726912000000006 1.9999573333333336
endloop
endfacet
facet normal 0 0 1
outer loop
vertex 0 58.726912000000006 1.9999573333333336
vertex 0 58.56155733333334 1.9999573333333336
vertex 1.5863253333333334 58.56155733333334 1.9999573333333336
endloop
endfacet
facet normal 0 0 1
outer loop
vertex 0 58.726912000000006 1.9999573333333336
vertex 1.5863253333333334 58.56155733333334 1.9999573333333336
vertex 1.63392 58.726912000000006 1.9999573333333336
endloop
endfacet
facet normal 0 0 1
outer loop
vertex 76.01408 58.56155733333334 1.9999573333333336
vertex 76.05137066666667 58.39325866666667 1.9999573333333336
vertex 77.59991466666668 58.39325866666667 1.9999573333333336
endloop
endfacet
facet normal 0 0 1
outer loop
vertex 76.01408 58.56155733333334 1.9999573333333336
vertex 77.59991466666668 58.39325866666667 1.9999573333333336
vertex 77.59991466666668 58.56155733333334 1.9999573333333336
endloop
endfacet
facet normal 0 0 1
outer loop
vertex 0 58.56155733333334 1.9999573333333336
vertex 0 58.39325866666667 1.9999573333333336
vertex 1.5485440000000001 58.39325866666667 1.9999573333333336
endloop
endfacet
facet normal 0 0 1
outer loop
vertex 0 58.56155733333334 1.9999573333333336
vertex 1.5485440000000001 58.39325866666667 1.9999573333333336
vertex 1.5863253333333334 58.56155733333334 1.9999573333333336
endloop
endfacet
facet normal 0 0 1
outer loop
vertex 76.05137066666667 58.39325866666667 1.9999573333333336
vertex 76.07835733333334 58.223488 1.9999573333333336
vertex 77.59991466666668 58.223488 1.9999573333333336
endloop
endfacet
facet normal 0 0 1
outer loop
vertex 76.05137066666667 58.39325866666667 1.9999573333333336
vertex 77.59991466666668 58.223488 1.9999573333333336
vertex 77.59991466666668 58.39325866666667 1.9999573333333336
endloop
endfacet
facet normal 0 0 1
outer loop
vertex 0 58.39325866666667 1.9999573333333336
vertex 0 58.223488 1.9999573333333336
vertex 1.5215573333333334 58.223488 1.9999573333333336
endloop
endfacet
facet normal 0 0 1
outer loop
vertex 0 58.39325866666667 1.9999573333333336
vertex 1.5215573333333334 58.223488 1.9999573333333336
vertex 1.5485440000000001 58.39325866666667 1.9999573333333336
endloop
endfacet
facet normal 0 0 1
outer loop
vertex 76.07835733333334 58.223488 1.9999573333333336
vertex 76.09454933333333 58.05224533333334 1.9999573333333336
vertex 77.59991466666668 58.05224533333334 1.9999573333333336
endloop
endfacet
facet normal 0 0 1
outer loop
vertex 76.07835733333334 58.223488 1.9999573333333336
vertex 77.59991466666668 58.05224533333334 1.9999573333333336
vertex 77.59991466666668 58.223488 1.9999573333333336
endloop
endfacet
facet normal 0 0 1
outer loop
vertex 0 58.223488 1.9999573333333336
vertex 0 58.05224533333334 1.9999573333333336
vertex 1.5053653333333334 58.05224533333334 1.9999573333333336
endloop
endfacet
facet normal 0 0 1
outer loop
vertex 0 58.223488 1.9999573333333336
vertex 1.5053653333333334 58.05224533333334 1.9999573333333336
vertex 1.5215573333333334 58.223488 1.9999573333333336
endloop
endfacet
facet normal 0 0 1
outer loop
vertex 76.09454933333333 58.05224533333334 1.9999573333333336
vertex 76.09994666666667 57.88002133333334 1.9999573333333336
vertex 77.59991466666668 57.88002133333334 1.9999573333333336
endloop
endfacet
facet normal 0 0 1
outer loop
vertex 76.09454933333333 58.05224533333334 1.9999573333333336
vertex 77.59991466666668 57.88002133333334 1.9999573333333336
vertex 77.59991466666668 58.05224533333334 1.9999573333333336
endloop
endfacet
facet normal 0 0 1
outer loop
vertex 0 58.05224533333334 1.9999573333333336
vertex 0 57.88002133333334 1.9999573333333336
vertex 1.4999680000000002 57.88002133333334 1.9999573333333336
endloop
endfacet
facet normal 0 0 1
outer loop
vertex 0 58.05224533333334 1.9999573333333336
vertex 1.4999680000000002 57.88002133333334 1.9999573333333336
vertex 1.5053653333333334 58.05224533333334 1.9999573333333336
endloop
endfacet
facet normal 0 0 1
outer loop
vertex 76.09994666666667 57.88002133333334 1.9999573333333336
vertex 76.09994666666667 9.720106666666668 1.9999573333333336
vertex 77.59991466666668 9.720106666666668 1.9999573333333336
endloop
endfacet
facet normal 0 0 1
outer loop
vertex 76.09994666666667 57.88002133333334 1.9999573333333336
vertex 77.59991466666668 9.720106666666668 1.9999573333333336
vertex 77.59991466666668 57.88002133333334 1.9999573333333336
endloop
endfacet
facet normal 0 0 1
outer loop
vertex 0 57.88002133333334 1.9999573333333336
vertex 0 9.720106666666668 1.9999573333333336
vertex 1.4999680000000002 9.720106666666668 1.9999573333333336
endloop
endfacet
facet normal 0 0 1
outer loop
vertex 0 57.88002133333334 1.9999573333333336
vertex 1.4999680000000002 9.720106666666668 1.9999573333333336
vertex 1.4999680000000002 57.88002133333334 1.9999573333333336
endloop
endfacet
facet normal 0 0 1
outer loop
vertex 76.09994666666667 9.720106666666668 1.9999573333333336
vertex 76.09454933333333 9.547882666666668 1.9999573333333336
vertex 77.59991466666668 9.547882666666668 1.9999573333333336
endloop
endfacet
facet normal 0 0 1
outer loop
vertex 76.09994666666667 9.720106666666668 1.9999573333333336
vertex 77.59991466666668 9.547882666666668 1.9999573333333336
vertex 77.59991466666668 9.720106666666668 1.9999573333333336
endloop
endfacet
facet normal 0 0 1
outer loop
vertex 0 9.720106666666668 1.9999573333333336
vertex 0 9.547882666666668 1.9999573333333336
vertex 1.5053653333333334 9.547882666666668 1.9999573333333336
endloop
endfacet
facet normal 0 0 1
outer loop
vertex 0 9.720106666666668 1.9999573333333336
vertex 1.5053653333333334 9.547882666666668 1.9999573333333336
vertex 1.4999680000000002 9.720106666666668 1.9999573333333336
endloop
endfacet
facet normal 0 0 1
outer loop
vertex 76.09454933333333 9.547882666666668 1.9999573333333336
vertex 76.07835733333334 9.37664 1.9999573333333336
vertex 77.59991466666668 9.37664 1.9999573333333336
endloop
endfacet
facet normal 0 0 1
outer loop
vertex 76.09454933333333 9.547882666666668 1.9999573333333336
vertex 77.59991466666668 9.37664 1.9999573333333336
vertex 77.59991466666668 9.547882666666668 1.9999573333333336
endloop
endfacet
facet normal 0 0 1
outer loop
vertex 0 9.547882666666668 1.9999573333333336
vertex 0 9.37664 1.9999573333333336
vertex 1.5215573333333334 9.37664 1.9999573333333336
endloop
endfacet
facet normal 0 0 1
outer loop
vertex 0 9.547882666666668 1.9999573333333336
vertex 1.5215573333333334 9.37664 1.9999573333333336
vertex 1.5053653333333334 9.547882666666668 1.9999573333333336
endloop
endfacet
facet normal 0 0 1
outer loop
vertex 76.07835733333334 9.37664 1.9999573333333336
vertex 76.05137066666667 9.206378666666668 1.9999573333333336
vertex 77.59991466666668 9.206378666666668 1.9999573333333336
endloop
endfacet
facet normal 0 0 1
outer loop
vertex 76.07835733333334 9.37664 1.9999573333333336
vertex 77.59991466666668 9.206378666666668 1.9999573333333336
vertex 77.59991466666668 9.37664 1.9999573333333336
endloop
endfacet
facet normal 0 0 1
outer loop
vertex 0 9.37664 1.9999573333333336
vertex 0 9.206378666666668 1.9999573333333336
vertex 1.5485440000000001 9.206378666666668 1.9999573333333336
endloop
endfacet
facet normal 0 0 1
outer loop
vertex 0 9.37664 1.9999573333333336
vertex 1.5485440000000001 9.206378666666668 1.9999573333333336
vertex 1.5215573333333334 9.37664 1.9999573333333336
endloop
endfacet
facet normal 0 0 1
outer loop
vertex 76.05137066666667 9.206378666666668 1.9999573333333336
vertex 76.01408 9.038570666666667 1.9999573333333336
vertex 77.59991466666668 9.038570666666667 1.9999573333333336
endloop
endfacet
facet normal 0 0 1
outer loop
vertex 76.05137066666667 9.206378666666668 1.9999573333333336
vertex 77.59991466666668 9.038570666666667 1.9999573333333336
vertex 77.59991466666668 9.206378666666668 1.9999573333333336
endloop
endfacet
facet normal 0 0 0.9999999999999999
outer loop
vertex 0 9.206378666666668 1.9999573333333336
vertex 0 9.038570666666667 1.9999573333333336
vertex 1.5863253333333334 9.038570666666667 1.9999573333333336
endloop
endfacet
facet normal 0 0 1
outer loop
vertex 0 9.206378666666668 1.9999573333333336
vertex 1.5863253333333334 9.038570666666667 1.9999573333333336
vertex 1.5485440000000001 9.206378666666668 1.9999573333333336
endloop
endfacet
facet normal 0 0 1
outer loop
vertex 76.01408 9.038570666666667 1.9999573333333336
vertex 75.96599466666667 8.873216000000001 1.9999573333333336
vertex 77.59991466666668 8.873216000000001 1.9999573333333336
endloop
endfacet
facet normal 0 0 1
outer loop
vertex 76.01408 9.038570666666667 1.9999573333333336
vertex 77.59991466666668 8.873216000000001 1.9999573333333336
vertex 77.59991466666668 9.038570666666667 1.9999573333333336
endloop
endfacet
facet normal 0 0 1
outer loop
vertex 0 9.038570666666667 1.9999573333333336
vertex 0 8.873216000000001 1.9999573333333336
vertex 1.63392 8.873216000000001 1.9999573333333336
endloop
endfacet
facet normal 0 0 1
outer loop
vertex 0 9.038570666666667 1.9999573333333336
vertex 1.63392 8.873216000000001 1.9999573333333336
vertex 1.5863253333333334 9.038570666666667 1.9999573333333336
endloop
endfacet
facet normal 0 0 1
outer loop
vertex 75.96599466666667 8.873216000000001 1.9999573333333336
vertex 75.90760533333334 8.711296 1.9999573333333336
vertex 77.59991466666668 8.711296 1.9999573333333336
endloop
endfacet
facet normal 0 0 1
outer loop
vertex 75.96599466666667 8.873216000000001 1.9999573333333336
vertex 77.59991466666668 8.711296 1.9999573333333336
vertex 77.59991466666668 8.873216000000001 1.9999573333333336
endloop
endfacet
facet normal 0 0 1
outer loop
vertex 0 8.873216000000001 1.9999573333333336
vertex 0 8.711296 1.9999573333333336
vertex 1.6923093333333334 8.711296 1.9999573333333336
endloop
endfacet
facet normal 0 0 1
outer loop
vertex 0 8.873216000000001 1.9999573333333336
vertex 1.6923093333333334 8.711296 1.9999573333333336
vertex 1.63392 8.873216000000001 1.9999573333333336
endloop
endfacet
facet normal 0 0 1
outer loop
vertex 75.90760533333334 8.711296 1.9999573333333336
vertex 75.83940266666667 8.553301333333334 1.9999573333333336
vertex 77.59991466666668 8.553301333333334 1.9999573333333336
endloop
endfacet
facet normal 0 0 1
outer loop
vertex 75.90760533333334 8.711296 1.9999573333333336
vertex 77.59991466666668 8.553301333333334 1.9999573333333336
vertex 77.59991466666668 8.711296 1.9999573333333336
endloop
endfacet
facet normal 0 0 1
outer loop
vertex 0 8.711296 1.9999573333333336
vertex 0 8.553301333333334 1.9999573333333336
vertex 1.7610026666666667 8.553301333333334 1.9999573333333336
endloop
endfacet
facet normal 0 0 1
outer loop
vertex 0 8.711296 1.9999573333333336
vertex 1.7610026666666667 8.553301333333334 1.9999573333333336
vertex 1.6923093333333334 8.711296 1.9999573333333336
endloop
endfacet
facet normal 0 0 1
outer loop
vertex 75.83940266666667 8.553301333333334 1.9999573333333336
vertex 75.760896 8.400213333333333 1.9999573333333336
vertex 77.59991466666668 8.400213333333333 1.9999573333333336
endloop
endfacet
facet normal 0 0 1
outer loop
vertex 75.83940266666667 8.553301333333334 1.9999573333333336
vertex 77.59991466666668 8.400213333333333 1.9999573333333336
vertex 77.59991466666668 8.553301333333334 1.9999573333333336
endloop
endfacet
facet normal 0 0 1
outer loop
vertex 0 8.553301333333334 1.9999573333333336
vertex 0 8.400213333333333 1.9999573333333336
vertex 1.8390186666666668 8.400213333333333 1.9999573333333336
endloop
endfacet
facet normal 0 0 1
outer loop
vertex 0 8.553301333333334 1.9999573333333336
vertex 1.8390186666666668 8.400213333333333 1.9999573333333336
vertex 1.7610026666666667 8.553301333333334 1.9999573333333336
endloop
endfacet
facet normal 0 0 1
outer loop
vertex 75.760896 8.400213333333333 1.9999573333333336
vertex 75.67355733333333 8.252032 1.9999573333333336
vertex 77.59991466666668 8.252032 1.9999573333333336
endloop
endfacet
facet normal 0 0 1
outer loop
vertex 75.760896 8.400213333333333 1.9999573333333336
vertex 77.59991466666668 8.252032 1.9999573333333336
vertex 77.59991466666668 8.400213333333333 1.9999573333333336
endloop
endfacet
facet normal 0 0 1
outer loop
vertex 0 8.400213333333333 1.9999573333333336
vertex 0 8.252032 1.9999573333333336
vertex 1.9263573333333335 8.252032 1.9999573333333336
endloop
endfacet
facet normal 0 0 1
outer loop
vertex 0 8.400213333333333 1.9999573333333336
vertex 1.9263573333333335 8.252032 1.9999573333333336
vertex 1.8390186666666668 8.400213333333333 1.9999573333333336
endloop
endfacet
facet normal 0 0 0.9999999999999999
outer loop
vertex 76.80945066666668 8.188736 1.9999573333333336
vertex 75.67355733333333 8.252032 1.9999573333333336
vertex 75.576896 8.109248000000001 1.9999573333333336
endloop
endfacet
facet normal 0 0 1
outer loop
vertex 76.80945066666668 8.188736 1.9999573333333336
vertex 75.576896 8.109248000000001 1.9999573333333336
vertex 77.59648 8.109248000000001 1.9999573333333336
endloop
endfacet
facet normal 0 0 1
outer loop
vertex 76.80945066666668 8.188736 1.9999573333333336
vertex 77.59648 8.109248000000001 1.9999573333333336
vertex 77.59991466666668 8.220138666666667 1.9999573333333336
endloop
endfacet
facet normal 0 0 1
outer loop
vertex 76.80945066666668 8.188736 1.9999573333333336
vertex 77.59991466666668 8.220138666666667 1.9999573333333336
vertex 77.59991466666668 8.252032 1.9999573333333336
endloop
endfacet
facet normal 0 0 1
outer loop
vertex 76.80945066666668 8.188736 1.9999573333333336
vertex 77.59991466666668 8.252032 1.9999573333333336
vertex 75.67355733333333 8.252032 1.9999573333333336
endloop
endfacet
facet normal 0 0 1
outer loop
vertex 0.790464 8.188736 1.9999573333333336
vertex 0 8.252032 1.9999573333333336
vertex 0 8.220138666666667 1.9999573333333336
endloop
endfacet
facet normal 0 0 1
outer loop
vertex 0.790464 8.188736 1.9999573333333336
vertex 0 8.220138666666667 1.9999573333333336
vertex 0.003434666666666667 8.109248000000001 1.9999573333333336
endloop
endfacet
facet normal 0 0 1
outer loop
vertex 0.790464 8.188736 1.9999573333333336
vertex 0.003434666666666667 8.109248000000001 1.9999573333333336
vertex 2.0235093333333336 8.109248000000001 1.9999573333333336
endloop
endfacet
facet normal 0 0 1
outer loop
vertex 0.790464 8.188736 1.9999573333333336
vertex 2.0235093333333336 8.109248000000001 1.9999573333333336
vertex 1.9263573333333335 8.252032 1.9999573333333336
endloop
endfacet
facet normal 0 0 0.9999999999999999
outer loop
vertex 0.790464 8.188736 1.9999573333333336
vertex 1.9263573333333335 8.252032 1.9999573333333336
vertex 0 8.252032 1.9999573333333336
endloop
endfacet
facet normal 0 0 0.9999999999999999
outer loop
vertex 76.76529066666667 8.042517333333334 1.9999573333333336
vertex 75.576896 8.109248000000001 1.9999573333333336
vertex 75.47140266666668 7.973333333333334 1.9999573333333336
endloop
endfacet
facet normal 0 0 0.9999999999999999
outer loop
vertex 76.76529066666667 8.042517333333334 1.9999573333333336
vertex 75.47140266666668 7.973333333333334 1.9999573333333336
vertex 77.587648 7.973333333333334 1.9999573333333336
endloop
endfacet
facet normal 0 0 0.9999999999999999
outer loop
vertex 76.76529066666667 8.042517333333334 1.9999573333333336
vertex 77.587648 7.973333333333334 1.9999573333333336
vertex 77.59451733333334 8.047914666666667 1.9999573333333336
endloop
endfacet
facet normal 0 0 1
outer loop
vertex 76.76529066666667 8.042517333333334 1.9999573333333336
vertex 77.59451733333334 8.047914666666667 1.9999573333333336
vertex 77.59648 8.109248000000001 1.9999573333333336
endloop
endfacet
facet normal 0 0 1
outer loop
vertex 76.76529066666667 8.042517333333334 1.9999573333333336
vertex 77.59648 8.109248000000001 1.9999573333333336
vertex 75.576896 8.109248000000001 1.9999573333333336
endloop
endfacet
facet normal 0 0 1
outer loop
vertex 0.834624 8.042517333333334 1.9999573333333336
vertex 0.003434666666666667 8.109248000000001 1.9999573333333336
vertex 0.005397333333333334 8.047914666666667 1.9999573333333336
endloop
endfacet
facet normal 0 0 0.9999999999999999
outer loop
vertex 0.834624 8.042517333333334 1.9999573333333336
vertex 0.005397333333333334 8.047914666666667 1.9999573333333336
vertex 0.012266666666666667 7.973333333333334 1.9999573333333336
endloop
endfacet
facet normal 0 0 1
outer loop
vertex 0.834624 8.042517333333334 1.9999573333333336
vertex 0.012266666666666667 7.973333333333334 1.9999573333333336
vertex 2.129002666666667 7.973333333333334 1.9999573333333336
endloop
endfacet
facet normal 0 0 1
outer loop
vertex 0.834624 8.042517333333334 1.9999573333333336
vertex 2.129002666666667 7.973333333333334 1.9999573333333336
vertex 2.0235093333333336 8.109248000000001 1.9999573333333336
endloop
endfacet
facet normal 0 0 1
outer loop
vertex 0.834624 8.042517333333334 1.9999573333333336
vertex 2.0235093333333336 8.109248000000001 1.9999573333333336
vertex 0.003434666666666667 8.109248000000001 1.9999573333333336
endloop
endfacet
facet normal 0 0 1
outer loop
vertex 76.71377066666668 7.902186666666667 1.9999573333333336
vertex 75.47140266666668 7.973333333333334 1.9999573333333336
vertex 75.357568 7.844288000000001 1.9999573333333336
endloop
endfacet
facet normal 0 0 1
outer loop
vertex 76.71377066666668 7.902186666666667 1.9999573333333336
vertex 75.357568 7.844288000000001 1.9999573333333336
vertex 77.57341866666667 7.844288000000001 1.9999573333333336
endloop
endfacet
facet normal 0 0 1
outer loop
vertex 76.71377066666668 7.902186666666667 1.9999573333333336
vertex 77.57341866666667 7.844288000000001 1.9999573333333336
vertex 77.57832533333334 7.876672000000001 1.9999573333333336
endloop
endfacet
facet normal 0 0 1
outer loop
vertex 76.71377066666668 7.902186666666667 1.9999573333333336
vertex 77.57832533333334 7.876672000000001 1.9999573333333336
vertex 77.587648 7.973333333333334 1.9999573333333336
endloop
endfacet
facet normal 0 0 1
outer loop
vertex 76.71377066666668 7.902186666666667 1.9999573333333336
vertex 77.587648 7.973333333333334 1.9999573333333336
vertex 75.47140266666668 7.973333333333334 1.9999573333333336
endloop
endfacet
facet normal 0 0 1
outer loop
vertex 0.8866346666666667 7.902186666666667 1.9999573333333336
vertex 0.012266666666666667 7.973333333333334 1.9999573333333336
vertex 0.021589333333333335 7.876672000000001 1.9999573333333336
endloop
endfacet
facet normal 0 0 1
outer loop
vertex 0.8866346666666667 7.902186666666667 1.9999573333333336
vertex 0.021589333333333335 7.876672000000001 1.9999573333333336
vertex 0.026496000000000002 7.844288000000001 1.9999573333333336
endloop
endfacet
facet normal 0 0 1
outer loop
vertex 0.8866346666666667 7.902186666666667 1.9999573333333336
vertex 0.026496000000000002 7.844288000000001 1.9999573333333336
vertex 2.2428373333333336 7.844288000000001 1.9999573333333336
endloop
endfacet
facet normal 0 0 1
outer loop
vertex 0.8866346666666667 7.902186666666667 1.9999573333333336
vertex 2.2428373333333336 7.844288000000001 1.9999573333333336
vertex 2.129002666666667 7.973333333333334 1.9999573333333336
endloop
endfacet
facet normal 0 0 1
outer loop
vertex 0.8866346666666667 7.902186666666667 1.9999573333333336
vertex 2.129002666666667 7.973333333333334 1.9999573333333336
vertex 0.012266666666666667 7.973333333333334 1.9999573333333336
endloop
endfacet
facet normal 0 0 1
outer loop
vertex 75.357568 7.844288000000001 1.9999573333333336
vertex 75.23588266666667 7.722602666666667 1.9999573333333336
vertex 77.553792 7.722602666666667 1.9999573333333336
endloop
endfacet
facet normal 0 0 1
outer loop
vertex 75.357568 7.844288000000001 1.9999573333333336
vertex 77.553792 7.722602666666667 1.9999573333333336
vertex 77.57341866666667 7.844288000000001 1.9999573333333336
endloop
endfacet
facet normal 0 0 1
outer loop
vertex 0.026496000000000002 7.844288000000001 1.9999573333333336
vertex 0.04612266666666667 7.722602666666667 1.9999573333333336
vertex 2.3645226666666668 7.722602666666667 1.9999573333333336
endloop
endfacet
facet normal 0 0 1
outer loop
vertex 0.026496000000000002 7.844288000000001 1.9999573333333336
vertex 2.3645226666666668 7.722602666666667 1.9999573333333336
vertex 2.2428373333333336 7.844288000000001 1.9999573333333336
endloop
endfacet
facet normal 0 0 1
outer loop
vertex 76.59552000000001 7.674026666666667 1.9999573333333336
vertex 75.23588266666667 7.722602666666667 1.9999573333333336
vertex 75.10634666666667 7.608768 1.9999573333333336
endloop
endfacet
facet normal 0 0 1
outer loop
vertex 76.59552000000001 7.674026666666667 1.9999573333333336
vertex 75.10634666666667 7.608768 1.9999573333333336
vertex 77.52974933333334 7.608768 1.9999573333333336
endloop
endfacet
facet normal 0 0 1
outer loop
vertex 76.59552000000001 7.674026666666667 1.9999573333333336
vertex 77.52974933333334 7.608768 1.9999573333333336
vertex 77.55133866666667 7.706410666666668 1.9999573333333336
endloop
endfacet
facet normal 0 0 1
outer loop
vertex 76.59552000000001 7.674026666666667 1.9999573333333336
vertex 77.55133866666667 7.706410666666668 1.9999573333333336
vertex 77.553792 7.722602666666667 1.9999573333333336
endloop
endfacet
facet normal 0 0 1
outer loop
vertex 76.59552000000001 7.674026666666667 1.9999573333333336
vertex 77.553792 7.722602666666667 1.9999573333333336
vertex 75.23588266666667 7.722602666666667 1.9999573333333336
endloop
endfacet
facet normal 0 0 1
outer loop
vertex 1.0043946666666668 7.674026666666667 1.9999573333333336
vertex 0.04612266666666667 7.722602666666667 1.9999573333333336
vertex 0.048576 7.706410666666668 1.9999573333333336
endloop
endfacet
facet normal 0 0 0.9999999999999999
outer loop
vertex 1.0043946666666668 7.674026666666667 1.9999573333333336
vertex 0.048576 7.706410666666668 1.9999573333333336
vertex 0.07016533333333334 7.608768 1.9999573333333336
endloop
endfacet
facet normal 0 0 1
outer loop
vertex 1.0043946666666668 7.674026666666667 1.9999573333333336
vertex 0.07016533333333334 7.608768 1.9999573333333336
vertex 2.4935680000000002 7.608768 1.9999573333333336
endloop
endfacet
facet normal 0 0 1
outer loop
vertex 1.0043946666666668 7.674026666666667 1.9999573333333336
vertex 2.4935680000000002 7.608768 1.9999573333333336
vertex 2.3645226666666668 7.722602666666667 1.9999573333333336
endloop
endfacet
facet normal 0 0 1
outer loop
vertex 1.0043946666666668 7.674026666666667 1.9999573333333336
vertex 2.3645226666666668 7.722602666666667 1.9999573333333336
vertex 0.04612266666666667 7.722602666666667 1.9999573333333336
endloop
endfacet
facet normal 0 0 1
outer loop
vertex 76.52486400000001 7.552341333333334 1.9999573333333336
vertex 75.10634666666667 7.608768 1.9999573333333336
vertex 74.970432 7.503274666666667 1.9999573333333336
endloop
endfacet
facet normal 0 0 0.9999999999999999
outer loop
vertex 76.52486400000001 7.552341333333334 1.9999573333333336
vertex 74.970432 7.503274666666667 1.9999573333333336
vertex 77.50374400000001 7.503274666666667 1.9999573333333336
endloop
endfacet
facet normal 0 0 1
outer loop
vertex 76.52486400000001 7.552341333333334 1.9999573333333336
vertex 77.50374400000001 7.503274666666667 1.9999573333333336
vertex 77.514048 7.538602666666667 1.9999573333333336
endloop
endfacet
facet normal 0 0 1
outer loop
vertex 76.52486400000001 7.552341333333334 1.9999573333333336
vertex 77.514048 7.538602666666667 1.9999573333333336
vertex 77.52974933333334 7.608768 1.9999573333333336
endloop
endfacet
facet normal 0 0 1
outer loop
vertex 76.52486400000001 7.552341333333334 1.9999573333333336
vertex 77.52974933333334 7.608768 1.9999573333333336
vertex 75.10634666666667 7.608768 1.9999573333333336
endloop
endfacet
facet normal 0 0 1
outer loop
vertex 1.0750506666666668 7.552341333333334 1.9999573333333336
vertex 0.07016533333333334 7.608768 1.9999573333333336
vertex 0.08586666666666667 7.538602666666667 1.9999573333333336
endloop
endfacet
facet normal 0 0 1
outer loop
vertex 1.0750506666666668 7.552341333333334 1.9999573333333336
vertex 0.08586666666666667 7.538602666666667 1.9999573333333336
vertex 0.09617066666666667 7.503274666666667 1.9999573333333336
endloop
endfacet
facet normal 0 0 1
outer loop
vertex 1.0750506666666668 7.552341333333334 1.9999573333333336
vertex 0.09617066666666667 7.503274666666667 1.9999573333333336
vertex 2.629482666666667 7.503274666666667 1.9999573333333336
endloop
endfacet
facet normal 0 0 0.9999999999999999
outer loop
vertex 1.0750506666666668 7.552341333333334 1.9999573333333336
vertex 2.629482666666667 7.503274666666667 1.9999573333333336
vertex 2.4935680000000002 7.608768 1.9999573333333336
endloop
endfacet
facet normal 0 0 1
outer loop
vertex 1.0750506666666668 7.552341333333334 1.9999573333333336
vertex 2.4935680000000002 7.608768 1.9999573333333336
vertex 0.07016533333333334 7.608768 1.9999573333333336
endloop
endfacet
facet normal 0 0 1
outer loop
vertex 74.970432 7.503274666666667 1.9999573333333336
vertex 74.82813866666667 7.4066133333333335 1.9999573333333336
vertex 77.47577600000001 7.4066133333333335 1.9999573333333336
endloop
endfacet
facet normal 0 0 1
outer loop
vertex 74.970432 7.503274666666667 1.9999573333333336
vertex 77.47577600000001 7.4066133333333335 1.9999573333333336
vertex 77.50374400000001 7.503274666666667 1.9999573333333336
endloop
endfacet
facet normal 0 0 1
outer loop
vertex 0.09617066666666667 7.503274666666667 1.9999573333333336
vertex 0.12462933333333334 7.4066133333333335 1.9999573333333336
vertex 2.771776 7.4066133333333335 1.9999573333333336
endloop
endfacet
facet normal 0 0 1
outer loop
vertex 0.09617066666666667 7.503274666666667 1.9999573333333336
vertex 2.771776 7.4066133333333335 1.9999573333333336
vertex 2.629482666666667 7.503274666666667 1.9999573333333336
endloop
endfacet
facet normal 0 0 1
outer loop
vertex 76.379136 7.364906666666667 1.9999573333333336
vertex 74.82813866666667 7.4066133333333335 1.9999573333333336
vertex 74.67995733333333 7.318784000000001 1.9999573333333336
endloop
endfacet
facet normal 0 0 1
outer loop
vertex 76.379136 7.364906666666667 1.9999573333333336
vertex 74.67995733333333 7.318784000000001 1.9999573333333336
vertex 77.446336 7.318784000000001 1.9999573333333336
endloop
endfacet
facet normal 0 0 1
outer loop
vertex 76.379136 7.364906666666667 1.9999573333333336
vertex 77.446336 7.318784000000001 1.9999573333333336
vertex 77.46596266666667 7.373248 1.9999573333333336
endloop
endfacet
facet normal 0 0 1
outer loop
vertex 76.379136 7.364906666666667 1.9999573333333336
vertex 77.46596266666667 7.373248 1.9999573333333336
vertex 77.47577600000001 7.4066133333333335 1.9999573333333336
endloop
endfacet
facet normal 0 0 1
outer loop
vertex 76.379136 7.364906666666667 1.9999573333333336
vertex 77.47577600000001 7.4066133333333335 1.9999573333333336
vertex 74.82813866666667 7.4066133333333335 1.9999573333333336
endloop
endfacet
facet normal 0 0 1
outer loop
vertex 1.2207786666666667 7.364906666666667 1.9999573333333336
vertex 0.12462933333333334 7.4066133333333335 1.9999573333333336
vertex 0.13395200000000002 7.373248 1.9999573333333336
endloop
endfacet
facet normal 0 0 0.9999999999999999
outer loop
vertex 1.2207786666666667 7.364906666666667 1.9999573333333336
vertex 0.13395200000000002 7.373248 1.9999573333333336
vertex 0.15357866666666667 7.318784000000001 1.9999573333333336
endloop
endfacet
facet normal 0 0 1
outer loop
vertex 1.2207786666666667 7.364906666666667 1.9999573333333336
vertex 0.15357866666666667 7.318784000000001 1.9999573333333336
vertex 2.9199573333333335 7.318784000000001 1.9999573333333336
endloop
endfacet
facet normal 0 0 0.9999999999999999
outer loop
vertex 1.2207786666666667 7.364906666666667 1.9999573333333336
vertex 2.9199573333333335 7.318784000000001 1.9999573333333336
vertex 2.771776 7.4066133333333335 1.9999573333333336
endloop
endfacet
facet normal 0 0 1
outer loop
vertex 1.2207786666666667 7.364906666666667 1.9999573333333336
vertex 2.771776 7.4066133333333335 1.9999573333333336
vertex 0.12462933333333334 7.4066133333333335 1.9999573333333336
endloop
endfacet
facet normal 0 0 1
outer loop
vertex 74.67995733333333 7.318784000000001 1.9999573333333336
vertex 74.52686933333334 7.240768000000001 1.9999573333333336
vertex 77.418368 7.240768000000001 1.9999573333333336
endloop
endfacet
facet normal 0 0 1
outer loop
vertex 74.67995733333333 7.318784000000001 1.9999573333333336
vertex 77.418368 7.240768000000001 1.9999573333333336
vertex 77.446336 7.318784000000001 1.9999573333333336
endloop
endfacet
facet normal 0 0 1
outer loop
vertex 0.15357866666666667 7.318784000000001 1.9999573333333336
vertex 0.18203733333333336 7.240768000000001 1.9999573333333336
vertex 3.0735360000000003 7.240768000000001 1.9999573333333336
endloop
endfacet
facet normal 0 0 1
outer loop
vertex 0.15357866666666667 7.318784000000001 1.9999573333333336
vertex 3.0735360000000003 7.240768000000001 1.9999573333333336
vertex 2.9199573333333335 7.318784000000001 1.9999573333333336
endloop
endfacet
facet normal 0 0 1
outer loop
vertex 76.22261333333334 7.207402666666667 1.9999573333333336
vertex 74.52686933333334 7.240768000000001 1.9999573333333336
vertex 74.36887466666667 7.172565333333334 1.9999573333333336
endloop
endfacet
facet normal 0 0 1
outer loop
vertex 76.22261333333334 7.207402666666667 1.9999573333333336
vertex 74.36887466666667 7.172565333333334 1.9999573333333336
vertex 77.39089066666668 7.172565333333334 1.9999573333333336
endloop
endfacet
facet normal 0 0 1
outer loop
vertex 76.22261333333334 7.207402666666667 1.9999573333333336
vertex 77.39089066666668 7.172565333333334 1.9999573333333336
vertex 77.40757333333335 7.211328000000001 1.9999573333333336
endloop
endfacet
facet normal 0 0 1
outer loop
vertex 76.22261333333334 7.207402666666667 1.9999573333333336
vertex 77.40757333333335 7.211328000000001 1.9999573333333336
vertex 77.418368 7.240768000000001 1.9999573333333336
endloop
endfacet
facet normal 0 0 1
outer loop
vertex 76.22261333333334 7.207402666666667 1.9999573333333336
vertex 77.418368 7.240768000000001 1.9999573333333336
vertex 74.52686933333334 7.240768000000001 1.9999573333333336
endloop
endfacet
facet normal 0 0 1
outer loop
vertex 1.3777920000000001 7.207402666666667 1.9999573333333336
vertex 0.18203733333333336 7.240768000000001 1.9999573333333336
vertex 0.19234133333333334 7.211328000000001 1.9999573333333336
endloop
endfacet
facet normal 0 0 0.9999999999999999
outer loop
vertex 1.3777920000000001 7.207402666666667 1.9999573333333336
vertex 0.19234133333333334 7.211328000000001 1.9999573333333336
vertex 0.20902400000000002 7.172565333333334 1.9999573333333336
endloop
endfacet
facet normal 0 0 1
outer loop
vertex 1.3777920000000001 7.207402666666667 1.9999573333333336
vertex 0.20902400000000002 7.172565333333334 1.9999573333333336
vertex 3.231530666666667 7.172565333333334 1.9999573333333336
endloop
endfacet
facet normal 0 0 1
outer loop
vertex 1.3777920000000001 7.207402666666667 1.9999573333333336
vertex 3.231530666666667 7.172565333333334 1.9999573333333336
vertex 3.0735360000000003 7.240768000000001 1.9999573333333336
endloop
endfacet
facet normal 0 0 1
outer loop
vertex 1.3777920000000001 7.207402666666667 1.9999573333333336
vertex 3.0735360000000003 7.240768000000001 1.9999573333333336
vertex 0.18203733333333336 7.240768000000001 1.9999573333333336
endloop
endfacet
facet normal 0 0 1
outer loop
vertex 74.36887466666667 7.172565333333334 1.9999573333333336
vertex 74.20646400000001 7.1141760000000005 1.9999573333333336
vertex 77.36537600000001 7.1141760000000005 1.9999573333333336
endloop
endfacet
facet normal 0 0 0.9999999999999999
outer loop
vertex 74.36887466666667 7.172565333333334 1.9999573333333336
vertex 77.36537600000001 7.1141760000000005 1.9999573333333336
vertex 77.39089066666668 7.172565333333334 1.9999573333333336
endloop
endfacet
facet normal 0 0 1
outer loop
vertex 0.20902400000000002 7.172565333333334 1.9999573333333336
vertex 0.23453866666666667 7.1141760000000005 1.9999573333333336
vertex 3.393450666666667 7.1141760000000005 1.9999573333333336
endloop
endfacet
facet normal 0 0 1
outer loop
vertex 0.20902400000000002 7.172565333333334 1.9999573333333336
vertex 3.393450666666667 7.1141760000000005 1.9999573333333336
vertex 3.231530666666667 7.172565333333334 1.9999573333333336
endloop
endfacet
facet normal 0 0 1
outer loop
vertex 74.20646400000001 7.1141760000000005 1.9999573333333336
vertex 74.0416 7.066090666666668 1.9999573333333336
vertex 77.344768 7.066090666666668 1.9999573333333336
endloop
endfacet
facet normal 0 0 1
outer loop
vertex 74.20646400000001 7.1141760000000005 1.9999573333333336
vertex 77.344768 7.066090666666668 1.9999573333333336
vertex 77.36537600000001 7.1141760000000005 1.9999573333333336
endloop
endfacet
facet normal 0 0 1
outer loop
vertex 0.23453866666666667 7.1141760000000005 1.9999573333333336
vertex 0.2551466666666667 7.066090666666668 1.9999573333333336
vertex 3.558805333333334 7.066090666666668 1.9999573333333336
endloop
endfacet
facet normal 0 0 1
outer loop
vertex 0.23453866666666667 7.1141760000000005 1.9999573333333336
vertex 3.558805333333334 7.066090666666668 1.9999573333333336
vertex 3.393450666666667 7.1141760000000005 1.9999573333333336
endloop
endfacet
facet normal 0 0 1
outer loop
vertex 75.98513066666668 7.048426666666667 1.9999573333333336
vertex 74.0416 7.066090666666668 1.9999573333333336
vertex 73.87330133333334 7.0283093333333335 1.9999573333333336
endloop
endfacet
facet normal 0 0 0.9999999999999999
outer loop
vertex 75.98513066666668 7.048426666666667 1.9999573333333336
vertex 73.87330133333334 7.0283093333333335 1.9999573333333336
vertex 77.32661333333334 7.0283093333333335 1.9999573333333336
endloop
endfacet
facet normal 0 0 1
outer loop
vertex 75.98513066666668 7.048426666666667 1.9999573333333336
vertex 77.32661333333334 7.0283093333333335 1.9999573333333336
vertex 77.33937066666667 7.053333333333334 1.9999573333333336
endloop
endfacet
facet normal 0 0 1
outer loop
vertex 75.98513066666668 7.048426666666667 1.9999573333333336
vertex 77.33937066666667 7.053333333333334 1.9999573333333336
vertex 77.344768 7.066090666666668 1.9999573333333336
endloop
endfacet
facet normal 0 0 1
outer loop
vertex 75.98513066666668 7.048426666666667 1.9999573333333336
vertex 77.344768 7.066090666666668 1.9999573333333336
vertex 74.0416 7.066090666666668 1.9999573333333336
endloop
endfacet
facet normal 0 0 1
outer loop
vertex 1.6147840000000002 7.048426666666667 1.9999573333333336
vertex 0.2551466666666667 7.066090666666668 1.9999573333333336
vertex 0.260544 7.053333333333334 1.9999573333333336
endloop
endfacet
facet normal 0 0 1
outer loop
vertex 1.6147840000000002 7.048426666666667 1.9999573333333336
vertex 0.260544 7.053333333333334 1.9999573333333336
vertex 0.27330133333333334 7.0283093333333335 1.9999573333333336
endloop
endfacet
facet normal 0 0 1
outer loop
vertex 1.6147840000000002 7.048426666666667 1.9999573333333336
vertex 0.27330133333333334 7.0283093333333335 1.9999573333333336
vertex 3.7266133333333338 7.0283093333333335 1.9999573333333336
endloop
endfacet
facet normal 0 0 1
outer loop
vertex 1.6147840000000002 7.048426666666667 1.9999573333333336
vertex 3.7266133333333338 7.0283093333333335 1.9999573333333336
vertex 3.558805333333334 7.066090666666668 1.9999573333333336
endloop
endfacet
facet normal 0 0 1
outer loop
vertex 1.6147840000000002 7.048426666666667 1.9999573333333336
vertex 3.558805333333334 7.066090666666668 1.9999573333333336
vertex 0.2551466666666667 7.066090666666668 1.9999573333333336
endloop
endfacet
facet normal 0 0 1
outer loop
vertex 73.87330133333334 7.0283093333333335 1.9999573333333336
vertex 73.70353066666667 7.001813333333334 1.9999573333333336
vertex 77.31287466666667 7.001813333333334 1.9999573333333336
endloop
endfacet
facet normal 0 0 1
outer loop
vertex 73.87330133333334 7.0283093333333335 1.9999573333333336
vertex 77.31287466666667 7.001813333333334 1.9999573333333336
vertex 77.32661333333334 7.0283093333333335 1.9999573333333336
endloop
endfacet
facet normal 0 0 1
outer loop
vertex 0.27330133333333334 7.0283093333333335 1.9999573333333336
vertex 0.28704 7.001813333333334 1.9999573333333336
vertex 3.8963840000000003 7.001813333333334 1.9999573333333336
endloop
endfacet
facet normal 0 0 1
outer loop
vertex 0.27330133333333334 7.0283093333333335 1.9999573333333336
vertex 3.8963840000000003 7.001813333333334 1.9999573333333336
vertex 3.7266133333333338 7.0283093333333335 1.9999573333333336
endloop
endfacet
facet normal 0 0 0.9999999999999999
outer loop
vertex 73.70353066666667 7.001813333333334 1.9999573333333336
vertex 73.53228800000001 6.9856213333333335 1.9999573333333336
vertex 77.30453333333334 6.9856213333333335 1.9999573333333336
endloop
endfacet
facet normal 0 0 1
outer loop
vertex 73.70353066666667 7.001813333333334 1.9999573333333336
vertex 77.30453333333334 6.9856213333333335 1.9999573333333336
vertex 77.31287466666667 7.001813333333334 1.9999573333333336
endloop
endfacet
facet normal 0 0 1
outer loop
vertex 0.28704 7.001813333333334 1.9999573333333336
vertex 0.29538133333333333 6.9856213333333335 1.9999573333333336
vertex 4.068117333333333 6.9856213333333335 1.9999573333333336
endloop
endfacet
facet normal 0 0 1
outer loop
vertex 0.28704 7.001813333333334 1.9999573333333336
vertex 4.068117333333333 6.9856213333333335 1.9999573333333336
vertex 3.8963840000000003 7.001813333333334 1.9999573333333336
endloop
endfacet
facet normal 0 0 1
outer loop
vertex 74.10980266666667 6.229994666666667 1.9999573333333336
vertex 73.53228800000001 6.9856213333333335 1.9999573333333336
vertex 73.18784000000001 6.974826666666667 1.9999573333333336
endloop
endfacet
facet normal 0 0 1
outer loop
vertex 74.10980266666667 6.229994666666667 1.9999573333333336
vertex 73.18784000000001 6.974826666666667 1.9999573333333336
vertex 73.01659733333334 6.958634666666667 1.9999573333333336
endloop
endfacet
facet normal 0 0 1
outer loop
vertex 74.10980266666667 6.229994666666667 1.9999573333333336
vertex 73.01659733333334 6.958634666666667 1.9999573333333336
vertex 72.84633600000001 6.931648000000001 1.9999573333333336
endloop
endfacet
facet normal 0 0 1
outer loop
vertex 74.10980266666667 6.229994666666667 1.9999573333333336
vertex 72.84633600000001 6.931648000000001 1.9999573333333336
vertex 72.678528 6.893866666666667 1.9999573333333336
endloop
endfacet
facet normal 0 0 1
outer loop
vertex 74.10980266666667 6.229994666666667 1.9999573333333336
vertex 72.678528 6.893866666666667 1.9999573333333336
vertex 72.51317333333334 6.845781333333334 1.9999573333333336
endloop
endfacet
facet normal 0 0 1
outer loop
vertex 74.10980266666667 6.229994666666667 1.9999573333333336
vertex 72.51317333333334 6.845781333333334 1.9999573333333336
vertex 72.35125333333333 6.7873920000000005 1.9999573333333336
endloop
endfacet
facet normal 0 0 1
outer loop
vertex 74.10980266666667 6.229994666666667 1.9999573333333336
vertex 72.35125333333333 6.7873920000000005 1.9999573333333336
vertex 72.19325866666667 6.7191893333333335 1.9999573333333336
endloop
endfacet
facet normal 0 0 0.9999999999999999
outer loop
vertex 74.10980266666667 6.229994666666667 1.9999573333333336
vertex 72.19325866666667 6.7191893333333335 1.9999573333333336
vertex 72.04017066666667 6.641173333333334 1.9999573333333336
endloop
endfacet
facet normal 0 0 1
outer loop
vertex 74.10980266666667 6.229994666666667 1.9999573333333336
vertex 72.04017066666667 6.641173333333334 1.9999573333333336
vertex 71.89198933333334 6.553344 1.9999573333333336
endloop
endfacet
facet normal 0 0 1
outer loop
vertex 74.10980266666667 6.229994666666667 1.9999573333333336
vertex 71.89198933333334 6.553344 1.9999573333333336
vertex 71.749696 6.4566826666666675 1.9999573333333336
endloop
endfacet
facet normal 0 0 1
outer loop
vertex 74.10980266666667 6.229994666666667 1.9999573333333336
vertex 71.749696 6.4566826666666675 1.9999573333333336
vertex 71.61329066666667 6.351189333333334 1.9999573333333336
endloop
endfacet
facet normal 0 0 1
outer loop
vertex 74.10980266666667 6.229994666666667 1.9999573333333336
vertex 71.61329066666667 6.351189333333334 1.9999573333333336
vertex 71.48424533333333 6.2373546666666675 1.9999573333333336
endloop
endfacet
facet normal 0 0 1
outer loop
vertex 74.10980266666667 6.229994666666667 1.9999573333333336
vertex 71.48424533333333 6.2373546666666675 1.9999573333333336
vertex 71.36256 6.115669333333334 1.9999573333333336
endloop
endfacet
facet normal 0 0 1
outer loop
vertex 74.10980266666667 6.229994666666667 1.9999573333333336
vertex 71.36256 6.115669333333334 1.9999573333333336
vertex 71.24872533333334 5.986624000000001 1.9999573333333336
endloop
endfacet
facet normal 0 0 1
outer loop
vertex 74.10980266666667 6.229994666666667 1.9999573333333336
vertex 71.24872533333334 5.986624000000001 1.9999573333333336
vertex 71.14323200000001 5.8507093333333335 1.9999573333333336
endloop
endfacet
facet normal 0 0 1
outer loop
vertex 74.10980266666667 6.229994666666667 1.9999573333333336
vertex 71.14323200000001 5.8507093333333335 1.9999573333333336
vertex 71.04657066666667 5.707925333333334 1.9999573333333336
endloop
endfacet
facet normal 0 0 1
outer loop
vertex 74.10980266666667 6.229994666666667 1.9999573333333336
vertex 71.04657066666667 5.707925333333334 1.9999573333333336
vertex 70.95874133333334 5.560234666666667 1.9999573333333336
endloop
endfacet
facet normal 0 0 1
outer loop
vertex 74.10980266666667 6.229994666666667 1.9999573333333336
vertex 70.95874133333334 5.560234666666667 1.9999573333333336
vertex 70.91556266666667 5.474368 1.9999573333333336
endloop
endfacet
facet normal 0 0 1
outer loop
vertex 74.10980266666667 6.229994666666667 1.9999573333333336
vertex 70.91556266666667 5.474368 1.9999573333333336
vertex 74.687808 5.474368 1.9999573333333336
endloop
endfacet
facet normal 0 0 1
outer loop
vertex 74.10980266666667 6.229994666666667 1.9999573333333336
vertex 74.687808 5.474368 1.9999573333333336
vertex 75.032256 5.485162666666667 1.9999573333333336
endloop
endfacet
facet normal 0 0 1
outer loop
vertex 74.10980266666667 6.229994666666667 1.9999573333333336
vertex 75.032256 5.485162666666667 1.9999573333333336
vertex 75.20349866666668 5.501845333333334 1.9999573333333336
endloop
endfacet
facet normal 0 0 1
outer loop
vertex 74.10980266666667 6.229994666666667 1.9999573333333336
vertex 75.20349866666668 5.501845333333334 1.9999573333333336
vertex 75.37326933333334 5.5283413333333336 1.9999573333333336
endloop
endfacet
facet normal 0 0 1
outer loop
vertex 74.10980266666667 6.229994666666667 1.9999573333333336
vertex 75.37326933333334 5.5283413333333336 1.9999573333333336
vertex 75.54156800000001 5.566122666666667 1.9999573333333336
endloop
endfacet
facet normal 0 0 1
outer loop
vertex 74.10980266666667 6.229994666666667 1.9999573333333336
vertex 75.54156800000001 5.566122666666667 1.9999573333333336
vertex 75.70692266666667 5.6142080000000005 1.9999573333333336
endloop
endfacet
facet normal 0 0 0.9999999999999999
outer loop
vertex 74.10980266666667 6.229994666666667 1.9999573333333336
vertex 75.70692266666667 5.6142080000000005 1.9999573333333336
vertex 75.86884266666667 5.672597333333334 1.9999573333333336
endloop
endfacet
facet normal 0 0 0.9999999999999999
outer loop
vertex 74.10980266666667 6.229994666666667 1.9999573333333336
vertex 75.86884266666667 5.672597333333334 1.9999573333333336
vertex 76.02683733333333 5.7408 1.9999573333333336
endloop
endfacet
facet normal 0 0 1
outer loop
vertex 74.10980266666667 6.229994666666667 1.9999573333333336
vertex 76.02683733333333 5.7408 1.9999573333333336
vertex 76.17992533333334 5.818816000000001 1.9999573333333336
endloop
endfacet
facet normal 0 0 1
outer loop
vertex 74.10980266666667 6.229994666666667 1.9999573333333336
vertex 76.17992533333334 5.818816000000001 1.9999573333333336
vertex 76.32810666666667 5.9066453333333335 1.9999573333333336
endloop
endfacet
facet normal 0 0 1
outer loop
vertex 74.10980266666667 6.229994666666667 1.9999573333333336
vertex 76.32810666666667 5.9066453333333335 1.9999573333333336
vertex 76.47040000000001 6.003306666666667 1.9999573333333336
endloop
endfacet
facet normal 0 0 1
outer loop
vertex 74.10980266666667 6.229994666666667 1.9999573333333336
vertex 76.47040000000001 6.003306666666667 1.9999573333333336
vertex 76.60631466666668 6.1088000000000005 1.9999573333333336
endloop
endfacet
facet normal 0 0 0.9999999999999999
outer loop
vertex 74.10980266666667 6.229994666666667 1.9999573333333336
vertex 76.60631466666668 6.1088000000000005 1.9999573333333336
vertex 76.73585066666668 6.222634666666667 1.9999573333333336
endloop
endfacet
facet normal 0 0 0.9999999999999999
outer loop
vertex 74.10980266666667 6.229994666666667 1.9999573333333336
vertex 76.73585066666668 6.222634666666667 1.9999573333333336
vertex 76.85753600000001 6.344320000000001 1.9999573333333336
endloop
endfacet
facet normal 0 0 1
outer loop
vertex 74.10980266666667 6.229994666666667 1.9999573333333336
vertex 76.85753600000001 6.344320000000001 1.9999573333333336
vertex 76.97137066666667 6.473365333333334 1.9999573333333336
endloop
endfacet
facet normal 0 0 1
outer loop
vertex 74.10980266666667 6.229994666666667 1.9999573333333336
vertex 76.97137066666667 6.473365333333334 1.9999573333333336
vertex 77.076864 6.609280000000001 1.9999573333333336
endloop
endfacet
facet normal 0 0 1
outer loop
vertex 74.10980266666667 6.229994666666667 1.9999573333333336
vertex 77.076864 6.609280000000001 1.9999573333333336
vertex 77.17352533333334 6.752064000000001 1.9999573333333336
endloop
endfacet
facet normal 0 0 1
outer loop
vertex 74.10980266666667 6.229994666666667 1.9999573333333336
vertex 77.17352533333334 6.752064000000001 1.9999573333333336
vertex 77.26086400000001 6.899754666666667 1.9999573333333336
endloop
endfacet
facet normal 0 0 1
outer loop
vertex 74.10980266666667 6.229994666666667 1.9999573333333336
vertex 77.26086400000001 6.899754666666667 1.9999573333333336
vertex 77.30453333333334 6.9856213333333335 1.9999573333333336
endloop
endfacet
facet normal 0 0 1
outer loop
vertex 74.10980266666667 6.229994666666667 1.9999573333333336
vertex 77.30453333333334 6.9856213333333335 1.9999573333333336
vertex 73.53228800000001 6.9856213333333335 1.9999573333333336
endloop
endfacet
facet normal 0 0 1
outer loop
vertex 3.4901120000000003 6.229994666666667 1.9999573333333336
vertex 0.29538133333333333 6.9856213333333335 1.9999573333333336
vertex 0.33905066666666667 6.899754666666667 1.9999573333333336
endloop
endfacet
facet normal 0 0 1
outer loop
vertex 3.4901120000000003 6.229994666666667 1.9999573333333336
vertex 0.33905066666666667 6.899754666666667 1.9999573333333336
vertex 0.42638933333333334 6.752064000000001 1.9999573333333336
endloop
endfacet
facet normal 0 0 1
outer loop
vertex 3.4901120000000003 6.229994666666667 1.9999573333333336
vertex 0.42638933333333334 6.752064000000001 1.9999573333333336
vertex 0.5230506666666667 6.609280000000001 1.9999573333333336
endloop
endfacet
facet normal 0 0 1
outer loop
vertex 3.4901120000000003 6.229994666666667 1.9999573333333336
vertex 0.5230506666666667 6.609280000000001 1.9999573333333336
vertex 0.6290346666666667 6.473365333333334 1.9999573333333336
endloop
endfacet
facet normal 0 0 0.9999999999999999
outer loop
vertex 3.4901120000000003 6.229994666666667 1.9999573333333336
vertex 0.6290346666666667 6.473365333333334 1.9999573333333336
vertex 0.7428693333333334 6.344320000000001 1.9999573333333336
endloop
endfacet
facet normal 0 0 1
outer loop
vertex 3.4901120000000003 6.229994666666667 1.9999573333333336
vertex 0.7428693333333334 6.344320000000001 1.9999573333333336
vertex 0.8645546666666667 6.222634666666667 1.9999573333333336
endloop
endfacet
facet normal 0 0 1
outer loop
vertex 3.4901120000000003 6.229994666666667 1.9999573333333336
vertex 0.8645546666666667 6.222634666666667 1.9999573333333336
vertex 0.9936 6.1088000000000005 1.9999573333333336
endloop
endfacet
facet normal 0 0 1
outer loop
vertex 3.4901120000000003 6.229994666666667 1.9999573333333336
vertex 0.9936 6.1088000000000005 1.9999573333333336
vertex 1.1295146666666667 6.003306666666667 1.9999573333333336
endloop
endfacet
facet normal 0 0 1
outer loop
vertex 3.4901120000000003 6.229994666666667 1.9999573333333336
vertex 1.1295146666666667 6.003306666666667 1.9999573333333336
vertex 1.271808 5.9066453333333335 1.9999573333333336
endloop
endfacet
facet normal 0 0 1
outer loop
vertex 3.4901120000000003 6.229994666666667 1.9999573333333336
vertex 1.271808 5.9066453333333335 1.9999573333333336
vertex 1.4199893333333335 5.818816000000001 1.9999573333333336
endloop
endfacet
facet normal 0 0 1
outer loop
vertex 3.4901120000000003 6.229994666666667 1.9999573333333336
vertex 1.4199893333333335 5.818816000000001 1.9999573333333336
vertex 1.573568 5.7408 1.9999573333333336
endloop
endfacet
facet normal 0 0 0.9999999999999999
outer loop
vertex 3.4901120000000003 6.229994666666667 1.9999573333333336
vertex 1.573568 5.7408 1.9999573333333336
vertex 1.7315626666666668 5.672597333333334 1.9999573333333336
endloop
endfacet
facet normal 0 0 1
outer loop
vertex 3.4901120000000003 6.229994666666667 1.9999573333333336
vertex 1.7315626666666668 5.672597333333334 1.9999573333333336
vertex 1.8934826666666669 5.6142080000000005 1.9999573333333336
endloop
endfacet
facet normal 0 0 1
outer loop
vertex 3.4901120000000003 6.229994666666667 1.9999573333333336
vertex 1.8934826666666669 5.6142080000000005 1.9999573333333336
vertex 2.058346666666667 5.566122666666667 1.9999573333333336
endloop
endfacet
facet normal 0 0 1
outer loop
vertex 3.4901120000000003 6.229994666666667 1.9999573333333336
vertex 2.058346666666667 5.566122666666667 1.9999573333333336
vertex 2.2266453333333334 5.5283413333333336 1.9999573333333336
endloop
endfacet
facet normal 0 0 1
outer loop
vertex 3.4901120000000003 6.229994666666667 1.9999573333333336
vertex 2.2266453333333334 5.5283413333333336 1.9999573333333336
vertex 2.3964160000000003 5.501845333333334 1.9999573333333336
endloop
endfacet
facet normal 0 0 1
outer loop
vertex 3.4901120000000003 6.229994666666667 1.9999573333333336
vertex 2.3964160000000003 5.501845333333334 1.9999573333333336
vertex 2.5681493333333334 5.485162666666667 1.9999573333333336
endloop
endfacet
facet normal 0 0 1
outer loop
vertex 3.4901120000000003 6.229994666666667 1.9999573333333336
vertex 2.5681493333333334 5.485162666666667 1.9999573333333336
vertex 2.912106666666667 5.474368 1.9999573333333336
endloop
endfacet
facet normal 0 0 0.9999999999999999
outer loop
vertex 3.4901120000000003 6.229994666666667 1.9999573333333336
vertex 2.912106666666667 5.474368 1.9999573333333336
vertex 6.684842666666667 5.474368 1.9999573333333336
endloop
endfacet
facet normal 0 0 1
outer loop
vertex 3.4901120000000003 6.229994666666667 1.9999573333333336
vertex 6.684842666666667 5.474368 1.9999573333333336
vertex 6.641173333333334 5.560234666666667 1.9999573333333336
endloop
endfacet
facet normal 0 0 1
outer loop
vertex 3.4901120000000003 6.229994666666667 1.9999573333333336
vertex 6.641173333333334 5.560234666666667 1.9999573333333336
vertex 6.553344 5.707925333333334 1.9999573333333336
endloop
endfacet
facet normal 0 0 1
outer loop
vertex 3.4901120000000003 6.229994666666667 1.9999573333333336
vertex 6.553344 5.707925333333334 1.9999573333333336
vertex 6.4566826666666675 5.8507093333333335 1.9999573333333336
endloop
endfacet
facet normal 0 0 1
outer loop
vertex 3.4901120000000003 6.229994666666667 1.9999573333333336
vertex 6.4566826666666675 5.8507093333333335 1.9999573333333336
vertex 6.351189333333334 5.986624000000001 1.9999573333333336
endloop
endfacet
facet normal 0 0 1
outer loop
vertex 3.4901120000000003 6.229994666666667 1.9999573333333336
vertex 6.351189333333334 5.986624000000001 1.9999573333333336
vertex 6.2373546666666675 6.115669333333334 1.9999573333333336
endloop
endfacet
facet normal 0 0 1
outer loop
vertex 3.4901120000000003 6.229994666666667 1.9999573333333336
vertex 6.2373546666666675 6.115669333333334 1.9999573333333336
vertex 6.115669333333334 6.2373546666666675 1.9999573333333336
endloop
endfacet
facet normal 0 0 1
outer loop
vertex 3.4901120000000003 6.229994666666667 1.9999573333333336
vertex 6.115669333333334 6.2373546666666675 1.9999573333333336
vertex 5.986624000000001 6.351189333333334 1.9999573333333336
endloop
endfacet
facet normal 0 0 1
outer loop
vertex 3.4901120000000003 6.229994666666667 1.9999573333333336
vertex 5.986624000000001 6.351189333333334 1.9999573333333336
vertex 5.8507093333333335 6.4566826666666675 1.9999573333333336
endloop
endfacet
facet normal 0 0 1
outer loop
vertex 3.4901120000000003 6.229994666666667 1.9999573333333336
vertex 5.8507093333333335 6.4566826666666675 1.9999573333333336
vertex 5.707925333333334 6.553344 1.9999573333333336
endloop
endfacet
facet normal 0 0 0.9999999999999999
outer loop
vertex 3.4901120000000003 6.229994666666667 1.9999573333333336
vertex 5.707925333333334 6.553344 1.9999573333333336
vertex 5.560234666666667 6.641173333333334 1.9999573333333336
endloop
endfacet
facet normal 0 0 0.9999999999999999
outer loop
vertex 3.4901120000000003 6.229994666666667 1.9999573333333336
vertex 5.560234666666667 6.641173333333334 1.9999573333333336
vertex 5.406656000000001 6.7191893333333335 1.9999573333333336
endloop
endfacet
facet normal 0 0 1
outer loop
vertex 3.4901120000000003 6.229994666666667 1.9999573333333336
vertex 5.406656000000001 6.7191893333333335 1.9999573333333336
vertex 5.248661333333334 6.7873920000000005 1.9999573333333336
endloop
endfacet
facet normal 0 0 1
outer loop
vertex 3.4901120000000003 6.229994666666667 1.9999573333333336
vertex 5.248661333333334 6.7873920000000005 1.9999573333333336
vertex 5.086741333333333 6.845781333333334 1.9999573333333336
endloop
endfacet
facet normal 0 0 1
outer loop
vertex 3.4901120000000003 6.229994666666667 1.9999573333333336
vertex 5.086741333333333 6.845781333333334 1.9999573333333336
vertex 4.921386666666667 6.893866666666667 1.9999573333333336
endloop
endfacet
facet normal 0 0 1
outer loop
vertex 3.4901120000000003 6.229994666666667 1.9999573333333336
vertex 4.921386666666667 6.893866666666667 1.9999573333333336
vertex 4.753578666666667 6.931648000000001 1.9999573333333336
endloop
endfacet
facet normal 0 0 1
outer loop
vertex 3.4901120000000003 6.229994666666667 1.9999573333333336
vertex 4.753578666666667 6.931648000000001 1.9999573333333336
vertex 4.5833173333333335 6.958634666666667 1.9999573333333336
endloop
endfacet
facet normal 0 0 0.9999999999999999
outer loop
vertex 3.4901120000000003 6.229994666666667 1.9999573333333336
vertex 4.5833173333333335 6.958634666666667 1.9999573333333336
vertex 4.412074666666667 6.974826666666667 1.9999573333333336
endloop
endfacet
facet normal 0 0 1
outer loop
vertex 3.4901120000000003 6.229994666666667 1.9999573333333336
vertex 4.412074666666667 6.974826666666667 1.9999573333333336
vertex 4.068117333333333 6.9856213333333335 1.9999573333333336
endloop
endfacet
facet normal 0 0 1
outer loop
vertex 3.4901120000000003 6.229994666666667 1.9999573333333336
vertex 4.068117333333333 6.9856213333333335 1.9999573333333336
vertex 0.29538133333333333 6.9856213333333335 1.9999573333333336
endloop
endfacet
facet normal 0 0 1
outer loop
vertex 70.91556266666667 5.474368 1.9999573333333336
vertex 70.90722133333334 5.458176000000001 1.9999573333333336
vertex 74.51656533333333 5.458176000000001 1.9999573333333336
endloop
endfacet
facet normal 0 0 1
outer loop
vertex 70.91556266666667 5.474368 1.9999573333333336
vertex 74.51656533333333 5.458176000000001 1.9999573333333336
vertex 74.687808 5.474368 1.9999573333333336
endloop
endfacet
facet normal 0 0 1
outer loop
vertex 2.912106666666667 5.474368 1.9999573333333336
vertex 3.0833493333333335 5.458176000000001 1.9999573333333336
vertex 6.692693333333334 5.458176000000001 1.9999573333333336
endloop
endfacet
facet normal 0 0 1
outer loop
vertex 2.912106666666667 5.474368 1.9999573333333336
vertex 6.692693333333334 5.458176000000001 1.9999573333333336
vertex 6.684842666666667 5.474368 1.9999573333333336
endloop
endfacet
facet normal 0 0 1
outer loop
vertex 70.90722133333334 5.458176000000001 1.9999573333333336
vertex 70.89348266666667 5.43168 1.9999573333333336
vertex 74.34679466666667 5.43168 1.9999573333333336
endloop
endfacet
facet normal 0 0 1
outer loop
vertex 70.90722133333334 5.458176000000001 1.9999573333333336
vertex 74.34679466666667 5.43168 1.9999573333333336
vertex 74.51656533333333 5.458176000000001 1.9999573333333336
endloop
endfacet
facet normal 0 0 1
outer loop
vertex 3.0833493333333335 5.458176000000001 1.9999573333333336
vertex 3.253610666666667 5.43168 1.9999573333333336
vertex 6.706432 5.43168 1.9999573333333336
endloop
endfacet
facet normal 0 0 0.9999999999999999
outer loop
vertex 3.0833493333333335 5.458176000000001 1.9999573333333336
vertex 6.706432 5.43168 1.9999573333333336
vertex 6.692693333333334 5.458176000000001 1.9999573333333336
endloop
endfacet
facet normal 0 0 1
outer loop
vertex 72.23496533333334 5.411562666666667 1.9999573333333336
vertex 70.89348266666667 5.43168 1.9999573333333336
vertex 70.88072533333334 5.406656000000001 1.9999573333333336
endloop
endfacet
facet normal 0 0 1
outer loop
vertex 72.23496533333334 5.411562666666667 1.9999573333333336
vertex 70.88072533333334 5.406656000000001 1.9999573333333336
vertex 70.87532800000001 5.393898666666667 1.9999573333333336
endloop
endfacet
facet normal 0 0 0.9999999999999999
outer loop
vertex 72.23496533333334 5.411562666666667 1.9999573333333336
vertex 70.87532800000001 5.393898666666667 1.9999573333333336
vertex 74.17849600000001 5.393898666666667 1.9999573333333336
endloop
endfacet
facet normal 0 0 1
outer loop
vertex 72.23496533333334 5.411562666666667 1.9999573333333336
vertex 74.17849600000001 5.393898666666667 1.9999573333333336
vertex 74.34679466666667 5.43168 1.9999573333333336
endloop
endfacet
facet normal 0 0 0.9999999999999999
outer loop
vertex 72.23496533333334 5.411562666666667 1.9999573333333336
vertex 74.34679466666667 5.43168 1.9999573333333336
vertex 70.89348266666667 5.43168 1.9999573333333336
endloop
endfacet
facet normal 0 0 1
outer loop
vertex 5.364949333333334 5.411562666666667 1.9999573333333336
vertex 3.253610666666667 5.43168 1.9999573333333336
vertex 3.421418666666667 5.393898666666667 1.9999573333333336
endloop
endfacet
facet normal 0 0 1
outer loop
vertex 5.364949333333334 5.411562666666667 1.9999573333333336
vertex 3.421418666666667 5.393898666666667 1.9999573333333336
vertex 6.724586666666667 5.393898666666667 1.9999573333333336
endloop
endfacet
facet normal 0 0 1
outer loop
vertex 5.364949333333334 5.411562666666667 1.9999573333333336
vertex 6.724586666666667 5.393898666666667 1.9999573333333336
vertex 6.7191893333333335 5.406656000000001 1.9999573333333336
endloop
endfacet
facet normal 0 0 1
outer loop
vertex 5.364949333333334 5.411562666666667 1.9999573333333336
vertex 6.7191893333333335 5.406656000000001 1.9999573333333336
vertex 6.706432 5.43168 1.9999573333333336
endloop
endfacet
facet normal 0 0 1
outer loop
vertex 5.364949333333334 5.411562666666667 1.9999573333333336
vertex 6.706432 5.43168 1.9999573333333336
vertex 3.253610666666667 5.43168 1.9999573333333336
endloop
endfacet
facet normal 0 0 0.9999999999999999
outer loop
vertex 70.87532800000001 5.393898666666667 1.9999573333333336
vertex 70.85472 5.345813333333334 1.9999573333333336
vertex 74.01314133333334 5.345813333333334 1.9999573333333336
endloop
endfacet
facet normal 0 0 1
outer loop
vertex 70.87532800000001 5.393898666666667 1.9999573333333336
vertex 74.01314133333334 5.345813333333334 1.9999573333333336
vertex 74.17849600000001 5.393898666666667 1.9999573333333336
endloop
endfacet
facet normal 0 0 1
outer loop
vertex 3.421418666666667 5.393898666666667 1.9999573333333336
vertex 3.586773333333334 5.345813333333334 1.9999573333333336
vertex 6.745685333333334 5.345813333333334 1.9999573333333336
endloop
endfacet
facet normal 0 0 1
outer loop
vertex 3.421418666666667 5.393898666666667 1.9999573333333336
vertex 6.745685333333334 5.345813333333334 1.9999573333333336
vertex 6.724586666666667 5.393898666666667 1.9999573333333336
endloop
endfacet
facet normal 0 0 0.9999999999999999
outer loop
vertex 70.85472 5.345813333333334 1.9999573333333336
vertex 70.82920533333333 5.287424000000001 1.9999573333333336
vertex 73.85122133333334 5.287424000000001 1.9999573333333336
endloop
endfacet
facet normal 0 0 1
outer loop
vertex 70.85472 5.345813333333334 1.9999573333333336
vertex 73.85122133333334 5.287424000000001 1.9999573333333336
vertex 74.01314133333334 5.345813333333334 1.9999573333333336
endloop
endfacet
facet normal 0 0 0.9999999999999999
outer loop
vertex 3.586773333333334 5.345813333333334 1.9999573333333336
vertex 3.7486933333333337 5.287424000000001 1.9999573333333336
vertex 6.7707093333333335 5.287424000000001 1.9999573333333336
endloop
endfacet
facet normal 0 0 1
outer loop
vertex 3.586773333333334 5.345813333333334 1.9999573333333336
vertex 6.7707093333333335 5.287424000000001 1.9999573333333336
vertex 6.745685333333334 5.345813333333334 1.9999573333333336
endloop
endfacet
facet normal 0 0 1
outer loop
vertex 71.99748266666667 5.252586666666667 1.9999573333333336
vertex 70.82920533333333 5.287424000000001 1.9999573333333336
vertex 70.81252266666667 5.248661333333334 1.9999573333333336
endloop
endfacet
facet normal 0 0 1
outer loop
vertex 71.99748266666667 5.252586666666667 1.9999573333333336
vertex 70.81252266666667 5.248661333333334 1.9999573333333336
vertex 70.80172800000001 5.2192213333333335 1.9999573333333336
endloop
endfacet
facet normal 0 0 1
outer loop
vertex 71.99748266666667 5.252586666666667 1.9999573333333336
vertex 70.80172800000001 5.2192213333333335 1.9999573333333336
vertex 73.69322666666667 5.2192213333333335 1.9999573333333336
endloop
endfacet
facet normal 0 0 1
outer loop
vertex 71.99748266666667 5.252586666666667 1.9999573333333336
vertex 73.69322666666667 5.2192213333333335 1.9999573333333336
vertex 73.85122133333334 5.287424000000001 1.9999573333333336
endloop
endfacet
facet normal 0 0 1
outer loop
vertex 71.99748266666667 5.252586666666667 1.9999573333333336
vertex 73.85122133333334 5.287424000000001 1.9999573333333336
vertex 70.82920533333333 5.287424000000001 1.9999573333333336
endloop
endfacet
facet normal 0 0 0.9999999999999999
outer loop
vertex 5.602432 5.252586666666667 1.9999573333333336
vertex 3.7486933333333337 5.287424000000001 1.9999573333333336
vertex 3.9066880000000004 5.2192213333333335 1.9999573333333336
endloop
endfacet
facet normal 0 0 1
outer loop
vertex 5.602432 5.252586666666667 1.9999573333333336
vertex 3.9066880000000004 5.2192213333333335 1.9999573333333336
vertex 6.798186666666667 5.2192213333333335 1.9999573333333336
endloop
endfacet
facet normal 0 0 1
outer loop
vertex 5.602432 5.252586666666667 1.9999573333333336
vertex 6.798186666666667 5.2192213333333335 1.9999573333333336
vertex 6.7873920000000005 5.248661333333334 1.9999573333333336
endloop
endfacet
facet normal 0 0 1
outer loop
vertex 5.602432 5.252586666666667 1.9999573333333336
vertex 6.7873920000000005 5.248661333333334 1.9999573333333336
vertex 6.7707093333333335 5.287424000000001 1.9999573333333336
endloop
endfacet
facet normal 0 0 0.9999999999999999
outer loop
vertex 5.602432 5.252586666666667 1.9999573333333336
vertex 6.7707093333333335 5.287424000000001 1.9999573333333336
vertex 3.7486933333333337 5.287424000000001 1.9999573333333336
endloop
endfacet
facet normal 0 0 1
outer loop
vertex 70.80172800000001 5.2192213333333335 1.9999573333333336
vertex 70.77376000000001 5.141205333333334 1.9999573333333336
vertex 73.54013866666668 5.141205333333334 1.9999573333333336
endloop
endfacet
facet normal 0 0 1
outer loop
vertex 70.80172800000001 5.2192213333333335 1.9999573333333336
vertex 73.54013866666668 5.141205333333334 1.9999573333333336
vertex 73.69322666666667 5.2192213333333335 1.9999573333333336
endloop
endfacet
facet normal 0 0 1
outer loop
vertex 3.9066880000000004 5.2192213333333335 1.9999573333333336
vertex 4.059776 5.141205333333334 1.9999573333333336
vertex 6.8261546666666675 5.141205333333334 1.9999573333333336
endloop
endfacet
facet normal 0 0 0.9999999999999999
outer loop
vertex 3.9066880000000004 5.2192213333333335 1.9999573333333336
vertex 6.8261546666666675 5.141205333333334 1.9999573333333336
vertex 6.798186666666667 5.2192213333333335 1.9999573333333336
endloop
endfacet
facet normal 0 0 0.9999999999999999
outer loop
vertex 71.84096000000001 5.095082666666667 1.9999573333333336
vertex 70.77376000000001 5.141205333333334 1.9999573333333336
vertex 70.75413333333334 5.086741333333333 1.9999573333333336
endloop
endfacet
facet normal 0 0 1
outer loop
vertex 71.84096000000001 5.095082666666667 1.9999573333333336
vertex 70.75413333333334 5.086741333333333 1.9999573333333336
vertex 70.74432 5.053376 1.9999573333333336
endloop
endfacet
facet normal 0 0 1
outer loop
vertex 71.84096000000001 5.095082666666667 1.9999573333333336
vertex 70.74432 5.053376 1.9999573333333336
vertex 73.39195733333334 5.053376 1.9999573333333336
endloop
endfacet
facet normal 0 0 1
outer loop
vertex 71.84096000000001 5.095082666666667 1.9999573333333336
vertex 73.39195733333334 5.053376 1.9999573333333336
vertex 73.54013866666668 5.141205333333334 1.9999573333333336
endloop
endfacet
facet normal 0 0 1
outer loop
vertex 71.84096000000001 5.095082666666667 1.9999573333333336
vertex 73.54013866666668 5.141205333333334 1.9999573333333336
vertex 70.77376000000001 5.141205333333334 1.9999573333333336
endloop
endfacet
facet normal 0 0 1
outer loop
vertex 5.758954666666667 5.095082666666667 1.9999573333333336
vertex 4.059776 5.141205333333334 1.9999573333333336
vertex 4.207957333333334 5.053376 1.9999573333333336
endloop
endfacet
facet normal 0 0 1
outer loop
vertex 5.758954666666667 5.095082666666667 1.9999573333333336
vertex 4.207957333333334 5.053376 1.9999573333333336
vertex 6.855594666666668 5.053376 1.9999573333333336
endloop
endfacet
facet normal 0 0 1
outer loop
vertex 5.758954666666667 5.095082666666667 1.9999573333333336
vertex 6.855594666666668 5.053376 1.9999573333333336
vertex 6.845781333333334 5.086741333333333 1.9999573333333336
endloop
endfacet
facet normal 0 0 1
outer loop
vertex 5.758954666666667 5.095082666666667 1.9999573333333336
vertex 6.845781333333334 5.086741333333333 1.9999573333333336
vertex 6.8261546666666675 5.141205333333334 1.9999573333333336
endloop
endfacet
facet normal 0 0 1
outer loop
vertex 5.758954666666667 5.095082666666667 1.9999573333333336
vertex 6.8261546666666675 5.141205333333334 1.9999573333333336
vertex 4.059776 5.141205333333334 1.9999573333333336
endloop
endfacet
facet normal 0 0 1
outer loop
vertex 70.74432 5.053376 1.9999573333333336
vertex 70.716352 4.956714666666667 1.9999573333333336
vertex 73.24966400000001 4.956714666666667 1.9999573333333336
endloop
endfacet
facet normal 0 0 1
outer loop
vertex 70.74432 5.053376 1.9999573333333336
vertex 73.24966400000001 4.956714666666667 1.9999573333333336
vertex 73.39195733333334 5.053376 1.9999573333333336
endloop
endfacet
facet normal 0 0 1
outer loop
vertex 4.207957333333334 5.053376 1.9999573333333336
vertex 4.350741333333334 4.956714666666667 1.9999573333333336
vertex 6.883562666666667 4.956714666666667 1.9999573333333336
endloop
endfacet
facet normal 0 0 1
outer loop
vertex 4.207957333333334 5.053376 1.9999573333333336
vertex 6.883562666666667 4.956714666666667 1.9999573333333336
vertex 6.855594666666668 5.053376 1.9999573333333336
endloop
endfacet
facet normal 0 0 1
outer loop
vertex 71.695232 4.907648 1.9999573333333336
vertex 70.716352 4.956714666666667 1.9999573333333336
vertex 70.70604800000001 4.921386666666667 1.9999573333333336
endloop
endfacet
facet normal 0 0 1
outer loop
vertex 71.695232 4.907648 1.9999573333333336
vertex 70.70604800000001 4.921386666666667 1.9999573333333336
vertex 70.69034666666667 4.851221333333334 1.9999573333333336
endloop
endfacet
facet normal 0 0 1
outer loop
vertex 71.695232 4.907648 1.9999573333333336
vertex 70.69034666666667 4.851221333333334 1.9999573333333336
vertex 73.11325866666667 4.851221333333334 1.9999573333333336
endloop
endfacet
facet normal 0 0 0.9999999999999999
outer loop
vertex 71.695232 4.907648 1.9999573333333336
vertex 73.11325866666667 4.851221333333334 1.9999573333333336
vertex 73.24966400000001 4.956714666666667 1.9999573333333336
endloop
endfacet
facet normal 0 0 0.9999999999999999
outer loop
vertex 71.695232 4.907648 1.9999573333333336
vertex 73.24966400000001 4.956714666666667 1.9999573333333336
vertex 70.716352 4.956714666666667 1.9999573333333336
endloop
endfacet
facet normal 0 0 1
outer loop
vertex 5.904682666666667 4.907648 1.9999573333333336
vertex 4.350741333333334 4.956714666666667 1.9999573333333336
vertex 4.486656 4.851221333333334 1.9999573333333336
endloop
endfacet
facet normal 0 0 1
outer loop
vertex 5.904682666666667 4.907648 1.9999573333333336
vertex 4.486656 4.851221333333334 1.9999573333333336
vertex 6.909568 4.851221333333334 1.9999573333333336
endloop
endfacet
facet normal 0 0 1
outer loop
vertex 5.904682666666667 4.907648 1.9999573333333336
vertex 6.909568 4.851221333333334 1.9999573333333336
vertex 6.893866666666667 4.921386666666667 1.9999573333333336
endloop
endfacet
facet normal 0 0 1
outer loop
vertex 5.904682666666667 4.907648 1.9999573333333336
vertex 6.893866666666667 4.921386666666667 1.9999573333333336
vertex 6.883562666666667 4.956714666666667 1.9999573333333336
endloop
endfacet
facet normal 0 0 1
outer loop
vertex 5.904682666666667 4.907648 1.9999573333333336
vertex 6.883562666666667 4.956714666666667 1.9999573333333336
vertex 4.350741333333334 4.956714666666667 1.9999573333333336
endloop
endfacet
facet normal 0 0 1
outer loop
vertex 71.624576 4.785962666666667 1.9999573333333336
vertex 70.69034666666667 4.851221333333334 1.9999573333333336
vertex 70.66875733333333 4.753578666666667 1.9999573333333336
endloop
endfacet
facet normal 0 0 0.9999999999999999
outer loop
vertex 71.624576 4.785962666666667 1.9999573333333336
vertex 70.66875733333333 4.753578666666667 1.9999573333333336
vertex 70.66581333333333 4.737386666666667 1.9999573333333336
endloop
endfacet
facet normal 0 0 1
outer loop
vertex 71.624576 4.785962666666667 1.9999573333333336
vertex 70.66581333333333 4.737386666666667 1.9999573333333336
vertex 72.98421333333334 4.737386666666667 1.9999573333333336
endloop
endfacet
facet normal 0 0 1
outer loop
vertex 71.624576 4.785962666666667 1.9999573333333336
vertex 72.98421333333334 4.737386666666667 1.9999573333333336
vertex 73.11325866666667 4.851221333333334 1.9999573333333336
endloop
endfacet
facet normal 0 0 1
outer loop
vertex 71.624576 4.785962666666667 1.9999573333333336
vertex 73.11325866666667 4.851221333333334 1.9999573333333336
vertex 70.69034666666667 4.851221333333334 1.9999573333333336
endloop
endfacet
facet normal 0 0 1
outer loop
vertex 5.9753386666666675 4.785962666666667 1.9999573333333336
vertex 4.486656 4.851221333333334 1.9999573333333336
vertex 4.615701333333334 4.737386666666667 1.9999573333333336
endloop
endfacet
facet normal 0 0 1
outer loop
vertex 5.9753386666666675 4.785962666666667 1.9999573333333336
vertex 4.615701333333334 4.737386666666667 1.9999573333333336
vertex 6.9341013333333335 4.737386666666667 1.9999573333333336
endloop
endfacet
facet normal 0 0 1
outer loop
vertex 5.9753386666666675 4.785962666666667 1.9999573333333336
vertex 6.9341013333333335 4.737386666666667 1.9999573333333336
vertex 6.931648000000001 4.753578666666667 1.9999573333333336
endloop
endfacet
facet normal 0 0 1
outer loop
vertex 5.9753386666666675 4.785962666666667 1.9999573333333336
vertex 6.931648000000001 4.753578666666667 1.9999573333333336
vertex 6.909568 4.851221333333334 1.9999573333333336
endloop
endfacet
facet normal 0 0 1
outer loop
vertex 5.9753386666666675 4.785962666666667 1.9999573333333336
vertex 6.909568 4.851221333333334 1.9999573333333336
vertex 4.486656 4.851221333333334 1.9999573333333336
endloop
endfacet
facet normal 0 0 1
outer loop
vertex 70.66581333333333 4.737386666666667 1.9999573333333336
vertex 70.64667733333334 4.615701333333334 1.9999573333333336
vertex 72.86252800000001 4.615701333333334 1.9999573333333336
endloop
endfacet
facet normal 0 0 1
outer loop
vertex 70.66581333333333 4.737386666666667 1.9999573333333336
vertex 72.86252800000001 4.615701333333334 1.9999573333333336
vertex 72.98421333333334 4.737386666666667 1.9999573333333336
endloop
endfacet
facet normal 0 0 1
outer loop
vertex 4.615701333333334 4.737386666666667 1.9999573333333336
vertex 4.737386666666667 4.615701333333334 1.9999573333333336
vertex 6.953237333333334 4.615701333333334 1.9999573333333336
endloop
endfacet
facet normal 0 0 1
outer loop
vertex 4.615701333333334 4.737386666666667 1.9999573333333336
vertex 6.953237333333334 4.615701333333334 1.9999573333333336
vertex 6.9341013333333335 4.737386666666667 1.9999573333333336
endloop
endfacet
facet normal 0 0 1
outer loop
vertex 71.50632533333334 4.557802666666667 1.9999573333333336
vertex 70.64667733333334 4.615701333333334 1.9999573333333336
vertex 70.64177066666667 4.5833173333333335 1.9999573333333336
endloop
endfacet
facet normal 0 0 1
outer loop
vertex 71.50632533333334 4.557802666666667 1.9999573333333336
vertex 70.64177066666667 4.5833173333333335 1.9999573333333336
vertex 70.63244800000001 4.486656 1.9999573333333336
endloop
endfacet
facet normal 0 0 1
outer loop
vertex 71.50632533333334 4.557802666666667 1.9999573333333336
vertex 70.63244800000001 4.486656 1.9999573333333336
vertex 72.74869333333334 4.486656 1.9999573333333336
endloop
endfacet
facet normal 0 0 1
outer loop
vertex 71.50632533333334 4.557802666666667 1.9999573333333336
vertex 72.74869333333334 4.486656 1.9999573333333336
vertex 72.86252800000001 4.615701333333334 1.9999573333333336
endloop
endfacet
facet normal 0 0 1
outer loop
vertex 71.50632533333334 4.557802666666667 1.9999573333333336
vertex 72.86252800000001 4.615701333333334 1.9999573333333336
vertex 70.64667733333334 4.615701333333334 1.9999573333333336
endloop
endfacet
facet normal 0 0 1
outer loop
vertex 6.093589333333334 4.557802666666667 1.9999573333333336
vertex 4.737386666666667 4.615701333333334 1.9999573333333336
vertex 4.851221333333334 4.486656 1.9999573333333336
endloop
endfacet
facet normal 0 0 1
outer loop
vertex 6.093589333333334 4.557802666666667 1.9999573333333336
vertex 4.851221333333334 4.486656 1.9999573333333336
vertex 6.967466666666668 4.486656 1.9999573333333336
endloop
endfacet
facet normal 0 0 1
outer loop
vertex 6.093589333333334 4.557802666666667 1.9999573333333336
vertex 6.967466666666668 4.486656 1.9999573333333336
vertex 6.958634666666667 4.5833173333333335 1.9999573333333336
endloop
endfacet
facet normal 0 0 1
outer loop
vertex 6.093589333333334 4.557802666666667 1.9999573333333336
vertex 6.958634666666667 4.5833173333333335 1.9999573333333336
vertex 6.953237333333334 4.615701333333334 1.9999573333333336
endloop
endfacet
facet normal 0 0 1
outer loop
vertex 6.093589333333334 4.557802666666667 1.9999573333333336
vertex 6.953237333333334 4.615701333333334 1.9999573333333336
vertex 4.737386666666667 4.615701333333334 1.9999573333333336
endloop
endfacet
facet normal 0 0 1
outer loop
vertex 71.45480533333334 4.417472 1.9999573333333336
vertex 70.63244800000001 4.486656 1.9999573333333336
vertex 70.62557866666667 4.412074666666667 1.9999573333333336
endloop
endfacet
facet normal 0 0 0.9999999999999999
outer loop
vertex 71.45480533333334 4.417472 1.9999573333333336
vertex 70.62557866666667 4.412074666666667 1.9999573333333336
vertex 70.623616 4.350741333333334 1.9999573333333336
endloop
endfacet
facet normal 0 0 1
outer loop
vertex 71.45480533333334 4.417472 1.9999573333333336
vertex 70.623616 4.350741333333334 1.9999573333333336
vertex 72.64320000000001 4.350741333333334 1.9999573333333336
endloop
endfacet
facet normal 0 0 1
outer loop
vertex 71.45480533333334 4.417472 1.9999573333333336
vertex 72.64320000000001 4.350741333333334 1.9999573333333336
vertex 72.74869333333334 4.486656 1.9999573333333336
endloop
endfacet
facet normal 0 0 1
outer loop
vertex 71.45480533333334 4.417472 1.9999573333333336
vertex 72.74869333333334 4.486656 1.9999573333333336
vertex 70.63244800000001 4.486656 1.9999573333333336
endloop
endfacet
facet normal 0 0 1
outer loop
vertex 6.145109333333334 4.417472 1.9999573333333336
vertex 4.851221333333334 4.486656 1.9999573333333336
vertex 4.956714666666667 4.350741333333334 1.9999573333333336
endloop
endfacet
facet normal 0 0 1
outer loop
vertex 6.145109333333334 4.417472 1.9999573333333336
vertex 4.956714666666667 4.350741333333334 1.9999573333333336
vertex 6.9762986666666675 4.350741333333334 1.9999573333333336
endloop
endfacet
facet normal 0 0 1
outer loop
vertex 6.145109333333334 4.417472 1.9999573333333336
vertex 6.9762986666666675 4.350741333333334 1.9999573333333336
vertex 6.974826666666667 4.412074666666667 1.9999573333333336
endloop
endfacet
facet normal 0 0 0.9999999999999999
outer loop
vertex 6.145109333333334 4.417472 1.9999573333333336
vertex 6.974826666666667 4.412074666666667 1.9999573333333336
vertex 6.967466666666668 4.486656 1.9999573333333336
endloop
endfacet
facet normal 0 0 1
outer loop
vertex 6.145109333333334 4.417472 1.9999573333333336
vertex 6.967466666666668 4.486656 1.9999573333333336
vertex 4.851221333333334 4.486656 1.9999573333333336
endloop
endfacet
facet normal 0 0 1
outer loop
vertex 70.623616 4.350741333333334 1.9999573333333336
vertex 70.6192 4.207957333333334 1.9999573333333336
vertex 72.54653866666668 4.207957333333334 1.9999573333333336
endloop
endfacet
facet normal 0 0 1
outer loop
vertex 70.623616 4.350741333333334 1.9999573333333336
vertex 72.54653866666668 4.207957333333334 1.9999573333333336
vertex 72.64320000000001 4.350741333333334 1.9999573333333336
endloop
endfacet
facet normal 0 0 1
outer loop
vertex 4.956714666666667 4.350741333333334 1.9999573333333336
vertex 5.053376 4.207957333333334 1.9999573333333336
vertex 6.9812053333333335 4.207957333333334 1.9999573333333336
endloop
endfacet
facet normal 0 0 1
outer loop
vertex 4.956714666666667 4.350741333333334 1.9999573333333336
vertex 6.9812053333333335 4.207957333333334 1.9999573333333336
vertex 6.9762986666666675 4.350741333333334 1.9999573333333336
endloop
endfacet
facet normal 0 0 1
outer loop
vertex 70.6192 4.207957333333334 1.9999573333333336
vertex 70.614784 4.068117333333333 1.9999573333333336
vertex 72.463616 4.068117333333333 1.9999573333333336
endloop
endfacet
facet normal 0 0 1
outer loop
vertex 70.6192 4.207957333333334 1.9999573333333336
vertex 72.463616 4.068117333333333 1.9999573333333336
vertex 72.54653866666668 4.207957333333334 1.9999573333333336
endloop
endfacet
facet normal 0 0 1
outer loop
vertex 5.053376 4.207957333333334 1.9999573333333336
vertex 5.136298666666667 4.068117333333333 1.9999573333333336
vertex 6.9856213333333335 4.068117333333333 1.9999573333333336
endloop
endfacet
facet normal 0 0 1
outer loop
vertex 5.053376 4.207957333333334 1.9999573333333336
vertex 6.9856213333333335 4.068117333333333 1.9999573333333336
vertex 6.9812053333333335 4.207957333333334 1.9999573333333336
endloop
endfacet
facet normal 0 0 1
outer loop
vertex 70.614784 4.068117333333333 1.9999573333333336
vertex 70.61380266666667 4.059776 1.9999573333333336
vertex 72.45870933333335 4.059776 1.9999573333333336
endloop
endfacet
facet normal 0 0 1
outer loop
vertex 70.614784 4.068117333333333 1.9999573333333336
vertex 72.45870933333335 4.059776 1.9999573333333336
vertex 72.463616 4.068117333333333 1.9999573333333336
endloop
endfacet
facet normal 0 0 0.9999999999999999
outer loop
vertex 5.136298666666667 4.068117333333333 1.9999573333333336
vertex 5.141205333333334 4.059776 1.9999573333333336
vertex 6.986112 4.059776 1.9999573333333336
endloop
endfacet
facet normal 0 0 1
outer loop
vertex 5.136298666666667 4.068117333333333 1.9999573333333336
vertex 6.986112 4.059776 1.9999573333333336
vertex 6.9856213333333335 4.068117333333333 1.9999573333333336
endloop
endfacet
facet normal 0 0 1
outer loop
vertex 70.61380266666667 4.059776 1.9999573333333336
vertex 70.59957333333334 3.9066880000000004 1.9999573333333336
vertex 72.38069333333334 3.9066880000000004 1.9999573333333336
endloop
endfacet
facet normal 0 0 1
outer loop
vertex 70.61380266666667 4.059776 1.9999573333333336
vertex 72.38069333333334 3.9066880000000004 1.9999573333333336
vertex 72.45870933333335 4.059776 1.9999573333333336
endloop
endfacet
facet normal 0 0 1
outer loop
vertex 5.141205333333334 4.059776 1.9999573333333336
vertex 5.2192213333333335 3.9066880000000004 1.9999573333333336
vertex 7.000832000000001 3.9066880000000004 1.9999573333333336
endloop
endfacet
facet normal 0 0 1
outer loop
vertex 5.141205333333334 4.059776 1.9999573333333336
vertex 7.000832000000001 3.9066880000000004 1.9999573333333336
vertex 6.986112 4.059776 1.9999573333333336
endloop
endfacet
facet normal 0 0 1
outer loop
vertex 70.59957333333334 3.9066880000000004 1.9999573333333336
vertex 70.59859200000001 3.8963840000000003 1.9999573333333336
vertex 72.37627733333333 3.8963840000000003 1.9999573333333336
endloop
endfacet
facet normal 0 0 0.9999999999999999
outer loop
vertex 70.59957333333334 3.9066880000000004 1.9999573333333336
vertex 72.37627733333333 3.8963840000000003 1.9999573333333336
vertex 72.38069333333334 3.9066880000000004 1.9999573333333336
endloop
endfacet
facet normal 0 0 1
outer loop
vertex 5.2192213333333335 3.9066880000000004 1.9999573333333336
vertex 5.2236373333333335 3.8963840000000003 1.9999573333333336
vertex 7.001813333333334 3.8963840000000003 1.9999573333333336
endloop
endfacet
facet normal 0 0 1
outer loop
vertex 5.2192213333333335 3.9066880000000004 1.9999573333333336
vertex 7.001813333333334 3.8963840000000003 1.9999573333333336
vertex 7.000832000000001 3.9066880000000004 1.9999573333333336
endloop
endfacet
facet normal 0 0 1
outer loop
vertex 70.59859200000001 3.8963840000000003 1.9999573333333336
vertex 70.57504 3.7486933333333337 1.9999573333333336
vertex 72.31249066666668 3.7486933333333337 1.9999573333333336
endloop
endfacet
facet normal 0 0 1
outer loop
vertex 70.59859200000001 3.8963840000000003 1.9999573333333336
vertex 72.31249066666668 3.7486933333333337 1.9999573333333336
vertex 72.37627733333333 3.8963840000000003 1.9999573333333336
endloop
endfacet
facet normal 0 0 1
outer loop
vertex 5.2236373333333335 3.8963840000000003 1.9999573333333336
vertex 5.287424000000001 3.7486933333333337 1.9999573333333336
vertex 7.024874666666667 3.7486933333333337 1.9999573333333336
endloop
endfacet
facet normal 0 0 1
outer loop
vertex 5.2236373333333335 3.8963840000000003 1.9999573333333336
vertex 7.024874666666667 3.7486933333333337 1.9999573333333336
vertex 7.001813333333334 3.8963840000000003 1.9999573333333336
endloop
endfacet
facet normal 0 0 1
outer loop
vertex 70.57504 3.7486933333333337 1.9999573333333336
vertex 70.57160533333334 3.7266133333333338 1.9999573333333336
vertex 72.30464 3.7266133333333338 1.9999573333333336
endloop
endfacet
facet normal 0 0 0.9999999999999999
outer loop
vertex 70.57504 3.7486933333333337 1.9999573333333336
vertex 72.30464 3.7266133333333338 1.9999573333333336
vertex 72.31249066666668 3.7486933333333337 1.9999573333333336
endloop
endfacet
facet normal 0 0 1
outer loop
vertex 5.287424000000001 3.7486933333333337 1.9999573333333336
vertex 5.295765333333334 3.7266133333333338 1.9999573333333336
vertex 7.0283093333333335 3.7266133333333338 1.9999573333333336
endloop
endfacet
facet normal 0 0 1
outer loop
vertex 5.287424000000001 3.7486933333333337 1.9999573333333336
vertex 7.0283093333333335 3.7266133333333338 1.9999573333333336
vertex 7.024874666666667 3.7486933333333337 1.9999573333333336
endloop
endfacet
facet normal 0 0 1
outer loop
vertex 70.57160533333334 3.7266133333333338 1.9999573333333336
vertex 70.54020266666667 3.586773333333334 1.9999573333333336
vertex 72.25410133333334 3.586773333333334 1.9999573333333336
endloop
endfacet
facet normal 0 0 1
outer loop
vertex 70.57160533333334 3.7266133333333338 1.9999573333333336
vertex 72.25410133333334 3.586773333333334 1.9999573333333336
vertex 72.30464 3.7266133333333338 1.9999573333333336
endloop
endfacet
facet normal 0 0 1
outer loop
vertex 5.295765333333334 3.7266133333333338 1.9999573333333336
vertex 5.345813333333334 3.586773333333334 1.9999573333333336
vertex 7.059712 3.586773333333334 1.9999573333333336
endloop
endfacet
facet normal 0 0 1
outer loop
vertex 5.295765333333334 3.7266133333333338 1.9999573333333336
vertex 7.059712 3.586773333333334 1.9999573333333336
vertex 7.0283093333333335 3.7266133333333338 1.9999573333333336
endloop
endfacet
facet normal 0 0 1
outer loop
vertex 70.54020266666667 3.586773333333334 1.9999573333333336
vertex 70.53382400000001 3.558805333333334 1.9999573333333336
vertex 72.24576 3.558805333333334 1.9999573333333336
endloop
endfacet
facet normal 0 0 1
outer loop
vertex 70.54020266666667 3.586773333333334 1.9999573333333336
vertex 72.24576 3.558805333333334 1.9999573333333336
vertex 72.25410133333334 3.586773333333334 1.9999573333333336
endloop
endfacet
facet normal 0 0 1
outer loop
vertex 5.345813333333334 3.586773333333334 1.9999573333333336
vertex 5.354154666666667 3.558805333333334 1.9999573333333336
vertex 7.066090666666668 3.558805333333334 1.9999573333333336
endloop
endfacet
facet normal 0 0 1
outer loop
vertex 5.345813333333334 3.586773333333334 1.9999573333333336
vertex 7.066090666666668 3.558805333333334 1.9999573333333336
vertex 7.059712 3.586773333333334 1.9999573333333336
endloop
endfacet
facet normal 0 0 1
outer loop
vertex 70.53382400000001 3.558805333333334 1.9999573333333336
vertex 70.49408000000001 3.421418666666667 1.9999573333333336
vertex 72.206016 3.421418666666667 1.9999573333333336
endloop
endfacet
facet normal 0 0 1
outer loop
vertex 70.53382400000001 3.558805333333334 1.9999573333333336
vertex 72.206016 3.421418666666667 1.9999573333333336
vertex 72.24576 3.558805333333334 1.9999573333333336
endloop
endfacet
facet normal 0 0 1
outer loop
vertex 5.354154666666667 3.558805333333334 1.9999573333333336
vertex 5.393898666666667 3.421418666666667 1.9999573333333336
vertex 7.105834666666667 3.421418666666667 1.9999573333333336
endloop
endfacet
facet normal 0 0 1
outer loop
vertex 5.354154666666667 3.558805333333334 1.9999573333333336
vertex 7.105834666666667 3.421418666666667 1.9999573333333336
vertex 7.066090666666668 3.558805333333334 1.9999573333333336
endloop
endfacet
facet normal 0 0 1
outer loop
vertex 70.49408000000001 3.421418666666667 1.9999573333333336
vertex 70.48573866666668 3.393450666666667 1.9999573333333336
vertex 72.19963733333334 3.393450666666667 1.9999573333333336
endloop
endfacet
facet normal 0 0 1
outer loop
vertex 70.49408000000001 3.421418666666667 1.9999573333333336
vertex 72.19963733333334 3.393450666666667 1.9999573333333336
vertex 72.206016 3.421418666666667 1.9999573333333336
endloop
endfacet
facet normal 0 0 1
outer loop
vertex 5.393898666666667 3.421418666666667 1.9999573333333336
vertex 5.400277333333333 3.393450666666667 1.9999573333333336
vertex 7.1141760000000005 3.393450666666667 1.9999573333333336
endloop
endfacet
facet normal 0 0 1
outer loop
vertex 5.393898666666667 3.421418666666667 1.9999573333333336
vertex 7.1141760000000005 3.393450666666667 1.9999573333333336
vertex 7.105834666666667 3.421418666666667 1.9999573333333336
endloop
endfacet
facet normal 0 0 1
outer loop
vertex 70.48573866666668 3.393450666666667 1.9999573333333336
vertex 70.43569066666667 3.253610666666667 1.9999573333333336
vertex 72.16872533333334 3.253610666666667 1.9999573333333336
endloop
endfacet
facet normal 0 0 1
outer loop
vertex 70.48573866666668 3.393450666666667 1.9999573333333336
vertex 72.16872533333334 3.253610666666667 1.9999573333333336
vertex 72.19963733333334 3.393450666666667 1.9999573333333336
endloop
endfacet
facet normal 0 0 1
outer loop
vertex 5.400277333333333 3.393450666666667 1.9999573333333336
vertex 5.43168 3.253610666666667 1.9999573333333336
vertex 7.164224000000001 3.253610666666667 1.9999573333333336
endloop
endfacet
facet normal 0 0 1
outer loop
vertex 5.400277333333333 3.393450666666667 1.9999573333333336
vertex 7.164224000000001 3.253610666666667 1.9999573333333336
vertex 7.1141760000000005 3.393450666666667 1.9999573333333336
endloop
endfacet
facet normal 0 0 1
outer loop
vertex 70.43569066666667 3.253610666666667 1.9999573333333336
vertex 70.42734933333334 3.231530666666667 1.9999573333333336
vertex 72.1648 3.231530666666667 1.9999573333333336
endloop
endfacet
facet normal 0 0 1
outer loop
vertex 70.43569066666667 3.253610666666667 1.9999573333333336
vertex 72.1648 3.231530666666667 1.9999573333333336
vertex 72.16872533333334 3.253610666666667 1.9999573333333336
endloop
endfacet
facet normal 0 0 1
outer loop
vertex 5.43168 3.253610666666667 1.9999573333333336
vertex 5.435114666666667 3.231530666666667 1.9999573333333336
vertex 7.172565333333334 3.231530666666667 1.9999573333333336
endloop
endfacet
facet normal 0 0 1
outer loop
vertex 5.43168 3.253610666666667 1.9999573333333336
vertex 7.172565333333334 3.231530666666667 1.9999573333333336
vertex 7.164224000000001 3.253610666666667 1.9999573333333336
endloop
endfacet
facet normal 0 0 1
outer loop
vertex 70.42734933333334 3.231530666666667 1.9999573333333336
vertex 70.36356266666667 3.0833493333333335 1.9999573333333336
vertex 72.14173866666667 3.0833493333333335 1.9999573333333336
endloop
endfacet
facet normal 0 0 1
outer loop
vertex 70.42734933333334 3.231530666666667 1.9999573333333336
vertex 72.14173866666667 3.0833493333333335 1.9999573333333336
vertex 72.1648 3.231530666666667 1.9999573333333336
endloop
endfacet
facet normal 0 0 1
outer loop
vertex 5.435114666666667 3.231530666666667 1.9999573333333336
vertex 5.458176000000001 3.0833493333333335 1.9999573333333336
vertex 7.236352 3.0833493333333335 1.9999573333333336
endloop
endfacet
facet normal 0 0 1
outer loop
vertex 5.435114666666667 3.231530666666667 1.9999573333333336
vertex 7.236352 3.0833493333333335 1.9999573333333336
vertex 7.172565333333334 3.231530666666667 1.9999573333333336
endloop
endfacet
facet normal 0 0 1
outer loop
vertex 70.36356266666667 3.0833493333333335 1.9999573333333336
vertex 70.35914666666667 3.0735360000000003 1.9999573333333336
vertex 72.14075733333334 3.0735360000000003 1.9999573333333336
endloop
endfacet
facet normal 0 0 1
outer loop
vertex 70.36356266666667 3.0833493333333335 1.9999573333333336
vertex 72.14075733333334 3.0735360000000003 1.9999573333333336
vertex 72.14173866666667 3.0833493333333335 1.9999573333333336
endloop
endfacet
facet normal 0 0 1
outer loop
vertex 5.458176000000001 3.0833493333333335 1.9999573333333336
vertex 5.459157333333334 3.0735360000000003 1.9999573333333336
vertex 7.240768000000001 3.0735360000000003 1.9999573333333336
endloop
endfacet
facet normal 0 0 1
outer loop
vertex 5.458176000000001 3.0833493333333335 1.9999573333333336
vertex 7.240768000000001 3.0735360000000003 1.9999573333333336
vertex 7.236352 3.0833493333333335 1.9999573333333336
endloop
endfacet
facet normal 0 0 1
outer loop
vertex 70.35914666666667 3.0735360000000003 1.9999573333333336
vertex 70.28113066666667 2.9199573333333335 1.9999573333333336
vertex 72.12603733333334 2.9199573333333335 1.9999573333333336
endloop
endfacet
facet normal 0 0 1
outer loop
vertex 70.35914666666667 3.0735360000000003 1.9999573333333336
vertex 72.12603733333334 2.9199573333333335 1.9999573333333336
vertex 72.14075733333334 3.0735360000000003 1.9999573333333336
endloop
endfacet
facet normal 0 0 1
outer loop
vertex 5.459157333333334 3.0735360000000003 1.9999573333333336
vertex 5.473877333333334 2.9199573333333335 1.9999573333333336
vertex 7.318784000000001 2.9199573333333335 1.9999573333333336
endloop
endfacet
facet normal 0 0 1
outer loop
vertex 5.459157333333334 3.0735360000000003 1.9999573333333336
vertex 7.318784000000001 2.9199573333333335 1.9999573333333336
vertex 7.240768000000001 3.0735360000000003 1.9999573333333336
endloop
endfacet
facet normal 0 0 0.9999999999999999
outer loop
vertex 70.28113066666667 2.9199573333333335 1.9999573333333336
vertex 70.276224 2.912106666666667 1.9999573333333336
vertex 72.12554666666668 2.912106666666667 1.9999573333333336
endloop
endfacet
facet normal 0 0 1
outer loop
vertex 70.28113066666667 2.9199573333333335 1.9999573333333336
vertex 72.12554666666668 2.912106666666667 1.9999573333333336
vertex 72.12603733333334 2.9199573333333335 1.9999573333333336
endloop
endfacet
facet normal 0 0 1
outer loop
vertex 5.473877333333334 2.9199573333333335 1.9999573333333336
vertex 5.474368 2.912106666666667 1.9999573333333336
vertex 7.323690666666667 2.912106666666667 1.9999573333333336
endloop
endfacet
facet normal 0 0 1
outer loop
vertex 5.473877333333334 2.9199573333333335 1.9999573333333336
vertex 7.323690666666667 2.912106666666667 1.9999573333333336
vertex 7.318784000000001 2.9199573333333335 1.9999573333333336
endloop
endfacet
facet normal 0 0 1
outer loop
vertex 70.276224 2.912106666666667 1.9999573333333336
vertex 70.19330133333334 2.771776 1.9999573333333336
vertex 72.12113066666667 2.771776 1.9999573333333336
endloop
endfacet
facet normal 0 0 1
outer loop
vertex 70.276224 2.912106666666667 1.9999573333333336
vertex 72.12113066666667 2.771776 1.9999573333333336
vertex 72.12554666666668 2.912106666666667 1.9999573333333336
endloop
endfacet
facet normal 0 0 1
outer loop
vertex 5.474368 2.912106666666667 1.9999573333333336
vertex 5.478784 2.771776 1.9999573333333336
vertex 7.4066133333333335 2.771776 1.9999573333333336
endloop
endfacet
facet normal 0 0 1
outer loop
vertex 5.474368 2.912106666666667 1.9999573333333336
vertex 7.4066133333333335 2.771776 1.9999573333333336
vertex 7.323690666666667 2.912106666666667 1.9999573333333336
endloop
endfacet
facet normal 0 0 1
outer loop
vertex 70.19330133333334 2.771776 1.9999573333333336
vertex 70.09664000000001 2.629482666666667 1.9999573333333336
vertex 72.11671466666667 2.629482666666667 1.9999573333333336
endloop
endfacet
facet normal 0 0 1
outer loop
vertex 70.19330133333334 2.771776 1.9999573333333336
vertex 72.11671466666667 2.629482666666667 1.9999573333333336
vertex 72.12113066666667 2.771776 1.9999573333333336
endloop
endfacet
facet normal 0 0 1
outer loop
vertex 5.478784 2.771776 1.9999573333333336
vertex 5.483690666666667 2.629482666666667 1.9999573333333336
vertex 7.503274666666667 2.629482666666667 1.9999573333333336
endloop
endfacet
facet normal 0 0 1
outer loop
vertex 5.478784 2.771776 1.9999573333333336
vertex 7.503274666666667 2.629482666666667 1.9999573333333336
vertex 7.4066133333333335 2.771776 1.9999573333333336
endloop
endfacet
facet normal 0 0 1
outer loop
vertex 71.28552533333334 2.562752 1.9999573333333336
vertex 70.09664000000001 2.629482666666667 1.9999573333333336
vertex 69.99114666666667 2.4935680000000002 1.9999573333333336
endloop
endfacet
facet normal 0 0 1
outer loop
vertex 71.28552533333334 2.562752 1.9999573333333336
vertex 69.99114666666667 2.4935680000000002 1.9999573333333336
vertex 72.107392 2.4935680000000002 1.9999573333333336
endloop
endfacet
facet normal 0 0 1
outer loop
vertex 71.28552533333334 2.562752 1.9999573333333336
vertex 72.107392 2.4935680000000002 1.9999573333333336
vertex 72.11475200000001 2.5681493333333334 1.9999573333333336
endloop
endfacet
facet normal 0 0 0.9999999999999999
outer loop
vertex 71.28552533333334 2.562752 1.9999573333333336
vertex 72.11475200000001 2.5681493333333334 1.9999573333333336
vertex 72.11671466666667 2.629482666666667 1.9999573333333336
endloop
endfacet
facet normal 0 0 1
outer loop
vertex 71.28552533333334 2.562752 1.9999573333333336
vertex 72.11671466666667 2.629482666666667 1.9999573333333336
vertex 70.09664000000001 2.629482666666667 1.9999573333333336
endloop
endfacet
facet normal 0 0 1
outer loop
vertex 6.3148800000000005 2.562752 1.9999573333333336
vertex 5.483690666666667 2.629482666666667 1.9999573333333336
vertex 5.485162666666667 2.5681493333333334 1.9999573333333336
endloop
endfacet
facet normal 0 0 1
outer loop
vertex 6.3148800000000005 2.562752 1.9999573333333336
vertex 5.485162666666667 2.5681493333333334 1.9999573333333336
vertex 5.492522666666667 2.4935680000000002 1.9999573333333336
endloop
endfacet
facet normal 0 0 1
outer loop
vertex 6.3148800000000005 2.562752 1.9999573333333336
vertex 5.492522666666667 2.4935680000000002 1.9999573333333336
vertex 7.608768 2.4935680000000002 1.9999573333333336
endloop
endfacet
facet normal 0 0 1
outer loop
vertex 6.3148800000000005 2.562752 1.9999573333333336
vertex 7.608768 2.4935680000000002 1.9999573333333336
vertex 7.503274666666667 2.629482666666667 1.9999573333333336
endloop
endfacet
facet normal 0 0 1
outer loop
vertex 6.3148800000000005 2.562752 1.9999573333333336
vertex 7.503274666666667 2.629482666666667 1.9999573333333336
vertex 5.483690666666667 2.629482666666667 1.9999573333333336
endloop
endfacet
facet normal 0 0 0.9999999999999999
outer loop
vertex 71.23351466666668 2.4224213333333333 1.9999573333333336
vertex 69.99114666666667 2.4935680000000002 1.9999573333333336
vertex 69.877312 2.3645226666666668 1.9999573333333336
endloop
endfacet
facet normal 0 0 1
outer loop
vertex 71.23351466666668 2.4224213333333333 1.9999573333333336
vertex 69.877312 2.3645226666666668 1.9999573333333336
vertex 72.09316266666667 2.3645226666666668 1.9999573333333336
endloop
endfacet
facet normal 0 0 1
outer loop
vertex 71.23351466666668 2.4224213333333333 1.9999573333333336
vertex 72.09316266666667 2.3645226666666668 1.9999573333333336
vertex 72.09856 2.3964160000000003 1.9999573333333336
endloop
endfacet
facet normal 0 0 1
outer loop
vertex 71.23351466666668 2.4224213333333333 1.9999573333333336
vertex 72.09856 2.3964160000000003 1.9999573333333336
vertex 72.107392 2.4935680000000002 1.9999573333333336
endloop
endfacet
facet normal 0 0 1
outer loop
vertex 71.23351466666668 2.4224213333333333 1.9999573333333336
vertex 72.107392 2.4935680000000002 1.9999573333333336
vertex 69.99114666666667 2.4935680000000002 1.9999573333333336
endloop
endfacet
facet normal 0 0 1
outer loop
vertex 6.3664000000000005 2.4224213333333333 1.9999573333333336
vertex 5.492522666666667 2.4935680000000002 1.9999573333333336
vertex 5.501845333333334 2.3964160000000003 1.9999573333333336
endloop
endfacet
facet normal 0 0 1
outer loop
vertex 6.3664000000000005 2.4224213333333333 1.9999573333333336
vertex 5.501845333333334 2.3964160000000003 1.9999573333333336
vertex 5.5067520000000005 2.3645226666666668 1.9999573333333336
endloop
endfacet
facet normal 0 0 1
outer loop
vertex 6.3664000000000005 2.4224213333333333 1.9999573333333336
vertex 5.5067520000000005 2.3645226666666668 1.9999573333333336
vertex 7.722602666666667 2.3645226666666668 1.9999573333333336
endloop
endfacet
facet normal 0 0 1
outer loop
vertex 6.3664000000000005 2.4224213333333333 1.9999573333333336
vertex 7.722602666666667 2.3645226666666668 1.9999573333333336
vertex 7.608768 2.4935680000000002 1.9999573333333336
endloop
endfacet
facet normal 0 0 0.9999999999999999
outer loop
vertex 6.3664000000000005 2.4224213333333333 1.9999573333333336
vertex 7.608768 2.4935680000000002 1.9999573333333336
vertex 5.492522666666667 2.4935680000000002 1.9999573333333336
endloop
endfacet
facet normal 0 0 1
outer loop
vertex 69.877312 2.3645226666666668 1.9999573333333336
vertex 69.75562666666667 2.2428373333333336 1.9999573333333336
vertex 72.07402666666667 2.2428373333333336 1.9999573333333336
endloop
endfacet
facet normal 0 0 1
outer loop
vertex 69.877312 2.3645226666666668 1.9999573333333336
vertex 72.07402666666667 2.2428373333333336 1.9999573333333336
vertex 72.09316266666667 2.3645226666666668 1.9999573333333336
endloop
endfacet
facet normal 0 0 1
outer loop
vertex 5.5067520000000005 2.3645226666666668 1.9999573333333336
vertex 5.525888 2.2428373333333336 1.9999573333333336
vertex 7.844288000000001 2.2428373333333336 1.9999573333333336
endloop
endfacet
facet normal 0 0 1
outer loop
vertex 5.5067520000000005 2.3645226666666668 1.9999573333333336
vertex 7.844288000000001 2.2428373333333336 1.9999573333333336
vertex 7.722602666666667 2.3645226666666668 1.9999573333333336
endloop
endfacet
facet normal 0 0 1
outer loop
vertex 71.11526400000001 2.1942613333333334 1.9999573333333336
vertex 69.75562666666667 2.2428373333333336 1.9999573333333336
vertex 69.62658133333333 2.129002666666667 1.9999573333333336
endloop
endfacet
facet normal 0 0 1
outer loop
vertex 71.11526400000001 2.1942613333333334 1.9999573333333336
vertex 69.62658133333333 2.129002666666667 1.9999573333333336
vertex 72.04949333333334 2.129002666666667 1.9999573333333336
endloop
endfacet
facet normal 0 0 1
outer loop
vertex 71.11526400000001 2.1942613333333334 1.9999573333333336
vertex 72.04949333333334 2.129002666666667 1.9999573333333336
vertex 72.07157333333333 2.2266453333333334 1.9999573333333336
endloop
endfacet
facet normal 0 0 0.9999999999999999
outer loop
vertex 71.11526400000001 2.1942613333333334 1.9999573333333336
vertex 72.07157333333333 2.2266453333333334 1.9999573333333336
vertex 72.07402666666667 2.2428373333333336 1.9999573333333336
endloop
endfacet
facet normal 0 0 0.9999999999999999
outer loop
vertex 71.11526400000001 2.1942613333333334 1.9999573333333336
vertex 72.07402666666667 2.2428373333333336 1.9999573333333336
vertex 69.75562666666667 2.2428373333333336 1.9999573333333336
endloop
endfacet
facet normal 0 0 0.9999999999999999
outer loop
vertex 6.484650666666667 2.1942613333333334 1.9999573333333336
vertex 5.525888 2.2428373333333336 1.9999573333333336
vertex 5.5283413333333336 2.2266453333333334 1.9999573333333336
endloop
endfacet
facet normal 0 0 0.9999999999999999
outer loop
vertex 6.484650666666667 2.1942613333333334 1.9999573333333336
vertex 5.5283413333333336 2.2266453333333334 1.9999573333333336
vertex 5.550421333333333 2.129002666666667 1.9999573333333336
endloop
endfacet
facet normal 0 0 0.9999999999999999
outer loop
vertex 6.484650666666667 2.1942613333333334 1.9999573333333336
vertex 5.550421333333333 2.129002666666667 1.9999573333333336
vertex 7.973333333333334 2.129002666666667 1.9999573333333336
endloop
endfacet
facet normal 0 0 1
outer loop
vertex 6.484650666666667 2.1942613333333334 1.9999573333333336
vertex 7.973333333333334 2.129002666666667 1.9999573333333336
vertex 7.844288000000001 2.2428373333333336 1.9999573333333336
endloop
endfacet
facet normal 0 0 1
outer loop
vertex 6.484650666666667 2.1942613333333334 1.9999573333333336
vertex 7.844288000000001 2.2428373333333336 1.9999573333333336
vertex 5.525888 2.2428373333333336 1.9999573333333336
endloop
endfacet
facet normal 0 0 1
outer loop
vertex 71.04460800000001 2.072576 1.9999573333333336
vertex 69.62658133333333 2.129002666666667 1.9999573333333336
vertex 69.49066666666667 2.0235093333333336 1.9999573333333336
endloop
endfacet
facet normal 0 0 0.9999999999999999
outer loop
vertex 71.04460800000001 2.072576 1.9999573333333336
vertex 69.49066666666667 2.0235093333333336 1.9999573333333336
vertex 72.023488 2.0235093333333336 1.9999573333333336
endloop
endfacet
facet normal 0 0 1
outer loop
vertex 71.04460800000001 2.072576 1.9999573333333336
vertex 72.023488 2.0235093333333336 1.9999573333333336
vertex 72.033792 2.058346666666667 1.9999573333333336
endloop
endfacet
facet normal 0 0 1
outer loop
vertex 71.04460800000001 2.072576 1.9999573333333336
vertex 72.033792 2.058346666666667 1.9999573333333336
vertex 72.04949333333334 2.129002666666667 1.9999573333333336
endloop
endfacet
facet normal 0 0 1
outer loop
vertex 71.04460800000001 2.072576 1.9999573333333336
vertex 72.04949333333334 2.129002666666667 1.9999573333333336
vertex 69.62658133333333 2.129002666666667 1.9999573333333336
endloop
endfacet
facet normal 0 0 1
outer loop
vertex 6.5553066666666675 2.072576 1.9999573333333336
vertex 5.550421333333333 2.129002666666667 1.9999573333333336
vertex 5.566122666666667 2.058346666666667 1.9999573333333336
endloop
endfacet
facet normal 0 0 1
outer loop
vertex 6.5553066666666675 2.072576 1.9999573333333336
vertex 5.566122666666667 2.058346666666667 1.9999573333333336
vertex 5.576426666666667 2.0235093333333336 1.9999573333333336
endloop
endfacet
facet normal 0 0 1
outer loop
vertex 6.5553066666666675 2.072576 1.9999573333333336
vertex 5.576426666666667 2.0235093333333336 1.9999573333333336
vertex 8.109248000000001 2.0235093333333336 1.9999573333333336
endloop
endfacet
facet normal 0 0 1
outer loop
vertex 6.5553066666666675 2.072576 1.9999573333333336
vertex 8.109248000000001 2.0235093333333336 1.9999573333333336
vertex 7.973333333333334 2.129002666666667 1.9999573333333336
endloop
endfacet
facet normal 0 0 1
outer loop
vertex 6.5553066666666675 2.072576 1.9999573333333336
vertex 7.973333333333334 2.129002666666667 1.9999573333333336
vertex 5.550421333333333 2.129002666666667 1.9999573333333336
endloop
endfacet
facet normal 0 0 1
outer loop
vertex 69.49066666666667 2.0235093333333336 1.9999573333333336
vertex 69.34837333333334 1.9263573333333335 1.9999573333333336
vertex 71.99552 1.9263573333333335 1.9999573333333336
endloop
endfacet
facet normal 0 0 1
outer loop
vertex 69.49066666666667 2.0235093333333336 1.9999573333333336
vertex 71.99552 1.9263573333333335 1.9999573333333336
vertex 72.023488 2.0235093333333336 1.9999573333333336
endloop
endfacet
facet normal 0 0 1
outer loop
vertex 5.576426666666667 2.0235093333333336 1.9999573333333336
vertex 5.604394666666667 1.9263573333333335 1.9999573333333336
vertex 8.252032 1.9263573333333335 1.9999573333333336
endloop
endfacet
facet normal 0 0 1
outer loop
vertex 5.576426666666667 2.0235093333333336 1.9999573333333336
vertex 8.252032 1.9263573333333335 1.9999573333333336
vertex 8.109248000000001 2.0235093333333336 1.9999573333333336
endloop
endfacet
facet normal 0 0 1
outer loop
vertex 70.89937066666667 1.8846506666666667 1.9999573333333336
vertex 69.34837333333334 1.9263573333333335 1.9999573333333336
vertex 69.200192 1.8390186666666668 1.9999573333333336
endloop
endfacet
facet normal 0 0 1
outer loop
vertex 70.89937066666667 1.8846506666666667 1.9999573333333336
vertex 69.200192 1.8390186666666668 1.9999573333333336
vertex 71.96608 1.8390186666666668 1.9999573333333336
endloop
endfacet
facet normal 0 0 1
outer loop
vertex 70.89937066666667 1.8846506666666667 1.9999573333333336
vertex 71.96608 1.8390186666666668 1.9999573333333336
vertex 71.98570666666667 1.8934826666666669 1.9999573333333336
endloop
endfacet
facet normal 0 0 1
outer loop
vertex 70.89937066666667 1.8846506666666667 1.9999573333333336
vertex 71.98570666666667 1.8934826666666669 1.9999573333333336
vertex 71.99552 1.9263573333333335 1.9999573333333336
endloop
endfacet
facet normal 0 0 1
outer loop
vertex 70.89937066666667 1.8846506666666667 1.9999573333333336
vertex 71.99552 1.9263573333333335 1.9999573333333336
vertex 69.34837333333334 1.9263573333333335 1.9999573333333336
endloop
endfacet
facet normal 0 0 1
outer loop
vertex 6.701034666666668 1.8846506666666667 1.9999573333333336
vertex 5.604394666666667 1.9263573333333335 1.9999573333333336
vertex 5.6142080000000005 1.8934826666666669 1.9999573333333336
endloop
endfacet
facet normal 0 0 1
outer loop
vertex 6.701034666666668 1.8846506666666667 1.9999573333333336
vertex 5.6142080000000005 1.8934826666666669 1.9999573333333336
vertex 5.633834666666667 1.8390186666666668 1.9999573333333336
endloop
endfacet
facet normal 0 0 1
outer loop
vertex 6.701034666666668 1.8846506666666667 1.9999573333333336
vertex 5.633834666666667 1.8390186666666668 1.9999573333333336
vertex 8.400213333333333 1.8390186666666668 1.9999573333333336
endloop
endfacet
facet normal 0 0 1
outer loop
vertex 6.701034666666668 1.8846506666666667 1.9999573333333336
vertex 8.400213333333333 1.8390186666666668 1.9999573333333336
vertex 8.252032 1.9263573333333335 1.9999573333333336
endloop
endfacet
facet normal 0 0 0.9999999999999999
outer loop
vertex 6.701034666666668 1.8846506666666667 1.9999573333333336
vertex 8.252032 1.9263573333333335 1.9999573333333336
vertex 5.604394666666667 1.9263573333333335 1.9999573333333336
endloop
endfacet
facet normal 0 0 1
outer loop
vertex 69.200192 1.8390186666666668 1.9999573333333336
vertex 69.04661333333334 1.7610026666666667 1.9999573333333336
vertex 71.938112 1.7610026666666667 1.9999573333333336
endloop
endfacet
facet normal 0 0 1
outer loop
vertex 69.200192 1.8390186666666668 1.9999573333333336
vertex 71.938112 1.7610026666666667 1.9999573333333336
vertex 71.96608 1.8390186666666668 1.9999573333333336
endloop
endfacet
facet normal 0 0 1
outer loop
vertex 5.633834666666667 1.8390186666666668 1.9999573333333336
vertex 5.661802666666667 1.7610026666666667 1.9999573333333336
vertex 8.553301333333334 1.7610026666666667 1.9999573333333336
endloop
endfacet
facet normal 0 0 1
outer loop
vertex 5.633834666666667 1.8390186666666668 1.9999573333333336
vertex 8.553301333333334 1.7610026666666667 1.9999573333333336
vertex 8.400213333333333 1.8390186666666668 1.9999573333333336
endloop
endfacet
facet normal 0 0 1
outer loop
vertex 70.74235733333335 1.7276373333333335 1.9999573333333336
vertex 69.04661333333334 1.7610026666666667 1.9999573333333336
vertex 68.88861866666667 1.6923093333333334 1.9999573333333336
endloop
endfacet
facet normal 0 0 1
outer loop
vertex 70.74235733333335 1.7276373333333335 1.9999573333333336
vertex 68.88861866666667 1.6923093333333334 1.9999573333333336
vertex 71.91063466666667 1.6923093333333334 1.9999573333333336
endloop
endfacet
facet normal 0 0 1
outer loop
vertex 70.74235733333335 1.7276373333333335 1.9999573333333336
vertex 71.91063466666667 1.6923093333333334 1.9999573333333336
vertex 71.927808 1.7315626666666668 1.9999573333333336
endloop
endfacet
facet normal 0 0 1
outer loop
vertex 70.74235733333335 1.7276373333333335 1.9999573333333336
vertex 71.927808 1.7315626666666668 1.9999573333333336
vertex 71.938112 1.7610026666666667 1.9999573333333336
endloop
endfacet
facet normal 0 0 1
outer loop
vertex 70.74235733333335 1.7276373333333335 1.9999573333333336
vertex 71.938112 1.7610026666666667 1.9999573333333336
vertex 69.04661333333334 1.7610026666666667 1.9999573333333336
endloop
endfacet
facet normal 0 0 1
outer loop
vertex 6.857557333333334 1.7276373333333335 1.9999573333333336
vertex 5.661802666666667 1.7610026666666667 1.9999573333333336
vertex 5.672597333333334 1.7315626666666668 1.9999573333333336
endloop
endfacet
facet normal 0 0 1
outer loop
vertex 6.857557333333334 1.7276373333333335 1.9999573333333336
vertex 5.672597333333334 1.7315626666666668 1.9999573333333336
vertex 5.68928 1.6923093333333334 1.9999573333333336
endloop
endfacet
facet normal 0 0 0.9999999999999999
outer loop
vertex 6.857557333333334 1.7276373333333335 1.9999573333333336
vertex 5.68928 1.6923093333333334 1.9999573333333336
vertex 8.711296 1.6923093333333334 1.9999573333333336
endloop
endfacet
facet normal 0 0 1
outer loop
vertex 6.857557333333334 1.7276373333333335 1.9999573333333336
vertex 8.711296 1.6923093333333334 1.9999573333333336
vertex 8.553301333333334 1.7610026666666667 1.9999573333333336
endloop
endfacet
facet normal 0 0 1
outer loop
vertex 6.857557333333334 1.7276373333333335 1.9999573333333336
vertex 8.553301333333334 1.7610026666666667 1.9999573333333336
vertex 5.661802666666667 1.7610026666666667 1.9999573333333336
endloop
endfacet
facet normal 0 0 1
outer loop
vertex 68.88861866666667 1.6923093333333334 1.9999573333333336
vertex 68.72669866666668 1.63392 1.9999573333333336
vertex 71.88561066666668 1.63392 1.9999573333333336
endloop
endfacet
facet normal 0 0 1
outer loop
vertex 68.88861866666667 1.6923093333333334 1.9999573333333336
vertex 71.88561066666668 1.63392 1.9999573333333336
vertex 71.91063466666667 1.6923093333333334 1.9999573333333336
endloop
endfacet
facet normal 0 0 1
outer loop
vertex 5.68928 1.6923093333333334 1.9999573333333336
vertex 5.714304 1.63392 1.9999573333333336
vertex 8.873216000000001 1.63392 1.9999573333333336
endloop
endfacet
facet normal 0 0 0.9999999999999999
outer loop
vertex 5.68928 1.6923093333333334 1.9999573333333336
vertex 8.873216000000001 1.63392 1.9999573333333336
vertex 8.711296 1.6923093333333334 1.9999573333333336
endloop
endfacet
facet normal 0 0 0.9999999999999999
outer loop
vertex 68.72669866666668 1.63392 1.9999573333333336
vertex 68.561344 1.5863253333333334 1.9999573333333336
vertex 71.864512 1.5863253333333334 1.9999573333333336
endloop
endfacet
facet normal 0 0 1
outer loop
vertex 68.72669866666668 1.63392 1.9999573333333336
vertex 71.864512 1.5863253333333334 1.9999573333333336
vertex 71.88561066666668 1.63392 1.9999573333333336
endloop
endfacet
facet normal 0 0 0.9999999999999999
outer loop
vertex 5.714304 1.63392 1.9999573333333336
vertex 5.735402666666667 1.5863253333333334 1.9999573333333336
vertex 9.038570666666667 1.5863253333333334 1.9999573333333336
endloop
endfacet
facet normal 0 0 1
outer loop
vertex 5.714304 1.63392 1.9999573333333336
vertex 9.038570666666667 1.5863253333333334 1.9999573333333336
vertex 8.873216000000001 1.63392 1.9999573333333336
endloop
endfacet
facet normal 0 0 1
outer loop
vertex 70.50487466666667 1.5686613333333335 1.9999573333333336
vertex 68.561344 1.5863253333333334 1.9999573333333336
vertex 68.39353600000001 1.5485440000000001 1.9999573333333336
endloop
endfacet
facet normal 0 0 1
outer loop
vertex 70.50487466666667 1.5686613333333335 1.9999573333333336
vertex 68.39353600000001 1.5485440000000001 1.9999573333333336
vertex 71.84635733333334 1.5485440000000001 1.9999573333333336
endloop
endfacet
facet normal 0 0 1
outer loop
vertex 70.50487466666667 1.5686613333333335 1.9999573333333336
vertex 71.84635733333334 1.5485440000000001 1.9999573333333336
vertex 71.85911466666667 1.573568 1.9999573333333336
endloop
endfacet
facet normal 0 0 1
outer loop
vertex 70.50487466666667 1.5686613333333335 1.9999573333333336
vertex 71.85911466666667 1.573568 1.9999573333333336
vertex 71.864512 1.5863253333333334 1.9999573333333336
endloop
endfacet
facet normal 0 0 0.9999999999999999
outer loop
vertex 70.50487466666667 1.5686613333333335 1.9999573333333336
vertex 71.864512 1.5863253333333334 1.9999573333333336
vertex 68.561344 1.5863253333333334 1.9999573333333336
endloop
endfacet
facet normal 0 0 1
outer loop
vertex 7.095040000000001 1.5686613333333335 1.9999573333333336
vertex 5.735402666666667 1.5863253333333334 1.9999573333333336
vertex 5.7408 1.573568 1.9999573333333336
endloop
endfacet
facet normal 0 0 1
outer loop
vertex 7.095040000000001 1.5686613333333335 1.9999573333333336
vertex 5.7408 1.573568 1.9999573333333336
vertex 5.753557333333334 1.5485440000000001 1.9999573333333336
endloop
endfacet
facet normal 0 0 1
outer loop
vertex 7.095040000000001 1.5686613333333335 1.9999573333333336
vertex 5.753557333333334 1.5485440000000001 1.9999573333333336
vertex 9.206378666666668 1.5485440000000001 1.9999573333333336
endloop
endfacet
facet normal 0 0 1
outer loop
vertex 7.095040000000001 1.5686613333333335 1.9999573333333336
vertex 9.206378666666668 1.5485440000000001 1.9999573333333336
vertex 9.038570666666667 1.5863253333333334 1.9999573333333336
endloop
endfacet
facet normal 0 0 0.9999999999999999
outer loop
vertex 7.095040000000001 1.5686613333333335 1.9999573333333336
vertex 9.038570666666667 1.5863253333333334 1.9999573333333336
vertex 5.735402666666667 1.5863253333333334 1.9999573333333336
endloop
endfacet
facet normal 0 0 0.9999999999999999
outer loop
vertex 68.39353600000001 1.5485440000000001 1.9999573333333336
vertex 68.22327466666667 1.5215573333333334 1.9999573333333336
vertex 71.83261866666668 1.5215573333333334 1.9999573333333336
endloop
endfacet
facet normal 0 0 1
outer loop
vertex 68.39353600000001 1.5485440000000001 1.9999573333333336
vertex 71.83261866666668 1.5215573333333334 1.9999573333333336
vertex 71.84635733333334 1.5485440000000001 1.9999573333333336
endloop
endfacet
facet normal 0 0 1
outer loop
vertex 5.753557333333334 1.5485440000000001 1.9999573333333336
vertex 5.767296000000001 1.5215573333333334 1.9999573333333336
vertex 9.37664 1.5215573333333334 1.9999573333333336
endloop
endfacet
facet normal 0 0 1
outer loop
vertex 5.753557333333334 1.5485440000000001 1.9999573333333336
vertex 9.37664 1.5215573333333334 1.9999573333333336
vertex 9.206378666666668 1.5485440000000001 1.9999573333333336
endloop
endfacet
facet normal 0 0 0.9999999999999999
outer loop
vertex 68.22327466666667 1.5215573333333334 1.9999573333333336
vertex 68.05203200000001 1.5053653333333334 1.9999573333333336
vertex 71.824768 1.5053653333333334 1.9999573333333336
endloop
endfacet
facet normal 0 0 1
outer loop
vertex 68.22327466666667 1.5215573333333334 1.9999573333333336
vertex 71.824768 1.5053653333333334 1.9999573333333336
vertex 71.83261866666668 1.5215573333333334 1.9999573333333336
endloop
endfacet
facet normal 0 0 1
outer loop
vertex 5.767296000000001 1.5215573333333334 1.9999573333333336
vertex 5.775637333333334 1.5053653333333334 1.9999573333333336
vertex 9.547882666666668 1.5053653333333334 1.9999573333333336
endloop
endfacet
facet normal 0 0 0.9999999999999999
outer loop
vertex 5.767296000000001 1.5215573333333334 1.9999573333333336
vertex 9.547882666666668 1.5053653333333334 1.9999573333333336
vertex 9.37664 1.5215573333333334 1.9999573333333336
endloop
endfacet
facet normal 0 0 1
outer loop
vertex 68.05203200000001 1.5053653333333334 1.9999573333333336
vertex 67.87980800000001 1.4999680000000002 1.9999573333333336
vertex 71.821824 1.4999680000000002 1.9999573333333336
endloop
endfacet
facet normal 0 0 1
outer loop
vertex 68.05203200000001 1.5053653333333334 1.9999573333333336
vertex 71.821824 1.4999680000000002 1.9999573333333336
vertex 71.824768 1.5053653333333334 1.9999573333333336
endloop
endfacet
facet normal 0 0 1
outer loop
vertex 5.775637333333334 1.5053653333333334 1.9999573333333336
vertex 5.778090666666667 1.4999680000000002 1.9999573333333336
vertex 9.720106666666668 1.4999680000000002 1.9999573333333336
endloop
endfacet
facet normal 0 0 1
outer loop
vertex 5.775637333333334 1.5053653333333334 1.9999573333333336
vertex 9.720106666666668 1.4999680000000002 1.9999573333333336
vertex 9.547882666666668 1.5053653333333334 1.9999573333333336
endloop
endfacet
facet normal 0 0 1
outer loop
vertex 38.79995733333334 0.6045013333333333 1.9999573333333336
vertex 67.87980800000001 1.4999680000000002 1.9999573333333336
vertex 9.720106666666668 1.4999680000000002 1.9999573333333336
endloop
endfacet
facet normal 0 0 1
outer loop
vertex 38.79995733333334 0.6045013333333333 1.9999573333333336
vertex 9.720106666666668 1.4999680000000002 1.9999573333333336
vertex 5.778090666666667 1.4999680000000002 1.9999573333333336
endloop
endfacet
facet normal 0 0 1
outer loop
vertex 38.79995733333334 0.6045013333333333 1.9999573333333336
vertex 5.778090666666667 1.4999680000000002 1.9999573333333336
vertex 5.818816000000001 1.4199893333333335 1.9999573333333336
endloop
endfacet
facet normal 0 0 1
outer loop
vertex 38.79995733333334 0.6045013333333333 1.9999573333333336
vertex 5.818816000000001 1.4199893333333335 1.9999573333333336
vertex 5.9066453333333335 1.271808 1.9999573333333336
endloop
endfacet
facet normal 0 0 1
outer loop
vertex 38.79995733333334 0.6045013333333333 1.9999573333333336
vertex 5.9066453333333335 1.271808 1.9999573333333336
vertex 6.003306666666667 1.1295146666666667 1.9999573333333336
endloop
endfacet
facet normal 0 0 1
outer loop
vertex 38.79995733333334 0.6045013333333333 1.9999573333333336
vertex 6.003306666666667 1.1295146666666667 1.9999573333333336
vertex 6.1088000000000005 0.9936 1.9999573333333336
endloop
endfacet
facet normal 0 0 1
outer loop
vertex 38.79995733333334 0.6045013333333333 1.9999573333333336
vertex 6.1088000000000005 0.9936 1.9999573333333336
vertex 6.222634666666667 0.8645546666666667 1.9999573333333336
endloop
endfacet
facet normal 0 0 1
outer loop
vertex 38.79995733333334 0.6045013333333333 1.9999573333333336
vertex 6.222634666666667 0.8645546666666667 1.9999573333333336
vertex 6.344320000000001 0.7428693333333334 1.9999573333333336
endloop
endfacet
facet normal 0 0 0.9999999999999999
outer loop
vertex 38.79995733333334 0.6045013333333333 1.9999573333333336
vertex 6.344320000000001 0.7428693333333334 1.9999573333333336
vertex 6.473365333333334 0.6290346666666667 1.9999573333333336
endloop
endfacet
facet normal 0 0 1
outer loop
vertex 38.79995733333334 0.6045013333333333 1.9999573333333336
vertex 6.473365333333334 0.6290346666666667 1.9999573333333336
vertex 6.609280000000001 0.5230506666666667 1.9999573333333336
endloop
endfacet
facet normal 0 0 1
outer loop
vertex 38.79995733333334 0.6045013333333333 1.9999573333333336
vertex 6.609280000000001 0.5230506666666667 1.9999573333333336
vertex 6.752064000000001 0.42638933333333334 1.9999573333333336
endloop
endfacet
facet normal 0 0 0.9999999999999999
outer loop
vertex 38.79995733333334 0.6045013333333333 1.9999573333333336
vertex 6.752064000000001 0.42638933333333334 1.9999573333333336
vertex 6.899754666666667 0.33905066666666667 1.9999573333333336
endloop
endfacet
facet normal 0 0 1
outer loop
vertex 38.79995733333334 0.6045013333333333 1.9999573333333336
vertex 6.899754666666667 0.33905066666666667 1.9999573333333336
vertex 7.053333333333334 0.260544 1.9999573333333336
endloop
endfacet
facet normal 0 0 1
outer loop
vertex 38.79995733333334 0.6045013333333333 1.9999573333333336
vertex 7.053333333333334 0.260544 1.9999573333333336
vertex 7.211328000000001 0.19234133333333334 1.9999573333333336
endloop
endfacet
facet normal 0 0 0.9999999999999999
outer loop
vertex 38.79995733333334 0.6045013333333333 1.9999573333333336
vertex 7.211328000000001 0.19234133333333334 1.9999573333333336
vertex 7.373248 0.13395200000000002 1.9999573333333336
endloop
endfacet
facet normal 0 0 1
outer loop
vertex 38.79995733333334 0.6045013333333333 1.9999573333333336
vertex 7.373248 0.13395200000000002 1.9999573333333336
vertex 7.538602666666667 0.08586666666666667 1.9999573333333336
endloop
endfacet
facet normal 0 0 0.9999999999999999
outer loop
vertex 38.79995733333334 0.6045013333333333 1.9999573333333336
vertex 7.538602666666667 0.08586666666666667 1.9999573333333336
vertex 7.706410666666668 0.048576 1.9999573333333336
endloop
endfacet
facet normal 0 0 1
outer loop
vertex 38.79995733333334 0.6045013333333333 1.9999573333333336
vertex 7.706410666666668 0.048576 1.9999573333333336
vertex 7.876672000000001 0.021589333333333335 1.9999573333333336
endloop
endfacet
facet normal 0 0 1
outer loop
vertex 38.79995733333334 0.6045013333333333 1.9999573333333336
vertex 7.876672000000001 0.021589333333333335 1.9999573333333336
vertex 8.047914666666667 0.005397333333333334 1.9999573333333336
endloop
endfacet
facet normal 0 0 1
outer loop
vertex 38.79995733333334 0.6045013333333333 1.9999573333333336
vertex 8.047914666666667 0.005397333333333334 1.9999573333333336
vertex 8.220138666666667 0 1.9999573333333336
endloop
endfacet
facet normal 0 0 0.9999999999999999
outer loop
vertex 38.79995733333334 0.6045013333333333 1.9999573333333336
vertex 8.220138666666667 0 1.9999573333333336
vertex 69.379776 0 1.9999573333333336
endloop
endfacet
facet normal 0 0 1
outer loop
vertex 38.79995733333334 0.6045013333333333 1.9999573333333336
vertex 69.379776 0 1.9999573333333336
vertex 69.552 0.005397333333333334 1.9999573333333336
endloop
endfacet
facet normal 0 0 1
outer loop
vertex 38.79995733333334 0.6045013333333333 1.9999573333333336
vertex 69.552 0.005397333333333334 1.9999573333333336
vertex 69.72324266666668 0.021589333333333335 1.9999573333333336
endloop
endfacet
facet normal 0 0 1
outer loop
vertex 38.79995733333334 0.6045013333333333 1.9999573333333336
vertex 69.72324266666668 0.021589333333333335 1.9999573333333336
vertex 69.89350400000001 0.048576 1.9999573333333336
endloop
endfacet
facet normal 0 0 1
outer loop
vertex 38.79995733333334 0.6045013333333333 1.9999573333333336
vertex 69.89350400000001 0.048576 1.9999573333333336
vertex 70.061312 0.08586666666666667 1.9999573333333336
endloop
endfacet
facet normal 0 0 1
outer loop
vertex 38.79995733333334 0.6045013333333333 1.9999573333333336
vertex 70.061312 0.08586666666666667 1.9999573333333336
vertex 70.22666666666667 0.13395200000000002 1.9999573333333336
endloop
endfacet
facet normal 0 0 1
outer loop
vertex 38.79995733333334 0.6045013333333333 1.9999573333333336
vertex 70.22666666666667 0.13395200000000002 1.9999573333333336
vertex 70.38858666666667 0.19234133333333334 1.9999573333333336
endloop
endfacet
facet normal 0 0 1
outer loop
vertex 38.79995733333334 0.6045013333333333 1.9999573333333336
vertex 70.38858666666667 0.19234133333333334 1.9999573333333336
vertex 70.54658133333334 0.260544 1.9999573333333336
endloop
endfacet
facet normal 0 0 1
outer loop
vertex 38.79995733333334 0.6045013333333333 1.9999573333333336
vertex 70.54658133333334 0.260544 1.9999573333333336
vertex 70.70016000000001 0.33905066666666667 1.9999573333333336
endloop
endfacet
facet normal 0 0 1
outer loop
vertex 38.79995733333334 0.6045013333333333 1.9999573333333336
vertex 70.70016000000001 0.33905066666666667 1.9999573333333336
vertex 70.84834133333334 0.42638933333333334 1.9999573333333336
endloop
endfacet
facet normal 0 0 1
outer loop
vertex 38.79995733333334 0.6045013333333333 1.9999573333333336
vertex 70.84834133333334 0.42638933333333334 1.9999573333333336
vertex 70.99063466666666 0.5230506666666667 1.9999573333333336
endloop
endfacet
facet normal 0 0 1
outer loop
vertex 38.79995733333334 0.6045013333333333 1.9999573333333336
vertex 70.99063466666666 0.5230506666666667 1.9999573333333336
vertex 71.12654933333334 0.6290346666666667 1.9999573333333336
endloop
endfacet
facet normal 0 0 1
outer loop
vertex 38.79995733333334 0.6045013333333333 1.9999573333333336
vertex 71.12654933333334 0.6290346666666667 1.9999573333333336
vertex 71.25559466666667 0.7428693333333334 1.9999573333333336
endloop
endfacet
facet normal 0 0 1
outer loop
vertex 38.79995733333334 0.6045013333333333 1.9999573333333336
vertex 71.25559466666667 0.7428693333333334 1.9999573333333336
vertex 71.37728 0.8645546666666667 1.9999573333333336
endloop
endfacet
facet normal 0 0 1
outer loop
vertex 38.79995733333334 0.6045013333333333 1.9999573333333336
vertex 71.37728 0.8645546666666667 1.9999573333333336
vertex 71.49111466666668 0.9936 1.9999573333333336
endloop
endfacet
facet normal 0 0 1
outer loop
vertex 38.79995733333334 0.6045013333333333 1.9999573333333336
vertex 71.49111466666668 0.9936 1.9999573333333336
vertex 71.596608 1.1295146666666667 1.9999573333333336
endloop
endfacet
facet normal 0 0 1
outer loop
vertex 38.79995733333334 0.6045013333333333 1.9999573333333336
vertex 71.596608 1.1295146666666667 1.9999573333333336
vertex 71.69326933333333 1.271808 1.9999573333333336
endloop
endfacet
facet normal 0 0 1
outer loop
vertex 38.79995733333334 0.6045013333333333 1.9999573333333336
vertex 71.69326933333333 1.271808 1.9999573333333336
vertex 71.78109866666667 1.4199893333333335 1.9999573333333336
endloop
endfacet
facet normal 0 0 1
outer loop
vertex 38.79995733333334 0.6045013333333333 1.9999573333333336
vertex 71.78109866666667 1.4199893333333335 1.9999573333333336
vertex 71.821824 1.4999680000000002 1.9999573333333336
endloop
endfacet
facet normal 0 0 1
outer loop
vertex 38.79995733333334 0.6045013333333333 1.9999573333333336
vertex 71.821824 1.4999680000000002 1.9999573333333336
vertex 67.87980800000001 1.4999680000000002 1.9999573333333336
endloop
endfacet
endsolid JSCAD
