solid JSCAD
facet normal -0.9995362357662614 -0.030451820802915502 0
outer loop
vertex 3.996061333333333 2.1257946666666667 2.0000586666666664
vertex 3.996061333333333 2.1257946666666667 0
vertex 4.0037226666666665 1.8743226666666666 0
endloop
endfacet
facet normal -0.9995362357662614 -0.030451820802915502 0
outer loop
vertex 3.996061333333333 2.1257946666666667 2.0000586666666664
vertex 4.0037226666666665 1.8743226666666666 0
vertex 4.0037226666666665 1.8743226666666666 2.0000586666666664
endloop
endfacet
facet normal -0.030451820802915502 -0.9995362357662614 0
outer loop
vertex 1.8743226666666666 4.0037226666666665 2.0000586666666664
vertex 1.8743226666666666 4.0037226666666665 0
vertex 2.1257946666666667 3.996061333333333 0
endloop
endfacet
facet normal -0.030451820802915502 -0.9995362357662614 0
outer loop
vertex 1.8743226666666666 4.0037226666666665 2.0000586666666664
vertex 2.1257946666666667 3.996061333333333 0
vertex 2.1257946666666667 3.996061333333333 2.0000586666666664
endloop
endfacet
facet normal -0.09345205168127178 -0.9956237813735471 0
outer loop
vertex 2.2506293333333334 3.9843439999999997 2.0000586666666664
vertex 2.1257946666666667 3.996061333333333 2.0000586666666664
vertex 2.1257946666666667 3.996061333333333 0
endloop
endfacet
facet normal -0.09345205168127178 -0.9956237813735471 0
outer loop
vertex 2.2506293333333334 3.9843439999999997 2.0000586666666664
vertex 2.1257946666666667 3.996061333333333 0
vertex 2.2506293333333334 3.9843439999999997 0
endloop
endfacet
facet normal -0.9956237813735471 -0.09345205168127178 0
outer loop
vertex 3.9843439999999997 2.2506293333333334 0
vertex 3.996061333333333 2.1257946666666667 0
vertex 3.996061333333333 2.1257946666666667 2.0000586666666664
endloop
endfacet
facet normal -0.9956237813735471 -0.09345205168127178 0
outer loop
vertex 3.9843439999999997 2.2506293333333334 0
vertex 3.996061333333333 2.1257946666666667 2.0000586666666664
vertex 3.9843439999999997 2.2506293333333334 2.0000586666666664
endloop
endfacet
facet normal -0.1579905011066709 -0.9874406319167056 0
outer loop
vertex 2.2506293333333334 3.9843439999999997 2.0000586666666664
vertex 2.2506293333333334 3.9843439999999997 0
vertex 2.3745626666666664 3.9645146666666666 0
endloop
endfacet
facet normal -0.1579905011066709 -0.9874406319167056 0
outer loop
vertex 2.2506293333333334 3.9843439999999997 2.0000586666666664
vertex 2.3745626666666664 3.9645146666666666 0
vertex 2.3745626666666664 3.9645146666666666 2.0000586666666664
endloop
endfacet
facet normal -0.9608420185169065 -0.2770967618943904 0
outer loop
vertex 3.937024 2.4975946666666666 2.0000586666666664
vertex 3.9023226666666666 2.6179226666666664 2.0000586666666664
vertex 3.9023226666666666 2.6179226666666664 0
endloop
endfacet
facet normal -0.9608420185169065 -0.2770967618943904 0
outer loop
vertex 3.937024 2.4975946666666666 2.0000586666666664
vertex 3.9023226666666666 2.6179226666666664 0
vertex 3.937024 2.4975946666666666 0
endloop
endfacet
facet normal -0.9874406319167056 -0.1579905011066709 0
outer loop
vertex 3.9645146666666666 2.3745626666666664 0
vertex 3.9843439999999997 2.2506293333333334 0
vertex 3.9843439999999997 2.2506293333333334 2.0000586666666664
endloop
endfacet
facet normal -0.9874406319167056 -0.1579905011066709 0
outer loop
vertex 3.9645146666666666 2.3745626666666664 0
vertex 3.9843439999999997 2.2506293333333334 2.0000586666666664
vertex 3.9645146666666666 2.3745626666666664 2.0000586666666664
endloop
endfacet
facet normal -0.9759340573753169 -0.21806585164796324 0
outer loop
vertex 3.937024 2.4975946666666666 2.0000586666666664
vertex 3.937024 2.4975946666666666 0
vertex 3.9645146666666666 2.3745626666666664 0
endloop
endfacet
facet normal -0.9759340573753169 -0.21806585164796324 0
outer loop
vertex 3.937024 2.4975946666666666 2.0000586666666664
vertex 3.9645146666666666 2.3745626666666664 0
vertex 3.9645146666666666 2.3745626666666664 2.0000586666666664
endloop
endfacet
facet normal -0.9168984763418928 -0.3991205132311734 0
outer loop
vertex 3.859509333333333 2.7364479999999998 2.0000586666666664
vertex 3.8094853333333334 2.851368 2.0000586666666664
vertex 3.8094853333333334 2.851368 0
endloop
endfacet
facet normal -0.9168984763418928 -0.3991205132311734 0
outer loop
vertex 3.859509333333333 2.7364479999999998 2.0000586666666664
vertex 3.8094853333333334 2.851368 0
vertex 3.859509333333333 2.7364479999999998 0
endloop
endfacet
facet normal -0.9405221620105689 -0.33973233988975116 0
outer loop
vertex 3.9023226666666666 2.6179226666666664 0
vertex 3.9023226666666666 2.6179226666666664 2.0000586666666664
vertex 3.859509333333333 2.7364479999999998 2.0000586666666664
endloop
endfacet
facet normal -0.9405221620105689 -0.33973233988975116 0
outer loop
vertex 3.9023226666666666 2.6179226666666664 0
vertex 3.859509333333333 2.7364479999999998 2.0000586666666664
vertex 3.859509333333333 2.7364479999999998 0
endloop
endfacet
facet normal -0.8922668138111907 -0.4515085081936173 0
outer loop
vertex 3.8094853333333334 2.851368 0
vertex 3.8094853333333334 2.851368 2.0000586666666664
vertex 3.752701333333333 2.963584 2.0000586666666664
endloop
endfacet
facet normal -0.8922668138111907 -0.4515085081936173 0
outer loop
vertex 3.8094853333333334 2.851368 0
vertex 3.752701333333333 2.963584 2.0000586666666664
vertex 3.752701333333333 2.963584 0
endloop
endfacet
facet normal -0.8606408302847078 -0.5092124912517844 0
outer loop
vertex 3.752701333333333 2.963584 2.0000586666666664
vertex 3.6887066666666666 3.071744 2.0000586666666664
vertex 3.6887066666666666 3.071744 0
endloop
endfacet
facet normal -0.8606408302847078 -0.5092124912517844 0
outer loop
vertex 3.752701333333333 2.963584 2.0000586666666664
vertex 3.6887066666666666 3.071744 0
vertex 3.752701333333333 2.963584 0
endloop
endfacet
facet normal -0.7505710152865104 -0.6607897933622893 0
outer loop
vertex 3.457965333333333 3.3691839999999997 0
vertex 3.540888 3.2749946666666667 0
vertex 3.540888 3.2749946666666667 2.0000586666666664
endloop
endfacet
facet normal -0.7505710152865104 -0.6607897933622893 0
outer loop
vertex 3.457965333333333 3.3691839999999997 0
vertex 3.540888 3.2749946666666667 2.0000586666666664
vertex 3.457965333333333 3.3691839999999997 2.0000586666666664
endloop
endfacet
facet normal -0.7071067811865476 -0.7071067811865476 -3.144716337901908e-16
outer loop
vertex 3.4264186666666667 3.4007306666666666 1.0000293333333332
vertex 3.452557333333333 3.374592 2.0000586666666664
vertex 3.3691839999999997 3.457965333333333 2.0000586666666664
endloop
endfacet
facet normal -0.7071067811865447 -0.7071067811865502 0
outer loop
vertex 3.4264186666666667 3.4007306666666666 1.0000293333333332
vertex 3.3691839999999997 3.457965333333333 2.0000586666666664
vertex 3.3691839999999997 3.457965333333333 0
endloop
endfacet
facet normal -0.7071067811865476 -0.7071067811865476 3.144716337901908e-16
outer loop
vertex 3.4264186666666667 3.4007306666666666 1.0000293333333332
vertex 3.3691839999999997 3.457965333333333 0
vertex 3.452557333333333 3.374592 0
endloop
endfacet
facet normal -0.7071067811865476 -0.7071067811865476 3.11866361970287e-16
outer loop
vertex 3.4264186666666667 3.4007306666666666 1.0000293333333332
vertex 3.452557333333333 3.374592 0
vertex 3.457965333333333 3.3691839999999997 0
endloop
endfacet
facet normal -0.7071067811865523 -0.7071067811865425 0
outer loop
vertex 3.4264186666666667 3.4007306666666666 1.0000293333333332
vertex 3.457965333333333 3.3691839999999997 0
vertex 3.457965333333333 3.3691839999999997 2.0000586666666664
endloop
endfacet
facet normal -0.7071067811865476 -0.7071067811865476 -3.11866361970287e-16
outer loop
vertex 3.4264186666666667 3.4007306666666666 1.0000293333333332
vertex 3.457965333333333 3.3691839999999997 2.0000586666666664
vertex 3.452557333333333 3.374592 2.0000586666666664
endloop
endfacet
facet normal -0.8259233322367667 -0.5637824485268368 0
outer loop
vertex 3.617952 3.175397333333333 0
vertex 3.6887066666666666 3.071744 0
vertex 3.6887066666666666 3.071744 2.0000586666666664
endloop
endfacet
facet normal -0.8259233322367667 -0.5637824485268368 0
outer loop
vertex 3.617952 3.175397333333333 0
vertex 3.6887066666666666 3.071744 2.0000586666666664
vertex 3.617952 3.175397333333333 2.0000586666666664
endloop
endfacet
facet normal -0.7908913200925533 -0.611956632288807 0
outer loop
vertex 3.540888 3.2749946666666667 2.0000586666666664
vertex 3.540888 3.2749946666666667 0
vertex 3.617952 3.175397333333333 0
endloop
endfacet
facet normal -0.7908913200925533 -0.611956632288807 0
outer loop
vertex 3.540888 3.2749946666666667 2.0000586666666664
vertex 3.617952 3.175397333333333 0
vertex 3.617952 3.175397333333333 2.0000586666666664
endloop
endfacet
facet normal -0.5637824485268368 -0.8259233322367667 0
outer loop
vertex 3.175397333333333 3.617952 0
vertex 3.175397333333333 3.617952 2.0000586666666664
vertex 3.071744 3.6887066666666666 2.0000586666666664
endloop
endfacet
facet normal -0.5637824485268368 -0.8259233322367667 0
outer loop
vertex 3.175397333333333 3.617952 0
vertex 3.071744 3.6887066666666666 2.0000586666666664
vertex 3.071744 3.6887066666666666 0
endloop
endfacet
facet normal -0.3991205132311734 -0.9168984763418928 0
outer loop
vertex 2.7364479999999998 3.859509333333333 0
vertex 2.851368 3.8094853333333334 0
vertex 2.851368 3.8094853333333334 2.0000586666666664
endloop
endfacet
facet normal -0.3991205132311734 -0.9168984763418928 0
outer loop
vertex 2.7364479999999998 3.859509333333333 0
vertex 2.851368 3.8094853333333334 2.0000586666666664
vertex 2.7364479999999998 3.859509333333333 2.0000586666666664
endloop
endfacet
facet normal -0.33973233988975116 -0.9405221620105689 0
outer loop
vertex 2.6179226666666664 3.9023226666666666 2.0000586666666664
vertex 2.6179226666666664 3.9023226666666666 0
vertex 2.7364479999999998 3.859509333333333 0
endloop
endfacet
facet normal -0.33973233988975116 -0.9405221620105689 0
outer loop
vertex 2.6179226666666664 3.9023226666666666 2.0000586666666664
vertex 2.7364479999999998 3.859509333333333 0
vertex 2.7364479999999998 3.859509333333333 2.0000586666666664
endloop
endfacet
facet normal -0.4515085081936173 -0.8922668138111907 0
outer loop
vertex 2.851368 3.8094853333333334 2.0000586666666664
vertex 2.851368 3.8094853333333334 0
vertex 2.963584 3.752701333333333 0
endloop
endfacet
facet normal -0.4515085081936173 -0.8922668138111907 0
outer loop
vertex 2.851368 3.8094853333333334 2.0000586666666664
vertex 2.963584 3.752701333333333 0
vertex 2.963584 3.752701333333333 2.0000586666666664
endloop
endfacet
facet normal -0.5092124912517844 -0.8606408302847078 0
outer loop
vertex 2.963584 3.752701333333333 0
vertex 3.071744 3.6887066666666666 0
vertex 3.071744 3.6887066666666666 2.0000586666666664
endloop
endfacet
facet normal -0.5092124912517844 -0.8606408302847078 0
outer loop
vertex 2.963584 3.752701333333333 0
vertex 3.071744 3.6887066666666666 2.0000586666666664
vertex 2.963584 3.752701333333333 2.0000586666666664
endloop
endfacet
facet normal -0.21806585164796324 -0.9759340573753169 0
outer loop
vertex 2.3745626666666664 3.9645146666666666 2.0000586666666664
vertex 2.3745626666666664 3.9645146666666666 0
vertex 2.4975946666666666 3.937024 0
endloop
endfacet
facet normal -0.21806585164796324 -0.9759340573753169 0
outer loop
vertex 2.3745626666666664 3.9645146666666666 2.0000586666666664
vertex 2.4975946666666666 3.937024 0
vertex 2.4975946666666666 3.937024 2.0000586666666664
endloop
endfacet
facet normal -0.2770967618943904 -0.9608420185169065 0
outer loop
vertex 2.4975946666666666 3.937024 0
vertex 2.6179226666666664 3.9023226666666666 0
vertex 2.6179226666666664 3.9023226666666666 2.0000586666666664
endloop
endfacet
facet normal -0.2770967618943904 -0.9608420185169065 0
outer loop
vertex 2.4975946666666666 3.937024 0
vertex 2.6179226666666664 3.9023226666666666 2.0000586666666664
vertex 2.4975946666666666 3.937024 2.0000586666666664
endloop
endfacet
facet normal -0.611956632288807 -0.7908913200925533 0
outer loop
vertex 3.175397333333333 3.617952 2.0000586666666664
vertex 3.175397333333333 3.617952 0
vertex 3.2749946666666667 3.540888 0
endloop
endfacet
facet normal -0.611956632288807 -0.7908913200925533 0
outer loop
vertex 3.175397333333333 3.617952 2.0000586666666664
vertex 3.2749946666666667 3.540888 0
vertex 3.2749946666666667 3.540888 2.0000586666666664
endloop
endfacet
facet normal -0.6607897933622893 -0.7505710152865104 0
outer loop
vertex 3.2749946666666667 3.540888 0
vertex 3.3691839999999997 3.457965333333333 0
vertex 3.3691839999999997 3.457965333333333 2.0000586666666664
endloop
endfacet
facet normal -0.6607897933622893 -0.7505710152865104 0
outer loop
vertex 3.2749946666666667 3.540888 0
vertex 3.3691839999999997 3.457965333333333 2.0000586666666664
vertex 3.2749946666666667 3.540888 2.0000586666666664
endloop
endfacet
facet normal 0.9994801143396991 -0.03224129401097435 -4.727141264514645e-15
outer loop
vertex 49.60037333333333 2.0140293333333332 1.0000293333333332
vertex 49.60127466666667 2.041970666666667 2.0000586666666664
vertex 49.595866666666666 1.8743226666666666 2.0000586666666664
endloop
endfacet
facet normal 0.9994801143397002 -0.03224129401094055 0
outer loop
vertex 49.60037333333333 2.0140293333333332 1.0000293333333332
vertex 49.595866666666666 1.8743226666666666 2.0000586666666664
vertex 49.595866666666666 1.8743226666666666 0
endloop
endfacet
facet normal 0.9994801143396991 -0.03224129401097435 4.727141264514645e-15
outer loop
vertex 49.60037333333333 2.0140293333333332 1.0000293333333332
vertex 49.595866666666666 1.8743226666666666 0
vertex 49.60127466666667 2.041970666666667 0
endloop
endfacet
facet normal 0.9994801143397019 -0.03224129401088979 7.092004613327559e-15
outer loop
vertex 49.60037333333333 2.0140293333333332 1.0000293333333332
vertex 49.60127466666667 2.041970666666667 0
vertex 49.60397866666666 2.1257946666666667 0
endloop
endfacet
facet normal 0.9994801143396997 -0.032241294010953186 0
outer loop
vertex 49.60037333333333 2.0140293333333332 1.0000293333333332
vertex 49.60397866666666 2.1257946666666667 0
vertex 49.60397866666666 2.1257946666666667 2.0000586666666664
endloop
endfacet
facet normal 0.9994801143397019 -0.03224129401088979 -7.092004613327559e-15
outer loop
vertex 49.60037333333333 2.0140293333333332 1.0000293333333332
vertex 49.60397866666666 2.1257946666666667 2.0000586666666664
vertex 49.60127466666667 2.041970666666667 2.0000586666666664
endloop
endfacet
facet normal 0.15743228452699393 -0.9875297847602429 0
outer loop
vertex 51.349410666666664 3.9843439999999997 0
vertex 51.349410666666664 3.9843439999999997 2.0000586666666664
vertex 51.225026666666665 3.9645146666666666 2.0000586666666664
endloop
endfacet
facet normal 0.15743228452699393 -0.9875297847602429 0
outer loop
vertex 51.349410666666664 3.9843439999999997 0
vertex 51.225026666666665 3.9645146666666666 2.0000586666666664
vertex 51.225026666666665 3.9645146666666666 0
endloop
endfacet
facet normal 0.0934520516812731 -0.9956237813735471 0
outer loop
vertex 51.47424533333333 3.996061333333333 2.0000586666666664
vertex 51.349410666666664 3.9843439999999997 2.0000586666666664
vertex 51.349410666666664 3.9843439999999997 0
endloop
endfacet
facet normal 0.0934520516812731 -0.9956237813735471 0
outer loop
vertex 51.47424533333333 3.996061333333333 2.0000586666666664
vertex 51.349410666666664 3.9843439999999997 0
vertex 51.47424533333333 3.996061333333333 0
endloop
endfacet
facet normal 0.030451820802915554 -0.9995362357662614 0
outer loop
vertex 51.47424533333333 3.996061333333333 2.0000586666666664
vertex 51.47424533333333 3.996061333333333 0
vertex 51.72571733333333 4.0037226666666665 0
endloop
endfacet
facet normal 0.030451820802915554 -0.9995362357662614 0
outer loop
vertex 51.47424533333333 3.996061333333333 2.0000586666666664
vertex 51.72571733333333 4.0037226666666665 0
vertex 51.72571733333333 4.0037226666666665 2.0000586666666664
endloop
endfacet
facet normal 0.6119566322888004 -0.7908913200925587 0
outer loop
vertex 50.424642666666664 3.617952 0
vertex 50.424642666666664 3.617952 2.0000586666666664
vertex 50.32504533333333 3.540888 2.0000586666666664
endloop
endfacet
facet normal 0.6119566322888004 -0.7908913200925587 0
outer loop
vertex 50.424642666666664 3.617952 0
vertex 50.32504533333333 3.540888 2.0000586666666664
vertex 50.32504533333333 3.540888 0
endloop
endfacet
facet normal 0.6607897933622909 -0.7505710152865088 0
outer loop
vertex 50.32504533333333 3.540888 2.0000586666666664
vertex 50.230855999999996 3.457965333333333 2.0000586666666664
vertex 50.230855999999996 3.457965333333333 0
endloop
endfacet
facet normal 0.6607897933622909 -0.7505710152865088 0
outer loop
vertex 50.32504533333333 3.540888 2.0000586666666664
vertex 50.230855999999996 3.457965333333333 0
vertex 50.32504533333333 3.540888 0
endloop
endfacet
facet normal 0.9874406319167045 -0.1579905011066778 0
outer loop
vertex 49.615696 2.2506293333333334 0
vertex 49.635525333333334 2.3745626666666664 0
vertex 49.635525333333334 2.3745626666666664 2.0000586666666664
endloop
endfacet
facet normal 0.9874406319167045 -0.1579905011066778 0
outer loop
vertex 49.615696 2.2506293333333334 0
vertex 49.635525333333334 2.3745626666666664 2.0000586666666664
vertex 49.615696 2.2506293333333334 2.0000586666666664
endloop
endfacet
facet normal 0.9956237813735445 -0.09345205168129986 0
outer loop
vertex 49.60397866666666 2.1257946666666667 2.0000586666666664
vertex 49.60397866666666 2.1257946666666667 0
vertex 49.615696 2.2506293333333334 0
endloop
endfacet
facet normal 0.9956237813735445 -0.09345205168129986 0
outer loop
vertex 49.60397866666666 2.1257946666666667 2.0000586666666664
vertex 49.615696 2.2506293333333334 0
vertex 49.615696 2.2506293333333334 2.0000586666666664
endloop
endfacet
facet normal 0.9405221620105654 -0.3397323398897604 0
outer loop
vertex 49.69771733333333 2.6179226666666664 0
vertex 49.740530666666665 2.7364479999999998 0
vertex 49.740530666666665 2.7364479999999998 2.0000586666666664
endloop
endfacet
facet normal 0.9405221620105654 -0.3397323398897604 0
outer loop
vertex 49.69771733333333 2.6179226666666664 0
vertex 49.740530666666665 2.7364479999999998 2.0000586666666664
vertex 49.69771733333333 2.6179226666666664 2.0000586666666664
endloop
endfacet
facet normal 0.7071067811868379 -0.7071067811862572 -1.6131996360106017e-14
outer loop
vertex 50.17362133333333 3.4007306666666666 1.0000293333333332
vertex 50.142074666666666 3.3691839999999997 0
vertex 50.14748266666666 3.374592 0
endloop
endfacet
facet normal 0.7071067811865438 -0.7071067811865513 -7.448012379241322e-16
outer loop
vertex 50.17362133333333 3.4007306666666666 1.0000293333333332
vertex 50.14748266666666 3.374592 0
vertex 50.230855999999996 3.457965333333333 0
endloop
endfacet
facet normal 0.7071067811865503 -0.7071067811865448 0
outer loop
vertex 50.17362133333333 3.4007306666666666 1.0000293333333332
vertex 50.230855999999996 3.457965333333333 0
vertex 50.230855999999996 3.457965333333333 2.0000586666666664
endloop
endfacet
facet normal 0.7071067811865438 -0.7071067811865513 7.448012379241322e-16
outer loop
vertex 50.17362133333333 3.4007306666666666 1.0000293333333332
vertex 50.230855999999996 3.457965333333333 2.0000586666666664
vertex 50.14748266666666 3.374592 2.0000586666666664
endloop
endfacet
facet normal 0.7071067811868379 -0.7071067811862572 1.6131996360106017e-14
outer loop
vertex 50.17362133333333 3.4007306666666666 1.0000293333333332
vertex 50.14748266666666 3.374592 2.0000586666666664
vertex 50.142074666666666 3.3691839999999997 2.0000586666666664
endloop
endfacet
facet normal 0.7071067811865823 -0.7071067811865126 0
outer loop
vertex 50.17362133333333 3.4007306666666666 1.0000293333333332
vertex 50.142074666666666 3.3691839999999997 2.0000586666666664
vertex 50.142074666666666 3.3691839999999997 0
endloop
endfacet
facet normal 0.7505710152865034 -0.6607897933622973 0
outer loop
vertex 50.142074666666666 3.3691839999999997 0
vertex 50.142074666666666 3.3691839999999997 2.0000586666666664
vertex 50.059152 3.2749946666666667 2.0000586666666664
endloop
endfacet
facet normal 0.7505710152865034 -0.6607897933622973 0
outer loop
vertex 50.142074666666666 3.3691839999999997 0
vertex 50.059152 3.2749946666666667 2.0000586666666664
vertex 50.059152 3.2749946666666667 0
endloop
endfacet
facet normal 0.2188292402923362 -0.9757631698281498 0
outer loop
vertex 51.10244533333333 3.937024 0
vertex 51.225026666666665 3.9645146666666666 0
vertex 51.225026666666665 3.9645146666666666 2.0000586666666664
endloop
endfacet
facet normal 0.2188292402923362 -0.9757631698281498 0
outer loop
vertex 51.10244533333333 3.937024 0
vertex 51.225026666666665 3.9645146666666666 2.0000586666666664
vertex 51.10244533333333 3.937024 2.0000586666666664
endloop
endfacet
facet normal 0.27709676189440363 -0.9608420185169029 0
outer loop
vertex 50.982117333333335 3.9023226666666666 2.0000586666666664
vertex 50.982117333333335 3.9023226666666666 0
vertex 51.10244533333333 3.937024 0
endloop
endfacet
facet normal 0.27709676189440363 -0.9608420185169029 0
outer loop
vertex 50.982117333333335 3.9023226666666666 2.0000586666666664
vertex 51.10244533333333 3.937024 0
vertex 51.10244533333333 3.937024 2.0000586666666664
endloop
endfacet
facet normal 0.5092124912517906 -0.8606408302847043 0
outer loop
vertex 50.528296 3.6887066666666666 0
vertex 50.636455999999995 3.752701333333333 0
vertex 50.636455999999995 3.752701333333333 2.0000586666666664
endloop
endfacet
facet normal 0.5092124912517906 -0.8606408302847043 0
outer loop
vertex 50.528296 3.6887066666666666 0
vertex 50.636455999999995 3.752701333333333 2.0000586666666664
vertex 50.528296 3.6887066666666666 2.0000586666666664
endloop
endfacet
facet normal 0.5637824485268352 -0.8259233322367678 0
outer loop
vertex 50.424642666666664 3.617952 2.0000586666666664
vertex 50.424642666666664 3.617952 0
vertex 50.528296 3.6887066666666666 0
endloop
endfacet
facet normal 0.5637824485268352 -0.8259233322367678 0
outer loop
vertex 50.424642666666664 3.617952 2.0000586666666664
vertex 50.528296 3.6887066666666666 0
vertex 50.528296 3.6887066666666666 2.0000586666666664
endloop
endfacet
facet normal 0.45295617270471594 -0.8915327843712175 0
outer loop
vertex 50.74822133333333 3.8094853333333334 2.0000586666666664
vertex 50.636455999999995 3.752701333333333 2.0000586666666664
vertex 50.636455999999995 3.752701333333333 0
endloop
endfacet
facet normal 0.45295617270471594 -0.8915327843712175 0
outer loop
vertex 50.74822133333333 3.8094853333333334 2.0000586666666664
vertex 50.636455999999995 3.752701333333333 0
vertex 50.74822133333333 3.8094853333333334 0
endloop
endfacet
facet normal 0.9608420185169123 -0.27709676189437077 0
outer loop
vertex 49.663016 2.4975946666666666 0
vertex 49.69771733333333 2.6179226666666664 0
vertex 49.69771733333333 2.6179226666666664 2.0000586666666664
endloop
endfacet
facet normal 0.9608420185169123 -0.27709676189437077 0
outer loop
vertex 49.663016 2.4975946666666666 0
vertex 49.69771733333333 2.6179226666666664 2.0000586666666664
vertex 49.663016 2.4975946666666666 2.0000586666666664
endloop
endfacet
facet normal 0.9759340573753192 -0.2180658516479532 0
outer loop
vertex 49.635525333333334 2.3745626666666664 2.0000586666666664
vertex 49.635525333333334 2.3745626666666664 0
vertex 49.663016 2.4975946666666666 0
endloop
endfacet
facet normal 0.9759340573753192 -0.2180658516479532 0
outer loop
vertex 49.635525333333334 2.3745626666666664 2.0000586666666664
vertex 49.663016 2.4975946666666666 0
vertex 49.663016 2.4975946666666666 2.0000586666666664
endloop
endfacet
facet normal 0.7908913200925533 -0.611956632288807 0
outer loop
vertex 49.982088 3.175397333333333 0
vertex 50.059152 3.2749946666666667 0
vertex 50.059152 3.2749946666666667 2.0000586666666664
endloop
endfacet
facet normal 0.7908913200925533 -0.611956632288807 0
outer loop
vertex 49.982088 3.175397333333333 0
vertex 50.059152 3.2749946666666667 2.0000586666666664
vertex 49.982088 3.175397333333333 2.0000586666666664
endloop
endfacet
facet normal 0.8606408302847094 -0.5092124912517818 0
outer loop
vertex 49.91133333333333 3.071744 2.0000586666666664
vertex 49.847338666666666 2.963584 2.0000586666666664
vertex 49.847338666666666 2.963584 0
endloop
endfacet
facet normal 0.8606408302847094 -0.5092124912517818 0
outer loop
vertex 49.91133333333333 3.071744 2.0000586666666664
vertex 49.847338666666666 2.963584 0
vertex 49.91133333333333 3.071744 0
endloop
endfacet
facet normal 0.8259233322367701 -0.563782448526832 0
outer loop
vertex 49.982088 3.175397333333333 0
vertex 49.982088 3.175397333333333 2.0000586666666664
vertex 49.91133333333333 3.071744 2.0000586666666664
endloop
endfacet
facet normal 0.8259233322367701 -0.563782448526832 0
outer loop
vertex 49.982088 3.175397333333333 0
vertex 49.91133333333333 3.071744 2.0000586666666664
vertex 49.91133333333333 3.071744 0
endloop
endfacet
facet normal 0.8922668138111907 -0.4515085081936173 0
outer loop
vertex 49.790554666666665 2.851368 0
vertex 49.847338666666666 2.963584 0
vertex 49.847338666666666 2.963584 2.0000586666666664
endloop
endfacet
facet normal 0.8922668138111907 -0.4515085081936173 0
outer loop
vertex 49.790554666666665 2.851368 0
vertex 49.847338666666666 2.963584 2.0000586666666664
vertex 49.790554666666665 2.851368 2.0000586666666664
endloop
endfacet
facet normal 0.9168984763418905 -0.3991205132311795 0
outer loop
vertex 49.740530666666665 2.7364479999999998 2.0000586666666664
vertex 49.740530666666665 2.7364479999999998 0
vertex 49.790554666666665 2.851368 0
endloop
endfacet
facet normal 0.9168984763418905 -0.3991205132311795 0
outer loop
vertex 49.740530666666665 2.7364479999999998 2.0000586666666664
vertex 49.790554666666665 2.851368 0
vertex 49.790554666666665 2.851368 2.0000586666666664
endloop
endfacet
facet normal 0.3978085802453541 -0.9174684373226012 0
outer loop
vertex 50.863592 3.859509333333333 2.0000586666666664
vertex 50.74822133333333 3.8094853333333334 2.0000586666666664
vertex 50.74822133333333 3.8094853333333334 0
endloop
endfacet
facet normal 0.3978085802453541 -0.9174684373226012 0
outer loop
vertex 50.863592 3.859509333333333 2.0000586666666664
vertex 50.74822133333333 3.8094853333333334 0
vertex 50.863592 3.859509333333333 0
endloop
endfacet
facet normal 0.33973233988973983 -0.9405221620105729 0
outer loop
vertex 50.982117333333335 3.9023226666666666 0
vertex 50.982117333333335 3.9023226666666666 2.0000586666666664
vertex 50.863592 3.859509333333333 2.0000586666666664
endloop
endfacet
facet normal 0.33973233988973983 -0.9405221620105729 0
outer loop
vertex 50.982117333333335 3.9023226666666666 0
vertex 50.863592 3.859509333333333 2.0000586666666664
vertex 50.863592 3.859509333333333 0
endloop
endfacet
facet normal -0.09345205168129986 0.9956237813735445 0
outer loop
vertex 2.2506293333333334 75.61555733333333 2.0000586666666664
vertex 2.2506293333333334 75.61555733333333 0
vertex 2.1257946666666667 75.60383999999999 0
endloop
endfacet
facet normal -0.09345205168129986 0.9956237813735445 0
outer loop
vertex 2.2506293333333334 75.61555733333333 2.0000586666666664
vertex 2.1257946666666667 75.60383999999999 0
vertex 2.1257946666666667 75.60383999999999 2.0000586666666664
endloop
endfacet
facet normal -0.030451820802906683 0.9995362357662616 0
outer loop
vertex 2.1257946666666667 75.60383999999999 2.0000586666666664
vertex 2.1257946666666667 75.60383999999999 0
vertex 1.8743226666666666 75.59617866666666 0
endloop
endfacet
facet normal -0.030451820802906683 0.9995362357662616 0
outer loop
vertex 2.1257946666666667 75.60383999999999 2.0000586666666664
vertex 1.8743226666666666 75.59617866666666 0
vertex 1.8743226666666666 75.59617866666666 2.0000586666666664
endloop
endfacet
facet normal -0.1579905011066778 0.9874406319167045 0
outer loop
vertex 2.3745626666666664 75.63538666666666 0
vertex 2.2506293333333334 75.61555733333333 0
vertex 2.2506293333333334 75.61555733333333 2.0000586666666664
endloop
endfacet
facet normal -0.1579905011066778 0.9874406319167045 0
outer loop
vertex 2.3745626666666664 75.63538666666666 0
vertex 2.2506293333333334 75.61555733333333 2.0000586666666664
vertex 2.3745626666666664 75.63538666666666 2.0000586666666664
endloop
endfacet
facet normal -0.45150850819366234 0.8922668138111681 0
outer loop
vertex 2.851368 75.790416 2.0000586666666664
vertex 2.963584 75.8472 2.0000586666666664
vertex 2.963584 75.8472 0
endloop
endfacet
facet normal -0.45150850819366234 0.8922668138111681 0
outer loop
vertex 2.851368 75.790416 2.0000586666666664
vertex 2.963584 75.8472 0
vertex 2.851368 75.790416 0
endloop
endfacet
facet normal -0.2180658516479532 0.9759340573753192 0
outer loop
vertex 2.3745626666666664 75.63538666666666 0
vertex 2.3745626666666664 75.63538666666666 2.0000586666666664
vertex 2.4975946666666666 75.66287733333333 2.0000586666666664
endloop
endfacet
facet normal -0.2180658516479532 0.9759340573753192 0
outer loop
vertex 2.3745626666666664 75.63538666666666 0
vertex 2.4975946666666666 75.66287733333333 2.0000586666666664
vertex 2.4975946666666666 75.66287733333333 0
endloop
endfacet
facet normal -0.7521327876840606 0.6590115853993797 0
outer loop
vertex 3.457965333333333 76.23071733333333 2.0000586666666664
vertex 3.540888 76.32535733333333 2.0000586666666664
vertex 3.540888 76.32535733333333 0
endloop
endfacet
facet normal -0.7521327876840606 0.6590115853993797 0
outer loop
vertex 3.457965333333333 76.23071733333333 2.0000586666666664
vertex 3.540888 76.32535733333333 0
vertex 3.457965333333333 76.23071733333333 0
endloop
endfacet
facet normal -0.9956550038083058 0.09311881330580972 0
outer loop
vertex 3.996061333333333 77.47455733333334 0
vertex 3.9843439999999997 77.349272 0
vertex 3.9843439999999997 77.349272 2.0000586666666664
endloop
endfacet
facet normal -0.9956550038083058 0.09311881330580972 0
outer loop
vertex 3.996061333333333 77.47455733333334 0
vertex 3.9843439999999997 77.349272 2.0000586666666664
vertex 3.996061333333333 77.47455733333334 2.0000586666666664
endloop
endfacet
facet normal -0.9995345702132123 0.030506441101661504 0
outer loop
vertex 4.0037226666666665 77.72557866666666 2.0000586666666664
vertex 4.0037226666666665 77.72557866666666 0
vertex 3.996061333333333 77.47455733333334 0
endloop
endfacet
facet normal -0.9995345702132123 0.030506441101661504 0
outer loop
vertex 4.0037226666666665 77.72557866666666 2.0000586666666664
vertex 3.996061333333333 77.47455733333334 0
vertex 3.996061333333333 77.47455733333334 2.0000586666666664
endloop
endfacet
facet normal -0.7071067811865334 0.7071067811865617 0
outer loop
vertex 3.457965333333333 76.23071733333333 2.0000586666666664
vertex 3.457965333333333 76.23071733333333 0
vertex 3.3691839999999997 76.141936 0
endloop
endfacet
facet normal -0.7071067811865334 0.7071067811865617 0
outer loop
vertex 3.457965333333333 76.23071733333333 2.0000586666666664
vertex 3.3691839999999997 76.141936 0
vertex 3.3691839999999997 76.141936 2.0000586666666664
endloop
endfacet
facet normal -0.6607897933623291 0.7505710152864754 0
outer loop
vertex 3.2749946666666667 76.05901333333333 2.0000586666666664
vertex 3.3691839999999997 76.141936 2.0000586666666664
vertex 3.3691839999999997 76.141936 0
endloop
endfacet
facet normal -0.6607897933623291 0.7505710152864754 0
outer loop
vertex 3.2749946666666667 76.05901333333333 2.0000586666666664
vertex 3.3691839999999997 76.141936 0
vertex 3.2749946666666667 76.05901333333333 0
endloop
endfacet
facet normal -0.6119566322887718 0.7908913200925807 0
outer loop
vertex 3.175397333333333 75.98194933333333 0
vertex 3.175397333333333 75.98194933333333 2.0000586666666664
vertex 3.2749946666666667 76.05901333333333 2.0000586666666664
endloop
endfacet
facet normal -0.6119566322887718 0.7908913200925807 0
outer loop
vertex 3.175397333333333 75.98194933333333 0
vertex 3.2749946666666667 76.05901333333333 2.0000586666666664
vertex 3.2749946666666667 76.05901333333333 0
endloop
endfacet
facet normal -0.3991205132311318 0.9168984763419111 0
outer loop
vertex 2.851368 75.790416 2.0000586666666664
vertex 2.851368 75.790416 0
vertex 2.7364479999999998 75.740392 0
endloop
endfacet
facet normal -0.3991205132311318 0.9168984763419111 0
outer loop
vertex 2.851368 75.790416 2.0000586666666664
vertex 2.7364479999999998 75.740392 0
vertex 2.7364479999999998 75.740392 2.0000586666666664
endloop
endfacet
facet normal -0.33656320368919934 0.9416608784071168 0
outer loop
vertex 2.6179226666666664 75.69802933333334 2.0000586666666664
vertex 2.7364479999999998 75.740392 2.0000586666666664
vertex 2.7364479999999998 75.740392 0
endloop
endfacet
facet normal -0.33656320368919934 0.9416608784071168 0
outer loop
vertex 2.6179226666666664 75.69802933333334 2.0000586666666664
vertex 2.7364479999999998 75.740392 0
vertex 2.6179226666666664 75.69802933333334 0
endloop
endfacet
facet normal -0.28041412403536026 0.9598791168899766 0
outer loop
vertex 2.4975946666666666 75.66287733333333 0
vertex 2.4975946666666666 75.66287733333333 2.0000586666666664
vertex 2.6179226666666664 75.69802933333334 2.0000586666666664
endloop
endfacet
facet normal -0.28041412403536026 0.9598791168899766 0
outer loop
vertex 2.4975946666666666 75.66287733333333 0
vertex 2.6179226666666664 75.69802933333334 2.0000586666666664
vertex 2.6179226666666664 75.69802933333334 0
endloop
endfacet
facet normal -0.8606408302847335 0.509212491251741 0
outer loop
vertex 3.752701333333333 76.63631733333334 0
vertex 3.6887066666666666 76.52815733333333 0
vertex 3.6887066666666666 76.52815733333333 2.0000586666666664
endloop
endfacet
facet normal -0.8606408302847335 0.509212491251741 0
outer loop
vertex 3.752701333333333 76.63631733333334 0
vertex 3.6887066666666666 76.52815733333333 2.0000586666666664
vertex 3.752701333333333 76.63631733333334 2.0000586666666664
endloop
endfacet
facet normal -0.9874406319167073 0.15799050110666155 0
outer loop
vertex 3.9843439999999997 77.349272 2.0000586666666664
vertex 3.9843439999999997 77.349272 0
vertex 3.9645146666666666 77.22533866666666 0
endloop
endfacet
facet normal -0.9874406319167073 0.15799050110666155 0
outer loop
vertex 3.9843439999999997 77.349272 2.0000586666666664
vertex 3.9645146666666666 77.22533866666666 0
vertex 3.9645146666666666 77.22533866666666 2.0000586666666664
endloop
endfacet
facet normal -0.789545423657081 0.6136921247516222 0
outer loop
vertex 3.617952 76.424504 0
vertex 3.540888 76.32535733333333 0
vertex 3.540888 76.32535733333333 2.0000586666666664
endloop
endfacet
facet normal -0.789545423657081 0.6136921247516222 0
outer loop
vertex 3.617952 76.424504 0
vertex 3.540888 76.32535733333333 2.0000586666666664
vertex 3.617952 76.424504 2.0000586666666664
endloop
endfacet
facet normal -0.8259233322367499 0.5637824485268615 0
outer loop
vertex 3.6887066666666666 76.52815733333333 2.0000586666666664
vertex 3.6887066666666666 76.52815733333333 0
vertex 3.617952 76.424504 0
endloop
endfacet
facet normal -0.8259233322367499 0.5637824485268615 0
outer loop
vertex 3.6887066666666666 76.52815733333333 2.0000586666666664
vertex 3.617952 76.424504 0
vertex 3.617952 76.424504 2.0000586666666664
endloop
endfacet
facet normal -0.5637824485268706 0.8259233322367437 0
outer loop
vertex 3.071744 75.91119466666666 2.0000586666666664
vertex 3.175397333333333 75.98194933333333 2.0000586666666664
vertex 3.175397333333333 75.98194933333333 0
endloop
endfacet
facet normal -0.5637824485268706 0.8259233322367437 0
outer loop
vertex 3.071744 75.91119466666666 2.0000586666666664
vertex 3.175397333333333 75.98194933333333 0
vertex 3.071744 75.91119466666666 0
endloop
endfacet
facet normal -0.50921249125174 0.8606408302847343 0
outer loop
vertex 2.963584 75.8472 0
vertex 2.963584 75.8472 2.0000586666666664
vertex 3.071744 75.91119466666666 2.0000586666666664
endloop
endfacet
facet normal -0.50921249125174 0.8606408302847343 0
outer loop
vertex 2.963584 75.8472 0
vertex 3.071744 75.91119466666666 2.0000586666666664
vertex 3.071744 75.91119466666666 0
endloop
endfacet
facet normal -0.9401073205733659 0.34087860860483277 0
outer loop
vertex 3.859509333333333 76.86390399999999 2.0000586666666664
vertex 3.9023226666666666 76.98197866666666 2.0000586666666664
vertex 3.9023226666666666 76.98197866666666 0
endloop
endfacet
facet normal -0.9401073205733659 0.34087860860483277 0
outer loop
vertex 3.859509333333333 76.86390399999999 2.0000586666666664
vertex 3.9023226666666666 76.98197866666666 0
vertex 3.859509333333333 76.86390399999999 0
endloop
endfacet
facet normal -0.9757631698281471 0.2188292402923483 0
outer loop
vertex 3.9645146666666666 77.22533866666666 2.0000586666666664
vertex 3.9645146666666666 77.22533866666666 0
vertex 3.937024 77.10275733333333 0
endloop
endfacet
facet normal -0.9757631698281471 0.2188292402923483 0
outer loop
vertex 3.9645146666666666 77.22533866666666 2.0000586666666664
vertex 3.937024 77.10275733333333 0
vertex 3.937024 77.10275733333333 2.0000586666666664
endloop
endfacet
facet normal -0.9611059645675832 0.27617987487572954 -0.000039827652078400414
outer loop
vertex 3.921701333333333 77.04957866666666 1.0000293333333332
vertex 3.937024 77.10275733333333 0
vertex 3.9257573333333333 77.06354933333333 0
endloop
endfacet
facet normal -0.9611221639646385 0.27612349461968394 -0.000040681001565066096
outer loop
vertex 3.921701333333333 77.04957866666666 1.0000293333333332
vertex 3.9257573333333333 77.06354933333333 0
vertex 3.9023226666666666 76.98197866666666 0
endloop
endfacet
facet normal -0.9612817432154932 0.2755674330551098 0
outer loop
vertex 3.921701333333333 77.04957866666666 1.0000293333333332
vertex 3.9023226666666666 76.98197866666666 0
vertex 3.9023226666666666 76.98197866666666 2.0000586666666664
endloop
endfacet
facet normal -0.9611221639646385 0.27612349461968394 0.000040681001565066096
outer loop
vertex 3.921701333333333 77.04957866666666 1.0000293333333332
vertex 3.9023226666666666 76.98197866666666 2.0000586666666664
vertex 3.9257573333333333 77.06354933333333 2.0000586666666664
endloop
endfacet
facet normal -0.9611059645675832 0.27617987487572954 0.000039827652078400414
outer loop
vertex 3.921701333333333 77.04957866666666 1.0000293333333332
vertex 3.9257573333333333 77.06354933333333 2.0000586666666664
vertex 3.937024 77.10275733333333 2.0000586666666664
endloop
endfacet
facet normal -0.9609069544270724 0.27687149534339567 0
outer loop
vertex 3.921701333333333 77.04957866666666 1.0000293333333332
vertex 3.937024 77.10275733333333 2.0000586666666664
vertex 3.937024 77.10275733333333 0
endloop
endfacet
facet normal -0.9174684373226012 0.3978085802453541 0
outer loop
vertex 3.8094853333333334 76.74853333333333 2.0000586666666664
vertex 3.859509333333333 76.86390399999999 2.0000586666666664
vertex 3.859509333333333 76.86390399999999 0
endloop
endfacet
facet normal -0.9174684373226012 0.3978085802453541 0
outer loop
vertex 3.8094853333333334 76.74853333333333 2.0000586666666664
vertex 3.859509333333333 76.86390399999999 0
vertex 3.8094853333333334 76.74853333333333 0
endloop
endfacet
facet normal -0.8922668138111736 0.4515085081936515 0
outer loop
vertex 3.752701333333333 76.63631733333334 0
vertex 3.752701333333333 76.63631733333334 2.0000586666666664
vertex 3.8094853333333334 76.74853333333333 2.0000586666666664
endloop
endfacet
facet normal -0.8922668138111736 0.4515085081936515 0
outer loop
vertex 3.752701333333333 76.63631733333334 0
vertex 3.8094853333333334 76.74853333333333 2.0000586666666664
vertex 3.8094853333333334 76.74853333333333 0
endloop
endfacet
facet normal 0.03045182080290674 0.9995362357662616 0
outer loop
vertex 51.72571733333333 75.59617866666666 2.0000586666666664
vertex 51.72571733333333 75.59617866666666 0
vertex 51.47424533333333 75.60383999999999 0
endloop
endfacet
facet normal 0.03045182080290674 0.9995362357662616 0
outer loop
vertex 51.72571733333333 75.59617866666666 2.0000586666666664
vertex 51.47424533333333 75.60383999999999 0
vertex 51.47424533333333 75.60383999999999 2.0000586666666664
endloop
endfacet
facet normal 0.9994744831937152 0.03241538864405419 0.00000486936887437449
outer loop
vertex 49.60037333333333 77.585872 1.0000293333333332
vertex 49.60127466666667 77.55793066666666 2.0000586666666664
vertex 49.60397866666666 77.47455733333334 2.0000586666666664
endloop
endfacet
facet normal 0.9994758995332554 0.032371689053706354 0
outer loop
vertex 49.60037333333333 77.585872 1.0000293333333332
vertex 49.60397866666666 77.47455733333334 2.0000586666666664
vertex 49.60397866666666 77.47455733333334 0
endloop
endfacet
facet normal 0.9994744831937152 0.03241538864405419 -0.00000486936887437449
outer loop
vertex 49.60037333333333 77.585872 1.0000293333333332
vertex 49.60397866666666 77.47455733333334 0
vertex 49.60127466666667 77.55793066666666 0
endloop
endfacet
facet normal 0.9994801143396991 0.03224129401097443 4.810683071917204e-15
outer loop
vertex 49.60037333333333 77.585872 1.0000293333333332
vertex 49.60127466666667 77.55793066666666 0
vertex 49.595866666666666 77.72557866666666 0
endloop
endfacet
facet normal 0.9994801143397003 0.03224129401094004 0
outer loop
vertex 49.60037333333333 77.585872 1.0000293333333332
vertex 49.595866666666666 77.72557866666666 0
vertex 49.595866666666666 77.72557866666666 2.0000586666666664
endloop
endfacet
facet normal 0.9994801143396991 0.03224129401097443 -4.810683071917204e-15
outer loop
vertex 49.60037333333333 77.585872 1.0000293333333332
vertex 49.595866666666666 77.72557866666666 2.0000586666666664
vertex 49.60127466666667 77.55793066666666 2.0000586666666664
endloop
endfacet
facet normal 0.9956550038083034 0.09311881330583772 0
outer loop
vertex 49.60397866666666 77.47455733333334 0
vertex 49.60397866666666 77.47455733333334 2.0000586666666664
vertex 49.615696 77.349272 2.0000586666666664
endloop
endfacet
facet normal 0.9956550038083034 0.09311881330583772 0
outer loop
vertex 49.60397866666666 77.47455733333334 0
vertex 49.615696 77.349272 2.0000586666666664
vertex 49.615696 77.349272 0
endloop
endfacet
facet normal 0.2804141240353736 0.9598791168899728 0
outer loop
vertex 50.982117333333335 75.69802933333334 0
vertex 50.982117333333335 75.69802933333334 2.0000586666666664
vertex 51.10244533333333 75.66287733333333 2.0000586666666664
endloop
endfacet
facet normal 0.2804141240353736 0.9598791168899728 0
outer loop
vertex 50.982117333333335 75.69802933333334 0
vertex 51.10244533333333 75.66287733333333 2.0000586666666664
vertex 51.10244533333333 75.66287733333333 0
endloop
endfacet
facet normal 0.21882924029232612 0.9757631698281523 0
outer loop
vertex 51.225026666666665 75.63538666666666 0
vertex 51.10244533333333 75.66287733333333 0
vertex 51.10244533333333 75.66287733333333 2.0000586666666664
endloop
endfacet
facet normal 0.21882924029232612 0.9757631698281523 0
outer loop
vertex 51.225026666666665 75.63538666666666 0
vertex 51.10244533333333 75.66287733333333 2.0000586666666664
vertex 51.225026666666665 75.63538666666666 2.0000586666666664
endloop
endfacet
facet normal 0.09345205168130119 0.9956237813735445 0
outer loop
vertex 51.349410666666664 75.61555733333333 2.0000586666666664
vertex 51.47424533333333 75.60383999999999 2.0000586666666664
vertex 51.47424533333333 75.60383999999999 0
endloop
endfacet
facet normal 0.09345205168130119 0.9956237813735445 0
outer loop
vertex 51.349410666666664 75.61555733333333 2.0000586666666664
vertex 51.47424533333333 75.60383999999999 0
vertex 51.349410666666664 75.61555733333333 0
endloop
endfacet
facet normal 0.15743228452700078 0.9875297847602418 0
outer loop
vertex 51.225026666666665 75.63538666666666 0
vertex 51.225026666666665 75.63538666666666 2.0000586666666664
vertex 51.349410666666664 75.61555733333333 2.0000586666666664
endloop
endfacet
facet normal 0.15743228452700078 0.9875297847602418 0
outer loop
vertex 51.225026666666665 75.63538666666666 0
vertex 51.349410666666664 75.61555733333333 2.0000586666666664
vertex 51.349410666666664 75.61555733333333 0
endloop
endfacet
facet normal 0.9611059645676006 0.2761798748756692 -0.00003982765208443461
outer loop
vertex 49.67833866666667 77.04957866666666 1.0000293333333332
vertex 49.67428266666666 77.06354933333333 0
vertex 49.663016 77.10275733333333 0
endloop
endfacet
facet normal 0.9609069544270598 0.27687149534344013 0
outer loop
vertex 49.67833866666667 77.04957866666666 1.0000293333333332
vertex 49.663016 77.10275733333333 0
vertex 49.663016 77.10275733333333 2.0000586666666664
endloop
endfacet
facet normal 0.9611059645676006 0.2761798748756692 0.00003982765208443461
outer loop
vertex 49.67833866666667 77.04957866666666 1.0000293333333332
vertex 49.663016 77.10275733333333 2.0000586666666664
vertex 49.67428266666666 77.06354933333333 2.0000586666666664
endloop
endfacet
facet normal 0.9611221639646385 0.27612349461968394 0.00004068100157018737
outer loop
vertex 49.67833866666667 77.04957866666666 1.0000293333333332
vertex 49.67428266666666 77.06354933333333 2.0000586666666664
vertex 49.69771733333333 76.98197866666666 2.0000586666666664
endloop
endfacet
facet normal 0.9612817432155134 0.2755674330550398 0
outer loop
vertex 49.67833866666667 77.04957866666666 1.0000293333333332
vertex 49.69771733333333 76.98197866666666 2.0000586666666664
vertex 49.69771733333333 76.98197866666666 0
endloop
endfacet
facet normal 0.9611221639646385 0.27612349461968394 -0.00004068100157018737
outer loop
vertex 49.67833866666667 77.04957866666666 1.0000293333333332
vertex 49.69771733333333 76.98197866666666 0
vertex 49.67428266666666 77.06354933333333 0
endloop
endfacet
facet normal 0.8259233322367532 0.5637824485268567 0
outer loop
vertex 49.982088 76.424504 0
vertex 49.91133333333333 76.52815733333333 0
vertex 49.91133333333333 76.52815733333333 2.0000586666666664
endloop
endfacet
facet normal 0.8259233322367532 0.5637824485268567 0
outer loop
vertex 49.982088 76.424504 0
vertex 49.91133333333333 76.52815733333333 2.0000586666666664
vertex 49.982088 76.424504 2.0000586666666664
endloop
endfacet
facet normal 0.789545423657081 0.6136921247516222 0
outer loop
vertex 50.059152 76.32535733333333 2.0000586666666664
vertex 50.059152 76.32535733333333 0
vertex 49.982088 76.424504 0
endloop
endfacet
facet normal 0.789545423657081 0.6136921247516222 0
outer loop
vertex 50.059152 76.32535733333333 2.0000586666666664
vertex 49.982088 76.424504 0
vertex 49.982088 76.424504 2.0000586666666664
endloop
endfacet
facet normal 0.45295617270476096 0.8915327843711945 0
outer loop
vertex 50.636455999999995 75.8472 2.0000586666666664
vertex 50.74822133333333 75.790416 2.0000586666666664
vertex 50.74822133333333 75.790416 0
endloop
endfacet
facet normal 0.45295617270476096 0.8915327843711945 0
outer loop
vertex 50.636455999999995 75.8472 2.0000586666666664
vertex 50.74822133333333 75.790416 0
vertex 50.636455999999995 75.8472 0
endloop
endfacet
facet normal 0.5092124912517462 0.8606408302847306 0
outer loop
vertex 50.528296 75.91119466666666 0
vertex 50.528296 75.91119466666666 2.0000586666666664
vertex 50.636455999999995 75.8472 2.0000586666666664
endloop
endfacet
facet normal 0.5092124912517462 0.8606408302847306 0
outer loop
vertex 50.528296 75.91119466666666 0
vertex 50.636455999999995 75.8472 2.0000586666666664
vertex 50.636455999999995 75.8472 0
endloop
endfacet
facet normal 0.7521327876840537 0.6590115853993876 0
outer loop
vertex 50.142074666666666 76.23071733333333 0
vertex 50.059152 76.32535733333333 0
vertex 50.059152 76.32535733333333 2.0000586666666664
endloop
endfacet
facet normal 0.7521327876840537 0.6590115853993876 0
outer loop
vertex 50.142074666666666 76.23071733333333 0
vertex 50.059152 76.32535733333333 2.0000586666666664
vertex 50.142074666666666 76.23071733333333 2.0000586666666664
endloop
endfacet
facet normal 0.6607897933623309 0.7505710152864739 0
outer loop
vertex 50.230855999999996 76.141936 2.0000586666666664
vertex 50.32504533333333 76.05901333333333 2.0000586666666664
vertex 50.32504533333333 76.05901333333333 0
endloop
endfacet
facet normal 0.6607897933623309 0.7505710152864739 0
outer loop
vertex 50.230855999999996 76.141936 2.0000586666666664
vertex 50.32504533333333 76.05901333333333 0
vertex 50.230855999999996 76.141936 0
endloop
endfacet
facet normal 0.7071067811865475 0.7071067811865475 0
outer loop
vertex 50.142074666666666 76.23071733333333 0
vertex 50.142074666666666 76.23071733333333 2.0000586666666664
vertex 50.230855999999996 76.141936 2.0000586666666664
endloop
endfacet
facet normal 0.7071067811865475 0.7071067811865475 0
outer loop
vertex 50.142074666666666 76.23071733333333 0
vertex 50.230855999999996 76.141936 2.0000586666666664
vertex 50.230855999999996 76.141936 0
endloop
endfacet
facet normal 0.611956632288765 0.7908913200925859 0
outer loop
vertex 50.424642666666664 75.98194933333333 0
vertex 50.32504533333333 76.05901333333333 0
vertex 50.32504533333333 76.05901333333333 2.0000586666666664
endloop
endfacet
facet normal 0.611956632288765 0.7908913200925859 0
outer loop
vertex 50.424642666666664 75.98194933333333 0
vertex 50.32504533333333 76.05901333333333 2.0000586666666664
vertex 50.424642666666664 75.98194933333333 2.0000586666666664
endloop
endfacet
facet normal 0.563782448526869 0.8259233322367449 0
outer loop
vertex 50.528296 75.91119466666666 2.0000586666666664
vertex 50.528296 75.91119466666666 0
vertex 50.424642666666664 75.98194933333333 0
endloop
endfacet
facet normal 0.563782448526869 0.8259233322367449 0
outer loop
vertex 50.528296 75.91119466666666 2.0000586666666664
vertex 50.424642666666664 75.98194933333333 0
vertex 50.424642666666664 75.98194933333333 2.0000586666666664
endloop
endfacet
facet normal 0.39780858024531246 0.9174684373226192 0
outer loop
vertex 50.863592 75.740392 0
vertex 50.74822133333333 75.790416 0
vertex 50.74822133333333 75.790416 2.0000586666666664
endloop
endfacet
facet normal 0.39780858024531246 0.9174684373226192 0
outer loop
vertex 50.863592 75.740392 0
vertex 50.74822133333333 75.790416 2.0000586666666664
vertex 50.863592 75.740392 2.0000586666666664
endloop
endfacet
facet normal 0.33656320368918813 0.9416608784071208 0
outer loop
vertex 50.982117333333335 75.69802933333334 2.0000586666666664
vertex 50.982117333333335 75.69802933333334 0
vertex 50.863592 75.740392 0
endloop
endfacet
facet normal 0.33656320368918813 0.9416608784071208 0
outer loop
vertex 50.982117333333335 75.69802933333334 2.0000586666666664
vertex 50.863592 75.740392 0
vertex 50.863592 75.740392 2.0000586666666664
endloop
endfacet
facet normal 0.9757631698281496 0.21882924029233822 0
outer loop
vertex 49.635525333333334 77.22533866666666 2.0000586666666664
vertex 49.663016 77.10275733333333 2.0000586666666664
vertex 49.663016 77.10275733333333 0
endloop
endfacet
facet normal 0.9757631698281496 0.21882924029233822 0
outer loop
vertex 49.635525333333334 77.22533866666666 2.0000586666666664
vertex 49.663016 77.10275733333333 0
vertex 49.635525333333334 77.22533866666666 0
endloop
endfacet
facet normal 0.9874406319167062 0.15799050110666843 0
outer loop
vertex 49.615696 77.349272 0
vertex 49.615696 77.349272 2.0000586666666664
vertex 49.635525333333334 77.22533866666666 2.0000586666666664
endloop
endfacet
facet normal 0.9874406319167062 0.15799050110666843 0
outer loop
vertex 49.615696 77.349272 0
vertex 49.635525333333334 77.22533866666666 2.0000586666666664
vertex 49.635525333333334 77.22533866666666 0
endloop
endfacet
facet normal 0.9174684373225986 0.39780858024536003 0
outer loop
vertex 49.740530666666665 76.86390399999999 2.0000586666666664
vertex 49.790554666666665 76.74853333333333 2.0000586666666664
vertex 49.790554666666665 76.74853333333333 0
endloop
endfacet
facet normal 0.9174684373225986 0.39780858024536003 0
outer loop
vertex 49.740530666666665 76.86390399999999 2.0000586666666664
vertex 49.790554666666665 76.74853333333333 0
vertex 49.740530666666665 76.86390399999999 0
endloop
endfacet
facet normal 0.9401073205733623 0.3408786086048421 0
outer loop
vertex 49.69771733333333 76.98197866666666 0
vertex 49.69771733333333 76.98197866666666 2.0000586666666664
vertex 49.740530666666665 76.86390399999999 2.0000586666666664
endloop
endfacet
facet normal 0.9401073205733623 0.3408786086048421 0
outer loop
vertex 49.69771733333333 76.98197866666666 0
vertex 49.740530666666665 76.86390399999999 2.0000586666666664
vertex 49.740530666666665 76.86390399999999 0
endloop
endfacet
facet normal 0.8922668138111736 0.4515085081936515 0
outer loop
vertex 49.847338666666666 76.63631733333334 0
vertex 49.790554666666665 76.74853333333333 0
vertex 49.790554666666665 76.74853333333333 2.0000586666666664
endloop
endfacet
facet normal 0.8922668138111736 0.4515085081936515 0
outer loop
vertex 49.847338666666666 76.63631733333334 0
vertex 49.790554666666665 76.74853333333333 2.0000586666666664
vertex 49.847338666666666 76.63631733333334 2.0000586666666664
endloop
endfacet
facet normal 0.8606408302847351 0.5092124912517385 0
outer loop
vertex 49.91133333333333 76.52815733333333 2.0000586666666664
vertex 49.91133333333333 76.52815733333333 0
vertex 49.847338666666666 76.63631733333334 0
endloop
endfacet
facet normal 0.8606408302847351 0.5092124912517385 0
outer loop
vertex 49.91133333333333 76.52815733333333 2.0000586666666664
vertex 49.847338666666666 76.63631733333334 0
vertex 49.847338666666666 76.63631733333334 2.0000586666666664
endloop
endfacet
facet normal -0.9994801143396996 -0.03224129401095809 0
outer loop
vertex 0 6.000176 2.0000586666666664
vertex 0 6.000176 0
vertex 0.004056 5.87444 0
endloop
endfacet
facet normal -0.9994801143396996 -0.03224129401095809 0
outer loop
vertex 0 6.000176 2.0000586666666664
vertex 0.004056 5.87444 0
vertex 0.004056 5.87444 2.0000586666666664
endloop
endfacet
facet normal -0.21882924029234485 -0.9757631698281479 0
outer loop
vertex 1.5025226666666667 4.06276 2.0000586666666664
vertex 1.5025226666666667 4.06276 0
vertex 1.6251039999999999 4.035269333333333 0
endloop
endfacet
facet normal -0.21882924029234485 -0.9757631698281479 0
outer loop
vertex 1.5025226666666667 4.06276 2.0000586666666664
vertex 1.6251039999999999 4.035269333333333 0
vertex 1.6251039999999999 4.035269333333333 2.0000586666666664
endloop
endfacet
facet normal -0.0970131540922494 -0.9952830993908586 0
outer loop
vertex 1.749488 4.0158906666666665 0
vertex 1.8743226666666666 4.0037226666666665 0
vertex 1.8743226666666666 4.0037226666666665 2.0000586666666664
endloop
endfacet
facet normal -0.0970131540922494 -0.9952830993908586 0
outer loop
vertex 1.749488 4.0158906666666665 0
vertex 1.8743226666666666 4.0037226666666665 2.0000586666666664
vertex 1.749488 4.0158906666666665 2.0000586666666664
endloop
endfacet
facet normal -0.15394003001830692 -0.9880801926756567 0
outer loop
vertex 1.749488 4.0158906666666665 0
vertex 1.749488 4.0158906666666665 2.0000586666666664
vertex 1.6251039999999999 4.035269333333333 2.0000586666666664
endloop
endfacet
facet normal -0.15394003001830692 -0.9880801926756567 0
outer loop
vertex 1.749488 4.0158906666666665 0
vertex 1.6251039999999999 4.035269333333333 2.0000586666666664
vertex 1.6251039999999999 4.035269333333333 0
endloop
endfacet
facet normal -0.9601603466916547 -0.27944965314160175 0
outer loop
vertex 0.06264266666666667 5.5026399999999995 2.0000586666666664
vertex 0.06264266666666667 5.5026399999999995 0
vertex 0.09779466666666667 5.381861333333333 0
endloop
endfacet
facet normal -0.9601603466916547 -0.27944965314160175 0
outer loop
vertex 0.06264266666666667 5.5026399999999995 2.0000586666666664
vertex 0.09779466666666667 5.381861333333333 0
vertex 0.09779466666666667 5.381861333333333 2.0000586666666664
endloop
endfacet
facet normal -0.9765237734639312 -0.21540965591116074 0
outer loop
vertex 0.035602666666666664 5.625221333333333 0
vertex 0.06264266666666667 5.5026399999999995 0
vertex 0.06264266666666667 5.5026399999999995 2.0000586666666664
endloop
endfacet
facet normal -0.9765237734639312 -0.21540965591116074 0
outer loop
vertex 0.035602666666666664 5.625221333333333 0
vertex 0.06264266666666667 5.5026399999999995 2.0000586666666664
vertex 0.035602666666666664 5.625221333333333 2.0000586666666664
endloop
endfacet
facet normal -0.9956550038083056 -0.09311881330581281 0
outer loop
vertex 0.004056 5.87444 2.0000586666666664
vertex 0.004056 5.87444 0
vertex 0.015773333333333334 5.749154666666667 0
endloop
endfacet
facet normal -0.9956550038083056 -0.09311881330581281 0
outer loop
vertex 0.004056 5.87444 2.0000586666666664
vertex 0.015773333333333334 5.749154666666667 0
vertex 0.015773333333333334 5.749154666666667 2.0000586666666664
endloop
endfacet
facet normal -0.9874406319167054 -0.15799050110667268 0
outer loop
vertex 0.015773333333333334 5.749154666666667 2.0000586666666664
vertex 0.015773333333333334 5.749154666666667 0
vertex 0.035602666666666664 5.625221333333333 0
endloop
endfacet
facet normal -0.9874406319167054 -0.15799050110667268 0
outer loop
vertex 0.015773333333333334 5.749154666666667 2.0000586666666664
vertex 0.035602666666666664 5.625221333333333 0
vertex 0.035602666666666664 5.625221333333333 2.0000586666666664
endloop
endfacet
facet normal -0.7912850013921676 -0.6114475010757645 0
outer loop
vertex 0.3821653333333333 4.824386666666666 2.0000586666666664
vertex 0.3821653333333333 4.824386666666666 0
vertex 0.45877866666666667 4.725239999999999 0
endloop
endfacet
facet normal -0.7912850013921676 -0.6114475010757645 0
outer loop
vertex 0.3821653333333333 4.824386666666666 2.0000586666666664
vertex 0.45877866666666667 4.725239999999999 0
vertex 0.45877866666666667 4.725239999999999 2.0000586666666664
endloop
endfacet
facet normal -0.2794496531416013 -0.9601603466916548 0
outer loop
vertex 1.3817439999999999 4.097912 2.0000586666666664
vertex 1.3817439999999999 4.097912 0
vertex 1.5025226666666667 4.06276 0
endloop
endfacet
facet normal -0.2794496531416013 -0.9601603466916548 0
outer loop
vertex 1.3817439999999999 4.097912 2.0000586666666664
vertex 1.5025226666666667 4.06276 0
vertex 1.5025226666666667 4.06276 2.0000586666666664
endloop
endfacet
facet normal -0.4558065233996414 -0.8900788803394517 0
outer loop
vertex 1.0365333333333333 4.247533333333333 0
vertex 1.1482986666666666 4.190298666666666 0
vertex 1.1482986666666666 4.190298666666666 2.0000586666666664
endloop
endfacet
facet normal -0.4558065233996414 -0.8900788803394517 0
outer loop
vertex 1.0365333333333333 4.247533333333333 0
vertex 1.1482986666666666 4.190298666666666 2.0000586666666664
vertex 1.0365333333333333 4.247533333333333 2.0000586666666664
endloop
endfacet
facet normal -0.5092124912517862 -0.8606408302847067 0
outer loop
vertex 1.0365333333333333 4.247533333333333 0
vertex 1.0365333333333333 4.247533333333333 2.0000586666666664
vertex 0.9283733333333333 4.311528 2.0000586666666664
endloop
endfacet
facet normal -0.5092124912517862 -0.8606408302847067 0
outer loop
vertex 1.0365333333333333 4.247533333333333 0
vertex 0.9283733333333333 4.311528 2.0000586666666664
vertex 0.9283733333333333 4.311528 0
endloop
endfacet
facet normal -0.3978085802453451 -0.9174684373226051 0
outer loop
vertex 1.2636693333333333 4.1402746666666665 0
vertex 1.2636693333333333 4.1402746666666665 2.0000586666666664
vertex 1.1482986666666666 4.190298666666666 2.0000586666666664
endloop
endfacet
facet normal -0.3978085802453451 -0.9174684373226051 0
outer loop
vertex 1.2636693333333333 4.1402746666666665 0
vertex 1.1482986666666666 4.190298666666666 2.0000586666666664
vertex 1.1482986666666666 4.190298666666666 0
endloop
endfacet
facet normal -0.3377015450148554 -0.9412532424882156 0
outer loop
vertex 1.2636693333333333 4.1402746666666665 0
vertex 1.3817439999999999 4.097912 0
vertex 1.3817439999999999 4.097912 2.0000586666666664
endloop
endfacet
facet normal -0.3377015450148554 -0.9412532424882156 0
outer loop
vertex 1.2636693333333333 4.1402746666666665 0
vertex 1.3817439999999999 4.097912 2.0000586666666664
vertex 1.2636693333333333 4.1402746666666665 2.0000586666666664
endloop
endfacet
facet normal -0.748791374192471 -0.6628057618450153 0
outer loop
vertex 0.45877866666666667 4.725239999999999 2.0000586666666664
vertex 0.45877866666666667 4.725239999999999 0
vertex 0.542152 4.631050666666667 0
endloop
endfacet
facet normal -0.748791374192471 -0.6628057618450153 0
outer loop
vertex 0.45877866666666667 4.725239999999999 2.0000586666666664
vertex 0.542152 4.631050666666667 0
vertex 0.542152 4.631050666666667 2.0000586666666664
endloop
endfacet
facet normal -0.6628057618450123 -0.7487913741924738 0
outer loop
vertex 0.6309333333333333 4.5422693333333335 0
vertex 0.7251226666666667 4.458896 0
vertex 0.7251226666666667 4.458896 2.0000586666666664
endloop
endfacet
facet normal -0.6628057618450123 -0.7487913741924738 0
outer loop
vertex 0.6309333333333333 4.5422693333333335 0
vertex 0.7251226666666667 4.458896 2.0000586666666664
vertex 0.6309333333333333 4.5422693333333335 2.0000586666666664
endloop
endfacet
facet normal -0.7071067811865475 -0.7071067811865475 0
outer loop
vertex 4.5422693333333335 0.6309333333333333 2.0000586666666664
vertex 4.5422693333333335 0.6309333333333333 0
vertex 4.631050666666667 0.542152 0
endloop
endfacet
facet normal -0.7071067811865475 -0.7071067811865475 0
outer loop
vertex 4.5422693333333335 0.6309333333333333 2.0000586666666664
vertex 4.631050666666667 0.542152 0
vertex 4.631050666666667 0.542152 2.0000586666666664
endloop
endfacet
facet normal -0.7071067811865475 -0.7071067811865475 0
outer loop
vertex 0.542152 4.631050666666667 2.0000586666666664
vertex 0.542152 4.631050666666667 0
vertex 0.6309333333333333 4.5422693333333335 0
endloop
endfacet
facet normal -0.7071067811865475 -0.7071067811865475 0
outer loop
vertex 0.542152 4.631050666666667 2.0000586666666664
vertex 0.6309333333333333 4.5422693333333335 0
vertex 0.6309333333333333 4.5422693333333335 2.0000586666666664
endloop
endfacet
facet normal -0.827059664569524 -0.5621141443178125 0
outer loop
vertex 0.31141066666666667 4.928490666666667 0
vertex 0.3821653333333333 4.824386666666666 0
vertex 0.3821653333333333 4.824386666666666 2.0000586666666664
endloop
endfacet
facet normal -0.827059664569524 -0.5621141443178125 0
outer loop
vertex 0.31141066666666667 4.928490666666667 0
vertex 0.3821653333333333 4.824386666666666 2.0000586666666664
vertex 0.31141066666666667 4.928490666666667 2.0000586666666664
endloop
endfacet
facet normal -0.8900788803394531 -0.4558065233996385 0
outer loop
vertex 0.19018133333333334 5.148416 2.0000586666666664
vertex 0.19018133333333334 5.148416 0
vertex 0.247416 5.036650666666667 0
endloop
endfacet
facet normal -0.8900788803394531 -0.4558065233996385 0
outer loop
vertex 0.19018133333333334 5.148416 2.0000586666666664
vertex 0.247416 5.036650666666667 0
vertex 0.247416 5.036650666666667 2.0000586666666664
endloop
endfacet
facet normal -0.860640830284707 -0.5092124912517858 0
outer loop
vertex 0.247416 5.036650666666667 2.0000586666666664
vertex 0.247416 5.036650666666667 0
vertex 0.31141066666666667 4.928490666666667 0
endloop
endfacet
facet normal -0.860640830284707 -0.5092124912517858 0
outer loop
vertex 0.247416 5.036650666666667 2.0000586666666664
vertex 0.31141066666666667 4.928490666666667 0
vertex 0.31141066666666667 4.928490666666667 2.0000586666666664
endloop
endfacet
facet normal -0.6136921247516337 -0.789545423657072 0
outer loop
vertex 0.7251226666666667 4.458896 2.0000586666666664
vertex 0.7251226666666667 4.458896 0
vertex 0.8242693333333333 4.381832 0
endloop
endfacet
facet normal -0.6136921247516337 -0.789545423657072 0
outer loop
vertex 0.7251226666666667 4.458896 2.0000586666666664
vertex 0.8242693333333333 4.381832 0
vertex 0.8242693333333333 4.381832 2.0000586666666664
endloop
endfacet
facet normal -0.5596576869073973 -0.8287238825359516 0
outer loop
vertex 0.8242693333333333 4.381832 2.0000586666666664
vertex 0.8242693333333333 4.381832 0
vertex 0.9283733333333333 4.311528 0
endloop
endfacet
facet normal -0.5596576869073973 -0.8287238825359516 0
outer loop
vertex 0.8242693333333333 4.381832 2.0000586666666664
vertex 0.9283733333333333 4.311528 0
vertex 0.9283733333333333 4.311528 2.0000586666666664
endloop
endfacet
facet normal -0.9187733502125233 -0.3947854239194451 0
outer loop
vertex 0.14060799999999998 5.263786666666666 0
vertex 0.19018133333333334 5.148416 0
vertex 0.19018133333333334 5.148416 2.0000586666666664
endloop
endfacet
facet normal -0.9187733502125233 -0.3947854239194451 0
outer loop
vertex 0.14060799999999998 5.263786666666666 0
vertex 0.19018133333333334 5.148416 2.0000586666666664
vertex 0.14060799999999998 5.263786666666666 2.0000586666666664
endloop
endfacet
facet normal -0.9401073205733617 -0.3408786086048444 0
outer loop
vertex 0.14060799999999998 5.263786666666666 0
vertex 0.14060799999999998 5.263786666666666 2.0000586666666664
vertex 0.09779466666666667 5.381861333333333 2.0000586666666664
endloop
endfacet
facet normal -0.9401073205733617 -0.3408786086048444 0
outer loop
vertex 0.14060799999999998 5.263786666666666 0
vertex 0.09779466666666667 5.381861333333333 2.0000586666666664
vertex 0.09779466666666667 5.381861333333333 0
endloop
endfacet
facet normal -1 0 0
outer loop
vertex 0 39.800176 1.0000293333333332
vertex 0 6.042088 2.0000586666666664
vertex 0 6.130869333333333 2.0000586666666664
endloop
endfacet
facet normal -1 0 0
outer loop
vertex 0 39.800176 1.0000293333333332
vertex 0 6.130869333333333 2.0000586666666664
vertex 0 6.2250586666666665 2.0000586666666664
endloop
endfacet
facet normal -0.9999999999999999 0 0
outer loop
vertex 0 39.800176 1.0000293333333332
vertex 0 6.2250586666666665 2.0000586666666664
vertex 0 6.3242053333333335 2.0000586666666664
endloop
endfacet
facet normal -1 0 0
outer loop
vertex 0 39.800176 1.0000293333333332
vertex 0 6.3242053333333335 2.0000586666666664
vertex 0 6.428309333333333 2.0000586666666664
endloop
endfacet
facet normal -1 0 0
outer loop
vertex 0 39.800176 1.0000293333333332
vertex 0 6.428309333333333 2.0000586666666664
vertex 0 6.536469333333333 2.0000586666666664
endloop
endfacet
facet normal -1 0 0
outer loop
vertex 0 39.800176 1.0000293333333332
vertex 0 6.536469333333333 2.0000586666666664
vertex 0 6.648234666666666 2.0000586666666664
endloop
endfacet
facet normal -1 0 0
outer loop
vertex 0 39.800176 1.0000293333333332
vertex 0 6.648234666666666 2.0000586666666664
vertex 0 6.7636053333333335 2.0000586666666664
endloop
endfacet
facet normal -1 0 0
outer loop
vertex 0 39.800176 1.0000293333333332
vertex 0 6.7636053333333335 2.0000586666666664
vertex 0 6.882130666666667 2.0000586666666664
endloop
endfacet
facet normal -1 0 0
outer loop
vertex 0 39.800176 1.0000293333333332
vertex 0 6.882130666666667 2.0000586666666664
vertex 0 7.002458666666667 2.0000586666666664
endloop
endfacet
facet normal -1 0 0
outer loop
vertex 0 39.800176 1.0000293333333332
vertex 0 7.002458666666667 2.0000586666666664
vertex 0 7.125039999999999 2.0000586666666664
endloop
endfacet
facet normal -1 0 0
outer loop
vertex 0 39.800176 1.0000293333333332
vertex 0 7.125039999999999 2.0000586666666664
vertex 0 7.249423999999999 2.0000586666666664
endloop
endfacet
facet normal -1 0 0
outer loop
vertex 0 39.800176 1.0000293333333332
vertex 0 7.249423999999999 2.0000586666666664
vertex 0 7.374258666666666 2.0000586666666664
endloop
endfacet
facet normal -1 0 0
outer loop
vertex 0 39.800176 1.0000293333333332
vertex 0 7.374258666666666 2.0000586666666664
vertex 0 7.499994666666667 2.0000586666666664
endloop
endfacet
facet normal -1 0 0
outer loop
vertex 0 39.800176 1.0000293333333332
vertex 0 7.499994666666667 2.0000586666666664
vertex 0 72.09990666666667 2.0000586666666664
endloop
endfacet
facet normal -1 0 0
outer loop
vertex 0 39.800176 1.0000293333333332
vertex 0 72.09990666666667 2.0000586666666664
vertex 0 72.22564266666666 2.0000586666666664
endloop
endfacet
facet normal -1 0 0
outer loop
vertex 0 39.800176 1.0000293333333332
vertex 0 72.22564266666666 2.0000586666666664
vertex 0 72.35047733333333 2.0000586666666664
endloop
endfacet
facet normal -1 0 0
outer loop
vertex 0 39.800176 1.0000293333333332
vertex 0 72.35047733333333 2.0000586666666664
vertex 0 72.47486133333334 2.0000586666666664
endloop
endfacet
facet normal -1 0 0
outer loop
vertex 0 39.800176 1.0000293333333332
vertex 0 72.47486133333334 2.0000586666666664
vertex 0 72.59744266666667 2.0000586666666664
endloop
endfacet
facet normal -0.9999999999999999 0 0
outer loop
vertex 0 39.800176 1.0000293333333332
vertex 0 72.59744266666667 2.0000586666666664
vertex 0 72.71822133333333 2.0000586666666664
endloop
endfacet
facet normal -0.9999999999999999 0 0
outer loop
vertex 0 39.800176 1.0000293333333332
vertex 0 72.71822133333333 2.0000586666666664
vertex 0 72.836296 2.0000586666666664
endloop
endfacet
facet normal -1 0 0
outer loop
vertex 0 39.800176 1.0000293333333332
vertex 0 72.836296 2.0000586666666664
vertex 0 72.95166666666667 2.0000586666666664
endloop
endfacet
facet normal -1 0 0
outer loop
vertex 0 39.800176 1.0000293333333332
vertex 0 72.95166666666667 2.0000586666666664
vertex 0 73.06343199999999 2.0000586666666664
endloop
endfacet
facet normal -1 0 0
outer loop
vertex 0 39.800176 1.0000293333333332
vertex 0 73.06343199999999 2.0000586666666664
vertex 0 73.171592 2.0000586666666664
endloop
endfacet
facet normal -1 0 0
outer loop
vertex 0 39.800176 1.0000293333333332
vertex 0 73.171592 2.0000586666666664
vertex 0 73.275696 2.0000586666666664
endloop
endfacet
facet normal -1 0 0
outer loop
vertex 0 39.800176 1.0000293333333332
vertex 0 73.275696 2.0000586666666664
vertex 0 73.37484266666667 2.0000586666666664
endloop
endfacet
facet normal -1 0 0
outer loop
vertex 0 39.800176 1.0000293333333332
vertex 0 73.37484266666667 2.0000586666666664
vertex 0 73.469032 2.0000586666666664
endloop
endfacet
facet normal -1 0 0
outer loop
vertex 0 39.800176 1.0000293333333332
vertex 0 73.469032 2.0000586666666664
vertex 0 73.55781333333333 2.0000586666666664
endloop
endfacet
facet normal -1 0 0
outer loop
vertex 0 39.800176 1.0000293333333332
vertex 0 73.55781333333333 2.0000586666666664
vertex 0 73.600176 2.0000586666666664
endloop
endfacet
facet normal -1 0 0
outer loop
vertex 0 39.800176 1.0000293333333332
vertex 0 73.600176 2.0000586666666664
vertex 0 73.600176 0
endloop
endfacet
facet normal -1 0 0
outer loop
vertex 0 39.800176 1.0000293333333332
vertex 0 73.600176 0
vertex 0 73.55781333333333 0
endloop
endfacet
facet normal -1 0 0
outer loop
vertex 0 39.800176 1.0000293333333332
vertex 0 73.55781333333333 0
vertex 0 73.469032 0
endloop
endfacet
facet normal -1 0 0
outer loop
vertex 0 39.800176 1.0000293333333332
vertex 0 73.469032 0
vertex 0 73.37484266666667 0
endloop
endfacet
facet normal -1 0 0
outer loop
vertex 0 39.800176 1.0000293333333332
vertex 0 73.37484266666667 0
vertex 0 73.275696 0
endloop
endfacet
facet normal -1 0 0
outer loop
vertex 0 39.800176 1.0000293333333332
vertex 0 73.275696 0
vertex 0 73.171592 0
endloop
endfacet
facet normal -1 0 0
outer loop
vertex 0 39.800176 1.0000293333333332
vertex 0 73.171592 0
vertex 0 73.06343199999999 0
endloop
endfacet
facet normal -1 0 0
outer loop
vertex 0 39.800176 1.0000293333333332
vertex 0 73.06343199999999 0
vertex 0 72.95166666666667 0
endloop
endfacet
facet normal -1 0 0
outer loop
vertex 0 39.800176 1.0000293333333332
vertex 0 72.95166666666667 0
vertex 0 72.836296 0
endloop
endfacet
facet normal -0.9999999999999999 0 0
outer loop
vertex 0 39.800176 1.0000293333333332
vertex 0 72.836296 0
vertex 0 72.71822133333333 0
endloop
endfacet
facet normal -0.9999999999999999 0 0
outer loop
vertex 0 39.800176 1.0000293333333332
vertex 0 72.71822133333333 0
vertex 0 72.59744266666667 0
endloop
endfacet
facet normal -1 0 0
outer loop
vertex 0 39.800176 1.0000293333333332
vertex 0 72.59744266666667 0
vertex 0 72.47486133333334 0
endloop
endfacet
facet normal -1 0 0
outer loop
vertex 0 39.800176 1.0000293333333332
vertex 0 72.47486133333334 0
vertex 0 72.35047733333333 0
endloop
endfacet
facet normal -1 0 0
outer loop
vertex 0 39.800176 1.0000293333333332
vertex 0 72.35047733333333 0
vertex 0 72.22564266666666 0
endloop
endfacet
facet normal -1 0 0
outer loop
vertex 0 39.800176 1.0000293333333332
vertex 0 72.22564266666666 0
vertex 0 72.09990666666667 0
endloop
endfacet
facet normal -1 0 0
outer loop
vertex 0 39.800176 1.0000293333333332
vertex 0 72.09990666666667 0
vertex 0 7.499994666666667 0
endloop
endfacet
facet normal -1 0 0
outer loop
vertex 0 39.800176 1.0000293333333332
vertex 0 7.499994666666667 0
vertex 0 7.374258666666666 0
endloop
endfacet
facet normal -1 0 0
outer loop
vertex 0 39.800176 1.0000293333333332
vertex 0 7.374258666666666 0
vertex 0 7.249423999999999 0
endloop
endfacet
facet normal -1 0 0
outer loop
vertex 0 39.800176 1.0000293333333332
vertex 0 7.249423999999999 0
vertex 0 7.125039999999999 0
endloop
endfacet
facet normal -1 0 0
outer loop
vertex 0 39.800176 1.0000293333333332
vertex 0 7.125039999999999 0
vertex 0 7.002458666666667 0
endloop
endfacet
facet normal -1 0 0
outer loop
vertex 0 39.800176 1.0000293333333332
vertex 0 7.002458666666667 0
vertex 0 6.882130666666667 0
endloop
endfacet
facet normal -1 0 0
outer loop
vertex 0 39.800176 1.0000293333333332
vertex 0 6.882130666666667 0
vertex 0 6.7636053333333335 0
endloop
endfacet
facet normal -1 0 0
outer loop
vertex 0 39.800176 1.0000293333333332
vertex 0 6.7636053333333335 0
vertex 0 6.648234666666666 0
endloop
endfacet
facet normal -1 0 0
outer loop
vertex 0 39.800176 1.0000293333333332
vertex 0 6.648234666666666 0
vertex 0 6.536469333333333 0
endloop
endfacet
facet normal -1 0 0
outer loop
vertex 0 39.800176 1.0000293333333332
vertex 0 6.536469333333333 0
vertex 0 6.428309333333333 0
endloop
endfacet
facet normal -1 0 0
outer loop
vertex 0 39.800176 1.0000293333333332
vertex 0 6.428309333333333 0
vertex 0 6.3242053333333335 0
endloop
endfacet
facet normal -0.9999999999999999 0 0
outer loop
vertex 0 39.800176 1.0000293333333332
vertex 0 6.3242053333333335 0
vertex 0 6.2250586666666665 0
endloop
endfacet
facet normal -1 0 0
outer loop
vertex 0 39.800176 1.0000293333333332
vertex 0 6.2250586666666665 0
vertex 0 6.130869333333333 0
endloop
endfacet
facet normal -1 0 0
outer loop
vertex 0 39.800176 1.0000293333333332
vertex 0 6.130869333333333 0
vertex 0 6.042088 0
endloop
endfacet
facet normal -1 0 0
outer loop
vertex 0 39.800176 1.0000293333333332
vertex 0 6.042088 0
vertex 0 6.000176 0
endloop
endfacet
facet normal -1 0 0
outer loop
vertex 0 39.800176 1.0000293333333332
vertex 0 6.000176 0
vertex 0 6.000176 2.0000586666666664
endloop
endfacet
facet normal -1 0 0
outer loop
vertex 0 39.800176 1.0000293333333332
vertex 0 6.000176 2.0000586666666664
vertex 0 6.042088 2.0000586666666664
endloop
endfacet
facet normal -0.03224129401095809 -0.9994801143396996 0
outer loop
vertex 5.87444 0.004056 0
vertex 6.000176 0 0
vertex 6.000176 0 2.0000586666666664
endloop
endfacet
facet normal -0.03224129401095809 -0.9994801143396996 0
outer loop
vertex 5.87444 0.004056 0
vertex 6.000176 0 2.0000586666666664
vertex 5.87444 0.004056 2.0000586666666664
endloop
endfacet
facet normal -0.21540965591116074 -0.9765237734639312 0
outer loop
vertex 5.5026399999999995 0.06264266666666667 2.0000586666666664
vertex 5.5026399999999995 0.06264266666666667 0
vertex 5.625221333333333 0.035602666666666664 0
endloop
endfacet
facet normal -0.21540965591116074 -0.9765237734639312 0
outer loop
vertex 5.5026399999999995 0.06264266666666667 2.0000586666666664
vertex 5.625221333333333 0.035602666666666664 0
vertex 5.625221333333333 0.035602666666666664 2.0000586666666664
endloop
endfacet
facet normal -0.09311881330581281 -0.9956550038083056 0
outer loop
vertex 5.749154666666667 0.015773333333333334 0
vertex 5.87444 0.004056 0
vertex 5.87444 0.004056 2.0000586666666664
endloop
endfacet
facet normal -0.09311881330581281 -0.9956550038083056 0
outer loop
vertex 5.749154666666667 0.015773333333333334 0
vertex 5.87444 0.004056 2.0000586666666664
vertex 5.749154666666667 0.015773333333333334 2.0000586666666664
endloop
endfacet
facet normal -0.15799050110667268 -0.9874406319167054 0
outer loop
vertex 5.749154666666667 0.015773333333333334 0
vertex 5.749154666666667 0.015773333333333334 2.0000586666666664
vertex 5.625221333333333 0.035602666666666664 2.0000586666666664
endloop
endfacet
facet normal -0.15799050110667268 -0.9874406319167054 0
outer loop
vertex 5.749154666666667 0.015773333333333334 0
vertex 5.625221333333333 0.035602666666666664 2.0000586666666664
vertex 5.625221333333333 0.035602666666666664 0
endloop
endfacet
facet normal -0.9601603466916548 -0.2794496531416013 0
outer loop
vertex 4.06276 1.5025226666666667 2.0000586666666664
vertex 4.06276 1.5025226666666667 0
vertex 4.097912 1.3817439999999999 0
endloop
endfacet
facet normal -0.9601603466916548 -0.2794496531416013 0
outer loop
vertex 4.06276 1.5025226666666667 2.0000586666666664
vertex 4.097912 1.3817439999999999 0
vertex 4.097912 1.3817439999999999 2.0000586666666664
endloop
endfacet
facet normal -0.9757631698281479 -0.21882924029234485 0
outer loop
vertex 4.035269333333333 1.6251039999999999 0
vertex 4.06276 1.5025226666666667 0
vertex 4.06276 1.5025226666666667 2.0000586666666664
endloop
endfacet
facet normal -0.9757631698281479 -0.21882924029234485 0
outer loop
vertex 4.035269333333333 1.6251039999999999 0
vertex 4.06276 1.5025226666666667 2.0000586666666664
vertex 4.035269333333333 1.6251039999999999 2.0000586666666664
endloop
endfacet
facet normal -0.9952830993908586 -0.0970131540922494 0
outer loop
vertex 4.0037226666666665 1.8743226666666666 2.0000586666666664
vertex 4.0037226666666665 1.8743226666666666 0
vertex 4.0158906666666665 1.749488 0
endloop
endfacet
facet normal -0.9952830993908586 -0.0970131540922494 0
outer loop
vertex 4.0037226666666665 1.8743226666666666 2.0000586666666664
vertex 4.0158906666666665 1.749488 0
vertex 4.0158906666666665 1.749488 2.0000586666666664
endloop
endfacet
facet normal -0.9880801926756567 -0.15394003001830692 0
outer loop
vertex 4.0158906666666665 1.749488 2.0000586666666664
vertex 4.0158906666666665 1.749488 0
vertex 4.035269333333333 1.6251039999999999 0
endloop
endfacet
facet normal -0.9880801926756567 -0.15394003001830692 0
outer loop
vertex 4.0158906666666665 1.749488 2.0000586666666664
vertex 4.035269333333333 1.6251039999999999 0
vertex 4.035269333333333 1.6251039999999999 2.0000586666666664
endloop
endfacet
facet normal -0.789545423657072 -0.6136921247516337 0
outer loop
vertex 4.381832 0.8242693333333333 2.0000586666666664
vertex 4.381832 0.8242693333333333 0
vertex 4.458896 0.7251226666666667 0
endloop
endfacet
facet normal -0.789545423657072 -0.6136921247516337 0
outer loop
vertex 4.381832 0.8242693333333333 2.0000586666666664
vertex 4.458896 0.7251226666666667 0
vertex 4.458896 0.7251226666666667 2.0000586666666664
endloop
endfacet
facet normal -0.27944965314160175 -0.9601603466916547 0
outer loop
vertex 5.381861333333333 0.09779466666666667 2.0000586666666664
vertex 5.381861333333333 0.09779466666666667 0
vertex 5.5026399999999995 0.06264266666666667 0
endloop
endfacet
facet normal -0.27944965314160175 -0.9601603466916547 0
outer loop
vertex 5.381861333333333 0.09779466666666667 2.0000586666666664
vertex 5.5026399999999995 0.06264266666666667 0
vertex 5.5026399999999995 0.06264266666666667 2.0000586666666664
endloop
endfacet
facet normal -0.4558065233996385 -0.8900788803394531 0
outer loop
vertex 5.036650666666667 0.247416 0
vertex 5.148416 0.19018133333333334 0
vertex 5.148416 0.19018133333333334 2.0000586666666664
endloop
endfacet
facet normal -0.4558065233996385 -0.8900788803394531 0
outer loop
vertex 5.036650666666667 0.247416 0
vertex 5.148416 0.19018133333333334 2.0000586666666664
vertex 5.036650666666667 0.247416 2.0000586666666664
endloop
endfacet
facet normal -0.5092124912517858 -0.860640830284707 0
outer loop
vertex 5.036650666666667 0.247416 0
vertex 5.036650666666667 0.247416 2.0000586666666664
vertex 4.928490666666667 0.31141066666666667 2.0000586666666664
endloop
endfacet
facet normal -0.5092124912517858 -0.860640830284707 0
outer loop
vertex 5.036650666666667 0.247416 0
vertex 4.928490666666667 0.31141066666666667 2.0000586666666664
vertex 4.928490666666667 0.31141066666666667 0
endloop
endfacet
facet normal -0.3947854239194451 -0.9187733502125233 0
outer loop
vertex 5.263786666666666 0.14060799999999998 0
vertex 5.263786666666666 0.14060799999999998 2.0000586666666664
vertex 5.148416 0.19018133333333334 2.0000586666666664
endloop
endfacet
facet normal -0.3947854239194451 -0.9187733502125233 0
outer loop
vertex 5.263786666666666 0.14060799999999998 0
vertex 5.148416 0.19018133333333334 2.0000586666666664
vertex 5.148416 0.19018133333333334 0
endloop
endfacet
facet normal -0.3408786086048444 -0.9401073205733617 0
outer loop
vertex 5.263786666666666 0.14060799999999998 0
vertex 5.381861333333333 0.09779466666666667 0
vertex 5.381861333333333 0.09779466666666667 2.0000586666666664
endloop
endfacet
facet normal -0.3408786086048444 -0.9401073205733617 0
outer loop
vertex 5.263786666666666 0.14060799999999998 0
vertex 5.381861333333333 0.09779466666666667 2.0000586666666664
vertex 5.263786666666666 0.14060799999999998 2.0000586666666664
endloop
endfacet
facet normal -0.7487913741924738 -0.6628057618450123 0
outer loop
vertex 4.458896 0.7251226666666667 2.0000586666666664
vertex 4.458896 0.7251226666666667 0
vertex 4.5422693333333335 0.6309333333333333 0
endloop
endfacet
facet normal -0.7487913741924738 -0.6628057618450123 0
outer loop
vertex 4.458896 0.7251226666666667 2.0000586666666664
vertex 4.5422693333333335 0.6309333333333333 0
vertex 4.5422693333333335 0.6309333333333333 2.0000586666666664
endloop
endfacet
facet normal -0.6628057618450153 -0.748791374192471 0
outer loop
vertex 4.631050666666667 0.542152 0
vertex 4.725239999999999 0.45877866666666667 0
vertex 4.725239999999999 0.45877866666666667 2.0000586666666664
endloop
endfacet
facet normal -0.6628057618450153 -0.748791374192471 0
outer loop
vertex 4.631050666666667 0.542152 0
vertex 4.725239999999999 0.45877866666666667 2.0000586666666664
vertex 4.631050666666667 0.542152 2.0000586666666664
endloop
endfacet
facet normal -0.8287238825359516 -0.5596576869073973 0
outer loop
vertex 4.311528 0.9283733333333333 0
vertex 4.381832 0.8242693333333333 0
vertex 4.381832 0.8242693333333333 2.0000586666666664
endloop
endfacet
facet normal -0.8287238825359516 -0.5596576869073973 0
outer loop
vertex 4.311528 0.9283733333333333 0
vertex 4.381832 0.8242693333333333 2.0000586666666664
vertex 4.311528 0.9283733333333333 2.0000586666666664
endloop
endfacet
facet normal -0.8900788803394517 -0.4558065233996414 0
outer loop
vertex 4.190298666666666 1.1482986666666666 2.0000586666666664
vertex 4.190298666666666 1.1482986666666666 0
vertex 4.247533333333333 1.0365333333333333 0
endloop
endfacet
facet normal -0.8900788803394517 -0.4558065233996414 0
outer loop
vertex 4.190298666666666 1.1482986666666666 2.0000586666666664
vertex 4.247533333333333 1.0365333333333333 0
vertex 4.247533333333333 1.0365333333333333 2.0000586666666664
endloop
endfacet
facet normal -0.8606408302847067 -0.5092124912517862 0
outer loop
vertex 4.247533333333333 1.0365333333333333 2.0000586666666664
vertex 4.247533333333333 1.0365333333333333 0
vertex 4.311528 0.9283733333333333 0
endloop
endfacet
facet normal -0.8606408302847067 -0.5092124912517862 0
outer loop
vertex 4.247533333333333 1.0365333333333333 2.0000586666666664
vertex 4.311528 0.9283733333333333 0
vertex 4.311528 0.9283733333333333 2.0000586666666664
endloop
endfacet
facet normal -0.6114475010757645 -0.7912850013921676 0
outer loop
vertex 4.725239999999999 0.45877866666666667 2.0000586666666664
vertex 4.725239999999999 0.45877866666666667 0
vertex 4.824386666666666 0.3821653333333333 0
endloop
endfacet
facet normal -0.6114475010757645 -0.7912850013921676 0
outer loop
vertex 4.725239999999999 0.45877866666666667 2.0000586666666664
vertex 4.824386666666666 0.3821653333333333 0
vertex 4.824386666666666 0.3821653333333333 2.0000586666666664
endloop
endfacet
facet normal -0.5621141443178125 -0.827059664569524 0
outer loop
vertex 4.824386666666666 0.3821653333333333 2.0000586666666664
vertex 4.824386666666666 0.3821653333333333 0
vertex 4.928490666666667 0.31141066666666667 0
endloop
endfacet
facet normal -0.5621141443178125 -0.827059664569524 0
outer loop
vertex 4.824386666666666 0.3821653333333333 2.0000586666666664
vertex 4.928490666666667 0.31141066666666667 0
vertex 4.928490666666667 0.31141066666666667 2.0000586666666664
endloop
endfacet
facet normal -0.9174684373226051 -0.3978085802453451 0
outer loop
vertex 4.1402746666666665 1.2636693333333333 0
vertex 4.190298666666666 1.1482986666666666 0
vertex 4.190298666666666 1.1482986666666666 2.0000586666666664
endloop
endfacet
facet normal -0.9174684373226051 -0.3978085802453451 0
outer loop
vertex 4.1402746666666665 1.2636693333333333 0
vertex 4.190298666666666 1.1482986666666666 2.0000586666666664
vertex 4.1402746666666665 1.2636693333333333 2.0000586666666664
endloop
endfacet
facet normal -0.9412532424882156 -0.3377015450148554 0
outer loop
vertex 4.1402746666666665 1.2636693333333333 0
vertex 4.1402746666666665 1.2636693333333333 2.0000586666666664
vertex 4.097912 1.3817439999999999 2.0000586666666664
endloop
endfacet
facet normal -0.9412532424882156 -0.3377015450148554 0
outer loop
vertex 4.1402746666666665 1.2636693333333333 0
vertex 4.097912 1.3817439999999999 2.0000586666666664
vertex 4.097912 1.3817439999999999 0
endloop
endfacet
facet normal 0 -1 0
outer loop
vertex 6.000176 0 2.0000586666666664
vertex 6.000176 0 0
vertex 47.599864 0 0
endloop
endfacet
facet normal 0 -1 0
outer loop
vertex 6.000176 0 2.0000586666666664
vertex 47.599864 0 0
vertex 47.599864 0 2.0000586666666664
endloop
endfacet
facet normal 0.9994801143397001 -0.03224129401094623 0
outer loop
vertex 53.595984 5.87444 0
vertex 53.60004 6.000176 0
vertex 53.60004 6.000176 2.0000586666666664
endloop
endfacet
facet normal 0.9994801143397001 -0.03224129401094623 0
outer loop
vertex 53.595984 5.87444 0
vertex 53.60004 6.000176 2.0000586666666664
vertex 53.595984 5.87444 2.0000586666666664
endloop
endfacet
facet normal 0.9757631698281513 -0.21882924029233067 0
outer loop
vertex 53.536946666666665 5.5026399999999995 2.0000586666666664
vertex 53.536946666666665 5.5026399999999995 0
vertex 53.56443733333333 5.625221333333333 0
endloop
endfacet
facet normal 0.9757631698281513 -0.21882924029233067 0
outer loop
vertex 53.536946666666665 5.5026399999999995 2.0000586666666664
vertex 53.56443733333333 5.625221333333333 0
vertex 53.56443733333333 5.625221333333333 2.0000586666666664
endloop
endfacet
facet normal 0.995655003808303 -0.093118813305841 0
outer loop
vertex 53.584266666666664 5.749154666666667 0
vertex 53.595984 5.87444 0
vertex 53.595984 5.87444 2.0000586666666664
endloop
endfacet
facet normal 0.995655003808303 -0.093118813305841 0
outer loop
vertex 53.584266666666664 5.749154666666667 0
vertex 53.595984 5.87444 2.0000586666666664
vertex 53.584266666666664 5.749154666666667 2.0000586666666664
endloop
endfacet
facet normal 0.9874406319167047 -0.15799050110667728 0
outer loop
vertex 53.584266666666664 5.749154666666667 0
vertex 53.584266666666664 5.749154666666667 2.0000586666666664
vertex 53.56443733333333 5.625221333333333 2.0000586666666664
endloop
endfacet
facet normal 0.9874406319167047 -0.15799050110667728 0
outer loop
vertex 53.584266666666664 5.749154666666667 0
vertex 53.56443733333333 5.625221333333333 2.0000586666666664
vertex 53.56443733333333 5.625221333333333 0
endloop
endfacet
facet normal 0.28041412403528 -0.9598791168900002 0
outer loop
vertex 52.09751733333333 4.06276 2.0000586666666664
vertex 52.09751733333333 4.06276 0
vertex 52.21784533333333 4.097912 0
endloop
endfacet
facet normal 0.28041412403528 -0.9598791168900002 0
outer loop
vertex 52.09751733333333 4.06276 2.0000586666666664
vertex 52.21784533333333 4.097912 0
vertex 52.21784533333333 4.097912 2.0000586666666664
endloop
endfacet
facet normal 0.21882924029235168 -0.9757631698281465 0
outer loop
vertex 51.974936 4.035269333333333 0
vertex 52.09751733333333 4.06276 0
vertex 52.09751733333333 4.06276 2.0000586666666664
endloop
endfacet
facet normal 0.21882924029235168 -0.9757631698281465 0
outer loop
vertex 51.974936 4.035269333333333 0
vertex 52.09751733333333 4.06276 2.0000586666666664
vertex 51.974936 4.035269333333333 2.0000586666666664
endloop
endfacet
facet normal 0.0970131540922453 -0.9952830993908588 0
outer loop
vertex 51.72571733333333 4.0037226666666665 2.0000586666666664
vertex 51.72571733333333 4.0037226666666665 0
vertex 51.850552 4.0158906666666665 0
endloop
endfacet
facet normal 0.0970131540922453 -0.9952830993908588 0
outer loop
vertex 51.72571733333333 4.0037226666666665 2.0000586666666664
vertex 51.850552 4.0158906666666665 0
vertex 51.850552 4.0158906666666665 2.0000586666666664
endloop
endfacet
facet normal 0.153940030018308 -0.9880801926756566 0
outer loop
vertex 51.850552 4.0158906666666665 2.0000586666666664
vertex 51.850552 4.0158906666666665 0
vertex 51.974936 4.035269333333333 0
endloop
endfacet
facet normal 0.153940030018308 -0.9880801926756566 0
outer loop
vertex 51.850552 4.0158906666666665 2.0000586666666664
vertex 51.974936 4.035269333333333 0
vertex 51.974936 4.035269333333333 2.0000586666666664
endloop
endfacet
facet normal 0.6136921247516496 -0.7895454236570597 0
outer loop
vertex 52.775770666666666 4.381832 2.0000586666666664
vertex 52.775770666666666 4.381832 0
vertex 52.87491733333333 4.458896 0
endloop
endfacet
facet normal 0.6136921247516496 -0.7895454236570597 0
outer loop
vertex 52.775770666666666 4.381832 2.0000586666666664
vertex 52.87491733333333 4.458896 0
vertex 52.87491733333333 4.458896 2.0000586666666664
endloop
endfacet
facet normal 0.9611169062924306 -0.27614179770340286 0
outer loop
vertex 53.502245333333335 5.381861333333333 2.0000586666666664
vertex 53.502245333333335 5.381861333333333 0
vertex 53.536946666666665 5.5026399999999995 0
endloop
endfacet
facet normal 0.9611169062924306 -0.27614179770340286 0
outer loop
vertex 53.502245333333335 5.381861333333333 2.0000586666666664
vertex 53.536946666666665 5.5026399999999995 0
vertex 53.536946666666665 5.5026399999999995 2.0000586666666664
endloop
endfacet
facet normal 0.8900788803394549 -0.455806523399635 0
outer loop
vertex 53.352624 5.036650666666667 0
vertex 53.409858666666665 5.148416 0
vertex 53.409858666666665 5.148416 2.0000586666666664
endloop
endfacet
facet normal 0.8900788803394549 -0.455806523399635 0
outer loop
vertex 53.352624 5.036650666666667 0
vertex 53.409858666666665 5.148416 2.0000586666666664
vertex 53.352624 5.036650666666667 2.0000586666666664
endloop
endfacet
facet normal 0.8606408302847094 -0.5092124912517818 0
outer loop
vertex 53.352624 5.036650666666667 0
vertex 53.352624 5.036650666666667 2.0000586666666664
vertex 53.28862933333333 4.928490666666667 2.0000586666666664
endloop
endfacet
facet normal 0.8606408302847094 -0.5092124912517818 0
outer loop
vertex 53.352624 5.036650666666667 0
vertex 53.28862933333333 4.928490666666667 2.0000586666666664
vertex 53.28862933333333 4.928490666666667 0
endloop
endfacet
facet normal 0.9187733502125193 -0.39478542391945487 0
outer loop
vertex 53.459432 5.263786666666666 0
vertex 53.459432 5.263786666666666 2.0000586666666664
vertex 53.409858666666665 5.148416 2.0000586666666664
endloop
endfacet
facet normal 0.9187733502125193 -0.39478542391945487 0
outer loop
vertex 53.459432 5.263786666666666 0
vertex 53.409858666666665 5.148416 2.0000586666666664
vertex 53.409858666666665 5.148416 0
endloop
endfacet
facet normal 0.9401073205733576 -0.34087860860485575 0
outer loop
vertex 53.459432 5.263786666666666 0
vertex 53.502245333333335 5.381861333333333 0
vertex 53.502245333333335 5.381861333333333 2.0000586666666664
endloop
endfacet
facet normal 0.9401073205733576 -0.34087860860485575 0
outer loop
vertex 53.459432 5.263786666666666 0
vertex 53.502245333333335 5.381861333333333 2.0000586666666664
vertex 53.459432 5.263786666666666 2.0000586666666664
endloop
endfacet
facet normal 0.6628057618450153 -0.748791374192471 0
outer loop
vertex 52.87491733333333 4.458896 2.0000586666666664
vertex 52.87491733333333 4.458896 0
vertex 52.96910666666666 4.5422693333333335 0
endloop
endfacet
facet normal 0.6628057618450153 -0.748791374192471 0
outer loop
vertex 52.87491733333333 4.458896 2.0000586666666664
vertex 52.96910666666666 4.5422693333333335 0
vertex 52.96910666666666 4.5422693333333335 2.0000586666666664
endloop
endfacet
facet normal 0.7505710152865018 -0.660789793362299 0
outer loop
vertex 53.057888 4.631050666666667 0
vertex 53.14081066666667 4.725239999999999 0
vertex 53.14081066666667 4.725239999999999 2.0000586666666664
endloop
endfacet
facet normal 0.7505710152865018 -0.660789793362299 0
outer loop
vertex 53.057888 4.631050666666667 0
vertex 53.14081066666667 4.725239999999999 2.0000586666666664
vertex 53.057888 4.631050666666667 2.0000586666666664
endloop
endfacet
facet normal 0.7071067811865334 -0.7071067811865617 0
outer loop
vertex 52.96910666666666 4.5422693333333335 2.0000586666666664
vertex 52.96910666666666 4.5422693333333335 0
vertex 53.057888 4.631050666666667 0
endloop
endfacet
facet normal 0.7071067811865334 -0.7071067811865617 0
outer loop
vertex 52.96910666666666 4.5422693333333335 2.0000586666666664
vertex 53.057888 4.631050666666667 0
vertex 53.057888 4.631050666666667 2.0000586666666664
endloop
endfacet
facet normal 0.7071067811865617 -0.7071067811865334 0
outer loop
vertex 48.96898933333333 0.542152 2.0000586666666664
vertex 48.96898933333333 0.542152 0
vertex 49.05777066666666 0.6309333333333333 0
endloop
endfacet
facet normal 0.7071067811865617 -0.7071067811865334 0
outer loop
vertex 48.96898933333333 0.542152 2.0000586666666664
vertex 49.05777066666666 0.6309333333333333 0
vertex 49.05777066666666 0.6309333333333333 2.0000586666666664
endloop
endfacet
facet normal 0.5596576869073988 -0.8287238825359504 0
outer loop
vertex 52.67166666666667 4.311528 0
vertex 52.775770666666666 4.381832 0
vertex 52.775770666666666 4.381832 2.0000586666666664
endloop
endfacet
facet normal 0.5596576869073988 -0.8287238825359504 0
outer loop
vertex 52.67166666666667 4.311528 0
vertex 52.775770666666666 4.381832 2.0000586666666664
vertex 52.67166666666667 4.311528 2.0000586666666664
endloop
endfacet
facet normal 0.4558065233996494 -0.8900788803394479 0
outer loop
vertex 52.45174133333333 4.190298666666666 2.0000586666666664
vertex 52.45174133333333 4.190298666666666 0
vertex 52.56350666666666 4.247533333333333 0
endloop
endfacet
facet normal 0.4558065233996494 -0.8900788803394479 0
outer loop
vertex 52.45174133333333 4.190298666666666 2.0000586666666664
vertex 52.56350666666666 4.247533333333333 0
vertex 52.56350666666666 4.247533333333333 2.0000586666666664
endloop
endfacet
facet normal 0.5092124912517685 -0.8606408302847174 0
outer loop
vertex 52.56350666666666 4.247533333333333 2.0000586666666664
vertex 52.56350666666666 4.247533333333333 0
vertex 52.67166666666667 4.311528 0
endloop
endfacet
facet normal 0.5092124912517685 -0.8606408302847174 0
outer loop
vertex 52.56350666666666 4.247533333333333 2.0000586666666664
vertex 52.67166666666667 4.311528 0
vertex 52.67166666666667 4.311528 2.0000586666666664
endloop
endfacet
facet normal 0.7895454236570729 -0.6136921247516324 0
outer loop
vertex 53.14081066666667 4.725239999999999 2.0000586666666664
vertex 53.14081066666667 4.725239999999999 0
vertex 53.21787466666667 4.824386666666666 0
endloop
endfacet
facet normal 0.7895454236570729 -0.6136921247516324 0
outer loop
vertex 53.14081066666667 4.725239999999999 2.0000586666666664
vertex 53.21787466666667 4.824386666666666 0
vertex 53.21787466666667 4.824386666666666 2.0000586666666664
endloop
endfacet
facet normal 0.827059664569527 -0.5621141443178083 0
outer loop
vertex 53.21787466666667 4.824386666666666 2.0000586666666664
vertex 53.21787466666667 4.824386666666666 0
vertex 53.28862933333333 4.928490666666667 0
endloop
endfacet
facet normal 0.827059664569527 -0.5621141443178083 0
outer loop
vertex 53.21787466666667 4.824386666666666 2.0000586666666664
vertex 53.28862933333333 4.928490666666667 0
vertex 53.28862933333333 4.928490666666667 2.0000586666666664
endloop
endfacet
facet normal 0.3978085802453541 -0.9174684373226012 0
outer loop
vertex 52.33637066666667 4.1402746666666665 0
vertex 52.45174133333333 4.190298666666666 0
vertex 52.45174133333333 4.190298666666666 2.0000586666666664
endloop
endfacet
facet normal 0.3978085802453541 -0.9174684373226012 0
outer loop
vertex 52.33637066666667 4.1402746666666665 0
vertex 52.45174133333333 4.190298666666666 2.0000586666666664
vertex 52.33637066666667 4.1402746666666665 2.0000586666666664
endloop
endfacet
facet normal 0.3365632036892194 -0.9416608784071094 0
outer loop
vertex 52.33637066666667 4.1402746666666665 0
vertex 52.33637066666667 4.1402746666666665 2.0000586666666664
vertex 52.21784533333333 4.097912 2.0000586666666664
endloop
endfacet
facet normal 0.3365632036892194 -0.9416608784071094 0
outer loop
vertex 52.33637066666667 4.1402746666666665 0
vertex 52.21784533333333 4.097912 2.0000586666666664
vertex 52.21784533333333 4.097912 0
endloop
endfacet
facet normal 1 0 0
outer loop
vertex 53.60004 39.800176 1.0000293333333332
vertex 53.60004 73.55781333333333 2.0000586666666664
vertex 53.60004 73.469032 2.0000586666666664
endloop
endfacet
facet normal 1 0 0
outer loop
vertex 53.60004 39.800176 1.0000293333333332
vertex 53.60004 73.469032 2.0000586666666664
vertex 53.60004 73.37484266666667 2.0000586666666664
endloop
endfacet
facet normal 1 0 0
outer loop
vertex 53.60004 39.800176 1.0000293333333332
vertex 53.60004 73.37484266666667 2.0000586666666664
vertex 53.60004 73.275696 2.0000586666666664
endloop
endfacet
facet normal 1 0 0
outer loop
vertex 53.60004 39.800176 1.0000293333333332
vertex 53.60004 73.275696 2.0000586666666664
vertex 53.60004 73.171592 2.0000586666666664
endloop
endfacet
facet normal 1 0 0
outer loop
vertex 53.60004 39.800176 1.0000293333333332
vertex 53.60004 73.171592 2.0000586666666664
vertex 53.60004 73.06343199999999 2.0000586666666664
endloop
endfacet
facet normal 1 0 0
outer loop
vertex 53.60004 39.800176 1.0000293333333332
vertex 53.60004 73.06343199999999 2.0000586666666664
vertex 53.60004 72.95166666666667 2.0000586666666664
endloop
endfacet
facet normal 1 0 0
outer loop
vertex 53.60004 39.800176 1.0000293333333332
vertex 53.60004 72.95166666666667 2.0000586666666664
vertex 53.60004 72.836296 2.0000586666666664
endloop
endfacet
facet normal 0.9999999999999999 0 0
outer loop
vertex 53.60004 39.800176 1.0000293333333332
vertex 53.60004 72.836296 2.0000586666666664
vertex 53.60004 72.71822133333333 2.0000586666666664
endloop
endfacet
facet normal 0.9999999999999999 0 0
outer loop
vertex 53.60004 39.800176 1.0000293333333332
vertex 53.60004 72.71822133333333 2.0000586666666664
vertex 53.60004 72.59744266666667 2.0000586666666664
endloop
endfacet
facet normal 1 0 0
outer loop
vertex 53.60004 39.800176 1.0000293333333332
vertex 53.60004 72.59744266666667 2.0000586666666664
vertex 53.60004 72.47486133333334 2.0000586666666664
endloop
endfacet
facet normal 1 0 0
outer loop
vertex 53.60004 39.800176 1.0000293333333332
vertex 53.60004 72.47486133333334 2.0000586666666664
vertex 53.60004 72.35047733333333 2.0000586666666664
endloop
endfacet
facet normal 1 0 0
outer loop
vertex 53.60004 39.800176 1.0000293333333332
vertex 53.60004 72.35047733333333 2.0000586666666664
vertex 53.60004 72.22564266666666 2.0000586666666664
endloop
endfacet
facet normal 1 0 0
outer loop
vertex 53.60004 39.800176 1.0000293333333332
vertex 53.60004 72.22564266666666 2.0000586666666664
vertex 53.60004 72.09990666666667 2.0000586666666664
endloop
endfacet
facet normal 1 0 0
outer loop
vertex 53.60004 39.800176 1.0000293333333332
vertex 53.60004 72.09990666666667 2.0000586666666664
vertex 53.60004 7.499994666666667 2.0000586666666664
endloop
endfacet
facet normal 1 0 0
outer loop
vertex 53.60004 39.800176 1.0000293333333332
vertex 53.60004 7.499994666666667 2.0000586666666664
vertex 53.60004 7.374258666666666 2.0000586666666664
endloop
endfacet
facet normal 1 0 0
outer loop
vertex 53.60004 39.800176 1.0000293333333332
vertex 53.60004 7.374258666666666 2.0000586666666664
vertex 53.60004 7.249423999999999 2.0000586666666664
endloop
endfacet
facet normal 1 0 0
outer loop
vertex 53.60004 39.800176 1.0000293333333332
vertex 53.60004 7.249423999999999 2.0000586666666664
vertex 53.60004 7.125039999999999 2.0000586666666664
endloop
endfacet
facet normal 1 0 0
outer loop
vertex 53.60004 39.800176 1.0000293333333332
vertex 53.60004 7.125039999999999 2.0000586666666664
vertex 53.60004 7.002458666666667 2.0000586666666664
endloop
endfacet
facet normal 1 0 0
outer loop
vertex 53.60004 39.800176 1.0000293333333332
vertex 53.60004 7.002458666666667 2.0000586666666664
vertex 53.60004 6.882130666666667 2.0000586666666664
endloop
endfacet
facet normal 1 0 0
outer loop
vertex 53.60004 39.800176 1.0000293333333332
vertex 53.60004 6.882130666666667 2.0000586666666664
vertex 53.60004 6.7636053333333335 2.0000586666666664
endloop
endfacet
facet normal 1 0 0
outer loop
vertex 53.60004 39.800176 1.0000293333333332
vertex 53.60004 6.7636053333333335 2.0000586666666664
vertex 53.60004 6.648234666666666 2.0000586666666664
endloop
endfacet
facet normal 1 0 0
outer loop
vertex 53.60004 39.800176 1.0000293333333332
vertex 53.60004 6.648234666666666 2.0000586666666664
vertex 53.60004 6.536469333333333 2.0000586666666664
endloop
endfacet
facet normal 1 0 0
outer loop
vertex 53.60004 39.800176 1.0000293333333332
vertex 53.60004 6.536469333333333 2.0000586666666664
vertex 53.60004 6.428309333333333 2.0000586666666664
endloop
endfacet
facet normal 1 0 0
outer loop
vertex 53.60004 39.800176 1.0000293333333332
vertex 53.60004 6.428309333333333 2.0000586666666664
vertex 53.60004 6.3242053333333335 2.0000586666666664
endloop
endfacet
facet normal 0.9999999999999999 0 0
outer loop
vertex 53.60004 39.800176 1.0000293333333332
vertex 53.60004 6.3242053333333335 2.0000586666666664
vertex 53.60004 6.2250586666666665 2.0000586666666664
endloop
endfacet
facet normal 1 0 0
outer loop
vertex 53.60004 39.800176 1.0000293333333332
vertex 53.60004 6.2250586666666665 2.0000586666666664
vertex 53.60004 6.130869333333333 2.0000586666666664
endloop
endfacet
facet normal 1 0 0
outer loop
vertex 53.60004 39.800176 1.0000293333333332
vertex 53.60004 6.130869333333333 2.0000586666666664
vertex 53.60004 6.042088 2.0000586666666664
endloop
endfacet
facet normal 1 0 0
outer loop
vertex 53.60004 39.800176 1.0000293333333332
vertex 53.60004 6.042088 2.0000586666666664
vertex 53.60004 6.000176 2.0000586666666664
endloop
endfacet
facet normal 1 0 0
outer loop
vertex 53.60004 39.800176 1.0000293333333332
vertex 53.60004 6.000176 2.0000586666666664
vertex 53.60004 6.000176 0
endloop
endfacet
facet normal 1 0 0
outer loop
vertex 53.60004 39.800176 1.0000293333333332
vertex 53.60004 6.000176 0
vertex 53.60004 6.042088 0
endloop
endfacet
facet normal 1 0 0
outer loop
vertex 53.60004 39.800176 1.0000293333333332
vertex 53.60004 6.042088 0
vertex 53.60004 6.130869333333333 0
endloop
endfacet
facet normal 1 0 0
outer loop
vertex 53.60004 39.800176 1.0000293333333332
vertex 53.60004 6.130869333333333 0
vertex 53.60004 6.2250586666666665 0
endloop
endfacet
facet normal 0.9999999999999999 0 0
outer loop
vertex 53.60004 39.800176 1.0000293333333332
vertex 53.60004 6.2250586666666665 0
vertex 53.60004 6.3242053333333335 0
endloop
endfacet
facet normal 1 0 0
outer loop
vertex 53.60004 39.800176 1.0000293333333332
vertex 53.60004 6.3242053333333335 0
vertex 53.60004 6.428309333333333 0
endloop
endfacet
facet normal 1 0 0
outer loop
vertex 53.60004 39.800176 1.0000293333333332
vertex 53.60004 6.428309333333333 0
vertex 53.60004 6.536469333333333 0
endloop
endfacet
facet normal 1 0 0
outer loop
vertex 53.60004 39.800176 1.0000293333333332
vertex 53.60004 6.536469333333333 0
vertex 53.60004 6.648234666666666 0
endloop
endfacet
facet normal 1 0 0
outer loop
vertex 53.60004 39.800176 1.0000293333333332
vertex 53.60004 6.648234666666666 0
vertex 53.60004 6.7636053333333335 0
endloop
endfacet
facet normal 1 0 0
outer loop
vertex 53.60004 39.800176 1.0000293333333332
vertex 53.60004 6.7636053333333335 0
vertex 53.60004 6.882130666666667 0
endloop
endfacet
facet normal 1 0 0
outer loop
vertex 53.60004 39.800176 1.0000293333333332
vertex 53.60004 6.882130666666667 0
vertex 53.60004 7.002458666666667 0
endloop
endfacet
facet normal 1 0 0
outer loop
vertex 53.60004 39.800176 1.0000293333333332
vertex 53.60004 7.002458666666667 0
vertex 53.60004 7.125039999999999 0
endloop
endfacet
facet normal 1 0 0
outer loop
vertex 53.60004 39.800176 1.0000293333333332
vertex 53.60004 7.125039999999999 0
vertex 53.60004 7.249423999999999 0
endloop
endfacet
facet normal 1 0 0
outer loop
vertex 53.60004 39.800176 1.0000293333333332
vertex 53.60004 7.249423999999999 0
vertex 53.60004 7.374258666666666 0
endloop
endfacet
facet normal 1 0 0
outer loop
vertex 53.60004 39.800176 1.0000293333333332
vertex 53.60004 7.374258666666666 0
vertex 53.60004 7.499994666666667 0
endloop
endfacet
facet normal 1 0 0
outer loop
vertex 53.60004 39.800176 1.0000293333333332
vertex 53.60004 7.499994666666667 0
vertex 53.60004 72.09990666666667 0
endloop
endfacet
facet normal 1 0 0
outer loop
vertex 53.60004 39.800176 1.0000293333333332
vertex 53.60004 72.09990666666667 0
vertex 53.60004 72.22564266666666 0
endloop
endfacet
facet normal 1 0 0
outer loop
vertex 53.60004 39.800176 1.0000293333333332
vertex 53.60004 72.22564266666666 0
vertex 53.60004 72.35047733333333 0
endloop
endfacet
facet normal 1 0 0
outer loop
vertex 53.60004 39.800176 1.0000293333333332
vertex 53.60004 72.35047733333333 0
vertex 53.60004 72.47486133333334 0
endloop
endfacet
facet normal 1 0 0
outer loop
vertex 53.60004 39.800176 1.0000293333333332
vertex 53.60004 72.47486133333334 0
vertex 53.60004 72.59744266666667 0
endloop
endfacet
facet normal 0.9999999999999999 0 0
outer loop
vertex 53.60004 39.800176 1.0000293333333332
vertex 53.60004 72.59744266666667 0
vertex 53.60004 72.71822133333333 0
endloop
endfacet
facet normal 0.9999999999999999 0 0
outer loop
vertex 53.60004 39.800176 1.0000293333333332
vertex 53.60004 72.71822133333333 0
vertex 53.60004 72.836296 0
endloop
endfacet
facet normal 1 0 0
outer loop
vertex 53.60004 39.800176 1.0000293333333332
vertex 53.60004 72.836296 0
vertex 53.60004 72.95166666666667 0
endloop
endfacet
facet normal 1 0 0
outer loop
vertex 53.60004 39.800176 1.0000293333333332
vertex 53.60004 72.95166666666667 0
vertex 53.60004 73.06343199999999 0
endloop
endfacet
facet normal 1 0 0
outer loop
vertex 53.60004 39.800176 1.0000293333333332
vertex 53.60004 73.06343199999999 0
vertex 53.60004 73.171592 0
endloop
endfacet
facet normal 1 0 0
outer loop
vertex 53.60004 39.800176 1.0000293333333332
vertex 53.60004 73.171592 0
vertex 53.60004 73.275696 0
endloop
endfacet
facet normal 1 0 0
outer loop
vertex 53.60004 39.800176 1.0000293333333332
vertex 53.60004 73.275696 0
vertex 53.60004 73.37484266666667 0
endloop
endfacet
facet normal 1 0 0
outer loop
vertex 53.60004 39.800176 1.0000293333333332
vertex 53.60004 73.37484266666667 0
vertex 53.60004 73.469032 0
endloop
endfacet
facet normal 1 0 0
outer loop
vertex 53.60004 39.800176 1.0000293333333332
vertex 53.60004 73.469032 0
vertex 53.60004 73.55781333333333 0
endloop
endfacet
facet normal 1 0 0
outer loop
vertex 53.60004 39.800176 1.0000293333333332
vertex 53.60004 73.55781333333333 0
vertex 53.60004 73.600176 0
endloop
endfacet
facet normal 1 0 0
outer loop
vertex 53.60004 39.800176 1.0000293333333332
vertex 53.60004 73.600176 0
vertex 53.60004 73.600176 2.0000586666666664
endloop
endfacet
facet normal 1 0 0
outer loop
vertex 53.60004 39.800176 1.0000293333333332
vertex 53.60004 73.600176 2.0000586666666664
vertex 53.60004 73.55781333333333 2.0000586666666664
endloop
endfacet
facet normal 0.03224129401095718 -0.9994801143396995 0
outer loop
vertex 47.599864 0 2.0000586666666664
vertex 47.599864 0 0
vertex 47.7256 0.004056 0
endloop
endfacet
facet normal 0.03224129401095718 -0.9994801143396995 0
outer loop
vertex 47.599864 0 2.0000586666666664
vertex 47.7256 0.004056 0
vertex 47.7256 0.004056 2.0000586666666664
endloop
endfacet
facet normal 0.9757631698281389 -0.21882924029238526 0
outer loop
vertex 49.537279999999996 1.5025226666666667 2.0000586666666664
vertex 49.537279999999996 1.5025226666666667 0
vertex 49.56477066666667 1.6251039999999999 0
endloop
endfacet
facet normal 0.9757631698281389 -0.21882924029238526 0
outer loop
vertex 49.537279999999996 1.5025226666666667 2.0000586666666664
vertex 49.56477066666667 1.6251039999999999 0
vertex 49.56477066666667 1.6251039999999999 2.0000586666666664
endloop
endfacet
facet normal 0.9956237813735445 -0.09345205168129986 0
outer loop
vertex 49.58414933333333 1.749488 0
vertex 49.595866666666666 1.8743226666666666 0
vertex 49.595866666666666 1.8743226666666666 2.0000586666666664
endloop
endfacet
facet normal 0.9956237813735445 -0.09345205168129986 0
outer loop
vertex 49.58414933333333 1.749488 0
vertex 49.595866666666666 1.8743226666666666 2.0000586666666664
vertex 49.58414933333333 1.749488 2.0000586666666664
endloop
endfacet
facet normal 0.9880801926756632 -0.15394003001826562 0
outer loop
vertex 49.58414933333333 1.749488 0
vertex 49.58414933333333 1.749488 2.0000586666666664
vertex 49.56477066666667 1.6251039999999999 2.0000586666666664
endloop
endfacet
facet normal 0.9880801926756632 -0.15394003001826562 0
outer loop
vertex 49.58414933333333 1.749488 0
vertex 49.56477066666667 1.6251039999999999 2.0000586666666664
vertex 49.56477066666667 1.6251039999999999 0
endloop
endfacet
facet normal 0.27944965314160175 -0.9601603466916547 0
outer loop
vertex 48.0974 0.06264266666666667 2.0000586666666664
vertex 48.0974 0.06264266666666667 0
vertex 48.21817866666667 0.09779466666666667 0
endloop
endfacet
facet normal 0.27944965314160175 -0.9601603466916547 0
outer loop
vertex 48.0974 0.06264266666666667 2.0000586666666664
vertex 48.21817866666667 0.09779466666666667 0
vertex 48.21817866666667 0.09779466666666667 2.0000586666666664
endloop
endfacet
facet normal 0.21540965591115627 -0.9765237734639322 0
outer loop
vertex 47.974818666666664 0.035602666666666664 0
vertex 48.0974 0.06264266666666667 0
vertex 48.0974 0.06264266666666667 2.0000586666666664
endloop
endfacet
facet normal 0.21540965591115627 -0.9765237734639322 0
outer loop
vertex 47.974818666666664 0.035602666666666664 0
vertex 48.0974 0.06264266666666667 2.0000586666666664
vertex 47.974818666666664 0.035602666666666664 2.0000586666666664
endloop
endfacet
facet normal 0.09311881330581478 -0.9956550038083055 0
outer loop
vertex 47.7256 0.004056 2.0000586666666664
vertex 47.7256 0.004056 0
vertex 47.85088533333333 0.015773333333333334 0
endloop
endfacet
facet normal 0.09311881330581478 -0.9956550038083055 0
outer loop
vertex 47.7256 0.004056 2.0000586666666664
vertex 47.85088533333333 0.015773333333333334 0
vertex 47.85088533333333 0.015773333333333334 2.0000586666666664
endloop
endfacet
facet normal 0.15799050110667268 -0.9874406319167054 0
outer loop
vertex 47.85088533333333 0.015773333333333334 2.0000586666666664
vertex 47.85088533333333 0.015773333333333334 0
vertex 47.974818666666664 0.035602666666666664 0
endloop
endfacet
facet normal 0.15799050110667268 -0.9874406319167054 0
outer loop
vertex 47.85088533333333 0.015773333333333334 2.0000586666666664
vertex 47.974818666666664 0.035602666666666664 0
vertex 47.974818666666664 0.035602666666666664 2.0000586666666664
endloop
endfacet
facet normal 0.6114475010757542 -0.7912850013921756 0
outer loop
vertex 48.77565333333333 0.3821653333333333 2.0000586666666664
vertex 48.77565333333333 0.3821653333333333 0
vertex 48.8748 0.45877866666666667 0
endloop
endfacet
facet normal 0.6114475010757542 -0.7912850013921756 0
outer loop
vertex 48.77565333333333 0.3821653333333333 2.0000586666666664
vertex 48.8748 0.45877866666666667 0
vertex 48.8748 0.45877866666666667 2.0000586666666664
endloop
endfacet
facet normal 0.9601603466916624 -0.2794496531415752 0
outer loop
vertex 49.502128 1.3817439999999999 2.0000586666666664
vertex 49.502128 1.3817439999999999 0
vertex 49.537279999999996 1.5025226666666667 0
endloop
endfacet
facet normal 0.9601603466916624 -0.2794496531415752 0
outer loop
vertex 49.502128 1.3817439999999999 2.0000586666666664
vertex 49.537279999999996 1.5025226666666667 0
vertex 49.537279999999996 1.5025226666666667 2.0000586666666664
endloop
endfacet
facet normal 0.8900788803394547 -0.45580652339963584 0
outer loop
vertex 49.35250666666666 1.0365333333333333 0
vertex 49.40974133333333 1.1482986666666666 0
vertex 49.40974133333333 1.1482986666666666 2.0000586666666664
endloop
endfacet
facet normal 0.8900788803394547 -0.45580652339963584 0
outer loop
vertex 49.35250666666666 1.0365333333333333 0
vertex 49.40974133333333 1.1482986666666666 2.0000586666666664
vertex 49.35250666666666 1.0365333333333333 2.0000586666666664
endloop
endfacet
facet normal 0.8606408302847098 -0.509212491251781 0
outer loop
vertex 49.35250666666666 1.0365333333333333 0
vertex 49.35250666666666 1.0365333333333333 2.0000586666666664
vertex 49.288512 0.9283733333333333 2.0000586666666664
endloop
endfacet
facet normal 0.8606408302847098 -0.509212491251781 0
outer loop
vertex 49.35250666666666 1.0365333333333333 0
vertex 49.288512 0.9283733333333333 2.0000586666666664
vertex 49.288512 0.9283733333333333 0
endloop
endfacet
facet normal 0.9174684373226024 -0.397808580245351 0
outer loop
vertex 49.45976533333333 1.2636693333333333 0
vertex 49.45976533333333 1.2636693333333333 2.0000586666666664
vertex 49.40974133333333 1.1482986666666666 2.0000586666666664
endloop
endfacet
facet normal 0.9174684373226024 -0.397808580245351 0
outer loop
vertex 49.45976533333333 1.2636693333333333 0
vertex 49.40974133333333 1.1482986666666666 2.0000586666666664
vertex 49.40974133333333 1.1482986666666666 0
endloop
endfacet
facet normal 0.941253242488209 -0.3377015450148742 0
outer loop
vertex 49.45976533333333 1.2636693333333333 0
vertex 49.502128 1.3817439999999999 0
vertex 49.502128 1.3817439999999999 2.0000586666666664
endloop
endfacet
facet normal 0.941253242488209 -0.3377015450148742 0
outer loop
vertex 49.45976533333333 1.2636693333333333 0
vertex 49.502128 1.3817439999999999 2.0000586666666664
vertex 49.45976533333333 1.2636693333333333 2.0000586666666664
endloop
endfacet
facet normal 0.6628057618450153 -0.748791374192471 0
outer loop
vertex 48.8748 0.45877866666666667 2.0000586666666664
vertex 48.8748 0.45877866666666667 0
vertex 48.96898933333333 0.542152 0
endloop
endfacet
facet normal 0.6628057618450153 -0.748791374192471 0
outer loop
vertex 48.8748 0.45877866666666667 2.0000586666666664
vertex 48.96898933333333 0.542152 0
vertex 48.96898933333333 0.542152 2.0000586666666664
endloop
endfacet
facet normal 0.74879137419247 -0.662805761845016 0
outer loop
vertex 49.05777066666666 0.6309333333333333 0
vertex 49.141144 0.7251226666666667 0
vertex 49.141144 0.7251226666666667 2.0000586666666664
endloop
endfacet
facet normal 0.74879137419247 -0.662805761845016 0
outer loop
vertex 49.05777066666666 0.6309333333333333 0
vertex 49.141144 0.7251226666666667 2.0000586666666664
vertex 49.05777066666666 0.6309333333333333 2.0000586666666664
endloop
endfacet
facet normal 0.5621141443178158 -0.8270596645695218 0
outer loop
vertex 48.67154933333333 0.31141066666666667 0
vertex 48.77565333333333 0.3821653333333333 0
vertex 48.77565333333333 0.3821653333333333 2.0000586666666664
endloop
endfacet
facet normal 0.5621141443178158 -0.8270596645695218 0
outer loop
vertex 48.67154933333333 0.31141066666666667 0
vertex 48.77565333333333 0.3821653333333333 2.0000586666666664
vertex 48.67154933333333 0.31141066666666667 2.0000586666666664
endloop
endfacet
facet normal 0.45580652339962424 -0.8900788803394606 0
outer loop
vertex 48.451623999999995 0.19018133333333334 2.0000586666666664
vertex 48.451623999999995 0.19018133333333334 0
vertex 48.56338933333333 0.247416 0
endloop
endfacet
facet normal 0.45580652339962424 -0.8900788803394606 0
outer loop
vertex 48.451623999999995 0.19018133333333334 2.0000586666666664
vertex 48.56338933333333 0.247416 0
vertex 48.56338933333333 0.247416 2.0000586666666664
endloop
endfacet
facet normal 0.5092124912517921 -0.8606408302847035 0
outer loop
vertex 48.56338933333333 0.247416 2.0000586666666664
vertex 48.56338933333333 0.247416 0
vertex 48.67154933333333 0.31141066666666667 0
endloop
endfacet
facet normal 0.5092124912517921 -0.8606408302847035 0
outer loop
vertex 48.56338933333333 0.247416 2.0000586666666664
vertex 48.67154933333333 0.31141066666666667 0
vertex 48.67154933333333 0.31141066666666667 2.0000586666666664
endloop
endfacet
facet normal 0.789545423657072 -0.6136921247516337 0
outer loop
vertex 49.141144 0.7251226666666667 2.0000586666666664
vertex 49.141144 0.7251226666666667 0
vertex 49.218208 0.8242693333333333 0
endloop
endfacet
facet normal 0.789545423657072 -0.6136921247516337 0
outer loop
vertex 49.141144 0.7251226666666667 2.0000586666666664
vertex 49.218208 0.8242693333333333 0
vertex 49.218208 0.8242693333333333 2.0000586666666664
endloop
endfacet
facet normal 0.8287238825359516 -0.5596576869073973 0
outer loop
vertex 49.218208 0.8242693333333333 2.0000586666666664
vertex 49.218208 0.8242693333333333 0
vertex 49.288512 0.9283733333333333 0
endloop
endfacet
facet normal 0.8287238825359516 -0.5596576869073973 0
outer loop
vertex 49.218208 0.8242693333333333 2.0000586666666664
vertex 49.288512 0.9283733333333333 0
vertex 49.288512 0.9283733333333333 2.0000586666666664
endloop
endfacet
facet normal 0.39478542391945276 -0.9187733502125199 0
outer loop
vertex 48.33625333333333 0.14060799999999998 0
vertex 48.451623999999995 0.19018133333333334 0
vertex 48.451623999999995 0.19018133333333334 2.0000586666666664
endloop
endfacet
facet normal 0.39478542391945276 -0.9187733502125199 0
outer loop
vertex 48.33625333333333 0.14060799999999998 0
vertex 48.451623999999995 0.19018133333333334 2.0000586666666664
vertex 48.33625333333333 0.14060799999999998 2.0000586666666664
endloop
endfacet
facet normal 0.3408786086048489 -0.94010732057336 0
outer loop
vertex 48.33625333333333 0.14060799999999998 0
vertex 48.33625333333333 0.14060799999999998 2.0000586666666664
vertex 48.21817866666667 0.09779466666666667 2.0000586666666664
endloop
endfacet
facet normal 0.3408786086048489 -0.94010732057336 0
outer loop
vertex 48.33625333333333 0.14060799999999998 0
vertex 48.21817866666667 0.09779466666666667 2.0000586666666664
vertex 48.21817866666667 0.09779466666666667 0
endloop
endfacet
facet normal 0.9994763703706218 0.03235714868105391 0
outer loop
vertex 53.60004 73.600176 2.0000586666666664
vertex 53.60004 73.600176 0
vertex 53.595984 73.72546133333333 0
endloop
endfacet
facet normal 0.9994763703706218 0.03235714868105391 0
outer loop
vertex 53.60004 73.600176 2.0000586666666664
vertex 53.595984 73.72546133333333 0
vertex 53.595984 73.72546133333333 2.0000586666666664
endloop
endfacet
facet normal 0.21882924029233822 0.9757631698281496 0
outer loop
vertex 52.09751733333333 75.53714133333334 2.0000586666666664
vertex 52.09751733333333 75.53714133333334 0
vertex 51.974936 75.564632 0
endloop
endfacet
facet normal 0.21882924029233822 0.9757631698281496 0
outer loop
vertex 52.09751733333333 75.53714133333334 2.0000586666666664
vertex 51.974936 75.564632 0
vertex 51.974936 75.564632 2.0000586666666664
endloop
endfacet
facet normal 0.09701315409215412 0.9952830993908678 0
outer loop
vertex 51.850552 75.58401066666667 0
vertex 51.72571733333333 75.59617866666666 0
vertex 51.72571733333333 75.59617866666666 2.0000586666666664
endloop
endfacet
facet normal 0.09701315409215412 0.9952830993908678 0
outer loop
vertex 51.850552 75.58401066666667 0
vertex 51.72571733333333 75.59617866666666 2.0000586666666664
vertex 51.850552 75.58401066666667 2.0000586666666664
endloop
endfacet
facet normal 0.15394003001832177 0.9880801926756544 0
outer loop
vertex 51.850552 75.58401066666667 0
vertex 51.850552 75.58401066666667 2.0000586666666664
vertex 51.974936 75.564632 2.0000586666666664
endloop
endfacet
facet normal 0.15394003001832177 0.9880801926756544 0
outer loop
vertex 51.850552 75.58401066666667 0
vertex 51.974936 75.564632 2.0000586666666664
vertex 51.974936 75.564632 0
endloop
endfacet
facet normal 0.9611169062924306 0.27614179770340286 0
outer loop
vertex 53.536946666666665 74.09726133333334 2.0000586666666664
vertex 53.536946666666665 74.09726133333334 0
vertex 53.502245333333335 74.21804 0
endloop
endfacet
facet normal 0.9611169062924306 0.27614179770340286 0
outer loop
vertex 53.536946666666665 74.09726133333334 2.0000586666666664
vertex 53.502245333333335 74.21804 0
vertex 53.502245333333335 74.21804 2.0000586666666664
endloop
endfacet
facet normal 0.9757631698281549 0.21882924029231404 0
outer loop
vertex 53.56443733333333 73.97467999999999 0
vertex 53.536946666666665 74.09726133333334 0
vertex 53.536946666666665 74.09726133333334 2.0000586666666664
endloop
endfacet
facet normal 0.9757631698281549 0.21882924029231404 0
outer loop
vertex 53.56443733333333 73.97467999999999 0
vertex 53.536946666666665 74.09726133333334 2.0000586666666664
vertex 53.56443733333333 73.97467999999999 2.0000586666666664
endloop
endfacet
facet normal 0.9956550038083034 0.09311881330583772 0
outer loop
vertex 53.595984 73.72546133333333 2.0000586666666664
vertex 53.595984 73.72546133333333 0
vertex 53.584266666666664 73.85074666666667 0
endloop
endfacet
facet normal 0.9956550038083034 0.09311881330583772 0
outer loop
vertex 53.595984 73.72546133333333 2.0000586666666664
vertex 53.584266666666664 73.85074666666667 0
vertex 53.584266666666664 73.85074666666667 2.0000586666666664
endloop
endfacet
facet normal 0.9874406319167032 0.15799050110668608 0
outer loop
vertex 53.584266666666664 73.85074666666667 2.0000586666666664
vertex 53.584266666666664 73.85074666666667 0
vertex 53.56443733333333 73.97467999999999 0
endloop
endfacet
facet normal 0.9874406319167032 0.15799050110668608 0
outer loop
vertex 53.584266666666664 73.85074666666667 2.0000586666666664
vertex 53.56443733333333 73.97467999999999 0
vertex 53.56443733333333 73.97467999999999 2.0000586666666664
endloop
endfacet
facet normal 0.789545423657081 0.6136921247516222 0
outer loop
vertex 53.21787466666667 74.77551466666667 2.0000586666666664
vertex 53.21787466666667 74.77551466666667 0
vertex 53.14081066666667 74.87466133333334 0
endloop
endfacet
facet normal 0.789545423657081 0.6136921247516222 0
outer loop
vertex 53.21787466666667 74.77551466666667 2.0000586666666664
vertex 53.14081066666667 74.87466133333334 0
vertex 53.14081066666667 74.87466133333334 2.0000586666666664
endloop
endfacet
facet normal 0.28041412403535837 0.9598791168899773 0
outer loop
vertex 52.21784533333333 75.50198933333333 2.0000586666666664
vertex 52.21784533333333 75.50198933333333 0
vertex 52.09751733333333 75.53714133333334 0
endloop
endfacet
facet normal 0.28041412403535837 0.9598791168899773 0
outer loop
vertex 52.21784533333333 75.50198933333333 2.0000586666666664
vertex 52.09751733333333 75.53714133333334 0
vertex 52.09751733333333 75.53714133333334 2.0000586666666664
endloop
endfacet
facet normal 0.45295617270469374 0.8915327843712287 0
outer loop
vertex 52.56350666666666 75.35281866666666 0
vertex 52.45174133333333 75.40960266666666 0
vertex 52.45174133333333 75.40960266666666 2.0000586666666664
endloop
endfacet
facet normal 0.45295617270469374 0.8915327843712287 0
outer loop
vertex 52.56350666666666 75.35281866666666 0
vertex 52.45174133333333 75.40960266666666 2.0000586666666664
vertex 52.56350666666666 75.35281866666666 2.0000586666666664
endloop
endfacet
facet normal 0.509212491251805 0.8606408302846955 0
outer loop
vertex 52.56350666666666 75.35281866666666 0
vertex 52.56350666666666 75.35281866666666 2.0000586666666664
vertex 52.67166666666667 75.28882399999999 2.0000586666666664
endloop
endfacet
facet normal 0.509212491251805 0.8606408302846955 0
outer loop
vertex 52.56350666666666 75.35281866666666 0
vertex 52.67166666666667 75.28882399999999 2.0000586666666664
vertex 52.67166666666667 75.28882399999999 0
endloop
endfacet
facet normal 0.39780858024540755 0.9174684373225779 0
outer loop
vertex 52.33637066666667 75.45962666666667 0
vertex 52.33637066666667 75.45962666666667 2.0000586666666664
vertex 52.45174133333333 75.40960266666666 2.0000586666666664
endloop
endfacet
facet normal 0.39780858024540755 0.9174684373225779 0
outer loop
vertex 52.33637066666667 75.45962666666667 0
vertex 52.45174133333333 75.40960266666666 2.0000586666666664
vertex 52.45174133333333 75.40960266666666 0
endloop
endfacet
facet normal 0.33656320368918813 0.9416608784071208 0
outer loop
vertex 52.33637066666667 75.45962666666667 0
vertex 52.21784533333333 75.50198933333333 0
vertex 52.21784533333333 75.50198933333333 2.0000586666666664
endloop
endfacet
facet normal 0.33656320368918813 0.9416608784071208 0
outer loop
vertex 52.33637066666667 75.45962666666667 0
vertex 52.21784533333333 75.50198933333333 2.0000586666666664
vertex 52.33637066666667 75.45962666666667 2.0000586666666664
endloop
endfacet
facet normal 0.7521327876840537 0.6590115853993876 0
outer loop
vertex 53.14081066666667 74.87466133333334 2.0000586666666664
vertex 53.14081066666667 74.87466133333334 0
vertex 53.057888 74.96930133333333 0
endloop
endfacet
facet normal 0.7521327876840537 0.6590115853993876 0
outer loop
vertex 53.14081066666667 74.87466133333334 2.0000586666666664
vertex 53.057888 74.96930133333333 0
vertex 53.057888 74.96930133333333 2.0000586666666664
endloop
endfacet
facet normal 0.6607897933622671 0.7505710152865299 0
outer loop
vertex 52.96910666666666 75.05808266666666 0
vertex 52.87491733333333 75.14100533333333 0
vertex 52.87491733333333 75.14100533333333 2.0000586666666664
endloop
endfacet
facet normal 0.6607897933622671 0.7505710152865299 0
outer loop
vertex 52.96910666666666 75.05808266666666 0
vertex 52.87491733333333 75.14100533333333 2.0000586666666664
vertex 52.96910666666666 75.05808266666666 2.0000586666666664
endloop
endfacet
facet normal 0.7071067811865475 0.7071067811865475 0
outer loop
vertex 49.05777066666666 78.968968 2.0000586666666664
vertex 49.05777066666666 78.968968 0
vertex 48.96898933333333 79.05774933333333 0
endloop
endfacet
facet normal 0.7071067811865475 0.7071067811865475 0
outer loop
vertex 49.05777066666666 78.968968 2.0000586666666664
vertex 48.96898933333333 79.05774933333333 0
vertex 48.96898933333333 79.05774933333333 2.0000586666666664
endloop
endfacet
facet normal 0.7071067811865193 0.7071067811865758 0
outer loop
vertex 53.057888 74.96930133333333 2.0000586666666664
vertex 53.057888 74.96930133333333 0
vertex 52.96910666666666 75.05808266666666 0
endloop
endfacet
facet normal 0.7071067811865193 0.7071067811865758 0
outer loop
vertex 53.057888 74.96930133333333 2.0000586666666664
vertex 52.96910666666666 75.05808266666666 0
vertex 52.96910666666666 75.05808266666666 2.0000586666666664
endloop
endfacet
facet normal 0.825923332236789 0.5637824485268039 0
outer loop
vertex 53.28862933333333 74.67186133333333 0
vertex 53.21787466666667 74.77551466666667 0
vertex 53.21787466666667 74.77551466666667 2.0000586666666664
endloop
endfacet
facet normal 0.825923332236789 0.5637824485268039 0
outer loop
vertex 53.28862933333333 74.67186133333333 0
vertex 53.21787466666667 74.77551466666667 2.0000586666666664
vertex 53.28862933333333 74.67186133333333 2.0000586666666664
endloop
endfacet
facet normal 0.8908209764207411 0.4543544739174444 0
outer loop
vertex 53.409858666666665 74.45148533333334 2.0000586666666664
vertex 53.409858666666665 74.45148533333334 0
vertex 53.352624 74.56370133333333 0
endloop
endfacet
facet normal 0.8908209764207411 0.4543544739174444 0
outer loop
vertex 53.409858666666665 74.45148533333334 2.0000586666666664
vertex 53.352624 74.56370133333333 0
vertex 53.352624 74.56370133333333 2.0000586666666664
endloop
endfacet
facet normal 0.8606408302847058 0.509212491251788 0
outer loop
vertex 53.352624 74.56370133333333 2.0000586666666664
vertex 53.352624 74.56370133333333 0
vertex 53.28862933333333 74.67186133333333 0
endloop
endfacet
facet normal 0.8606408302847058 0.509212491251788 0
outer loop
vertex 53.352624 74.56370133333333 2.0000586666666664
vertex 53.28862933333333 74.67186133333333 0
vertex 53.28862933333333 74.67186133333333 2.0000586666666664
endloop
endfacet
facet normal 0.6136921247516848 0.7895454236570321 0
outer loop
vertex 52.87491733333333 75.14100533333333 2.0000586666666664
vertex 52.87491733333333 75.14100533333333 0
vertex 52.775770666666666 75.21806933333333 0
endloop
endfacet
facet normal 0.6136921247516848 0.7895454236570321 0
outer loop
vertex 52.87491733333333 75.14100533333333 2.0000586666666664
vertex 52.775770666666666 75.21806933333333 0
vertex 52.775770666666666 75.21806933333333 2.0000586666666664
endloop
endfacet
facet normal 0.5621141443177728 0.8270596645695508 0
outer loop
vertex 52.775770666666666 75.21806933333333 2.0000586666666664
vertex 52.775770666666666 75.21806933333333 0
vertex 52.67166666666667 75.28882399999999 0
endloop
endfacet
facet normal 0.5621141443177728 0.8270596645695508 0
outer loop
vertex 52.775770666666666 75.21806933333333 2.0000586666666664
vertex 52.67166666666667 75.28882399999999 0
vertex 52.67166666666667 75.28882399999999 2.0000586666666664
endloop
endfacet
facet normal 0.9187733502125335 0.39478542391942145 0
outer loop
vertex 53.459432 74.33611466666666 0
vertex 53.409858666666665 74.45148533333334 0
vertex 53.409858666666665 74.45148533333334 2.0000586666666664
endloop
endfacet
facet normal 0.9187733502125335 0.39478542391942145 0
outer loop
vertex 53.459432 74.33611466666666 0
vertex 53.409858666666665 74.45148533333334 2.0000586666666664
vertex 53.459432 74.33611466666666 2.0000586666666664
endloop
endfacet
facet normal 0.9401073205733493 0.3408786086048784 0
outer loop
vertex 53.459432 74.33611466666666 0
vertex 53.459432 74.33611466666666 2.0000586666666664
vertex 53.502245333333335 74.21804 2.0000586666666664
endloop
endfacet
facet normal 0.9401073205733493 0.3408786086048784 0
outer loop
vertex 53.459432 74.33611466666666 0
vertex 53.502245333333335 74.21804 2.0000586666666664
vertex 53.502245333333335 74.21804 0
endloop
endfacet
facet normal 0.03224129401100174 0.9994801143396982 0
outer loop
vertex 47.7256 79.59584533333333 0
vertex 47.599864 79.59990133333334 0
vertex 47.599864 79.59990133333334 2.0000586666666664
endloop
endfacet
facet normal 0.03224129401100174 0.9994801143396982 0
outer loop
vertex 47.7256 79.59584533333333 0
vertex 47.599864 79.59990133333334 2.0000586666666664
vertex 47.7256 79.59584533333333 2.0000586666666664
endloop
endfacet
facet normal 0.21882924029232612 0.9757631698281523 0
outer loop
vertex 48.0974 79.53725866666666 2.0000586666666664
vertex 48.0974 79.53725866666666 0
vertex 47.974818666666664 79.56474933333332 0
endloop
endfacet
facet normal 0.21882924029232612 0.9757631698281523 0
outer loop
vertex 48.0974 79.53725866666666 2.0000586666666664
vertex 47.974818666666664 79.56474933333332 0
vertex 47.974818666666664 79.56474933333332 2.0000586666666664
endloop
endfacet
facet normal 0.09311881330584296 0.9956550038083029 0
outer loop
vertex 47.85088533333333 79.58412799999999 0
vertex 47.7256 79.59584533333333 0
vertex 47.7256 79.59584533333333 2.0000586666666664
endloop
endfacet
facet normal 0.09311881330584296 0.9956550038083029 0
outer loop
vertex 47.85088533333333 79.58412799999999 0
vertex 47.7256 79.59584533333333 2.0000586666666664
vertex 47.85088533333333 79.58412799999999 2.0000586666666664
endloop
endfacet
facet normal 0.15448647577727645 0.9879949032266903 0
outer loop
vertex 47.85088533333333 79.58412799999999 0
vertex 47.85088533333333 79.58412799999999 2.0000586666666664
vertex 47.974818666666664 79.56474933333332 2.0000586666666664
endloop
endfacet
facet normal 0.15448647577727645 0.9879949032266903 0
outer loop
vertex 47.85088533333333 79.58412799999999 0
vertex 47.974818666666664 79.56474933333332 2.0000586666666664
vertex 47.974818666666664 79.56474933333332 0
endloop
endfacet
facet normal 0.9601603466916621 0.27944965314157616 0
outer loop
vertex 49.537279999999996 78.09737866666667 2.0000586666666664
vertex 49.537279999999996 78.09737866666667 0
vertex 49.502128 78.21815733333334 0
endloop
endfacet
facet normal 0.9601603466916621 0.27944965314157616 0
outer loop
vertex 49.537279999999996 78.09737866666667 2.0000586666666664
vertex 49.502128 78.21815733333334 0
vertex 49.502128 78.21815733333334 2.0000586666666664
endloop
endfacet
facet normal 0.9757631698281428 0.2188292402923679 0
outer loop
vertex 49.56477066666667 77.97479733333333 0
vertex 49.537279999999996 78.09737866666667 0
vertex 49.537279999999996 78.09737866666667 2.0000586666666664
endloop
endfacet
facet normal 0.9757631698281428 0.2188292402923679 0
outer loop
vertex 49.56477066666667 77.97479733333333 0
vertex 49.537279999999996 78.09737866666667 2.0000586666666664
vertex 49.56477066666667 77.97479733333333 2.0000586666666664
endloop
endfacet
facet normal 0.9956550038083034 0.09311881330583772 0
outer loop
vertex 49.595866666666666 77.72557866666666 2.0000586666666664
vertex 49.595866666666666 77.72557866666666 0
vertex 49.58414933333333 77.850864 0
endloop
endfacet
facet normal 0.9956550038083034 0.09311881330583772 0
outer loop
vertex 49.595866666666666 77.72557866666666 2.0000586666666664
vertex 49.58414933333333 77.850864 0
vertex 49.58414933333333 77.850864 2.0000586666666664
endloop
endfacet
facet normal 0.9879949032266974 0.15448647577722976 0
outer loop
vertex 49.58414933333333 77.850864 2.0000586666666664
vertex 49.58414933333333 77.850864 0
vertex 49.56477066666667 77.97479733333333 0
endloop
endfacet
facet normal 0.9879949032266974 0.15448647577722976 0
outer loop
vertex 49.58414933333333 77.850864 2.0000586666666664
vertex 49.56477066666667 77.97479733333333 0
vertex 49.56477066666667 77.97479733333333 2.0000586666666664
endloop
endfacet
facet normal 0.789545423657081 0.6136921247516222 0
outer loop
vertex 49.218208 78.775632 2.0000586666666664
vertex 49.218208 78.775632 0
vertex 49.141144 78.87477866666667 0
endloop
endfacet
facet normal 0.789545423657081 0.6136921247516222 0
outer loop
vertex 49.218208 78.775632 2.0000586666666664
vertex 49.141144 78.87477866666667 0
vertex 49.141144 78.87477866666667 2.0000586666666664
endloop
endfacet
facet normal 0.27944965314157616 0.9601603466916621 0
outer loop
vertex 48.21817866666667 79.50210666666666 2.0000586666666664
vertex 48.21817866666667 79.50210666666666 0
vertex 48.0974 79.53725866666666 0
endloop
endfacet
facet normal 0.27944965314157616 0.9601603466916621 0
outer loop
vertex 48.21817866666667 79.50210666666666 2.0000586666666664
vertex 48.0974 79.53725866666666 0
vertex 48.0974 79.53725866666666 2.0000586666666664
endloop
endfacet
facet normal 0.45580652339957595 0.8900788803394855 0
outer loop
vertex 48.56338933333333 79.35248533333333 0
vertex 48.451623999999995 79.40972 0
vertex 48.451623999999995 79.40972 2.0000586666666664
endloop
endfacet
facet normal 0.45580652339957595 0.8900788803394855 0
outer loop
vertex 48.56338933333333 79.35248533333333 0
vertex 48.451623999999995 79.40972 2.0000586666666664
vertex 48.56338933333333 79.35248533333333 2.0000586666666664
endloop
endfacet
facet normal 0.5092124912518299 0.860640830284681 0
outer loop
vertex 48.56338933333333 79.35248533333333 0
vertex 48.56338933333333 79.35248533333333 2.0000586666666664
vertex 48.67154933333333 79.28849066666666 2.0000586666666664
endloop
endfacet
facet normal 0.5092124912518299 0.860640830284681 0
outer loop
vertex 48.56338933333333 79.35248533333333 0
vertex 48.67154933333333 79.28849066666666 2.0000586666666664
vertex 48.67154933333333 79.28849066666666 0
endloop
endfacet
facet normal 0.39780858024540755 0.9174684373225779 0
outer loop
vertex 48.33625333333333 79.459744 0
vertex 48.33625333333333 79.459744 2.0000586666666664
vertex 48.451623999999995 79.40972 2.0000586666666664
endloop
endfacet
facet normal 0.39780858024540755 0.9174684373225779 0
outer loop
vertex 48.33625333333333 79.459744 0
vertex 48.451623999999995 79.40972 2.0000586666666664
vertex 48.451623999999995 79.40972 0
endloop
endfacet
facet normal 0.33770154501482796 0.9412532424882255 0
outer loop
vertex 48.33625333333333 79.459744 0
vertex 48.21817866666667 79.50210666666666 0
vertex 48.21817866666667 79.50210666666666 2.0000586666666664
endloop
endfacet
facet normal 0.33770154501482796 0.9412532424882255 0
outer loop
vertex 48.33625333333333 79.459744 0
vertex 48.21817866666667 79.50210666666666 2.0000586666666664
vertex 48.33625333333333 79.459744 2.0000586666666664
endloop
endfacet
facet normal 0.7487913741924673 0.6628057618450192 0
outer loop
vertex 49.141144 78.87477866666667 2.0000586666666664
vertex 49.141144 78.87477866666667 0
vertex 49.05777066666666 78.968968 0
endloop
endfacet
facet normal 0.7487913741924673 0.6628057618450192 0
outer loop
vertex 49.141144 78.87477866666667 2.0000586666666664
vertex 49.05777066666666 78.968968 0
vertex 49.05777066666666 78.968968 2.0000586666666664
endloop
endfacet
facet normal 0.6628057618449875 0.7487913741924954 0
outer loop
vertex 48.96898933333333 79.05774933333333 0
vertex 48.8748 79.14112266666666 0
vertex 48.8748 79.14112266666666 2.0000586666666664
endloop
endfacet
facet normal 0.6628057618449875 0.7487913741924954 0
outer loop
vertex 48.96898933333333 79.05774933333333 0
vertex 48.8748 79.14112266666666 2.0000586666666664
vertex 48.96898933333333 79.05774933333333 2.0000586666666664
endloop
endfacet
facet normal 0.8287238825359683 0.5596576869073727 0
outer loop
vertex 49.288512 78.671528 0
vertex 49.218208 78.775632 0
vertex 49.218208 78.775632 2.0000586666666664
endloop
endfacet
facet normal 0.8287238825359683 0.5596576869073727 0
outer loop
vertex 49.288512 78.671528 0
vertex 49.218208 78.775632 2.0000586666666664
vertex 49.288512 78.671528 2.0000586666666664
endloop
endfacet
facet normal 0.8900788803394624 0.45580652339962074 0
outer loop
vertex 49.40974133333333 78.45160266666666 2.0000586666666664
vertex 49.40974133333333 78.45160266666666 0
vertex 49.35250666666666 78.563368 0
endloop
endfacet
facet normal 0.8900788803394624 0.45580652339962074 0
outer loop
vertex 49.40974133333333 78.45160266666666 2.0000586666666664
vertex 49.35250666666666 78.563368 0
vertex 49.35250666666666 78.563368 2.0000586666666664
endloop
endfacet
facet normal 0.8606408302847058 0.509212491251788 0
outer loop
vertex 49.35250666666666 78.563368 2.0000586666666664
vertex 49.35250666666666 78.563368 0
vertex 49.288512 78.671528 0
endloop
endfacet
facet normal 0.8606408302847058 0.509212491251788 0
outer loop
vertex 49.35250666666666 78.563368 2.0000586666666664
vertex 49.288512 78.671528 0
vertex 49.288512 78.671528 2.0000586666666664
endloop
endfacet
facet normal 0.6136921247516574 0.7895454236570535 0
outer loop
vertex 48.8748 79.14112266666666 2.0000586666666664
vertex 48.8748 79.14112266666666 0
vertex 48.77565333333333 79.21818666666667 0
endloop
endfacet
facet normal 0.6136921247516574 0.7895454236570535 0
outer loop
vertex 48.8748 79.14112266666666 2.0000586666666664
vertex 48.77565333333333 79.21818666666667 0
vertex 48.77565333333333 79.21818666666667 2.0000586666666664
endloop
endfacet
facet normal 0.5596576869073601 0.8287238825359768 0
outer loop
vertex 48.77565333333333 79.21818666666667 2.0000586666666664
vertex 48.77565333333333 79.21818666666667 0
vertex 48.67154933333333 79.28849066666666 0
endloop
endfacet
facet normal 0.5596576869073601 0.8287238825359768 0
outer loop
vertex 48.77565333333333 79.21818666666667 2.0000586666666664
vertex 48.67154933333333 79.28849066666666 0
vertex 48.67154933333333 79.28849066666666 2.0000586666666664
endloop
endfacet
facet normal 0.9174684373225986 0.39780858024536003 0
outer loop
vertex 49.45976533333333 78.336232 0
vertex 49.40974133333333 78.45160266666666 0
vertex 49.40974133333333 78.45160266666666 2.0000586666666664
endloop
endfacet
facet normal 0.9174684373225986 0.39780858024536003 0
outer loop
vertex 49.45976533333333 78.336232 0
vertex 49.40974133333333 78.45160266666666 2.0000586666666664
vertex 49.45976533333333 78.336232 2.0000586666666664
endloop
endfacet
facet normal 0.941253242488201 0.33770154501489613 0
outer loop
vertex 49.45976533333333 78.336232 0
vertex 49.45976533333333 78.336232 2.0000586666666664
vertex 49.502128 78.21815733333334 2.0000586666666664
endloop
endfacet
facet normal 0.941253242488201 0.33770154501489613 0
outer loop
vertex 49.45976533333333 78.336232 0
vertex 49.502128 78.21815733333334 2.0000586666666664
vertex 49.502128 78.21815733333334 0
endloop
endfacet
facet normal 0 1 0
outer loop
vertex 47.599864 79.59990133333334 2.0000586666666664
vertex 47.599864 79.59990133333334 0
vertex 6.000176 79.59990133333334 0
endloop
endfacet
facet normal 0 1 0
outer loop
vertex 47.599864 79.59990133333334 2.0000586666666664
vertex 6.000176 79.59990133333334 0
vertex 6.000176 79.59990133333334 2.0000586666666664
endloop
endfacet
facet normal -0.9994763703706213 0.032357148681065824 0
outer loop
vertex 0.004056 73.72546133333333 0
vertex 0 73.600176 0
vertex 0 73.600176 2.0000586666666664
endloop
endfacet
facet normal -0.9994763703706213 0.032357148681065824 0
outer loop
vertex 0.004056 73.72546133333333 0
vertex 0 73.600176 2.0000586666666664
vertex 0.004056 73.72546133333333 2.0000586666666664
endloop
endfacet
facet normal -0.9765237734639349 0.2154096559111444 0
outer loop
vertex 0.06264266666666667 74.09726133333334 2.0000586666666664
vertex 0.06264266666666667 74.09726133333334 0
vertex 0.035602666666666664 73.97467999999999 0
endloop
endfacet
facet normal -0.9765237734639349 0.2154096559111444 0
outer loop
vertex 0.06264266666666667 74.09726133333334 2.0000586666666664
vertex 0.035602666666666664 73.97467999999999 0
vertex 0.035602666666666664 73.97467999999999 2.0000586666666664
endloop
endfacet
facet normal -0.9956550038083061 0.09311881330580955 0
outer loop
vertex 0.015773333333333334 73.85074666666667 0
vertex 0.004056 73.72546133333333 0
vertex 0.004056 73.72546133333333 2.0000586666666664
endloop
endfacet
facet normal -0.9956550038083061 0.09311881330580955 0
outer loop
vertex 0.015773333333333334 73.85074666666667 0
vertex 0.004056 73.72546133333333 2.0000586666666664
vertex 0.015773333333333334 73.85074666666667 2.0000586666666664
endloop
endfacet
facet normal -0.9874406319167041 0.15799050110668153 0
outer loop
vertex 0.015773333333333334 73.85074666666667 0
vertex 0.015773333333333334 73.85074666666667 2.0000586666666664
vertex 0.035602666666666664 73.97467999999999 2.0000586666666664
endloop
endfacet
facet normal -0.9874406319167041 0.15799050110668153 0
outer loop
vertex 0.015773333333333334 73.85074666666667 0
vertex 0.035602666666666664 73.97467999999999 2.0000586666666664
vertex 0.035602666666666664 73.97467999999999 0
endloop
endfacet
facet normal -0.27944965314167947 0.9601603466916322 0
outer loop
vertex 1.5025226666666667 75.53714133333334 2.0000586666666664
vertex 1.5025226666666667 75.53714133333334 0
vertex 1.3817439999999999 75.50198933333333 0
endloop
endfacet
facet normal -0.27944965314167947 0.9601603466916322 0
outer loop
vertex 1.5025226666666667 75.53714133333334 2.0000586666666664
vertex 1.3817439999999999 75.50198933333333 0
vertex 1.3817439999999999 75.50198933333333 2.0000586666666664
endloop
endfacet
facet normal -0.21882924029233145 0.9757631698281513 0
outer loop
vertex 1.6251039999999999 75.564632 0
vertex 1.5025226666666667 75.53714133333334 0
vertex 1.5025226666666667 75.53714133333334 2.0000586666666664
endloop
endfacet
facet normal -0.21882924029233145 0.9757631698281513 0
outer loop
vertex 1.6251039999999999 75.564632 0
vertex 1.5025226666666667 75.53714133333334 2.0000586666666664
vertex 1.6251039999999999 75.564632 2.0000586666666664
endloop
endfacet
facet normal -0.09701315409215823 0.9952830993908675 0
outer loop
vertex 1.8743226666666666 75.59617866666666 2.0000586666666664
vertex 1.8743226666666666 75.59617866666666 0
vertex 1.749488 75.58401066666667 0
endloop
endfacet
facet normal -0.09701315409215823 0.9952830993908675 0
outer loop
vertex 1.8743226666666666 75.59617866666666 2.0000586666666664
vertex 1.749488 75.58401066666667 0
vertex 1.749488 75.58401066666667 2.0000586666666664
endloop
endfacet
facet normal -0.15394003001832068 0.9880801926756545 0
outer loop
vertex 1.749488 75.58401066666667 2.0000586666666664
vertex 1.749488 75.58401066666667 0
vertex 1.6251039999999999 75.564632 0
endloop
endfacet
facet normal -0.15394003001832068 0.9880801926756545 0
outer loop
vertex 1.749488 75.58401066666667 2.0000586666666664
vertex 1.6251039999999999 75.564632 0
vertex 1.6251039999999999 75.564632 2.0000586666666664
endloop
endfacet
facet normal -0.613692124751669 0.7895454236570446 0
outer loop
vertex 0.8242693333333333 75.21806933333333 2.0000586666666664
vertex 0.8242693333333333 75.21806933333333 0
vertex 0.7251226666666667 75.14100533333333 0
endloop
endfacet
facet normal -0.613692124751669 0.7895454236570446 0
outer loop
vertex 0.8242693333333333 75.21806933333333 2.0000586666666664
vertex 0.7251226666666667 75.14100533333333 0
vertex 0.7251226666666667 75.14100533333333 2.0000586666666664
endloop
endfacet
facet normal -0.9601603466916547 0.27944965314160175 0
outer loop
vertex 0.09779466666666667 74.21804 2.0000586666666664
vertex 0.09779466666666667 74.21804 0
vertex 0.06264266666666667 74.09726133333334 0
endloop
endfacet
facet normal -0.9601603466916547 0.27944965314160175 0
outer loop
vertex 0.09779466666666667 74.21804 2.0000586666666664
vertex 0.06264266666666667 74.09726133333334 0
vertex 0.06264266666666667 74.09726133333334 2.0000586666666664
endloop
endfacet
facet normal -0.8908209764207392 0.4543544739174478 0
outer loop
vertex 0.247416 74.56370133333333 0
vertex 0.19018133333333334 74.45148533333334 0
vertex 0.19018133333333334 74.45148533333334 2.0000586666666664
endloop
endfacet
facet normal -0.8908209764207392 0.4543544739174478 0
outer loop
vertex 0.247416 74.56370133333333 0
vertex 0.19018133333333334 74.45148533333334 2.0000586666666664
vertex 0.247416 74.56370133333333 2.0000586666666664
endloop
endfacet
facet normal -0.8606408302847035 0.5092124912517921 0
outer loop
vertex 0.247416 74.56370133333333 0
vertex 0.247416 74.56370133333333 2.0000586666666664
vertex 0.31141066666666667 74.67186133333333 2.0000586666666664
endloop
endfacet
facet normal -0.8606408302847035 0.5092124912517921 0
outer loop
vertex 0.247416 74.56370133333333 0
vertex 0.31141066666666667 74.67186133333333 2.0000586666666664
vertex 0.31141066666666667 74.67186133333333 0
endloop
endfacet
facet normal -0.9187733502125376 0.39478542391941174 0
outer loop
vertex 0.14060799999999998 74.33611466666666 0
vertex 0.14060799999999998 74.33611466666666 2.0000586666666664
vertex 0.19018133333333334 74.45148533333334 2.0000586666666664
endloop
endfacet
facet normal -0.9187733502125376 0.39478542391941174 0
outer loop
vertex 0.14060799999999998 74.33611466666666 0
vertex 0.19018133333333334 74.45148533333334 2.0000586666666664
vertex 0.19018133333333334 74.45148533333334 0
endloop
endfacet
facet normal -0.9401073205733536 0.34087860860486713 0
outer loop
vertex 0.14060799999999998 74.33611466666666 0
vertex 0.09779466666666667 74.21804 0
vertex 0.09779466666666667 74.21804 2.0000586666666664
endloop
endfacet
facet normal -0.9401073205733536 0.34087860860486713 0
outer loop
vertex 0.14060799999999998 74.33611466666666 0
vertex 0.09779466666666667 74.21804 2.0000586666666664
vertex 0.14060799999999998 74.33611466666666 2.0000586666666664
endloop
endfacet
facet normal -0.6607897933622641 0.7505710152865327 0
outer loop
vertex 0.7251226666666667 75.14100533333333 2.0000586666666664
vertex 0.7251226666666667 75.14100533333333 0
vertex 0.6309333333333333 75.05808266666666 0
endloop
endfacet
facet normal -0.6607897933622641 0.7505710152865327 0
outer loop
vertex 0.7251226666666667 75.14100533333333 2.0000586666666664
vertex 0.6309333333333333 75.05808266666666 0
vertex 0.6309333333333333 75.05808266666666 2.0000586666666664
endloop
endfacet
facet normal -0.7503589948350714 0.6610305430690031 0
outer loop
vertex 0.542152 74.96930133333333 0
vertex 0.45877866666666667 74.87466133333334 0
vertex 0.45877866666666667 74.87466133333334 2.0000586666666664
endloop
endfacet
facet normal -0.7503589948350714 0.6610305430690031 0
outer loop
vertex 0.542152 74.96930133333333 0
vertex 0.45877866666666667 74.87466133333334 2.0000586666666664
vertex 0.542152 74.96930133333333 2.0000586666666664
endloop
endfacet
facet normal -0.7071067811865334 0.7071067811865617 0
outer loop
vertex 0.6309333333333333 75.05808266666666 2.0000586666666664
vertex 0.6309333333333333 75.05808266666666 0
vertex 0.542152 74.96930133333333 0
endloop
endfacet
facet normal -0.7071067811865334 0.7071067811865617 0
outer loop
vertex 0.6309333333333333 75.05808266666666 2.0000586666666664
vertex 0.542152 74.96930133333333 0
vertex 0.542152 74.96930133333333 2.0000586666666664
endloop
endfacet
facet normal -0.7071067811865334 0.7071067811865617 0
outer loop
vertex 4.631050666666667 79.05774933333333 2.0000586666666664
vertex 4.631050666666667 79.05774933333333 0
vertex 4.5422693333333335 78.968968 0
endloop
endfacet
facet normal -0.7071067811865334 0.7071067811865617 0
outer loop
vertex 4.631050666666667 79.05774933333333 2.0000586666666664
vertex 4.5422693333333335 78.968968 0
vertex 4.5422693333333335 78.968968 2.0000586666666664
endloop
endfacet
facet normal -0.5621141443177713 0.8270596645695519 0
outer loop
vertex 0.9283733333333333 75.28882399999999 0
vertex 0.8242693333333333 75.21806933333333 0
vertex 0.8242693333333333 75.21806933333333 2.0000586666666664
endloop
endfacet
facet normal -0.5621141443177713 0.8270596645695519 0
outer loop
vertex 0.9283733333333333 75.28882399999999 0
vertex 0.8242693333333333 75.21806933333333 2.0000586666666664
vertex 0.9283733333333333 75.28882399999999 2.0000586666666664
endloop
endfacet
facet normal -0.4529561727046858 0.8915327843712325 0
outer loop
vertex 1.1482986666666666 75.40960266666666 2.0000586666666664
vertex 1.1482986666666666 75.40960266666666 0
vertex 1.0365333333333333 75.35281866666666 0
endloop
endfacet
facet normal -0.4529561727046858 0.8915327843712325 0
outer loop
vertex 1.1482986666666666 75.40960266666666 2.0000586666666664
vertex 1.0365333333333333 75.35281866666666 0
vertex 1.0365333333333333 75.35281866666666 2.0000586666666664
endloop
endfacet
facet normal -0.5092124912518229 0.8606408302846852 0
outer loop
vertex 1.0365333333333333 75.35281866666666 2.0000586666666664
vertex 1.0365333333333333 75.35281866666666 0
vertex 0.9283733333333333 75.28882399999999 0
endloop
endfacet
facet normal -0.5092124912518229 0.8606408302846852 0
outer loop
vertex 1.0365333333333333 75.35281866666666 2.0000586666666664
vertex 0.9283733333333333 75.28882399999999 0
vertex 0.9283733333333333 75.28882399999999 2.0000586666666664
endloop
endfacet
facet normal -0.7912850013921756 0.6114475010757542 0
outer loop
vertex 0.45877866666666667 74.87466133333334 2.0000586666666664
vertex 0.45877866666666667 74.87466133333334 0
vertex 0.3821653333333333 74.77551466666667 0
endloop
endfacet
facet normal -0.7912850013921756 0.6114475010757542 0
outer loop
vertex 0.45877866666666667 74.87466133333334 2.0000586666666664
vertex 0.3821653333333333 74.77551466666667 0
vertex 0.3821653333333333 74.77551466666667 2.0000586666666664
endloop
endfacet
facet normal -0.8259233322367864 0.5637824485268083 0
outer loop
vertex 0.3821653333333333 74.77551466666667 2.0000586666666664
vertex 0.3821653333333333 74.77551466666667 0
vertex 0.31141066666666667 74.67186133333333 0
endloop
endfacet
facet normal -0.8259233322367864 0.5637824485268083 0
outer loop
vertex 0.3821653333333333 74.77551466666667 2.0000586666666664
vertex 0.31141066666666667 74.67186133333333 0
vertex 0.31141066666666667 74.67186133333333 2.0000586666666664
endloop
endfacet
facet normal -0.3978085802453985 0.9174684373225818 0
outer loop
vertex 1.2636693333333333 75.45962666666667 0
vertex 1.1482986666666666 75.40960266666666 0
vertex 1.1482986666666666 75.40960266666666 2.0000586666666664
endloop
endfacet
facet normal -0.3978085802453985 0.9174684373225818 0
outer loop
vertex 1.2636693333333333 75.45962666666667 0
vertex 1.1482986666666666 75.40960266666666 2.0000586666666664
vertex 1.2636693333333333 75.45962666666667 2.0000586666666664
endloop
endfacet
facet normal -0.337701545014824 0.9412532424882268 0
outer loop
vertex 1.2636693333333333 75.45962666666667 0
vertex 1.2636693333333333 75.45962666666667 2.0000586666666664
vertex 1.3817439999999999 75.50198933333333 2.0000586666666664
endloop
endfacet
facet normal -0.337701545014824 0.9412532424882268 0
outer loop
vertex 1.2636693333333333 75.45962666666667 0
vertex 1.3817439999999999 75.50198933333333 2.0000586666666664
vertex 1.3817439999999999 75.50198933333333 0
endloop
endfacet
facet normal -0.03224129401100265 0.9994801143396982 0
outer loop
vertex 6.000176 79.59990133333334 2.0000586666666664
vertex 6.000176 79.59990133333334 0
vertex 5.87444 79.59584533333333 0
endloop
endfacet
facet normal -0.03224129401100265 0.9994801143396982 0
outer loop
vertex 6.000176 79.59990133333334 2.0000586666666664
vertex 5.87444 79.59584533333333 0
vertex 5.87444 79.59584533333333 2.0000586666666664
endloop
endfacet
facet normal -0.9757631698281518 0.2188292402923275 0
outer loop
vertex 4.06276 78.09737866666667 2.0000586666666664
vertex 4.06276 78.09737866666667 0
vertex 4.035269333333333 77.97479733333333 0
endloop
endfacet
facet normal -0.9757631698281518 0.2188292402923275 0
outer loop
vertex 4.06276 78.09737866666667 2.0000586666666664
vertex 4.035269333333333 77.97479733333333 0
vertex 4.035269333333333 77.97479733333333 2.0000586666666664
endloop
endfacet
facet normal -0.9953167353092093 0.09666745270988351 0
outer loop
vertex 4.0158906666666665 77.850864 0
vertex 4.0037226666666665 77.72557866666666 0
vertex 4.0037226666666665 77.72557866666666 2.0000586666666664
endloop
endfacet
facet normal -0.9953167353092093 0.09666745270988351 0
outer loop
vertex 4.0158906666666665 77.850864 0
vertex 4.0037226666666665 77.72557866666666 2.0000586666666664
vertex 4.0158906666666665 77.850864 2.0000586666666664
endloop
endfacet
facet normal -0.9879949032266911 0.1544864757772713 0
outer loop
vertex 4.0158906666666665 77.850864 0
vertex 4.0158906666666665 77.850864 2.0000586666666664
vertex 4.035269333333333 77.97479733333333 2.0000586666666664
endloop
endfacet
facet normal -0.9879949032266911 0.1544864757772713 0
outer loop
vertex 4.0158906666666665 77.850864 0
vertex 4.035269333333333 77.97479733333333 2.0000586666666664
vertex 4.035269333333333 77.97479733333333 0
endloop
endfacet
facet normal -0.27944965314157616 0.9601603466916621 0
outer loop
vertex 5.5026399999999995 79.53725866666666 2.0000586666666664
vertex 5.5026399999999995 79.53725866666666 0
vertex 5.381861333333333 79.50210666666666 0
endloop
endfacet
facet normal -0.27944965314157616 0.9601603466916621 0
outer loop
vertex 5.5026399999999995 79.53725866666666 2.0000586666666664
vertex 5.381861333333333 79.50210666666666 0
vertex 5.381861333333333 79.50210666666666 2.0000586666666664
endloop
endfacet
facet normal -0.21882924029233067 0.9757631698281513 0
outer loop
vertex 5.625221333333333 79.56474933333332 0
vertex 5.5026399999999995 79.53725866666666 0
vertex 5.5026399999999995 79.53725866666666 2.0000586666666664
endloop
endfacet
facet normal -0.21882924029233067 0.9757631698281513 0
outer loop
vertex 5.625221333333333 79.56474933333332 0
vertex 5.5026399999999995 79.53725866666666 2.0000586666666664
vertex 5.625221333333333 79.56474933333332 2.0000586666666664
endloop
endfacet
facet normal -0.093118813305841 0.995655003808303 0
outer loop
vertex 5.87444 79.59584533333333 2.0000586666666664
vertex 5.87444 79.59584533333333 0
vertex 5.749154666666667 79.58412799999999 0
endloop
endfacet
facet normal -0.093118813305841 0.995655003808303 0
outer loop
vertex 5.87444 79.59584533333333 2.0000586666666664
vertex 5.749154666666667 79.58412799999999 0
vertex 5.749154666666667 79.58412799999999 2.0000586666666664
endloop
endfacet
facet normal -0.15448647577727645 0.9879949032266903 0
outer loop
vertex 5.749154666666667 79.58412799999999 2.0000586666666664
vertex 5.749154666666667 79.58412799999999 0
vertex 5.625221333333333 79.56474933333332 0
endloop
endfacet
facet normal -0.15448647577727645 0.9879949032266903 0
outer loop
vertex 5.749154666666667 79.58412799999999 2.0000586666666664
vertex 5.625221333333333 79.56474933333332 0
vertex 5.625221333333333 79.56474933333332 2.0000586666666664
endloop
endfacet
facet normal -0.6136921247516677 0.7895454236570455 0
outer loop
vertex 4.824386666666666 79.21818666666667 2.0000586666666664
vertex 4.824386666666666 79.21818666666667 0
vertex 4.725239999999999 79.14112266666666 0
endloop
endfacet
facet normal -0.6136921247516677 0.7895454236570455 0
outer loop
vertex 4.824386666666666 79.21818666666667 2.0000586666666664
vertex 4.725239999999999 79.14112266666666 0
vertex 4.725239999999999 79.14112266666666 2.0000586666666664
endloop
endfacet
facet normal -0.9601603466916545 0.27944965314160225 0
outer loop
vertex 4.097912 78.21815733333334 2.0000586666666664
vertex 4.097912 78.21815733333334 0
vertex 4.06276 78.09737866666667 0
endloop
endfacet
facet normal -0.9601603466916545 0.27944965314160225 0
outer loop
vertex 4.097912 78.21815733333334 2.0000586666666664
vertex 4.06276 78.09737866666667 0
vertex 4.06276 78.09737866666667 2.0000586666666664
endloop
endfacet
facet normal -0.8900788803394596 0.4558065233996264 0
outer loop
vertex 4.247533333333333 78.563368 0
vertex 4.190298666666666 78.45160266666666 0
vertex 4.190298666666666 78.45160266666666 2.0000586666666664
endloop
endfacet
facet normal -0.8900788803394596 0.4558065233996264 0
outer loop
vertex 4.247533333333333 78.563368 0
vertex 4.190298666666666 78.45160266666666 2.0000586666666664
vertex 4.247533333333333 78.563368 2.0000586666666664
endloop
endfacet
facet normal -0.8606408302847027 0.5092124912517932 0
outer loop
vertex 4.247533333333333 78.563368 0
vertex 4.247533333333333 78.563368 2.0000586666666664
vertex 4.311528 78.671528 2.0000586666666664
endloop
endfacet
facet normal -0.8606408302847027 0.5092124912517932 0
outer loop
vertex 4.247533333333333 78.563368 0
vertex 4.311528 78.671528 2.0000586666666664
vertex 4.311528 78.671528 0
endloop
endfacet
facet normal -0.9174684373226012 0.3978085802453541 0
outer loop
vertex 4.1402746666666665 78.336232 0
vertex 4.1402746666666665 78.336232 2.0000586666666664
vertex 4.190298666666666 78.45160266666666 2.0000586666666664
endloop
endfacet
facet normal -0.9174684373226012 0.3978085802453541 0
outer loop
vertex 4.1402746666666665 78.336232 0
vertex 4.190298666666666 78.45160266666666 2.0000586666666664
vertex 4.190298666666666 78.45160266666666 0
endloop
endfacet
facet normal -0.9412532424882077 0.3377015450148773 0
outer loop
vertex 4.1402746666666665 78.336232 0
vertex 4.097912 78.21815733333334 0
vertex 4.097912 78.21815733333334 2.0000586666666664
endloop
endfacet
facet normal -0.9412532424882077 0.3377015450148773 0
outer loop
vertex 4.1402746666666665 78.336232 0
vertex 4.097912 78.21815733333334 2.0000586666666664
vertex 4.1402746666666665 78.336232 2.0000586666666664
endloop
endfacet
facet normal -0.6628057618449875 0.7487913741924954 0
outer loop
vertex 4.725239999999999 79.14112266666666 2.0000586666666664
vertex 4.725239999999999 79.14112266666666 0
vertex 4.631050666666667 79.05774933333333 0
endloop
endfacet
facet normal -0.6628057618449875 0.7487913741924954 0
outer loop
vertex 4.725239999999999 79.14112266666666 2.0000586666666664
vertex 4.631050666666667 79.05774933333333 0
vertex 4.631050666666667 79.05774933333333 2.0000586666666664
endloop
endfacet
facet normal -0.748791374192471 0.6628057618450153 0
outer loop
vertex 4.5422693333333335 78.968968 0
vertex 4.458896 78.87477866666667 0
vertex 4.458896 78.87477866666667 2.0000586666666664
endloop
endfacet
facet normal -0.748791374192471 0.6628057618450153 0
outer loop
vertex 4.5422693333333335 78.968968 0
vertex 4.458896 78.87477866666667 2.0000586666666664
vertex 4.5422693333333335 78.968968 2.0000586666666664
endloop
endfacet
facet normal -0.5596576869073566 0.828723882535979 0
outer loop
vertex 4.928490666666667 79.28849066666666 0
vertex 4.824386666666666 79.21818666666667 0
vertex 4.824386666666666 79.21818666666667 2.0000586666666664
endloop
endfacet
facet normal -0.5596576869073566 0.828723882535979 0
outer loop
vertex 4.928490666666667 79.28849066666666 0
vertex 4.824386666666666 79.21818666666667 2.0000586666666664
vertex 4.928490666666667 79.28849066666666 2.0000586666666664
endloop
endfacet
facet normal -0.4558065233995902 0.8900788803394779 0
outer loop
vertex 5.148416 79.40972 2.0000586666666664
vertex 5.148416 79.40972 0
vertex 5.036650666666667 79.35248533333333 0
endloop
endfacet
facet normal -0.4558065233995902 0.8900788803394779 0
outer loop
vertex 5.148416 79.40972 2.0000586666666664
vertex 5.036650666666667 79.35248533333333 0
vertex 5.036650666666667 79.35248533333333 2.0000586666666664
endloop
endfacet
facet normal -0.5092124912518237 0.8606408302846846 0
outer loop
vertex 5.036650666666667 79.35248533333333 2.0000586666666664
vertex 5.036650666666667 79.35248533333333 0
vertex 4.928490666666667 79.28849066666666 0
endloop
endfacet
facet normal -0.5092124912518237 0.8606408302846846 0
outer loop
vertex 5.036650666666667 79.35248533333333 2.0000586666666664
vertex 4.928490666666667 79.28849066666666 0
vertex 4.928490666666667 79.28849066666666 2.0000586666666664
endloop
endfacet
facet normal -0.789545423657081 0.6136921247516222 0
outer loop
vertex 4.458896 78.87477866666667 2.0000586666666664
vertex 4.458896 78.87477866666667 0
vertex 4.381832 78.775632 0
endloop
endfacet
facet normal -0.789545423657081 0.6136921247516222 0
outer loop
vertex 4.458896 78.87477866666667 2.0000586666666664
vertex 4.381832 78.775632 0
vertex 4.381832 78.775632 2.0000586666666664
endloop
endfacet
facet normal -0.8287238825359683 0.5596576869073727 0
outer loop
vertex 4.381832 78.775632 2.0000586666666664
vertex 4.381832 78.775632 0
vertex 4.311528 78.671528 0
endloop
endfacet
facet normal -0.8287238825359683 0.5596576869073727 0
outer loop
vertex 4.381832 78.775632 2.0000586666666664
vertex 4.311528 78.671528 0
vertex 4.311528 78.671528 2.0000586666666664
endloop
endfacet
facet normal -0.39780858024539983 0.9174684373225813 0
outer loop
vertex 5.263786666666666 79.459744 0
vertex 5.148416 79.40972 0
vertex 5.148416 79.40972 2.0000586666666664
endloop
endfacet
facet normal -0.39780858024539983 0.9174684373225813 0
outer loop
vertex 5.263786666666666 79.459744 0
vertex 5.148416 79.40972 2.0000586666666664
vertex 5.263786666666666 79.459744 2.0000586666666664
endloop
endfacet
facet normal -0.33770154501482347 0.9412532424882272 0
outer loop
vertex 5.263786666666666 79.459744 0
vertex 5.263786666666666 79.459744 2.0000586666666664
vertex 5.381861333333333 79.50210666666666 2.0000586666666664
endloop
endfacet
facet normal -0.33770154501482347 0.9412532424882272 0
outer loop
vertex 5.263786666666666 79.459744 0
vertex 5.381861333333333 79.50210666666666 2.0000586666666664
vertex 5.381861333333333 79.50210666666666 0
endloop
endfacet
facet normal 0.9994744831937129 0.032415388644126235 0.000004869368881801883
outer loop
vertex 5.5003866666666665 3.4859066666666667 1.0000293333333332
vertex 5.501288 3.457965333333333 2.0000586666666664
vertex 5.503992 3.374592 2.0000586666666664
endloop
endfacet
facet normal 0.9994758995332553 0.032371689053711745 0
outer loop
vertex 5.5003866666666665 3.4859066666666667 1.0000293333333332
vertex 5.503992 3.374592 2.0000586666666664
vertex 5.503992 3.374592 0
endloop
endfacet
facet normal 0.9994744831937129 0.032415388644126235 -0.000004869368881801883
outer loop
vertex 5.5003866666666665 3.4859066666666667 1.0000293333333332
vertex 5.503992 3.374592 0
vertex 5.501288 3.457965333333333 0
endloop
endfacet
facet normal 0.9994801143396996 0.03224129401095848 -1.551259866662358e-16
outer loop
vertex 5.5003866666666665 3.4859066666666667 1.0000293333333332
vertex 5.501288 3.457965333333333 0
vertex 5.49588 3.6256133333333334 0
endloop
endfacet
facet normal 0.9994801143396996 0.03224129401095959 0
outer loop
vertex 5.5003866666666665 3.4859066666666667 1.0000293333333332
vertex 5.49588 3.6256133333333334 0
vertex 5.49588 3.6256133333333334 2.0000586666666664
endloop
endfacet
facet normal 0.9994801143396996 0.03224129401095848 1.551259866662358e-16
outer loop
vertex 5.5003866666666665 3.4859066666666667 1.0000293333333332
vertex 5.49588 3.6256133333333334 2.0000586666666664
vertex 5.501288 3.457965333333333 2.0000586666666664
endloop
endfacet
facet normal 0.032299117509949515 0.999478247391147 0
outer loop
vertex 3.6256133333333334 5.49588 2.0000586666666664
vertex 3.6256133333333334 5.49588 0
vertex 3.374592 5.503992 0
endloop
endfacet
facet normal 0.032299117509949515 0.999478247391147 0
outer loop
vertex 3.6256133333333334 5.49588 2.0000586666666664
vertex 3.374592 5.503992 0
vertex 3.374592 5.503992 2.0000586666666664
endloop
endfacet
facet normal 0.09345205168127178 0.9956237813735471 0
outer loop
vertex 3.750448 5.484162666666666 0
vertex 3.6256133333333334 5.49588 0
vertex 3.6256133333333334 5.49588 2.0000586666666664
endloop
endfacet
facet normal 0.09345205168127178 0.9956237813735471 0
outer loop
vertex 3.750448 5.484162666666666 0
vertex 3.6256133333333334 5.49588 2.0000586666666664
vertex 3.750448 5.484162666666666 2.0000586666666664
endloop
endfacet
facet normal 0.9956237813735471 0.09345205168127178 0
outer loop
vertex 5.484162666666666 3.750448 2.0000586666666664
vertex 5.49588 3.6256133333333334 2.0000586666666664
vertex 5.49588 3.6256133333333334 0
endloop
endfacet
facet normal 0.9956237813735471 0.09345205168127178 0
outer loop
vertex 5.484162666666666 3.750448 2.0000586666666664
vertex 5.49588 3.6256133333333334 0
vertex 5.484162666666666 3.750448 0
endloop
endfacet
facet normal 0.15394003001830692 0.9880801926756567 0
outer loop
vertex 3.874832 5.464784 2.0000586666666664
vertex 3.874832 5.464784 0
vertex 3.750448 5.484162666666666 0
endloop
endfacet
facet normal 0.15394003001830692 0.9880801926756567 0
outer loop
vertex 3.874832 5.464784 2.0000586666666664
vertex 3.750448 5.484162666666666 0
vertex 3.750448 5.484162666666666 2.0000586666666664
endloop
endfacet
facet normal 0.9601603466916545 0.27944965314160225 0
outer loop
vertex 5.437293333333333 3.9974133333333333 0
vertex 5.402141333333333 4.118192 0
vertex 5.402141333333333 4.118192 2.0000586666666664
endloop
endfacet
facet normal 0.9601603466916545 0.27944965314160225 0
outer loop
vertex 5.437293333333333 3.9974133333333333 0
vertex 5.402141333333333 4.118192 2.0000586666666664
vertex 5.437293333333333 3.9974133333333333 2.0000586666666664
endloop
endfacet
facet normal 0.9880801926756567 0.15394003001830692 0
outer loop
vertex 5.464784 3.874832 2.0000586666666664
vertex 5.484162666666666 3.750448 2.0000586666666664
vertex 5.484162666666666 3.750448 0
endloop
endfacet
facet normal 0.9880801926756567 0.15394003001830692 0
outer loop
vertex 5.464784 3.874832 2.0000586666666664
vertex 5.484162666666666 3.750448 0
vertex 5.464784 3.874832 0
endloop
endfacet
facet normal 0.9757631698281479 0.21882924029234485 0
outer loop
vertex 5.464784 3.874832 2.0000586666666664
vertex 5.464784 3.874832 0
vertex 5.437293333333333 3.9974133333333333 0
endloop
endfacet
facet normal 0.9757631698281479 0.21882924029234485 0
outer loop
vertex 5.464784 3.874832 2.0000586666666664
vertex 5.437293333333333 3.9974133333333333 0
vertex 5.437293333333333 3.9974133333333333 2.0000586666666664
endloop
endfacet
facet normal 0.9187733502125253 0.39478542391944027 0
outer loop
vertex 5.359328 4.236266666666666 0
vertex 5.309754666666667 4.351637333333334 0
vertex 5.309754666666667 4.351637333333334 2.0000586666666664
endloop
endfacet
facet normal 0.9187733502125253 0.39478542391944027 0
outer loop
vertex 5.359328 4.236266666666666 0
vertex 5.309754666666667 4.351637333333334 2.0000586666666664
vertex 5.359328 4.236266666666666 2.0000586666666664
endloop
endfacet
facet normal 0.9401073205733621 0.3408786086048432 0
outer loop
vertex 5.359328 4.236266666666666 0
vertex 5.359328 4.236266666666666 2.0000586666666664
vertex 5.402141333333333 4.118192 2.0000586666666664
endloop
endfacet
facet normal 0.9401073205733621 0.3408786086048432 0
outer loop
vertex 5.359328 4.236266666666666 0
vertex 5.402141333333333 4.118192 2.0000586666666664
vertex 5.402141333333333 4.118192 0
endloop
endfacet
facet normal 0.8900788803394506 0.4558065233996435 0
outer loop
vertex 5.25252 4.463402666666666 0
vertex 5.25252 4.463402666666666 2.0000586666666664
vertex 5.309754666666667 4.351637333333334 2.0000586666666664
endloop
endfacet
facet normal 0.8900788803394506 0.4558065233996435 0
outer loop
vertex 5.25252 4.463402666666666 0
vertex 5.309754666666667 4.351637333333334 2.0000586666666664
vertex 5.309754666666667 4.351637333333334 0
endloop
endfacet
facet normal 0.8606408302847083 0.509212491251784 0
outer loop
vertex 5.25252 4.463402666666666 0
vertex 5.188525333333333 4.571562666666667 0
vertex 5.188525333333333 4.571562666666667 2.0000586666666664
endloop
endfacet
facet normal 0.8606408302847083 0.509212491251784 0
outer loop
vertex 5.25252 4.463402666666666 0
vertex 5.188525333333333 4.571562666666667 2.0000586666666664
vertex 5.25252 4.463402666666666 2.0000586666666664
endloop
endfacet
facet normal 0.7487913741924741 0.6628057618450118 0
outer loop
vertex 4.957784 4.869002666666667 2.0000586666666664
vertex 5.0411573333333335 4.774813333333333 2.0000586666666664
vertex 5.0411573333333335 4.774813333333333 0
endloop
endfacet
facet normal 0.7487913741924741 0.6628057618450118 0
outer loop
vertex 4.957784 4.869002666666667 2.0000586666666664
vertex 5.0411573333333335 4.774813333333333 0
vertex 4.957784 4.869002666666667 0
endloop
endfacet
facet normal 0.7071067811865475 0.7071067811865475 0
outer loop
vertex 4.957784 4.869002666666667 2.0000586666666664
vertex 4.957784 4.869002666666667 0
vertex 4.869002666666667 4.957784 0
endloop
endfacet
facet normal 0.7071067811865475 0.7071067811865475 0
outer loop
vertex 4.957784 4.869002666666667 2.0000586666666664
vertex 4.869002666666667 4.957784 0
vertex 4.869002666666667 4.957784 2.0000586666666664
endloop
endfacet
facet normal 0.8287238825359537 0.559657686907394 0
outer loop
vertex 5.1182213333333335 4.675666666666666 2.0000586666666664
vertex 5.188525333333333 4.571562666666667 2.0000586666666664
vertex 5.188525333333333 4.571562666666667 0
endloop
endfacet
facet normal 0.8287238825359537 0.559657686907394 0
outer loop
vertex 5.1182213333333335 4.675666666666666 2.0000586666666664
vertex 5.188525333333333 4.571562666666667 0
vertex 5.1182213333333335 4.675666666666666 0
endloop
endfacet
facet normal 0.7895454236570729 0.6136921247516324 0
outer loop
vertex 5.1182213333333335 4.675666666666666 2.0000586666666664
vertex 5.1182213333333335 4.675666666666666 0
vertex 5.0411573333333335 4.774813333333333 0
endloop
endfacet
facet normal 0.7895454236570729 0.6136921247516324 0
outer loop
vertex 5.1182213333333335 4.675666666666666 2.0000586666666664
vertex 5.0411573333333335 4.774813333333333 0
vertex 5.0411573333333335 4.774813333333333 2.0000586666666664
endloop
endfacet
facet normal 0.559657686907394 0.8287238825359537 0
outer loop
vertex 4.571562666666667 5.188525333333333 0
vertex 4.571562666666667 5.188525333333333 2.0000586666666664
vertex 4.675666666666666 5.1182213333333335 2.0000586666666664
endloop
endfacet
facet normal 0.559657686907394 0.8287238825359537 0
outer loop
vertex 4.571562666666667 5.188525333333333 0
vertex 4.675666666666666 5.1182213333333335 2.0000586666666664
vertex 4.675666666666666 5.1182213333333335 0
endloop
endfacet
facet normal 0.39478542391944027 0.9187733502125253 0
outer loop
vertex 4.236266666666666 5.359328 2.0000586666666664
vertex 4.351637333333334 5.309754666666667 2.0000586666666664
vertex 4.351637333333334 5.309754666666667 0
endloop
endfacet
facet normal 0.39478542391944027 0.9187733502125253 0
outer loop
vertex 4.236266666666666 5.359328 2.0000586666666664
vertex 4.351637333333334 5.309754666666667 0
vertex 4.236266666666666 5.359328 0
endloop
endfacet
facet normal 0.3408786086048432 0.9401073205733621 0
outer loop
vertex 4.236266666666666 5.359328 2.0000586666666664
vertex 4.236266666666666 5.359328 0
vertex 4.118192 5.402141333333333 0
endloop
endfacet
facet normal 0.3408786086048432 0.9401073205733621 0
outer loop
vertex 4.236266666666666 5.359328 2.0000586666666664
vertex 4.118192 5.402141333333333 0
vertex 4.118192 5.402141333333333 2.0000586666666664
endloop
endfacet
facet normal 0.4558065233996435 0.8900788803394506 0
outer loop
vertex 4.463402666666666 5.25252 2.0000586666666664
vertex 4.463402666666666 5.25252 0
vertex 4.351637333333334 5.309754666666667 0
endloop
endfacet
facet normal 0.4558065233996435 0.8900788803394506 0
outer loop
vertex 4.463402666666666 5.25252 2.0000586666666664
vertex 4.351637333333334 5.309754666666667 0
vertex 4.351637333333334 5.309754666666667 2.0000586666666664
endloop
endfacet
facet normal 0.509212491251784 0.8606408302847083 0
outer loop
vertex 4.463402666666666 5.25252 2.0000586666666664
vertex 4.571562666666667 5.188525333333333 2.0000586666666664
vertex 4.571562666666667 5.188525333333333 0
endloop
endfacet
facet normal 0.509212491251784 0.8606408302847083 0
outer loop
vertex 4.463402666666666 5.25252 2.0000586666666664
vertex 4.571562666666667 5.188525333333333 0
vertex 4.463402666666666 5.25252 0
endloop
endfacet
facet normal 0.21882924029234485 0.9757631698281479 0
outer loop
vertex 3.9974133333333333 5.437293333333333 2.0000586666666664
vertex 3.9974133333333333 5.437293333333333 0
vertex 3.874832 5.464784 0
endloop
endfacet
facet normal 0.21882924029234485 0.9757631698281479 0
outer loop
vertex 3.9974133333333333 5.437293333333333 2.0000586666666664
vertex 3.874832 5.464784 0
vertex 3.874832 5.464784 2.0000586666666664
endloop
endfacet
facet normal 0.27944965314160225 0.9601603466916545 0
outer loop
vertex 3.9974133333333333 5.437293333333333 2.0000586666666664
vertex 4.118192 5.402141333333333 2.0000586666666664
vertex 4.118192 5.402141333333333 0
endloop
endfacet
facet normal 0.27944965314160225 0.9601603466916545 0
outer loop
vertex 3.9974133333333333 5.437293333333333 2.0000586666666664
vertex 4.118192 5.402141333333333 0
vertex 3.9974133333333333 5.437293333333333 0
endloop
endfacet
facet normal 0.6136921247516324 0.7895454236570729 0
outer loop
vertex 4.774813333333333 5.0411573333333335 2.0000586666666664
vertex 4.774813333333333 5.0411573333333335 0
vertex 4.675666666666666 5.1182213333333335 0
endloop
endfacet
facet normal 0.6136921247516324 0.7895454236570729 0
outer loop
vertex 4.774813333333333 5.0411573333333335 2.0000586666666664
vertex 4.675666666666666 5.1182213333333335 0
vertex 4.675666666666666 5.1182213333333335 2.0000586666666664
endloop
endfacet
facet normal 0.6628057618450118 0.7487913741924741 0
outer loop
vertex 4.774813333333333 5.0411573333333335 2.0000586666666664
vertex 4.869002666666667 4.957784 2.0000586666666664
vertex 4.869002666666667 4.957784 0
endloop
endfacet
facet normal 0.6628057618450118 0.7487913741924741 0
outer loop
vertex 4.774813333333333 5.0411573333333335 2.0000586666666664
vertex 4.869002666666667 4.957784 0
vertex 4.774813333333333 5.0411573333333335 0
endloop
endfacet
facet normal -0.9994801143396991 0.03224129401097435 2.3742355438406262e-15
outer loop
vertex 48.09965333333333 3.4859066666666667 1.0000293333333332
vertex 48.098752 3.457965333333333 2.0000586666666664
vertex 48.10416 3.6256133333333334 2.0000586666666664
endloop
endfacet
facet normal -0.9994801143396984 0.03224129401099132 0
outer loop
vertex 48.09965333333333 3.4859066666666667 1.0000293333333332
vertex 48.10416 3.6256133333333334 2.0000586666666664
vertex 48.10416 3.6256133333333334 0
endloop
endfacet
facet normal -0.9994801143396991 0.03224129401097435 -2.3742355438406262e-15
outer loop
vertex 48.09965333333333 3.4859066666666667 1.0000293333333332
vertex 48.10416 3.6256133333333334 0
vertex 48.098752 3.457965333333333 0
endloop
endfacet
facet normal -0.9994744831937125 0.032415388644136865 -0.0000048693688838747345
outer loop
vertex 48.09965333333333 3.4859066666666667 1.0000293333333332
vertex 48.098752 3.457965333333333 0
vertex 48.096047999999996 3.374592 0
endloop
endfacet
facet normal -0.9994758995332556 0.03237168905370377 0
outer loop
vertex 48.09965333333333 3.4859066666666667 1.0000293333333332
vertex 48.096047999999996 3.374592 0
vertex 48.096047999999996 3.374592 2.0000586666666664
endloop
endfacet
facet normal -0.9994744831937125 0.032415388644136865 0.0000048693688838747345
outer loop
vertex 48.09965333333333 3.4859066666666667 1.0000293333333332
vertex 48.096047999999996 3.374592 2.0000586666666664
vertex 48.098752 3.457965333333333 2.0000586666666664
endloop
endfacet
facet normal -0.15448647577726263 0.9879949032266924 0
outer loop
vertex 49.725207999999995 5.464784 0
vertex 49.725207999999995 5.464784 2.0000586666666664
vertex 49.84914133333333 5.484162666666666 2.0000586666666664
endloop
endfacet
facet normal -0.15448647577726263 0.9879949032266924 0
outer loop
vertex 49.725207999999995 5.464784 0
vertex 49.84914133333333 5.484162666666666 2.0000586666666664
vertex 49.84914133333333 5.484162666666666 0
endloop
endfacet
facet normal -0.09311881330580972 0.9956550038083058 0
outer loop
vertex 49.974426666666666 5.49588 0
vertex 49.84914133333333 5.484162666666666 0
vertex 49.84914133333333 5.484162666666666 2.0000586666666664
endloop
endfacet
facet normal -0.09311881330580972 0.9956550038083058 0
outer loop
vertex 49.974426666666666 5.49588 0
vertex 49.84914133333333 5.484162666666666 2.0000586666666664
vertex 49.974426666666666 5.49588 2.0000586666666664
endloop
endfacet
facet normal -0.03229911750994946 0.999478247391147 0
outer loop
vertex 50.225448 5.503992 2.0000586666666664
vertex 50.225448 5.503992 0
vertex 49.974426666666666 5.49588 0
endloop
endfacet
facet normal -0.03229911750994946 0.999478247391147 0
outer loop
vertex 50.225448 5.503992 2.0000586666666664
vertex 49.974426666666666 5.49588 0
vertex 49.974426666666666 5.49588 2.0000586666666664
endloop
endfacet
facet normal -0.6136921247516222 0.789545423657081 0
outer loop
vertex 48.825226666666666 5.0411573333333335 0
vertex 48.825226666666666 5.0411573333333335 2.0000586666666664
vertex 48.924373333333335 5.1182213333333335 2.0000586666666664
endloop
endfacet
facet normal -0.6136921247516222 0.789545423657081 0
outer loop
vertex 48.825226666666666 5.0411573333333335 0
vertex 48.924373333333335 5.1182213333333335 2.0000586666666664
vertex 48.924373333333335 5.1182213333333335 0
endloop
endfacet
facet normal -0.6628057618450153 0.748791374192471 0
outer loop
vertex 48.825226666666666 5.0411573333333335 0
vertex 48.73103733333333 4.957784 0
vertex 48.73103733333333 4.957784 2.0000586666666664
endloop
endfacet
facet normal -0.6628057618450153 0.748791374192471 0
outer loop
vertex 48.825226666666666 5.0411573333333335 0
vertex 48.73103733333333 4.957784 2.0000586666666664
vertex 48.825226666666666 5.0411573333333335 2.0000586666666664
endloop
endfacet
facet normal -0.9880801926756545 0.15394003001832068 0
outer loop
vertex 48.11587733333333 3.750448 2.0000586666666664
vertex 48.135256 3.874832 2.0000586666666664
vertex 48.135256 3.874832 0
endloop
endfacet
facet normal -0.9880801926756545 0.15394003001832068 0
outer loop
vertex 48.11587733333333 3.750448 2.0000586666666664
vertex 48.135256 3.874832 0
vertex 48.11587733333333 3.750448 0
endloop
endfacet
facet normal -0.9956237813735498 0.0934520516812437 0
outer loop
vertex 48.11587733333333 3.750448 2.0000586666666664
vertex 48.11587733333333 3.750448 0
vertex 48.10416 3.6256133333333334 0
endloop
endfacet
facet normal -0.9956237813735498 0.0934520516812437 0
outer loop
vertex 48.11587733333333 3.750448 2.0000586666666664
vertex 48.10416 3.6256133333333334 0
vertex 48.10416 3.6256133333333334 2.0000586666666664
endloop
endfacet
facet normal -0.9412532424882272 0.33770154501482347 0
outer loop
vertex 48.19789866666667 4.118192 2.0000586666666664
vertex 48.24026133333333 4.236266666666666 2.0000586666666664
vertex 48.24026133333333 4.236266666666666 0
endloop
endfacet
facet normal -0.9412532424882272 0.33770154501482347 0
outer loop
vertex 48.19789866666667 4.118192 2.0000586666666664
vertex 48.24026133333333 4.236266666666666 0
vertex 48.19789866666667 4.118192 0
endloop
endfacet
facet normal -0.7071067811865334 0.7071067811865617 0
outer loop
vertex 48.642255999999996 4.869002666666667 2.0000586666666664
vertex 48.73103733333333 4.957784 2.0000586666666664
vertex 48.73103733333333 4.957784 0
endloop
endfacet
facet normal -0.7071067811865334 0.7071067811865617 0
outer loop
vertex 48.642255999999996 4.869002666666667 2.0000586666666664
vertex 48.73103733333333 4.957784 0
vertex 48.642255999999996 4.869002666666667 0
endloop
endfacet
facet normal -0.7487913741924704 0.6628057618450156 0
outer loop
vertex 48.55888266666666 4.774813333333333 0
vertex 48.55888266666666 4.774813333333333 2.0000586666666664
vertex 48.642255999999996 4.869002666666667 2.0000586666666664
endloop
endfacet
facet normal -0.7487913741924704 0.6628057618450156 0
outer loop
vertex 48.55888266666666 4.774813333333333 0
vertex 48.642255999999996 4.869002666666667 2.0000586666666664
vertex 48.642255999999996 4.869002666666667 0
endloop
endfacet
facet normal -0.21882924029235168 0.9757631698281465 0
outer loop
vertex 49.602626666666666 5.437293333333333 2.0000586666666664
vertex 49.725207999999995 5.464784 2.0000586666666664
vertex 49.725207999999995 5.464784 0
endloop
endfacet
facet normal -0.21882924029235168 0.9757631698281465 0
outer loop
vertex 49.602626666666666 5.437293333333333 2.0000586666666664
vertex 49.725207999999995 5.464784 0
vertex 49.602626666666666 5.437293333333333 0
endloop
endfacet
facet normal -0.27944965314160225 0.9601603466916545 0
outer loop
vertex 49.602626666666666 5.437293333333333 2.0000586666666664
vertex 49.602626666666666 5.437293333333333 0
vertex 49.481848 5.402141333333333 0
endloop
endfacet
facet normal -0.27944965314160225 0.9601603466916545 0
outer loop
vertex 49.602626666666666 5.437293333333333 2.0000586666666664
vertex 49.481848 5.402141333333333 0
vertex 49.481848 5.402141333333333 2.0000586666666664
endloop
endfacet
facet normal -0.5092124912517932 0.8606408302847027 0
outer loop
vertex 49.028477333333335 5.188525333333333 2.0000586666666664
vertex 49.13663733333333 5.25252 2.0000586666666664
vertex 49.13663733333333 5.25252 0
endloop
endfacet
facet normal -0.5092124912517932 0.8606408302847027 0
outer loop
vertex 49.028477333333335 5.188525333333333 2.0000586666666664
vertex 49.13663733333333 5.25252 0
vertex 49.028477333333335 5.188525333333333 0
endloop
endfacet
facet normal -0.559657686907394 0.8287238825359537 0
outer loop
vertex 49.028477333333335 5.188525333333333 2.0000586666666664
vertex 49.028477333333335 5.188525333333333 0
vertex 48.924373333333335 5.1182213333333335 0
endloop
endfacet
facet normal -0.559657686907394 0.8287238825359537 0
outer loop
vertex 49.028477333333335 5.188525333333333 2.0000586666666664
vertex 48.924373333333335 5.1182213333333335 0
vertex 48.924373333333335 5.1182213333333335 2.0000586666666664
endloop
endfacet
facet normal -0.4558065233996494 0.8900788803394479 0
outer loop
vertex 49.248402666666664 5.309754666666667 0
vertex 49.13663733333333 5.25252 0
vertex 49.13663733333333 5.25252 2.0000586666666664
endloop
endfacet
facet normal -0.4558065233996494 0.8900788803394479 0
outer loop
vertex 49.248402666666664 5.309754666666667 0
vertex 49.13663733333333 5.25252 2.0000586666666664
vertex 49.248402666666664 5.309754666666667 2.0000586666666664
endloop
endfacet
facet normal -0.9601603466916468 0.2794496531416283 0
outer loop
vertex 48.16274666666666 3.9974133333333333 2.0000586666666664
vertex 48.19789866666667 4.118192 2.0000586666666664
vertex 48.19789866666667 4.118192 0
endloop
endfacet
facet normal -0.9601603466916468 0.2794496531416283 0
outer loop
vertex 48.16274666666666 3.9974133333333333 2.0000586666666664
vertex 48.19789866666667 4.118192 0
vertex 48.16274666666666 3.9974133333333333 0
endloop
endfacet
facet normal -0.9757631698281513 0.21882924029233145 0
outer loop
vertex 48.16274666666666 3.9974133333333333 2.0000586666666664
vertex 48.16274666666666 3.9974133333333333 0
vertex 48.135256 3.874832 0
endloop
endfacet
facet normal -0.9757631698281513 0.21882924029233145 0
outer loop
vertex 48.16274666666666 3.9974133333333333 2.0000586666666664
vertex 48.135256 3.874832 0
vertex 48.135256 3.874832 2.0000586666666664
endloop
endfacet
facet normal -0.7895454236570729 0.6136921247516324 0
outer loop
vertex 48.48181866666666 4.675666666666666 2.0000586666666664
vertex 48.55888266666666 4.774813333333333 2.0000586666666664
vertex 48.55888266666666 4.774813333333333 0
endloop
endfacet
facet normal -0.7895454236570729 0.6136921247516324 0
outer loop
vertex 48.48181866666666 4.675666666666666 2.0000586666666664
vertex 48.55888266666666 4.774813333333333 0
vertex 48.48181866666666 4.675666666666666 0
endloop
endfacet
facet normal -0.8606408302847113 0.5092124912517787 0
outer loop
vertex 48.41151466666666 4.571562666666667 0
vertex 48.347519999999996 4.463402666666666 0
vertex 48.347519999999996 4.463402666666666 2.0000586666666664
endloop
endfacet
facet normal -0.8606408302847113 0.5092124912517787 0
outer loop
vertex 48.41151466666666 4.571562666666667 0
vertex 48.347519999999996 4.463402666666666 2.0000586666666664
vertex 48.41151466666666 4.571562666666667 2.0000586666666664
endloop
endfacet
facet normal -0.8287238825359504 0.5596576869073988 0
outer loop
vertex 48.41151466666666 4.571562666666667 0
vertex 48.41151466666666 4.571562666666667 2.0000586666666664
vertex 48.48181866666666 4.675666666666666 2.0000586666666664
endloop
endfacet
facet normal -0.8287238825359504 0.5596576869073988 0
outer loop
vertex 48.41151466666666 4.571562666666667 0
vertex 48.48181866666666 4.675666666666666 2.0000586666666664
vertex 48.48181866666666 4.675666666666666 0
endloop
endfacet
facet normal -0.8900788803394536 0.45580652339963795 0
outer loop
vertex 48.29028533333333 4.351637333333334 2.0000586666666664
vertex 48.347519999999996 4.463402666666666 2.0000586666666664
vertex 48.347519999999996 4.463402666666666 0
endloop
endfacet
facet normal -0.8900788803394536 0.45580652339963795 0
outer loop
vertex 48.29028533333333 4.351637333333334 2.0000586666666664
vertex 48.347519999999996 4.463402666666666 0
vertex 48.29028533333333 4.351637333333334 0
endloop
endfacet
facet normal -0.9174684373226029 0.39780858024534965 0
outer loop
vertex 48.29028533333333 4.351637333333334 2.0000586666666664
vertex 48.29028533333333 4.351637333333334 0
vertex 48.24026133333333 4.236266666666666 0
endloop
endfacet
facet normal -0.9174684373226029 0.39780858024534965 0
outer loop
vertex 48.29028533333333 4.351637333333334 2.0000586666666664
vertex 48.24026133333333 4.236266666666666 0
vertex 48.24026133333333 4.236266666666666 2.0000586666666664
endloop
endfacet
facet normal -0.39478542391943006 0.9187733502125298 0
outer loop
vertex 49.363773333333334 5.359328 0
vertex 49.248402666666664 5.309754666666667 0
vertex 49.248402666666664 5.309754666666667 2.0000586666666664
endloop
endfacet
facet normal -0.39478542391943006 0.9187733502125298 0
outer loop
vertex 49.363773333333334 5.359328 0
vertex 49.248402666666664 5.309754666666667 2.0000586666666664
vertex 49.363773333333334 5.359328 2.0000586666666664
endloop
endfacet
facet normal -0.34087860860484775 0.9401073205733604 0
outer loop
vertex 49.363773333333334 5.359328 0
vertex 49.363773333333334 5.359328 2.0000586666666664
vertex 49.481848 5.402141333333333 2.0000586666666664
endloop
endfacet
facet normal -0.34087860860484775 0.9401073205733604 0
outer loop
vertex 49.363773333333334 5.359328 0
vertex 49.481848 5.402141333333333 2.0000586666666664
vertex 49.481848 5.402141333333333 0
endloop
endfacet
facet normal 0.09345205168118753 -0.9956237813735551 0
outer loop
vertex 3.6256133333333334 74.10402133333334 2.0000586666666664
vertex 3.6256133333333334 74.10402133333334 0
vertex 3.750448 74.11573866666666 0
endloop
endfacet
facet normal 0.09345205168118753 -0.9956237813735551 0
outer loop
vertex 3.6256133333333334 74.10402133333334 2.0000586666666664
vertex 3.750448 74.11573866666666 0
vertex 3.750448 74.11573866666666 2.0000586666666664
endloop
endfacet
facet normal 0.0322991175099919 -0.9994782473911454 0
outer loop
vertex 3.374592 74.09590933333332 2.0000586666666664
vertex 3.374592 74.09590933333332 0
vertex 3.6256133333333334 74.10402133333334 0
endloop
endfacet
facet normal 0.0322991175099919 -0.9994782473911454 0
outer loop
vertex 3.374592 74.09590933333332 2.0000586666666664
vertex 3.6256133333333334 74.10402133333334 0
vertex 3.6256133333333334 74.10402133333334 2.0000586666666664
endloop
endfacet
facet normal 0.15743228452699967 -0.9875297847602419 0
outer loop
vertex 3.874832 74.13556799999999 2.0000586666666664
vertex 3.750448 74.11573866666666 2.0000586666666664
vertex 3.750448 74.11573866666666 0
endloop
endfacet
facet normal 0.15743228452699967 -0.9875297847602419 0
outer loop
vertex 3.874832 74.13556799999999 2.0000586666666664
vertex 3.750448 74.11573866666666 0
vertex 3.874832 74.13556799999999 0
endloop
endfacet
facet normal 0.45580652339968275 -0.8900788803394306 0
outer loop
vertex 4.351637333333334 74.29014666666666 0
vertex 4.463402666666666 74.34738133333333 0
vertex 4.463402666666666 74.34738133333333 2.0000586666666664
endloop
endfacet
facet normal 0.45580652339968275 -0.8900788803394306 0
outer loop
vertex 4.351637333333334 74.29014666666666 0
vertex 4.463402666666666 74.34738133333333 2.0000586666666664
vertex 4.351637333333334 74.29014666666666 2.0000586666666664
endloop
endfacet
facet normal 0.21882924029233145 -0.9757631698281513 0
outer loop
vertex 3.9974133333333333 74.16305866666666 0
vertex 3.9974133333333333 74.16305866666666 2.0000586666666664
vertex 3.874832 74.13556799999999 2.0000586666666664
endloop
endfacet
facet normal 0.21882924029233145 -0.9757631698281513 0
outer loop
vertex 3.9974133333333333 74.16305866666666 0
vertex 3.874832 74.13556799999999 2.0000586666666664
vertex 3.874832 74.13556799999999 0
endloop
endfacet
facet normal 0.748791374192471 -0.6628057618450153 0
outer loop
vertex 4.957784 74.73089866666666 0
vertex 5.0411573333333335 74.825088 0
vertex 5.0411573333333335 74.825088 2.0000586666666664
endloop
endfacet
facet normal 0.748791374192471 -0.6628057618450153 0
outer loop
vertex 4.957784 74.73089866666666 0
vertex 5.0411573333333335 74.825088 2.0000586666666664
vertex 4.957784 74.73089866666666 2.0000586666666664
endloop
endfacet
facet normal 0.9956237813735476 -0.09345205168126783 0
outer loop
vertex 5.49588 75.974288 2.0000586666666664
vertex 5.484162666666666 75.84945333333333 2.0000586666666664
vertex 5.484162666666666 75.84945333333333 0
endloop
endfacet
facet normal 0.9956237813735476 -0.09345205168126783 0
outer loop
vertex 5.49588 75.974288 2.0000586666666664
vertex 5.484162666666666 75.84945333333333 0
vertex 5.49588 75.974288 0
endloop
endfacet
facet normal 0.9994801143396996 -0.03224129401095857 7.158417926369026e-17
outer loop
vertex 5.5003866666666665 76.11399466666667 1.0000293333333332
vertex 5.501288 76.141936 2.0000586666666664
vertex 5.49588 75.974288 2.0000586666666664
endloop
endfacet
facet normal 0.9994801143396996 -0.03224129401095908 0
outer loop
vertex 5.5003866666666665 76.11399466666667 1.0000293333333332
vertex 5.49588 75.974288 2.0000586666666664
vertex 5.49588 75.974288 0
endloop
endfacet
facet normal 0.9994801143396996 -0.03224129401095857 -7.158417926369026e-17
outer loop
vertex 5.5003866666666665 76.11399466666667 1.0000293333333332
vertex 5.49588 75.974288 0
vertex 5.501288 76.141936 0
endloop
endfacet
facet normal 0.9994801143396994 -0.032241294010966585 -2.958705016519818e-16
outer loop
vertex 5.5003866666666665 76.11399466666667 1.0000293333333332
vertex 5.501288 76.141936 0
vertex 5.503992 76.22576 0
endloop
endfacet
facet normal 0.9994801143396994 -0.032241294010963935 0
outer loop
vertex 5.5003866666666665 76.11399466666667 1.0000293333333332
vertex 5.503992 76.22576 0
vertex 5.503992 76.22576 2.0000586666666664
endloop
endfacet
facet normal 0.9994801143396994 -0.032241294010966585 2.958705016519818e-16
outer loop
vertex 5.5003866666666665 76.11399466666667 1.0000293333333332
vertex 5.503992 76.22576 2.0000586666666664
vertex 5.501288 76.141936 2.0000586666666664
endloop
endfacet
facet normal 0.7071067811865334 -0.7071067811865617 0
outer loop
vertex 4.869002666666667 74.64211733333333 2.0000586666666664
vertex 4.869002666666667 74.64211733333333 0
vertex 4.957784 74.73089866666666 0
endloop
endfacet
facet normal 0.7071067811865334 -0.7071067811865617 0
outer loop
vertex 4.869002666666667 74.64211733333333 2.0000586666666664
vertex 4.957784 74.73089866666666 0
vertex 4.957784 74.73089866666666 2.0000586666666664
endloop
endfacet
facet normal 0.6607897933622636 -0.750571015286533 0
outer loop
vertex 4.774813333333333 74.55919466666667 0
vertex 4.869002666666667 74.64211733333333 0
vertex 4.869002666666667 74.64211733333333 2.0000586666666664
endloop
endfacet
facet normal 0.6607897933622636 -0.750571015286533 0
outer loop
vertex 4.774813333333333 74.55919466666667 0
vertex 4.869002666666667 74.64211733333333 2.0000586666666664
vertex 4.774813333333333 74.55919466666667 2.0000586666666664
endloop
endfacet
facet normal 0.6136921247516677 -0.7895454236570455 0
outer loop
vertex 4.774813333333333 74.55919466666667 0
vertex 4.774813333333333 74.55919466666667 2.0000586666666664
vertex 4.675666666666666 74.48213066666666 2.0000586666666664
endloop
endfacet
facet normal 0.6136921247516677 -0.7895454236570455 0
outer loop
vertex 4.774813333333333 74.55919466666667 0
vertex 4.675666666666666 74.48213066666666 2.0000586666666664
vertex 4.675666666666666 74.48213066666666 0
endloop
endfacet
facet normal 0.3947854239194044 -0.9187733502125407 0
outer loop
vertex 4.236266666666666 74.24057333333333 2.0000586666666664
vertex 4.236266666666666 74.24057333333333 0
vertex 4.351637333333334 74.29014666666666 0
endloop
endfacet
facet normal 0.3947854239194044 -0.9187733502125407 0
outer loop
vertex 4.236266666666666 74.24057333333333 2.0000586666666664
vertex 4.351637333333334 74.29014666666666 0
vertex 4.351637333333334 74.29014666666666 2.0000586666666664
endloop
endfacet
facet normal 0.3408786086048057 -0.9401073205733755 0
outer loop
vertex 4.118192 74.19776 0
vertex 4.236266666666666 74.24057333333333 0
vertex 4.236266666666666 74.24057333333333 2.0000586666666664
endloop
endfacet
facet normal 0.3408786086048057 -0.9401073205733755 0
outer loop
vertex 4.118192 74.19776 0
vertex 4.236266666666666 74.24057333333333 2.0000586666666664
vertex 4.118192 74.19776 2.0000586666666664
endloop
endfacet
facet normal 0.27614179770350733 -0.9611169062924008 0
outer loop
vertex 4.118192 74.19776 0
vertex 4.118192 74.19776 2.0000586666666664
vertex 3.9974133333333333 74.16305866666666 2.0000586666666664
endloop
endfacet
facet normal 0.27614179770350733 -0.9611169062924008 0
outer loop
vertex 4.118192 74.19776 0
vertex 3.9974133333333333 74.16305866666666 2.0000586666666664
vertex 3.9974133333333333 74.16305866666666 0
endloop
endfacet
facet normal 0.8606408302847027 -0.5092124912517932 0
outer loop
vertex 5.25252 75.13649866666667 2.0000586666666664
vertex 5.188525333333333 75.02833866666667 2.0000586666666664
vertex 5.188525333333333 75.02833866666667 0
endloop
endfacet
facet normal 0.8606408302847027 -0.5092124912517932 0
outer loop
vertex 5.25252 75.13649866666667 2.0000586666666664
vertex 5.188525333333333 75.02833866666667 0
vertex 5.25252 75.13649866666667 0
endloop
endfacet
facet normal 0.9880801926756551 -0.15394003001831655 0
outer loop
vertex 5.464784 75.72506933333334 2.0000586666666664
vertex 5.464784 75.72506933333334 0
vertex 5.484162666666666 75.84945333333333 0
endloop
endfacet
facet normal 0.9880801926756551 -0.15394003001831655 0
outer loop
vertex 5.464784 75.72506933333334 2.0000586666666664
vertex 5.484162666666666 75.84945333333333 0
vertex 5.484162666666666 75.84945333333333 2.0000586666666664
endloop
endfacet
facet normal 0.789545423657081 -0.6136921247516222 0
outer loop
vertex 5.1182213333333335 74.92423466666666 2.0000586666666664
vertex 5.0411573333333335 74.825088 2.0000586666666664
vertex 5.0411573333333335 74.825088 0
endloop
endfacet
facet normal 0.789545423657081 -0.6136921247516222 0
outer loop
vertex 5.1182213333333335 74.92423466666666 2.0000586666666664
vertex 5.0411573333333335 74.825088 0
vertex 5.1182213333333335 74.92423466666666 0
endloop
endfacet
facet normal 0.8287238825359715 -0.5596576869073678 0
outer loop
vertex 5.1182213333333335 74.92423466666666 2.0000586666666664
vertex 5.1182213333333335 74.92423466666666 0
vertex 5.188525333333333 75.02833866666667 0
endloop
endfacet
facet normal 0.8287238825359715 -0.5596576869073678 0
outer loop
vertex 5.1182213333333335 74.92423466666666 2.0000586666666664
vertex 5.188525333333333 75.02833866666667 0
vertex 5.188525333333333 75.02833866666667 2.0000586666666664
endloop
endfacet
facet normal 0.5621141443177728 -0.8270596645695508 0
outer loop
vertex 4.571562666666667 74.411376 0
vertex 4.675666666666666 74.48213066666666 0
vertex 4.675666666666666 74.48213066666666 2.0000586666666664
endloop
endfacet
facet normal 0.5621141443177728 -0.8270596645695508 0
outer loop
vertex 4.571562666666667 74.411376 0
vertex 4.675666666666666 74.48213066666666 2.0000586666666664
vertex 4.571562666666667 74.411376 2.0000586666666664
endloop
endfacet
facet normal 0.5092124912518206 -0.8606408302846864 0
outer loop
vertex 4.571562666666667 74.411376 0
vertex 4.571562666666667 74.411376 2.0000586666666664
vertex 4.463402666666666 74.34738133333333 2.0000586666666664
endloop
endfacet
facet normal 0.5092124912518206 -0.8606408302846864 0
outer loop
vertex 4.571562666666667 74.411376 0
vertex 4.463402666666666 74.34738133333333 2.0000586666666664
vertex 4.463402666666666 74.34738133333333 0
endloop
endfacet
facet normal 0.940522162010561 -0.33973233988977275 0
outer loop
vertex 5.359328 75.36363466666667 0
vertex 5.402141333333333 75.48216 0
vertex 5.402141333333333 75.48216 2.0000586666666664
endloop
endfacet
facet normal 0.940522162010561 -0.33973233988977275 0
outer loop
vertex 5.359328 75.36363466666667 0
vertex 5.402141333333333 75.48216 2.0000586666666664
vertex 5.359328 75.36363466666667 2.0000586666666664
endloop
endfacet
facet normal 0.9757631698281518 -0.2188292402923275 0
outer loop
vertex 5.437293333333333 75.602488 2.0000586666666664
vertex 5.437293333333333 75.602488 0
vertex 5.464784 75.72506933333334 0
endloop
endfacet
facet normal 0.9757631698281518 -0.2188292402923275 0
outer loop
vertex 5.437293333333333 75.602488 2.0000586666666664
vertex 5.464784 75.72506933333334 0
vertex 5.464784 75.72506933333334 2.0000586666666664
endloop
endfacet
facet normal 0.9598791168900002 -0.28041412403528 0
outer loop
vertex 5.437293333333333 75.602488 2.0000586666666664
vertex 5.402141333333333 75.48216 2.0000586666666664
vertex 5.402141333333333 75.48216 0
endloop
endfacet
facet normal 0.9598791168900002 -0.28041412403528 0
outer loop
vertex 5.437293333333333 75.602488 2.0000586666666664
vertex 5.402141333333333 75.48216 0
vertex 5.437293333333333 75.602488 0
endloop
endfacet
facet normal 0.9187733502125387 -0.3947854239194095 0
outer loop
vertex 5.309754666666667 75.24826399999999 0
vertex 5.359328 75.36363466666667 0
vertex 5.359328 75.36363466666667 2.0000586666666664
endloop
endfacet
facet normal 0.9187733502125387 -0.3947854239194095 0
outer loop
vertex 5.309754666666667 75.24826399999999 0
vertex 5.359328 75.36363466666667 2.0000586666666664
vertex 5.309754666666667 75.24826399999999 2.0000586666666664
endloop
endfacet
facet normal 0.8900788803394362 -0.45580652339967237 0
outer loop
vertex 5.309754666666667 75.24826399999999 0
vertex 5.309754666666667 75.24826399999999 2.0000586666666664
vertex 5.25252 75.13649866666667 2.0000586666666664
endloop
endfacet
facet normal 0.8900788803394362 -0.45580652339967237 0
outer loop
vertex 5.309754666666667 75.24826399999999 0
vertex 5.25252 75.13649866666667 2.0000586666666664
vertex 5.25252 75.13649866666667 0
endloop
endfacet
facet normal -0.03229911750999184 -0.9994782473911454 0
outer loop
vertex 49.974426666666666 74.10402133333334 2.0000586666666664
vertex 49.974426666666666 74.10402133333334 0
vertex 50.225448 74.09590933333332 0
endloop
endfacet
facet normal -0.03229911750999184 -0.9994782473911454 0
outer loop
vertex 49.974426666666666 74.10402133333334 2.0000586666666664
vertex 50.225448 74.09590933333332 0
vertex 50.225448 74.09590933333332 2.0000586666666664
endloop
endfacet
facet normal -0.999480114339699 -0.03224129401097716 2.3671256027852973e-15
outer loop
vertex 48.09965333333333 76.11399466666667 1.0000293333333332
vertex 48.098752 76.141936 2.0000586666666664
vertex 48.096047999999996 76.22576 2.0000586666666664
endloop
endfacet
facet normal -0.9994801143396997 -0.032241294010956004 0
outer loop
vertex 48.09965333333333 76.11399466666667 1.0000293333333332
vertex 48.096047999999996 76.22576 2.0000586666666664
vertex 48.096047999999996 76.22576 0
endloop
endfacet
facet normal -0.999480114339699 -0.03224129401097716 -2.3671256027852973e-15
outer loop
vertex 48.09965333333333 76.11399466666667 1.0000293333333332
vertex 48.096047999999996 76.22576 0
vertex 48.098752 76.141936 0
endloop
endfacet
facet normal -0.9994801143396991 -0.03224129401097443 -2.290693736438087e-15
outer loop
vertex 48.09965333333333 76.11399466666667 1.0000293333333332
vertex 48.098752 76.141936 0
vertex 48.10416 75.974288 0
endloop
endfacet
facet normal -0.9994801143396984 -0.03224129401099081 0
outer loop
vertex 48.09965333333333 76.11399466666667 1.0000293333333332
vertex 48.10416 75.974288 0
vertex 48.10416 75.974288 2.0000586666666664
endloop
endfacet
facet normal -0.9994801143396991 -0.03224129401097443 2.290693736438087e-15
outer loop
vertex 48.09965333333333 76.11399466666667 1.0000293333333332
vertex 48.10416 75.974288 2.0000586666666664
vertex 48.098752 76.141936 2.0000586666666664
endloop
endfacet
facet normal -0.9956237813735502 -0.09345205168123974 0
outer loop
vertex 48.11587733333333 75.84945333333333 0
vertex 48.11587733333333 75.84945333333333 2.0000586666666664
vertex 48.10416 75.974288 2.0000586666666664
endloop
endfacet
facet normal -0.9956237813735502 -0.09345205168123974 0
outer loop
vertex 48.11587733333333 75.84945333333333 0
vertex 48.10416 75.974288 2.0000586666666664
vertex 48.10416 75.974288 0
endloop
endfacet
facet normal -0.27614179770350733 -0.9611169062924008 0
outer loop
vertex 49.602626666666666 74.16305866666666 0
vertex 49.602626666666666 74.16305866666666 2.0000586666666664
vertex 49.481848 74.19776 2.0000586666666664
endloop
endfacet
facet normal -0.27614179770350733 -0.9611169062924008 0
outer loop
vertex 49.602626666666666 74.16305866666666 0
vertex 49.481848 74.19776 2.0000586666666664
vertex 49.481848 74.19776 0
endloop
endfacet
facet normal -0.21882924029233822 -0.9757631698281496 0
outer loop
vertex 49.725207999999995 74.13556799999999 2.0000586666666664
vertex 49.602626666666666 74.16305866666666 2.0000586666666664
vertex 49.602626666666666 74.16305866666666 0
endloop
endfacet
facet normal -0.21882924029233822 -0.9757631698281496 0
outer loop
vertex 49.725207999999995 74.13556799999999 2.0000586666666664
vertex 49.602626666666666 74.16305866666666 0
vertex 49.725207999999995 74.13556799999999 0
endloop
endfacet
facet normal -0.09311881330572576 -0.9956550038083137 0
outer loop
vertex 49.84914133333333 74.11573866666666 0
vertex 49.974426666666666 74.10402133333334 0
vertex 49.974426666666666 74.10402133333334 2.0000586666666664
endloop
endfacet
facet normal -0.09311881330572576 -0.9956550038083137 0
outer loop
vertex 49.84914133333333 74.11573866666666 0
vertex 49.974426666666666 74.10402133333334 2.0000586666666664
vertex 49.84914133333333 74.11573866666666 2.0000586666666664
endloop
endfacet
facet normal -0.15799050110667728 -0.9874406319167047 0
outer loop
vertex 49.84914133333333 74.11573866666666 0
vertex 49.84914133333333 74.11573866666666 2.0000586666666664
vertex 49.725207999999995 74.13556799999999 2.0000586666666664
endloop
endfacet
facet normal -0.15799050110667728 -0.9874406319167047 0
outer loop
vertex 49.84914133333333 74.11573866666666 0
vertex 49.725207999999995 74.13556799999999 2.0000586666666664
vertex 49.725207999999995 74.13556799999999 0
endloop
endfacet
facet normal -0.9598791168899925 -0.28041412403530613 0
outer loop
vertex 48.19789866666667 75.48216 0
vertex 48.19789866666667 75.48216 2.0000586666666664
vertex 48.16274666666666 75.602488 2.0000586666666664
endloop
endfacet
facet normal -0.9598791168899925 -0.28041412403530613 0
outer loop
vertex 48.19789866666667 75.48216 0
vertex 48.16274666666666 75.602488 2.0000586666666664
vertex 48.16274666666666 75.602488 0
endloop
endfacet
facet normal -0.8287238825359683 -0.5596576869073727 0
outer loop
vertex 48.48181866666666 74.92423466666666 2.0000586666666664
vertex 48.41151466666666 75.02833866666667 2.0000586666666664
vertex 48.41151466666666 75.02833866666667 0
endloop
endfacet
facet normal -0.8287238825359683 -0.5596576869073727 0
outer loop
vertex 48.48181866666666 74.92423466666666 2.0000586666666664
vertex 48.41151466666666 75.02833866666667 0
vertex 48.48181866666666 74.92423466666666 0
endloop
endfacet
facet normal -0.789545423657081 -0.6136921247516222 0
outer loop
vertex 48.48181866666666 74.92423466666666 2.0000586666666664
vertex 48.48181866666666 74.92423466666666 0
vertex 48.55888266666666 74.825088 0
endloop
endfacet
facet normal -0.789545423657081 -0.6136921247516222 0
outer loop
vertex 48.48181866666666 74.92423466666666 2.0000586666666664
vertex 48.55888266666666 74.825088 0
vertex 48.55888266666666 74.825088 2.0000586666666664
endloop
endfacet
facet normal -0.4558065233996885 -0.8900788803394276 0
outer loop
vertex 49.13663733333333 74.34738133333333 0
vertex 49.248402666666664 74.29014666666666 0
vertex 49.248402666666664 74.29014666666666 2.0000586666666664
endloop
endfacet
facet normal -0.4558065233996885 -0.8900788803394276 0
outer loop
vertex 49.13663733333333 74.34738133333333 0
vertex 49.248402666666664 74.29014666666666 2.0000586666666664
vertex 49.13663733333333 74.34738133333333 2.0000586666666664
endloop
endfacet
facet normal -0.5092124912518299 -0.860640830284681 0
outer loop
vertex 49.13663733333333 74.34738133333333 0
vertex 49.13663733333333 74.34738133333333 2.0000586666666664
vertex 49.028477333333335 74.411376 2.0000586666666664
endloop
endfacet
facet normal -0.5092124912518299 -0.860640830284681 0
outer loop
vertex 49.13663733333333 74.34738133333333 0
vertex 49.028477333333335 74.411376 2.0000586666666664
vertex 49.028477333333335 74.411376 0
endloop
endfacet
facet normal -0.7487913741924673 -0.6628057618450192 0
outer loop
vertex 48.642255999999996 74.73089866666666 2.0000586666666664
vertex 48.55888266666666 74.825088 2.0000586666666664
vertex 48.55888266666666 74.825088 0
endloop
endfacet
facet normal -0.7487913741924673 -0.6628057618450192 0
outer loop
vertex 48.642255999999996 74.73089866666666 2.0000586666666664
vertex 48.55888266666666 74.825088 0
vertex 48.642255999999996 74.73089866666666 0
endloop
endfacet
facet normal -0.6607897933622671 -0.7505710152865299 0
outer loop
vertex 48.73103733333333 74.64211733333333 0
vertex 48.825226666666666 74.55919466666667 0
vertex 48.825226666666666 74.55919466666667 2.0000586666666664
endloop
endfacet
facet normal -0.6607897933622671 -0.7505710152865299 0
outer loop
vertex 48.73103733333333 74.64211733333333 0
vertex 48.825226666666666 74.55919466666667 2.0000586666666664
vertex 48.73103733333333 74.64211733333333 2.0000586666666664
endloop
endfacet
facet normal -0.7071067811865193 -0.7071067811865758 0
outer loop
vertex 48.73103733333333 74.64211733333333 0
vertex 48.73103733333333 74.64211733333333 2.0000586666666664
vertex 48.642255999999996 74.73089866666666 2.0000586666666664
endloop
endfacet
facet normal -0.7071067811865193 -0.7071067811865758 0
outer loop
vertex 48.73103733333333 74.64211733333333 0
vertex 48.642255999999996 74.73089866666666 2.0000586666666664
vertex 48.642255999999996 74.73089866666666 0
endloop
endfacet
facet normal -0.6136921247516574 -0.7895454236570535 0
outer loop
vertex 48.924373333333335 74.48213066666666 2.0000586666666664
vertex 48.825226666666666 74.55919466666667 2.0000586666666664
vertex 48.825226666666666 74.55919466666667 0
endloop
endfacet
facet normal -0.6136921247516574 -0.7895454236570535 0
outer loop
vertex 48.924373333333335 74.48213066666666 2.0000586666666664
vertex 48.825226666666666 74.55919466666667 0
vertex 48.924373333333335 74.48213066666666 0
endloop
endfacet
facet normal -0.5621141443177728 -0.8270596645695508 0
outer loop
vertex 48.924373333333335 74.48213066666666 2.0000586666666664
vertex 48.924373333333335 74.48213066666666 0
vertex 49.028477333333335 74.411376 0
endloop
endfacet
facet normal -0.5621141443177728 -0.8270596645695508 0
outer loop
vertex 48.924373333333335 74.48213066666666 2.0000586666666664
vertex 49.028477333333335 74.411376 0
vertex 49.028477333333335 74.411376 2.0000586666666664
endloop
endfacet
facet normal -0.3947854239193942 -0.9187733502125452 0
outer loop
vertex 49.363773333333334 74.24057333333333 2.0000586666666664
vertex 49.248402666666664 74.29014666666666 2.0000586666666664
vertex 49.248402666666664 74.29014666666666 0
endloop
endfacet
facet normal -0.3947854239193942 -0.9187733502125452 0
outer loop
vertex 49.363773333333334 74.24057333333333 2.0000586666666664
vertex 49.248402666666664 74.29014666666666 0
vertex 49.363773333333334 74.24057333333333 0
endloop
endfacet
facet normal -0.34087860860481023 -0.9401073205733739 0
outer loop
vertex 49.363773333333334 74.24057333333333 2.0000586666666664
vertex 49.363773333333334 74.24057333333333 0
vertex 49.481848 74.19776 0
endloop
endfacet
facet normal -0.34087860860481023 -0.9401073205733739 0
outer loop
vertex 49.363773333333334 74.24057333333333 2.0000586666666664
vertex 49.481848 74.19776 0
vertex 49.481848 74.19776 2.0000586666666664
endloop
endfacet
facet normal -0.9757631698281549 -0.21882924029231404 0
outer loop
vertex 48.135256 75.72506933333334 0
vertex 48.16274666666666 75.602488 0
vertex 48.16274666666666 75.602488 2.0000586666666664
endloop
endfacet
facet normal -0.9757631698281549 -0.21882924029231404 0
outer loop
vertex 48.135256 75.72506933333334 0
vertex 48.16274666666666 75.602488 2.0000586666666664
vertex 48.135256 75.72506933333334 2.0000586666666664
endloop
endfacet
facet normal -0.9880801926756531 -0.15394003001833037 0
outer loop
vertex 48.135256 75.72506933333334 0
vertex 48.135256 75.72506933333334 2.0000586666666664
vertex 48.11587733333333 75.84945333333333 2.0000586666666664
endloop
endfacet
facet normal -0.9880801926756531 -0.15394003001833037 0
outer loop
vertex 48.135256 75.72506933333334 0
vertex 48.11587733333333 75.84945333333333 2.0000586666666664
vertex 48.11587733333333 75.84945333333333 0
endloop
endfacet
facet normal -0.9174684373226164 -0.3978085802453188 0
outer loop
vertex 48.24026133333333 75.36363466666667 0
vertex 48.29028533333333 75.24826399999999 0
vertex 48.29028533333333 75.24826399999999 2.0000586666666664
endloop
endfacet
facet normal -0.9174684373226164 -0.3978085802453188 0
outer loop
vertex 48.24026133333333 75.36363466666667 0
vertex 48.29028533333333 75.24826399999999 2.0000586666666664
vertex 48.24026133333333 75.36363466666667 2.0000586666666664
endloop
endfacet
facet normal -0.941660878407108 -0.3365632036892239 0
outer loop
vertex 48.24026133333333 75.36363466666667 0
vertex 48.24026133333333 75.36363466666667 2.0000586666666664
vertex 48.19789866666667 75.48216 2.0000586666666664
endloop
endfacet
facet normal -0.941660878407108 -0.3365632036892239 0
outer loop
vertex 48.24026133333333 75.36363466666667 0
vertex 48.19789866666667 75.48216 2.0000586666666664
vertex 48.19789866666667 75.48216 0
endloop
endfacet
facet normal -0.8900788803394388 -0.45580652339966665 0
outer loop
vertex 48.347519999999996 75.13649866666667 2.0000586666666664
vertex 48.29028533333333 75.24826399999999 2.0000586666666664
vertex 48.29028533333333 75.24826399999999 0
endloop
endfacet
facet normal -0.8900788803394388 -0.45580652339966665 0
outer loop
vertex 48.347519999999996 75.13649866666667 2.0000586666666664
vertex 48.29028533333333 75.24826399999999 0
vertex 48.347519999999996 75.13649866666667 0
endloop
endfacet
facet normal -0.8606408302847058 -0.509212491251788 0
outer loop
vertex 48.347519999999996 75.13649866666667 2.0000586666666664
vertex 48.347519999999996 75.13649866666667 0
vertex 48.41151466666666 75.02833866666667 0
endloop
endfacet
facet normal -0.8606408302847058 -0.509212491251788 0
outer loop
vertex 48.347519999999996 75.13649866666667 2.0000586666666664
vertex 48.41151466666666 75.02833866666667 0
vertex 48.41151466666666 75.02833866666667 2.0000586666666664
endloop
endfacet
facet normal 0.9994801143396994 0.032241294010958335 0
outer loop
vertex 1.5038746666666667 7.374258666666666 2.0000586666666664
vertex 1.5038746666666667 7.374258666666666 0
vertex 1.4998186666666666 7.499994666666667 0
endloop
endfacet
facet normal 0.9994801143396994 0.032241294010958335 0
outer loop
vertex 1.5038746666666667 7.374258666666666 2.0000586666666664
vertex 1.4998186666666666 7.499994666666667 0
vertex 1.4998186666666666 7.499994666666667 2.0000586666666664
endloop
endfacet
facet normal 0.21882924029233813 0.9757631698281495 0
outer loop
vertex 3.125373333333333 5.535538666666667 2.0000586666666664
vertex 3.125373333333333 5.535538666666667 0
vertex 3.002792 5.563029333333333 0
endloop
endfacet
facet normal 0.21882924029233813 0.9757631698281495 0
outer loop
vertex 3.125373333333333 5.535538666666667 2.0000586666666664
vertex 3.002792 5.563029333333333 0
vertex 3.002792 5.563029333333333 2.0000586666666664
endloop
endfacet
facet normal 0.09311881330581301 0.9956550038083056 0
outer loop
vertex 3.2493066666666666 5.515709333333334 2.0000586666666664
vertex 3.374592 5.503992 2.0000586666666664
vertex 3.374592 5.503992 0
endloop
endfacet
facet normal 0.09311881330581301 0.9956550038083056 0
outer loop
vertex 3.2493066666666666 5.515709333333334 2.0000586666666664
vertex 3.374592 5.503992 0
vertex 3.2493066666666666 5.515709333333334 0
endloop
endfacet
facet normal 0.15799050110667037 0.9874406319167058 0
outer loop
vertex 3.125373333333333 5.535538666666667 0
vertex 3.125373333333333 5.535538666666667 2.0000586666666664
vertex 3.2493066666666666 5.515709333333334 2.0000586666666664
endloop
endfacet
facet normal 0.15799050110667037 0.9874406319167058 0
outer loop
vertex 3.125373333333333 5.535538666666667 0
vertex 3.2493066666666666 5.515709333333334 2.0000586666666664
vertex 3.2493066666666666 5.515709333333334 0
endloop
endfacet
facet normal 0.9598791168899996 0.28041412403528193 0
outer loop
vertex 1.598064 6.882130666666667 2.0000586666666664
vertex 1.598064 6.882130666666667 0
vertex 1.5629119999999999 7.002458666666667 0
endloop
endfacet
facet normal 0.9598791168899996 0.28041412403528193 0
outer loop
vertex 1.598064 6.882130666666667 2.0000586666666664
vertex 1.5629119999999999 7.002458666666667 0
vertex 1.5629119999999999 7.002458666666667 2.0000586666666664
endloop
endfacet
facet normal 0.9757631698281485 0.21882924029234221 0
outer loop
vertex 1.5354213333333333 7.125039999999999 2.0000586666666664
vertex 1.5629119999999999 7.002458666666667 2.0000586666666664
vertex 1.5629119999999999 7.002458666666667 0
endloop
endfacet
facet normal 0.9757631698281485 0.21882924029234221 0
outer loop
vertex 1.5354213333333333 7.125039999999999 2.0000586666666664
vertex 1.5629119999999999 7.002458666666667 0
vertex 1.5354213333333333 7.125039999999999 0
endloop
endfacet
facet normal 0.9956237813735471 0.09345205168127178 0
outer loop
vertex 1.515592 7.249423999999999 2.0000586666666664
vertex 1.515592 7.249423999999999 0
vertex 1.5038746666666667 7.374258666666666 0
endloop
endfacet
facet normal 0.9956237813735471 0.09345205168127178 0
outer loop
vertex 1.515592 7.249423999999999 2.0000586666666664
vertex 1.5038746666666667 7.374258666666666 0
vertex 1.5038746666666667 7.374258666666666 2.0000586666666664
endloop
endfacet
facet normal 0.9875297847602428 0.15743228452699454 0
outer loop
vertex 1.5354213333333333 7.125039999999999 2.0000586666666664
vertex 1.5354213333333333 7.125039999999999 0
vertex 1.515592 7.249423999999999 0
endloop
endfacet
facet normal 0.9875297847602428 0.15743228452699454 0
outer loop
vertex 1.5354213333333333 7.125039999999999 2.0000586666666664
vertex 1.515592 7.249423999999999 0
vertex 1.515592 7.249423999999999 2.0000586666666664
endloop
endfacet
facet normal 0.7895454236570729 0.6136921247516324 0
outer loop
vertex 1.959048 6.2250586666666665 2.0000586666666664
vertex 1.959048 6.2250586666666665 0
vertex 1.8819839999999999 6.3242053333333335 0
endloop
endfacet
facet normal 0.7895454236570729 0.6136921247516324 0
outer loop
vertex 1.959048 6.2250586666666665 2.0000586666666664
vertex 1.8819839999999999 6.3242053333333335 0
vertex 1.8819839999999999 6.3242053333333335 2.0000586666666664
endloop
endfacet
facet normal 0.27614179770342145 0.9611169062924253 0
outer loop
vertex 3.002792 5.563029333333333 2.0000586666666664
vertex 3.002792 5.563029333333333 0
vertex 2.882013333333333 5.597730666666666 0
endloop
endfacet
facet normal 0.27614179770342145 0.9611169062924253 0
outer loop
vertex 3.002792 5.563029333333333 2.0000586666666664
vertex 2.882013333333333 5.597730666666666 0
vertex 2.882013333333333 5.597730666666666 2.0000586666666664
endloop
endfacet
facet normal 0.4515085081936173 0.8922668138111907 0
outer loop
vertex 2.536352 5.747352 2.0000586666666664
vertex 2.648568 5.690568 2.0000586666666664
vertex 2.648568 5.690568 0
endloop
endfacet
facet normal 0.4515085081936173 0.8922668138111907 0
outer loop
vertex 2.536352 5.747352 2.0000586666666664
vertex 2.648568 5.690568 0
vertex 2.536352 5.747352 0
endloop
endfacet
facet normal 0.5092124912517818 0.8606408302847094 0
outer loop
vertex 2.428192 5.811346666666666 0
vertex 2.428192 5.811346666666666 2.0000586666666664
vertex 2.536352 5.747352 2.0000586666666664
endloop
endfacet
facet normal 0.5092124912517818 0.8606408302847094 0
outer loop
vertex 2.428192 5.811346666666666 0
vertex 2.536352 5.747352 2.0000586666666664
vertex 2.536352 5.747352 0
endloop
endfacet
facet normal 0.3978085802453451 0.9174684373226051 0
outer loop
vertex 2.648568 5.690568 0
vertex 2.648568 5.690568 2.0000586666666664
vertex 2.7639386666666668 5.640544 2.0000586666666664
endloop
endfacet
facet normal 0.3978085802453451 0.9174684373226051 0
outer loop
vertex 2.648568 5.690568 0
vertex 2.7639386666666668 5.640544 2.0000586666666664
vertex 2.7639386666666668 5.640544 0
endloop
endfacet
facet normal 0.3408786086048506 0.9401073205733593 0
outer loop
vertex 2.7639386666666668 5.640544 2.0000586666666664
vertex 2.882013333333333 5.597730666666666 2.0000586666666664
vertex 2.882013333333333 5.597730666666666 0
endloop
endfacet
facet normal 0.3408786086048506 0.9401073205733593 0
outer loop
vertex 2.7639386666666668 5.640544 2.0000586666666664
vertex 2.882013333333333 5.597730666666666 0
vertex 2.7639386666666668 5.640544 0
endloop
endfacet
facet normal 0.7505710152865112 0.6607897933622885 0
outer loop
vertex 2.041970666666667 6.130869333333333 2.0000586666666664
vertex 2.041970666666667 6.130869333333333 0
vertex 1.959048 6.2250586666666665 0
endloop
endfacet
facet normal 0.7505710152865112 0.6607897933622885 0
outer loop
vertex 2.041970666666667 6.130869333333333 2.0000586666666664
vertex 1.959048 6.2250586666666665 0
vertex 1.959048 6.2250586666666665 2.0000586666666664
endloop
endfacet
facet normal 0.6607897933622875 0.7505710152865119 0
outer loop
vertex 2.1307519999999998 6.042088 2.0000586666666664
vertex 2.224941333333333 5.959165333333333 2.0000586666666664
vertex 2.224941333333333 5.959165333333333 0
endloop
endfacet
facet normal 0.6607897933622875 0.7505710152865119 0
outer loop
vertex 2.1307519999999998 6.042088 2.0000586666666664
vertex 2.224941333333333 5.959165333333333 0
vertex 2.1307519999999998 6.042088 0
endloop
endfacet
facet normal 0.7071067811865491 0.7071067811865456 0
outer loop
vertex 2.1307519999999998 6.042088 2.0000586666666664
vertex 2.1307519999999998 6.042088 0
vertex 2.041970666666667 6.130869333333333 0
endloop
endfacet
facet normal 0.7071067811865491 0.7071067811865456 0
outer loop
vertex 2.1307519999999998 6.042088 2.0000586666666664
vertex 2.041970666666667 6.130869333333333 0
vertex 2.041970666666667 6.130869333333333 2.0000586666666664
endloop
endfacet
facet normal 0.7071067811865456 0.7071067811865491 0
outer loop
vertex 6.130869333333333 2.041970666666667 2.0000586666666664
vertex 6.130869333333333 2.041970666666667 0
vertex 6.042088 2.1307519999999998 0
endloop
endfacet
facet normal 0.7071067811865456 0.7071067811865491 0
outer loop
vertex 6.130869333333333 2.041970666666667 2.0000586666666664
vertex 6.042088 2.1307519999999998 0
vertex 6.042088 2.1307519999999998 2.0000586666666664
endloop
endfacet
facet normal 0.8270596645695222 0.5621141443178151 0
outer loop
vertex 1.8112293333333334 6.428309333333333 2.0000586666666664
vertex 1.8819839999999999 6.3242053333333335 2.0000586666666664
vertex 1.8819839999999999 6.3242053333333335 0
endloop
endfacet
facet normal 0.8270596645695222 0.5621141443178151 0
outer loop
vertex 1.8112293333333334 6.428309333333333 2.0000586666666664
vertex 1.8819839999999999 6.3242053333333335 0
vertex 1.8112293333333334 6.428309333333333 0
endloop
endfacet
facet normal 0.8915327843712109 0.45295617270472877 0
outer loop
vertex 1.7472346666666667 6.536469333333333 2.0000586666666664
vertex 1.7472346666666667 6.536469333333333 0
vertex 1.6904506666666665 6.648234666666666 0
endloop
endfacet
facet normal 0.8915327843712109 0.45295617270472877 0
outer loop
vertex 1.7472346666666667 6.536469333333333 2.0000586666666664
vertex 1.6904506666666665 6.648234666666666 0
vertex 1.6904506666666665 6.648234666666666 2.0000586666666664
endloop
endfacet
facet normal 0.8606408302847072 0.5092124912517857 0
outer loop
vertex 1.8112293333333334 6.428309333333333 2.0000586666666664
vertex 1.8112293333333334 6.428309333333333 0
vertex 1.7472346666666667 6.536469333333333 0
endloop
endfacet
facet normal 0.8606408302847072 0.5092124912517857 0
outer loop
vertex 1.8112293333333334 6.428309333333333 2.0000586666666664
vertex 1.7472346666666667 6.536469333333333 0
vertex 1.7472346666666667 6.536469333333333 2.0000586666666664
endloop
endfacet
facet normal 0.611956632288807 0.7908913200925533 0
outer loop
vertex 2.3245386666666668 5.882101333333333 2.0000586666666664
vertex 2.3245386666666668 5.882101333333333 0
vertex 2.224941333333333 5.959165333333333 0
endloop
endfacet
facet normal 0.611956632288807 0.7908913200925533 0
outer loop
vertex 2.3245386666666668 5.882101333333333 2.0000586666666664
vertex 2.224941333333333 5.959165333333333 0
vertex 2.224941333333333 5.959165333333333 2.0000586666666664
endloop
endfacet
facet normal 0.5637824485268368 0.8259233322367667 0
outer loop
vertex 2.428192 5.811346666666666 2.0000586666666664
vertex 2.428192 5.811346666666666 0
vertex 2.3245386666666668 5.882101333333333 0
endloop
endfacet
facet normal 0.5637824485268368 0.8259233322367667 0
outer loop
vertex 2.428192 5.811346666666666 2.0000586666666664
vertex 2.3245386666666668 5.882101333333333 0
vertex 2.3245386666666668 5.882101333333333 2.0000586666666664
endloop
endfacet
facet normal 0.917468437322605 0.39780858024534527 0
outer loop
vertex 1.6404266666666667 6.7636053333333335 2.0000586666666664
vertex 1.6904506666666665 6.648234666666666 2.0000586666666664
vertex 1.6904506666666665 6.648234666666666 0
endloop
endfacet
facet normal 0.917468437322605 0.39780858024534527 0
outer loop
vertex 1.6404266666666667 6.7636053333333335 2.0000586666666664
vertex 1.6904506666666665 6.648234666666666 0
vertex 1.6404266666666667 6.7636053333333335 0
endloop
endfacet
facet normal 0.9416608784071049 0.3365632036892321 0
outer loop
vertex 1.598064 6.882130666666667 0
vertex 1.598064 6.882130666666667 2.0000586666666664
vertex 1.6404266666666667 6.7636053333333335 2.0000586666666664
endloop
endfacet
facet normal 0.9416608784071049 0.3365632036892321 0
outer loop
vertex 1.598064 6.882130666666667 0
vertex 1.6404266666666667 6.7636053333333335 2.0000586666666664
vertex 1.6404266666666667 6.7636053333333335 0
endloop
endfacet
facet normal 1 0 0
outer loop
vertex 1.4998186666666666 7.499994666666667 2.0000586666666664
vertex 1.4998186666666666 7.499994666666667 0
vertex 1.4998186666666666 72.09990666666667 0
endloop
endfacet
facet normal 1 0 0
outer loop
vertex 1.4998186666666666 7.499994666666667 2.0000586666666664
vertex 1.4998186666666666 72.09990666666667 0
vertex 1.4998186666666666 72.09990666666667 2.0000586666666664
endloop
endfacet
facet normal 0.032241294010958335 0.9994801143396994 0
outer loop
vertex 7.374258666666666 1.5038746666666667 2.0000586666666664
vertex 7.499994666666667 1.4998186666666666 2.0000586666666664
vertex 7.499994666666667 1.4998186666666666 0
endloop
endfacet
facet normal 0.032241294010958335 0.9994801143396994 0
outer loop
vertex 7.374258666666666 1.5038746666666667 2.0000586666666664
vertex 7.499994666666667 1.4998186666666666 0
vertex 7.374258666666666 1.5038746666666667 0
endloop
endfacet
facet normal 0.21882924029234221 0.9757631698281485 0
outer loop
vertex 7.125039999999999 1.5354213333333333 2.0000586666666664
vertex 7.125039999999999 1.5354213333333333 0
vertex 7.002458666666667 1.5629119999999999 0
endloop
endfacet
facet normal 0.21882924029234221 0.9757631698281485 0
outer loop
vertex 7.125039999999999 1.5354213333333333 2.0000586666666664
vertex 7.002458666666667 1.5629119999999999 0
vertex 7.002458666666667 1.5629119999999999 2.0000586666666664
endloop
endfacet
facet normal 0.09345205168127178 0.9956237813735471 0
outer loop
vertex 7.249423999999999 1.515592 2.0000586666666664
vertex 7.374258666666666 1.5038746666666667 2.0000586666666664
vertex 7.374258666666666 1.5038746666666667 0
endloop
endfacet
facet normal 0.09345205168127178 0.9956237813735471 0
outer loop
vertex 7.249423999999999 1.515592 2.0000586666666664
vertex 7.374258666666666 1.5038746666666667 0
vertex 7.249423999999999 1.515592 0
endloop
endfacet
facet normal 0.15743228452699454 0.9875297847602428 0
outer loop
vertex 7.125039999999999 1.5354213333333333 0
vertex 7.125039999999999 1.5354213333333333 2.0000586666666664
vertex 7.249423999999999 1.515592 2.0000586666666664
endloop
endfacet
facet normal 0.15743228452699454 0.9875297847602428 0
outer loop
vertex 7.125039999999999 1.5354213333333333 0
vertex 7.249423999999999 1.515592 2.0000586666666664
vertex 7.249423999999999 1.515592 0
endloop
endfacet
facet normal 0.9611221639646408 0.27612349461967556 0.00004068100156482406
outer loop
vertex 5.578352 2.949613333333333 1.0000293333333332
vertex 5.5742959999999995 2.963584 2.0000586666666664
vertex 5.597730666666666 2.882013333333333 2.0000586666666664
endloop
endfacet
facet normal 0.9612817432154948 0.2755674330551048 0
outer loop
vertex 5.578352 2.949613333333333 1.0000293333333332
vertex 5.597730666666666 2.882013333333333 2.0000586666666664
vertex 5.597730666666666 2.882013333333333 0
endloop
endfacet
facet normal 0.9611221639646408 0.27612349461967556 -0.00004068100156482406
outer loop
vertex 5.578352 2.949613333333333 1.0000293333333332
vertex 5.597730666666666 2.882013333333333 0
vertex 5.5742959999999995 2.963584 0
endloop
endfacet
facet normal 0.9611059645675792 0.276179874875744 -0.00003982765207781384
outer loop
vertex 5.578352 2.949613333333333 1.0000293333333332
vertex 5.5742959999999995 2.963584 0
vertex 5.563029333333333 3.002792 0
endloop
endfacet
facet normal 0.9609069544270713 0.27687149534339994 0
outer loop
vertex 5.578352 2.949613333333333 1.0000293333333332
vertex 5.563029333333333 3.002792 0
vertex 5.563029333333333 3.002792 2.0000586666666664
endloop
endfacet
facet normal 0.9611059645675792 0.276179874875744 0.00003982765207781384
outer loop
vertex 5.578352 2.949613333333333 1.0000293333333332
vertex 5.563029333333333 3.002792 2.0000586666666664
vertex 5.5742959999999995 2.963584 2.0000586666666664
endloop
endfacet
facet normal 0.9757631698281495 0.21882924029233813 0
outer loop
vertex 5.535538666666667 3.125373333333333 2.0000586666666664
vertex 5.563029333333333 3.002792 2.0000586666666664
vertex 5.563029333333333 3.002792 0
endloop
endfacet
facet normal 0.9757631698281495 0.21882924029233813 0
outer loop
vertex 5.535538666666667 3.125373333333333 2.0000586666666664
vertex 5.563029333333333 3.002792 0
vertex 5.535538666666667 3.125373333333333 0
endloop
endfacet
facet normal 0.9956550038083056 0.09311881330581301 0
outer loop
vertex 5.515709333333334 3.2493066666666666 2.0000586666666664
vertex 5.515709333333334 3.2493066666666666 0
vertex 5.503992 3.374592 0
endloop
endfacet
facet normal 0.9956550038083056 0.09311881330581301 0
outer loop
vertex 5.515709333333334 3.2493066666666666 2.0000586666666664
vertex 5.503992 3.374592 0
vertex 5.503992 3.374592 2.0000586666666664
endloop
endfacet
facet normal 0.9874406319167058 0.15799050110667037 0
outer loop
vertex 5.535538666666667 3.125373333333333 2.0000586666666664
vertex 5.535538666666667 3.125373333333333 0
vertex 5.515709333333334 3.2493066666666666 0
endloop
endfacet
facet normal 0.9874406319167058 0.15799050110667037 0
outer loop
vertex 5.535538666666667 3.125373333333333 2.0000586666666664
vertex 5.515709333333334 3.2493066666666666 0
vertex 5.515709333333334 3.2493066666666666 2.0000586666666664
endloop
endfacet
facet normal 0.7908913200925533 0.611956632288807 0
outer loop
vertex 5.959165333333333 2.224941333333333 2.0000586666666664
vertex 5.959165333333333 2.224941333333333 0
vertex 5.882101333333333 2.3245386666666668 0
endloop
endfacet
facet normal 0.7908913200925533 0.611956632288807 0
outer loop
vertex 5.959165333333333 2.224941333333333 2.0000586666666664
vertex 5.882101333333333 2.3245386666666668 0
vertex 5.882101333333333 2.3245386666666668 2.0000586666666664
endloop
endfacet
facet normal 0.28041412403528193 0.9598791168899996 0
outer loop
vertex 7.002458666666667 1.5629119999999999 2.0000586666666664
vertex 7.002458666666667 1.5629119999999999 0
vertex 6.882130666666667 1.598064 0
endloop
endfacet
facet normal 0.28041412403528193 0.9598791168899996 0
outer loop
vertex 7.002458666666667 1.5629119999999999 2.0000586666666664
vertex 6.882130666666667 1.598064 0
vertex 6.882130666666667 1.598064 2.0000586666666664
endloop
endfacet
facet normal 0.45295617270472877 0.8915327843712109 0
outer loop
vertex 6.536469333333333 1.7472346666666667 2.0000586666666664
vertex 6.648234666666666 1.6904506666666665 2.0000586666666664
vertex 6.648234666666666 1.6904506666666665 0
endloop
endfacet
facet normal 0.45295617270472877 0.8915327843712109 0
outer loop
vertex 6.536469333333333 1.7472346666666667 2.0000586666666664
vertex 6.648234666666666 1.6904506666666665 0
vertex 6.536469333333333 1.7472346666666667 0
endloop
endfacet
facet normal 0.5092124912517857 0.8606408302847072 0
outer loop
vertex 6.428309333333333 1.8112293333333334 0
vertex 6.428309333333333 1.8112293333333334 2.0000586666666664
vertex 6.536469333333333 1.7472346666666667 2.0000586666666664
endloop
endfacet
facet normal 0.5092124912517857 0.8606408302847072 0
outer loop
vertex 6.428309333333333 1.8112293333333334 0
vertex 6.536469333333333 1.7472346666666667 2.0000586666666664
vertex 6.536469333333333 1.7472346666666667 0
endloop
endfacet
facet normal 0.39780858024534527 0.917468437322605 0
outer loop
vertex 6.648234666666666 1.6904506666666665 0
vertex 6.648234666666666 1.6904506666666665 2.0000586666666664
vertex 6.7636053333333335 1.6404266666666667 2.0000586666666664
endloop
endfacet
facet normal 0.39780858024534527 0.917468437322605 0
outer loop
vertex 6.648234666666666 1.6904506666666665 0
vertex 6.7636053333333335 1.6404266666666667 2.0000586666666664
vertex 6.7636053333333335 1.6404266666666667 0
endloop
endfacet
facet normal 0.3365632036892321 0.9416608784071049 0
outer loop
vertex 6.7636053333333335 1.6404266666666667 2.0000586666666664
vertex 6.882130666666667 1.598064 2.0000586666666664
vertex 6.882130666666667 1.598064 0
endloop
endfacet
facet normal 0.3365632036892321 0.9416608784071049 0
outer loop
vertex 6.7636053333333335 1.6404266666666667 2.0000586666666664
vertex 6.882130666666667 1.598064 0
vertex 6.7636053333333335 1.6404266666666667 0
endloop
endfacet
facet normal 0.7505710152865119 0.6607897933622875 0
outer loop
vertex 6.042088 2.1307519999999998 2.0000586666666664
vertex 6.042088 2.1307519999999998 0
vertex 5.959165333333333 2.224941333333333 0
endloop
endfacet
facet normal 0.7505710152865119 0.6607897933622875 0
outer loop
vertex 6.042088 2.1307519999999998 2.0000586666666664
vertex 5.959165333333333 2.224941333333333 0
vertex 5.959165333333333 2.224941333333333 2.0000586666666664
endloop
endfacet
facet normal 0.6607897933622885 0.7505710152865112 0
outer loop
vertex 6.130869333333333 2.041970666666667 2.0000586666666664
vertex 6.2250586666666665 1.959048 2.0000586666666664
vertex 6.2250586666666665 1.959048 0
endloop
endfacet
facet normal 0.6607897933622885 0.7505710152865112 0
outer loop
vertex 6.130869333333333 2.041970666666667 2.0000586666666664
vertex 6.2250586666666665 1.959048 0
vertex 6.130869333333333 2.041970666666667 0
endloop
endfacet
facet normal 0.8259233322367667 0.5637824485268368 0
outer loop
vertex 5.811346666666666 2.428192 2.0000586666666664
vertex 5.882101333333333 2.3245386666666668 2.0000586666666664
vertex 5.882101333333333 2.3245386666666668 0
endloop
endfacet
facet normal 0.8259233322367667 0.5637824485268368 0
outer loop
vertex 5.811346666666666 2.428192 2.0000586666666664
vertex 5.882101333333333 2.3245386666666668 0
vertex 5.811346666666666 2.428192 0
endloop
endfacet
facet normal 0.8922668138111907 0.4515085081936173 0
outer loop
vertex 5.747352 2.536352 2.0000586666666664
vertex 5.747352 2.536352 0
vertex 5.690568 2.648568 0
endloop
endfacet
facet normal 0.8922668138111907 0.4515085081936173 0
outer loop
vertex 5.747352 2.536352 2.0000586666666664
vertex 5.690568 2.648568 0
vertex 5.690568 2.648568 2.0000586666666664
endloop
endfacet
facet normal 0.8606408302847094 0.5092124912517818 0
outer loop
vertex 5.811346666666666 2.428192 2.0000586666666664
vertex 5.811346666666666 2.428192 0
vertex 5.747352 2.536352 0
endloop
endfacet
facet normal 0.8606408302847094 0.5092124912517818 0
outer loop
vertex 5.811346666666666 2.428192 2.0000586666666664
vertex 5.747352 2.536352 0
vertex 5.747352 2.536352 2.0000586666666664
endloop
endfacet
facet normal 0.6136921247516324 0.7895454236570729 0
outer loop
vertex 6.3242053333333335 1.8819839999999999 2.0000586666666664
vertex 6.3242053333333335 1.8819839999999999 0
vertex 6.2250586666666665 1.959048 0
endloop
endfacet
facet normal 0.6136921247516324 0.7895454236570729 0
outer loop
vertex 6.3242053333333335 1.8819839999999999 2.0000586666666664
vertex 6.2250586666666665 1.959048 0
vertex 6.2250586666666665 1.959048 2.0000586666666664
endloop
endfacet
facet normal 0.5621141443178151 0.8270596645695222 0
outer loop
vertex 6.428309333333333 1.8112293333333334 2.0000586666666664
vertex 6.428309333333333 1.8112293333333334 0
vertex 6.3242053333333335 1.8819839999999999 0
endloop
endfacet
facet normal 0.5621141443178151 0.8270596645695222 0
outer loop
vertex 6.428309333333333 1.8112293333333334 2.0000586666666664
vertex 6.3242053333333335 1.8819839999999999 0
vertex 6.3242053333333335 1.8819839999999999 2.0000586666666664
endloop
endfacet
facet normal 0.9174684373226051 0.3978085802453451 0
outer loop
vertex 5.640544 2.7639386666666668 2.0000586666666664
vertex 5.690568 2.648568 2.0000586666666664
vertex 5.690568 2.648568 0
endloop
endfacet
facet normal 0.9174684373226051 0.3978085802453451 0
outer loop
vertex 5.640544 2.7639386666666668 2.0000586666666664
vertex 5.690568 2.648568 0
vertex 5.640544 2.7639386666666668 0
endloop
endfacet
facet normal 0.9401073205733593 0.3408786086048506 0
outer loop
vertex 5.597730666666666 2.882013333333333 0
vertex 5.597730666666666 2.882013333333333 2.0000586666666664
vertex 5.640544 2.7639386666666668 2.0000586666666664
endloop
endfacet
facet normal 0.9401073205733593 0.3408786086048506 0
outer loop
vertex 5.597730666666666 2.882013333333333 0
vertex 5.640544 2.7639386666666668 2.0000586666666664
vertex 5.640544 2.7639386666666668 0
endloop
endfacet
facet normal 0 1 0
outer loop
vertex 46.100045333333334 1.4998186666666666 2.0000586666666664
vertex 46.100045333333334 1.4998186666666666 0
vertex 7.499994666666667 1.4998186666666666 0
endloop
endfacet
facet normal 0 1 0
outer loop
vertex 46.100045333333334 1.4998186666666666 2.0000586666666664
vertex 7.499994666666667 1.4998186666666666 0
vertex 7.499994666666667 1.4998186666666666 2.0000586666666664
endloop
endfacet
facet normal -0.9994801143396999 0.03224129401094599 0
outer loop
vertex 52.09616533333333 7.374258666666666 2.0000586666666664
vertex 52.10022133333333 7.499994666666667 2.0000586666666664
vertex 52.10022133333333 7.499994666666667 0
endloop
endfacet
facet normal -0.9994801143396999 0.03224129401094599 0
outer loop
vertex 52.09616533333333 7.374258666666666 2.0000586666666664
vertex 52.10022133333333 7.499994666666667 0
vertex 52.09616533333333 7.374258666666666 0
endloop
endfacet
facet normal -0.9757631698281387 0.218829240292386 0
outer loop
vertex 52.06461866666667 7.125039999999999 2.0000586666666664
vertex 52.06461866666667 7.125039999999999 0
vertex 52.037127999999996 7.002458666666667 0
endloop
endfacet
facet normal -0.9757631698281387 0.218829240292386 0
outer loop
vertex 52.06461866666667 7.125039999999999 2.0000586666666664
vertex 52.037127999999996 7.002458666666667 0
vertex 52.037127999999996 7.002458666666667 2.0000586666666664
endloop
endfacet
facet normal -0.9956237813735498 0.0934520516812437 0
outer loop
vertex 52.084448 7.249423999999999 2.0000586666666664
vertex 52.09616533333333 7.374258666666666 2.0000586666666664
vertex 52.09616533333333 7.374258666666666 0
endloop
endfacet
facet normal -0.9956237813735498 0.0934520516812437 0
outer loop
vertex 52.084448 7.249423999999999 2.0000586666666664
vertex 52.09616533333333 7.374258666666666 0
vertex 52.084448 7.249423999999999 0
endloop
endfacet
facet normal -0.9875297847602419 0.15743228452699967 0
outer loop
vertex 52.06461866666667 7.125039999999999 0
vertex 52.06461866666667 7.125039999999999 2.0000586666666664
vertex 52.084448 7.249423999999999 2.0000586666666664
endloop
endfacet
facet normal -0.9875297847602419 0.15743228452699967 0
outer loop
vertex 52.06461866666667 7.125039999999999 0
vertex 52.084448 7.249423999999999 2.0000586666666664
vertex 52.084448 7.249423999999999 0
endloop
endfacet
facet normal -0.27614179770342245 0.9611169062924251 0
outer loop
vertex 50.71802666666667 5.597730666666666 2.0000586666666664
vertex 50.71802666666667 5.597730666666666 0
vertex 50.597248 5.563029333333333 0
endloop
endfacet
facet normal -0.27614179770342245 0.9611169062924251 0
outer loop
vertex 50.71802666666667 5.597730666666666 2.0000586666666664
vertex 50.597248 5.563029333333333 0
vertex 50.597248 5.563029333333333 2.0000586666666664
endloop
endfacet
facet normal -0.21882924029233286 0.9757631698281507 0
outer loop
vertex 50.474666666666664 5.535538666666667 2.0000586666666664
vertex 50.597248 5.563029333333333 2.0000586666666664
vertex 50.597248 5.563029333333333 0
endloop
endfacet
facet normal -0.21882924029233286 0.9757631698281507 0
outer loop
vertex 50.474666666666664 5.535538666666667 2.0000586666666664
vertex 50.597248 5.563029333333333 0
vertex 50.474666666666664 5.535538666666667 0
endloop
endfacet
facet normal -0.09311881330581498 0.9956550038083055 0
outer loop
vertex 50.35073333333333 5.515709333333334 2.0000586666666664
vertex 50.35073333333333 5.515709333333334 0
vertex 50.225448 5.503992 0
endloop
endfacet
facet normal -0.09311881330581498 0.9956550038083055 0
outer loop
vertex 50.35073333333333 5.515709333333334 2.0000586666666664
vertex 50.225448 5.503992 0
vertex 50.225448 5.503992 2.0000586666666664
endloop
endfacet
facet normal -0.15799050110667037 0.9874406319167058 0
outer loop
vertex 50.474666666666664 5.535538666666667 2.0000586666666664
vertex 50.474666666666664 5.535538666666667 0
vertex 50.35073333333333 5.515709333333334 0
endloop
endfacet
facet normal -0.15799050110667037 0.9874406319167058 0
outer loop
vertex 50.474666666666664 5.535538666666667 2.0000586666666664
vertex 50.35073333333333 5.515709333333334 0
vertex 50.35073333333333 5.515709333333334 2.0000586666666664
endloop
endfacet
facet normal -0.6136921247516222 0.789545423657081 0
outer loop
vertex 51.374648 5.959165333333333 2.0000586666666664
vertex 51.374648 5.959165333333333 0
vertex 51.27550133333333 5.882101333333333 0
endloop
endfacet
facet normal -0.6136921247516222 0.789545423657081 0
outer loop
vertex 51.374648 5.959165333333333 2.0000586666666664
vertex 51.27550133333333 5.882101333333333 0
vertex 51.27550133333333 5.882101333333333 2.0000586666666664
endloop
endfacet
facet normal -0.9598791168900073 0.28041412403525573 0
outer loop
vertex 52.037127999999996 7.002458666666667 2.0000586666666664
vertex 52.037127999999996 7.002458666666667 0
vertex 52.001976 6.882130666666667 0
endloop
endfacet
facet normal -0.9598791168900073 0.28041412403525573 0
outer loop
vertex 52.037127999999996 7.002458666666667 2.0000586666666664
vertex 52.001976 6.882130666666667 0
vertex 52.001976 6.882130666666667 2.0000586666666664
endloop
endfacet
facet normal -0.8915327843712101 0.45295617270473015 0
outer loop
vertex 51.85280533333333 6.536469333333333 2.0000586666666664
vertex 51.90958933333333 6.648234666666666 2.0000586666666664
vertex 51.90958933333333 6.648234666666666 0
endloop
endfacet
facet normal -0.8915327843712101 0.45295617270473015 0
outer loop
vertex 51.85280533333333 6.536469333333333 2.0000586666666664
vertex 51.90958933333333 6.648234666666666 0
vertex 51.85280533333333 6.536469333333333 0
endloop
endfacet
facet normal -0.8606408302847094 0.5092124912517818 0
outer loop
vertex 51.78881066666666 6.428309333333333 0
vertex 51.78881066666666 6.428309333333333 2.0000586666666664
vertex 51.85280533333333 6.536469333333333 2.0000586666666664
endloop
endfacet
facet normal -0.8606408302847094 0.5092124912517818 0
outer loop
vertex 51.78881066666666 6.428309333333333 0
vertex 51.85280533333333 6.536469333333333 2.0000586666666664
vertex 51.85280533333333 6.536469333333333 0
endloop
endfacet
facet normal -0.9174684373226029 0.39780858024534965 0
outer loop
vertex 51.90958933333333 6.648234666666666 0
vertex 51.90958933333333 6.648234666666666 2.0000586666666664
vertex 51.95961333333333 6.7636053333333335 2.0000586666666664
endloop
endfacet
facet normal -0.9174684373226029 0.39780858024534965 0
outer loop
vertex 51.90958933333333 6.648234666666666 0
vertex 51.95961333333333 6.7636053333333335 2.0000586666666664
vertex 51.95961333333333 6.7636053333333335 0
endloop
endfacet
facet normal -0.9416608784070987 0.3365632036892493 0
outer loop
vertex 51.95961333333333 6.7636053333333335 2.0000586666666664
vertex 52.001976 6.882130666666667 2.0000586666666664
vertex 52.001976 6.882130666666667 0
endloop
endfacet
facet normal -0.9416608784070987 0.3365632036892493 0
outer loop
vertex 51.95961333333333 6.7636053333333335 2.0000586666666664
vertex 52.001976 6.882130666666667 0
vertex 51.95961333333333 6.7636053333333335 0
endloop
endfacet
facet normal -0.6590115853993797 0.7521327876840606 0
outer loop
vertex 51.469288 6.042088 2.0000586666666664
vertex 51.469288 6.042088 0
vertex 51.374648 5.959165333333333 0
endloop
endfacet
facet normal -0.6590115853993797 0.7521327876840606 0
outer loop
vertex 51.469288 6.042088 2.0000586666666664
vertex 51.374648 5.959165333333333 0
vertex 51.374648 5.959165333333333 2.0000586666666664
endloop
endfacet
facet normal -0.7505710152865049 0.6607897933622955 0
outer loop
vertex 51.55806933333333 6.130869333333333 2.0000586666666664
vertex 51.640992 6.2250586666666665 2.0000586666666664
vertex 51.640992 6.2250586666666665 0
endloop
endfacet
facet normal -0.7505710152865049 0.6607897933622955 0
outer loop
vertex 51.55806933333333 6.130869333333333 2.0000586666666664
vertex 51.640992 6.2250586666666665 0
vertex 51.55806933333333 6.130869333333333 0
endloop
endfacet
facet normal -0.7071067811865316 0.7071067811865634 0
outer loop
vertex 47.557952 2.1307519999999998 2.0000586666666664
vertex 47.557952 2.1307519999999998 0
vertex 47.46917066666666 2.041970666666667 0
endloop
endfacet
facet normal -0.7071067811865316 0.7071067811865634 0
outer loop
vertex 47.557952 2.1307519999999998 2.0000586666666664
vertex 47.46917066666666 2.041970666666667 0
vertex 47.46917066666666 2.041970666666667 2.0000586666666664
endloop
endfacet
facet normal -0.7071067811865617 0.7071067811865334 0
outer loop
vertex 51.55806933333333 6.130869333333333 2.0000586666666664
vertex 51.55806933333333 6.130869333333333 0
vertex 51.469288 6.042088 0
endloop
endfacet
facet normal -0.7071067811865617 0.7071067811865334 0
outer loop
vertex 51.55806933333333 6.130869333333333 2.0000586666666664
vertex 51.469288 6.042088 0
vertex 51.469288 6.042088 2.0000586666666664
endloop
endfacet
facet normal -0.5637824485268352 0.8259233322367678 0
outer loop
vertex 51.171848 5.811346666666666 2.0000586666666664
vertex 51.27550133333333 5.882101333333333 2.0000586666666664
vertex 51.27550133333333 5.882101333333333 0
endloop
endfacet
facet normal -0.5637824485268352 0.8259233322367678 0
outer loop
vertex 51.171848 5.811346666666666 2.0000586666666664
vertex 51.27550133333333 5.882101333333333 0
vertex 51.171848 5.811346666666666 0
endloop
endfacet
facet normal -0.45150850819360594 0.8922668138111965 0
outer loop
vertex 51.063688 5.747352 2.0000586666666664
vertex 51.063688 5.747352 0
vertex 50.951471999999995 5.690568 0
endloop
endfacet
facet normal -0.45150850819360594 0.8922668138111965 0
outer loop
vertex 51.063688 5.747352 2.0000586666666664
vertex 50.951471999999995 5.690568 0
vertex 50.951471999999995 5.690568 2.0000586666666664
endloop
endfacet
facet normal -0.509212491251788 0.8606408302847058 0
outer loop
vertex 51.171848 5.811346666666666 2.0000586666666664
vertex 51.171848 5.811346666666666 0
vertex 51.063688 5.747352 0
endloop
endfacet
facet normal -0.509212491251788 0.8606408302847058 0
outer loop
vertex 51.171848 5.811346666666666 2.0000586666666664
vertex 51.063688 5.747352 0
vertex 51.063688 5.747352 2.0000586666666664
endloop
endfacet
facet normal -0.7895454236570729 0.6136921247516324 0
outer loop
vertex 51.718056 6.3242053333333335 2.0000586666666664
vertex 51.718056 6.3242053333333335 0
vertex 51.640992 6.2250586666666665 0
endloop
endfacet
facet normal -0.7895454236570729 0.6136921247516324 0
outer loop
vertex 51.718056 6.3242053333333335 2.0000586666666664
vertex 51.640992 6.2250586666666665 0
vertex 51.640992 6.2250586666666665 2.0000586666666664
endloop
endfacet
facet normal -0.8270596645695246 0.5621141443178115 0
outer loop
vertex 51.78881066666666 6.428309333333333 2.0000586666666664
vertex 51.78881066666666 6.428309333333333 0
vertex 51.718056 6.3242053333333335 0
endloop
endfacet
facet normal -0.8270596645695246 0.5621141443178115 0
outer loop
vertex 51.78881066666666 6.428309333333333 2.0000586666666664
vertex 51.718056 6.3242053333333335 0
vertex 51.718056 6.3242053333333335 2.0000586666666664
endloop
endfacet
facet normal -0.3978085802453541 0.9174684373226012 0
outer loop
vertex 50.83610133333333 5.640544 2.0000586666666664
vertex 50.951471999999995 5.690568 2.0000586666666664
vertex 50.951471999999995 5.690568 0
endloop
endfacet
facet normal -0.3978085802453541 0.9174684373226012 0
outer loop
vertex 50.83610133333333 5.640544 2.0000586666666664
vertex 50.951471999999995 5.690568 0
vertex 50.83610133333333 5.640544 0
endloop
endfacet
facet normal -0.34087860860485397 0.9401073205733581 0
outer loop
vertex 50.71802666666667 5.597730666666666 0
vertex 50.71802666666667 5.597730666666666 2.0000586666666664
vertex 50.83610133333333 5.640544 2.0000586666666664
endloop
endfacet
facet normal -0.34087860860485397 0.9401073205733581 0
outer loop
vertex 50.71802666666667 5.597730666666666 0
vertex 50.83610133333333 5.640544 2.0000586666666664
vertex 50.83610133333333 5.640544 0
endloop
endfacet
facet normal -1 0 0
outer loop
vertex 52.10022133333333 72.09990666666667 2.0000586666666664
vertex 52.10022133333333 72.09990666666667 0
vertex 52.10022133333333 7.499994666666667 0
endloop
endfacet
facet normal -1 0 0
outer loop
vertex 52.10022133333333 72.09990666666667 2.0000586666666664
vertex 52.10022133333333 7.499994666666667 0
vertex 52.10022133333333 7.499994666666667 2.0000586666666664
endloop
endfacet
facet normal -0.03224129401095947 0.9994801143396994 0
outer loop
vertex 46.22578133333333 1.5038746666666667 2.0000586666666664
vertex 46.22578133333333 1.5038746666666667 0
vertex 46.100045333333334 1.4998186666666666 0
endloop
endfacet
facet normal -0.03224129401095947 0.9994801143396994 0
outer loop
vertex 46.22578133333333 1.5038746666666667 2.0000586666666664
vertex 46.100045333333334 1.4998186666666666 0
vertex 46.100045333333334 1.4998186666666666 2.0000586666666664
endloop
endfacet
facet normal -0.9757631698281513 0.21882924029233145 0
outer loop
vertex 48.06450133333333 3.125373333333333 2.0000586666666664
vertex 48.06450133333333 3.125373333333333 0
vertex 48.03701066666667 3.002792 0
endloop
endfacet
facet normal -0.9757631698281513 0.21882924029233145 0
outer loop
vertex 48.06450133333333 3.125373333333333 2.0000586666666664
vertex 48.03701066666667 3.002792 0
vertex 48.03701066666667 3.002792 2.0000586666666664
endloop
endfacet
facet normal -0.9956550038083083 0.09311881330578502 0
outer loop
vertex 48.084330666666666 3.2493066666666666 2.0000586666666664
vertex 48.096047999999996 3.374592 2.0000586666666664
vertex 48.096047999999996 3.374592 0
endloop
endfacet
facet normal -0.9956550038083083 0.09311881330578502 0
outer loop
vertex 48.084330666666666 3.2493066666666666 2.0000586666666664
vertex 48.096047999999996 3.374592 0
vertex 48.084330666666666 3.2493066666666666 0
endloop
endfacet
facet normal -0.9874406319167047 0.15799050110667728 0
outer loop
vertex 48.06450133333333 3.125373333333333 0
vertex 48.06450133333333 3.125373333333333 2.0000586666666664
vertex 48.084330666666666 3.2493066666666666 2.0000586666666664
endloop
endfacet
facet normal -0.9874406319167047 0.15799050110667728 0
outer loop
vertex 48.06450133333333 3.125373333333333 0
vertex 48.084330666666666 3.2493066666666666 2.0000586666666664
vertex 48.084330666666666 3.2493066666666666 0
endloop
endfacet
facet normal -0.28041412403528 0.9598791168900002 0
outer loop
vertex 46.71790933333333 1.598064 2.0000586666666664
vertex 46.71790933333333 1.598064 0
vertex 46.59758133333333 1.5629119999999999 0
endloop
endfacet
facet normal -0.28041412403528 0.9598791168900002 0
outer loop
vertex 46.71790933333333 1.598064 2.0000586666666664
vertex 46.59758133333333 1.5629119999999999 0
vertex 46.59758133333333 1.5629119999999999 2.0000586666666664
endloop
endfacet
facet normal -0.21806585164796027 0.9759340573753177 0
outer loop
vertex 46.47454933333333 1.5354213333333333 2.0000586666666664
vertex 46.59758133333333 1.5629119999999999 2.0000586666666664
vertex 46.59758133333333 1.5629119999999999 0
endloop
endfacet
facet normal -0.21806585164796027 0.9759340573753177 0
outer loop
vertex 46.47454933333333 1.5354213333333333 2.0000586666666664
vertex 46.59758133333333 1.5629119999999999 0
vertex 46.47454933333333 1.5354213333333333 0
endloop
endfacet
facet normal -0.0934520516812731 0.9956237813735471 0
outer loop
vertex 46.350615999999995 1.515592 2.0000586666666664
vertex 46.350615999999995 1.515592 0
vertex 46.22578133333333 1.5038746666666667 0
endloop
endfacet
facet normal -0.0934520516812731 0.9956237813735471 0
outer loop
vertex 46.350615999999995 1.515592 2.0000586666666664
vertex 46.22578133333333 1.5038746666666667 0
vertex 46.22578133333333 1.5038746666666667 2.0000586666666664
endloop
endfacet
facet normal -0.1579905011066721 0.9874406319167054 0
outer loop
vertex 46.47454933333333 1.5354213333333333 2.0000586666666664
vertex 46.47454933333333 1.5354213333333333 0
vertex 46.350615999999995 1.515592 0
endloop
endfacet
facet normal -0.1579905011066721 0.9874406319167054 0
outer loop
vertex 46.47454933333333 1.5354213333333333 2.0000586666666664
vertex 46.350615999999995 1.515592 0
vertex 46.350615999999995 1.515592 2.0000586666666664
endloop
endfacet
facet normal -0.6119566322888004 0.7908913200925587 0
outer loop
vertex 47.37498133333333 1.959048 2.0000586666666664
vertex 47.37498133333333 1.959048 0
vertex 47.275383999999995 1.8819839999999999 0
endloop
endfacet
facet normal -0.6119566322888004 0.7908913200925587 0
outer loop
vertex 47.37498133333333 1.959048 2.0000586666666664
vertex 47.275383999999995 1.8819839999999999 0
vertex 47.275383999999995 1.8819839999999999 2.0000586666666664
endloop
endfacet
facet normal -0.9611059645675503 0.27617987487584456 0.00003982765207458429
outer loop
vertex 48.021688 2.949613333333333 1.0000293333333332
vertex 48.025743999999996 2.963584 2.0000586666666664
vertex 48.03701066666667 3.002792 2.0000586666666664
endloop
endfacet
facet normal -0.9609069544270584 0.2768714953434444 0
outer loop
vertex 48.021688 2.949613333333333 1.0000293333333332
vertex 48.03701066666667 3.002792 2.0000586666666664
vertex 48.03701066666667 3.002792 0
endloop
endfacet
facet normal -0.9611059645675503 0.27617987487584456 -0.00003982765207458429
outer loop
vertex 48.021688 2.949613333333333 1.0000293333333332
vertex 48.03701066666667 3.002792 0
vertex 48.025743999999996 2.963584 0
endloop
endfacet
facet normal -0.9611221639646408 0.27612349461967556 -0.00004068100156311676
outer loop
vertex 48.021688 2.949613333333333 1.0000293333333332
vertex 48.025743999999996 2.963584 0
vertex 48.00230933333333 2.882013333333333 0
endloop
endfacet
facet normal -0.9612817432154882 0.27556743305512815 0
outer loop
vertex 48.021688 2.949613333333333 1.0000293333333332
vertex 48.00230933333333 2.882013333333333 0
vertex 48.00230933333333 2.882013333333333 2.0000586666666664
endloop
endfacet
facet normal -0.9611221639646408 0.27612349461967556 0.00004068100156311676
outer loop
vertex 48.021688 2.949613333333333 1.0000293333333332
vertex 48.00230933333333 2.882013333333333 2.0000586666666664
vertex 48.025743999999996 2.963584 2.0000586666666664
endloop
endfacet
facet normal -0.8922668138111907 0.4515085081936173 0
outer loop
vertex 47.852688 2.536352 2.0000586666666664
vertex 47.909472 2.648568 2.0000586666666664
vertex 47.909472 2.648568 0
endloop
endfacet
facet normal -0.8922668138111907 0.4515085081936173 0
outer loop
vertex 47.852688 2.536352 2.0000586666666664
vertex 47.909472 2.648568 0
vertex 47.852688 2.536352 0
endloop
endfacet
facet normal -0.8606408302847094 0.5092124912517818 0
outer loop
vertex 47.788693333333335 2.428192 0
vertex 47.788693333333335 2.428192 2.0000586666666664
vertex 47.852688 2.536352 2.0000586666666664
endloop
endfacet
facet normal -0.8606408302847094 0.5092124912517818 0
outer loop
vertex 47.788693333333335 2.428192 0
vertex 47.852688 2.536352 2.0000586666666664
vertex 47.852688 2.536352 0
endloop
endfacet
facet normal -0.9174684373226024 0.397808580245351 0
outer loop
vertex 47.909472 2.648568 0
vertex 47.909472 2.648568 2.0000586666666664
vertex 47.959496 2.7639386666666668 2.0000586666666664
endloop
endfacet
facet normal -0.9174684373226024 0.397808580245351 0
outer loop
vertex 47.909472 2.648568 0
vertex 47.959496 2.7639386666666668 2.0000586666666664
vertex 47.959496 2.7639386666666668 0
endloop
endfacet
facet normal -0.9401073205733752 0.34087860860480684 0
outer loop
vertex 47.959496 2.7639386666666668 2.0000586666666664
vertex 48.00230933333333 2.882013333333333 2.0000586666666664
vertex 48.00230933333333 2.882013333333333 0
endloop
endfacet
facet normal -0.9401073205733752 0.34087860860480684 0
outer loop
vertex 47.959496 2.7639386666666668 2.0000586666666664
vertex 48.00230933333333 2.882013333333333 0
vertex 47.959496 2.7639386666666668 0
endloop
endfacet
facet normal -0.6607897933622919 0.7505710152865079 0
outer loop
vertex 47.46917066666666 2.041970666666667 2.0000586666666664
vertex 47.46917066666666 2.041970666666667 0
vertex 47.37498133333333 1.959048 0
endloop
endfacet
facet normal -0.6607897933622919 0.7505710152865079 0
outer loop
vertex 47.46917066666666 2.041970666666667 2.0000586666666664
vertex 47.37498133333333 1.959048 0
vertex 47.37498133333333 1.959048 2.0000586666666664
endloop
endfacet
facet normal -0.7505710152865049 0.6607897933622955 0
outer loop
vertex 47.557952 2.1307519999999998 2.0000586666666664
vertex 47.64087466666667 2.224941333333333 2.0000586666666664
vertex 47.64087466666667 2.224941333333333 0
endloop
endfacet
facet normal -0.7505710152865049 0.6607897933622955 0
outer loop
vertex 47.557952 2.1307519999999998 2.0000586666666664
vertex 47.64087466666667 2.224941333333333 0
vertex 47.557952 2.1307519999999998 0
endloop
endfacet
facet normal -0.5637824485268603 0.8259233322367507 0
outer loop
vertex 47.17173066666667 1.8112293333333334 2.0000586666666664
vertex 47.275383999999995 1.8819839999999999 2.0000586666666664
vertex 47.275383999999995 1.8819839999999999 0
endloop
endfacet
facet normal -0.5637824485268603 0.8259233322367507 0
outer loop
vertex 47.17173066666667 1.8112293333333334 2.0000586666666664
vertex 47.275383999999995 1.8819839999999999 0
vertex 47.17173066666667 1.8112293333333334 0
endloop
endfacet
facet normal -0.4515085081936273 0.8922668138111857 0
outer loop
vertex 47.063570666666664 1.7472346666666667 2.0000586666666664
vertex 47.063570666666664 1.7472346666666667 0
vertex 46.95135466666667 1.6904506666666665 0
endloop
endfacet
facet normal -0.4515085081936273 0.8922668138111857 0
outer loop
vertex 47.063570666666664 1.7472346666666667 2.0000586666666664
vertex 46.95135466666667 1.6904506666666665 0
vertex 46.95135466666667 1.6904506666666665 2.0000586666666664
endloop
endfacet
facet normal -0.5092124912517672 0.8606408302847182 0
outer loop
vertex 47.17173066666667 1.8112293333333334 2.0000586666666664
vertex 47.17173066666667 1.8112293333333334 0
vertex 47.063570666666664 1.7472346666666667 0
endloop
endfacet
facet normal -0.5092124912517672 0.8606408302847182 0
outer loop
vertex 47.17173066666667 1.8112293333333334 2.0000586666666664
vertex 47.063570666666664 1.7472346666666667 0
vertex 47.063570666666664 1.7472346666666667 2.0000586666666664
endloop
endfacet
facet normal -0.7908913200925807 0.6119566322887718 0
outer loop
vertex 47.71793866666666 2.3245386666666668 2.0000586666666664
vertex 47.71793866666666 2.3245386666666668 0
vertex 47.64087466666667 2.224941333333333 0
endloop
endfacet
facet normal -0.7908913200925807 0.6119566322887718 0
outer loop
vertex 47.71793866666666 2.3245386666666668 2.0000586666666664
vertex 47.64087466666667 2.224941333333333 0
vertex 47.64087466666667 2.224941333333333 2.0000586666666664
endloop
endfacet
facet normal -0.8259233322367437 0.5637824485268706 0
outer loop
vertex 47.788693333333335 2.428192 2.0000586666666664
vertex 47.788693333333335 2.428192 0
vertex 47.71793866666666 2.3245386666666668 0
endloop
endfacet
facet normal -0.8259233322367437 0.5637824485268706 0
outer loop
vertex 47.788693333333335 2.428192 2.0000586666666664
vertex 47.71793866666666 2.3245386666666668 0
vertex 47.71793866666666 2.3245386666666668 2.0000586666666664
endloop
endfacet
facet normal -0.3991205132311606 0.9168984763418984 0
outer loop
vertex 46.83643466666666 1.6404266666666667 2.0000586666666664
vertex 46.95135466666667 1.6904506666666665 2.0000586666666664
vertex 46.95135466666667 1.6904506666666665 0
endloop
endfacet
facet normal -0.3991205132311606 0.9168984763418984 0
outer loop
vertex 46.83643466666666 1.6404266666666667 2.0000586666666664
vertex 46.95135466666667 1.6904506666666665 0
vertex 46.83643466666666 1.6404266666666667 0
endloop
endfacet
facet normal -0.3365632036892388 0.9416608784071024 0
outer loop
vertex 46.71790933333333 1.598064 0
vertex 46.71790933333333 1.598064 2.0000586666666664
vertex 46.83643466666666 1.6404266666666667 2.0000586666666664
endloop
endfacet
facet normal -0.3365632036892388 0.9416608784071024 0
outer loop
vertex 46.71790933333333 1.598064 0
vertex 46.83643466666666 1.6404266666666667 2.0000586666666664
vertex 46.83643466666666 1.6404266666666667 0
endloop
endfacet
facet normal -0.9994801143396999 -0.032241294010948954 0
outer loop
vertex 52.09616533333333 72.22564266666666 2.0000586666666664
vertex 52.09616533333333 72.22564266666666 0
vertex 52.10022133333333 72.09990666666667 0
endloop
endfacet
facet normal -0.9994801143396999 -0.032241294010948954 0
outer loop
vertex 52.09616533333333 72.22564266666666 2.0000586666666664
vertex 52.10022133333333 72.09990666666667 0
vertex 52.10022133333333 72.09990666666667 2.0000586666666664
endloop
endfacet
facet normal -0.21540965591115252 -0.976523773463933 0
outer loop
vertex 50.474666666666664 74.06436266666667 2.0000586666666664
vertex 50.474666666666664 74.06436266666667 0
vertex 50.597248 74.03732266666667 0
endloop
endfacet
facet normal -0.21540965591115252 -0.976523773463933 0
outer loop
vertex 50.474666666666664 74.06436266666667 2.0000586666666664
vertex 50.597248 74.03732266666667 0
vertex 50.597248 74.03732266666667 2.0000586666666664
endloop
endfacet
facet normal -0.093118813305731 -0.9956550038083132 0
outer loop
vertex 50.35073333333333 74.084192 2.0000586666666664
vertex 50.225448 74.09590933333332 2.0000586666666664
vertex 50.225448 74.09590933333332 0
endloop
endfacet
facet normal -0.093118813305731 -0.9956550038083132 0
outer loop
vertex 50.35073333333333 74.084192 2.0000586666666664
vertex 50.225448 74.09590933333332 0
vertex 50.35073333333333 74.084192 0
endloop
endfacet
facet normal -0.15799050110667728 -0.9874406319167047 0
outer loop
vertex 50.474666666666664 74.06436266666667 0
vertex 50.474666666666664 74.06436266666667 2.0000586666666664
vertex 50.35073333333333 74.084192 2.0000586666666664
endloop
endfacet
facet normal -0.15799050110667728 -0.9874406319167047 0
outer loop
vertex 50.474666666666664 74.06436266666667 0
vertex 50.35073333333333 74.084192 2.0000586666666664
vertex 50.35073333333333 74.084192 0
endloop
endfacet
facet normal -0.9601603466916621 -0.27944965314157616 0
outer loop
vertex 52.001976 72.71822133333333 2.0000586666666664
vertex 52.001976 72.71822133333333 0
vertex 52.037127999999996 72.59744266666667 0
endloop
endfacet
facet normal -0.9601603466916621 -0.27944965314157616 0
outer loop
vertex 52.001976 72.71822133333333 2.0000586666666664
vertex 52.037127999999996 72.59744266666667 0
vertex 52.037127999999996 72.59744266666667 2.0000586666666664
endloop
endfacet
facet normal -0.9757631698281375 -0.21882924029239206 0
outer loop
vertex 52.06461866666667 72.47486133333334 2.0000586666666664
vertex 52.037127999999996 72.59744266666667 2.0000586666666664
vertex 52.037127999999996 72.59744266666667 0
endloop
endfacet
facet normal -0.9757631698281375 -0.21882924029239206 0
outer loop
vertex 52.06461866666667 72.47486133333334 2.0000586666666664
vertex 52.037127999999996 72.59744266666667 0
vertex 52.06461866666667 72.47486133333334 0
endloop
endfacet
facet normal -0.9956237813735502 -0.09345205168123974 0
outer loop
vertex 52.084448 72.35047733333333 2.0000586666666664
vertex 52.084448 72.35047733333333 0
vertex 52.09616533333333 72.22564266666666 0
endloop
endfacet
facet normal -0.9956237813735502 -0.09345205168123974 0
outer loop
vertex 52.084448 72.35047733333333 2.0000586666666664
vertex 52.09616533333333 72.22564266666666 0
vertex 52.09616533333333 72.22564266666666 2.0000586666666664
endloop
endfacet
facet normal -0.9875297847602432 -0.157432284526992 0
outer loop
vertex 52.06461866666667 72.47486133333334 2.0000586666666664
vertex 52.06461866666667 72.47486133333334 0
vertex 52.084448 72.35047733333333 0
endloop
endfacet
facet normal -0.9875297847602432 -0.157432284526992 0
outer loop
vertex 52.06461866666667 72.47486133333334 2.0000586666666664
vertex 52.084448 72.35047733333333 0
vertex 52.084448 72.35047733333333 2.0000586666666664
endloop
endfacet
facet normal -0.789545423657081 -0.6136921247516222 0
outer loop
vertex 51.640992 73.37484266666667 2.0000586666666664
vertex 51.640992 73.37484266666667 0
vertex 51.718056 73.275696 0
endloop
endfacet
facet normal -0.789545423657081 -0.6136921247516222 0
outer loop
vertex 51.640992 73.37484266666667 2.0000586666666664
vertex 51.718056 73.275696 0
vertex 51.718056 73.275696 2.0000586666666664
endloop
endfacet
facet normal -0.27944965314168035 -0.9601603466916319 0
outer loop
vertex 50.597248 74.03732266666667 2.0000586666666664
vertex 50.597248 74.03732266666667 0
vertex 50.71802666666667 74.00217066666666 0
endloop
endfacet
facet normal -0.27944965314168035 -0.9601603466916319 0
outer loop
vertex 50.597248 74.03732266666667 2.0000586666666664
vertex 50.71802666666667 74.00217066666666 0
vertex 50.71802666666667 74.00217066666666 2.0000586666666664
endloop
endfacet
facet normal -0.45435447391744344 -0.8908209764207414 0
outer loop
vertex 51.063688 73.85254933333333 2.0000586666666664
vertex 50.951471999999995 73.909784 2.0000586666666664
vertex 50.951471999999995 73.909784 0
endloop
endfacet
facet normal -0.45435447391744344 -0.8908209764207414 0
outer loop
vertex 51.063688 73.85254933333333 2.0000586666666664
vertex 50.951471999999995 73.909784 0
vertex 51.063688 73.85254933333333 0
endloop
endfacet
facet normal -0.5092124912517462 -0.8606408302847306 0
outer loop
vertex 51.171848 73.78855466666667 0
vertex 51.171848 73.78855466666667 2.0000586666666664
vertex 51.063688 73.85254933333333 2.0000586666666664
endloop
endfacet
facet normal -0.5092124912517462 -0.8606408302847306 0
outer loop
vertex 51.171848 73.78855466666667 0
vertex 51.063688 73.85254933333333 2.0000586666666664
vertex 51.063688 73.85254933333333 0
endloop
endfacet
facet normal -0.39478542391941474 -0.9187733502125364 0
outer loop
vertex 50.951471999999995 73.909784 0
vertex 50.951471999999995 73.909784 2.0000586666666664
vertex 50.83610133333333 73.95935733333333 2.0000586666666664
endloop
endfacet
facet normal -0.39478542391941474 -0.9187733502125364 0
outer loop
vertex 50.951471999999995 73.909784 0
vertex 50.83610133333333 73.95935733333333 2.0000586666666664
vertex 50.83610133333333 73.95935733333333 0
endloop
endfacet
facet normal -0.34087860860481023 -0.9401073205733739 0
outer loop
vertex 50.83610133333333 73.95935733333333 2.0000586666666664
vertex 50.71802666666667 74.00217066666666 2.0000586666666664
vertex 50.71802666666667 74.00217066666666 0
endloop
endfacet
facet normal -0.34087860860481023 -0.9401073205733739 0
outer loop
vertex 50.83610133333333 73.95935733333333 2.0000586666666664
vertex 50.71802666666667 74.00217066666666 0
vertex 50.83610133333333 73.95935733333333 0
endloop
endfacet
facet normal -0.7505710152865018 -0.660789793362299 0
outer loop
vertex 51.55806933333333 73.469032 2.0000586666666664
vertex 51.55806933333333 73.469032 0
vertex 51.640992 73.37484266666667 0
endloop
endfacet
facet normal -0.7505710152865018 -0.660789793362299 0
outer loop
vertex 51.55806933333333 73.469032 2.0000586666666664
vertex 51.640992 73.37484266666667 0
vertex 51.640992 73.37484266666667 2.0000586666666664
endloop
endfacet
facet normal -0.6610305430690389 -0.75035899483504 0
outer loop
vertex 51.469288 73.55781333333333 2.0000586666666664
vertex 51.374648 73.64118666666667 2.0000586666666664
vertex 51.374648 73.64118666666667 0
endloop
endfacet
facet normal -0.6610305430690389 -0.75035899483504 0
outer loop
vertex 51.469288 73.55781333333333 2.0000586666666664
vertex 51.374648 73.64118666666667 0
vertex 51.469288 73.55781333333333 0
endloop
endfacet
facet normal -0.7071067811865475 -0.7071067811865475 0
outer loop
vertex 51.469288 73.55781333333333 2.0000586666666664
vertex 51.469288 73.55781333333333 0
vertex 51.55806933333333 73.469032 0
endloop
endfacet
facet normal -0.7071067811865475 -0.7071067811865475 0
outer loop
vertex 51.469288 73.55781333333333 2.0000586666666664
vertex 51.55806933333333 73.469032 0
vertex 51.55806933333333 73.469032 2.0000586666666664
endloop
endfacet
facet normal -0.7071067811865175 -0.7071067811865778 8.472343958312606e-15
outer loop
vertex 47.52640533333333 77.50069599999999 1.0000293333333332
vertex 47.552544 77.47455733333334 2.0000586666666664
vertex 47.46917066666666 77.55793066666666 2.0000586666666664
endloop
endfacet
facet normal -0.7071067811865914 -0.7071067811865037 0
outer loop
vertex 47.52640533333333 77.50069599999999 1.0000293333333332
vertex 47.46917066666666 77.55793066666666 2.0000586666666664
vertex 47.46917066666666 77.55793066666666 0
endloop
endfacet
facet normal -0.7071067811865175 -0.7071067811865778 -8.472343958312606e-15
outer loop
vertex 47.52640533333333 77.50069599999999 1.0000293333333332
vertex 47.46917066666666 77.55793066666666 0
vertex 47.552544 77.47455733333334 0
endloop
endfacet
facet normal -0.7071067811865478 -0.7071067811865474 -1.005060230167384e-14
outer loop
vertex 47.52640533333333 77.50069599999999 1.0000293333333332
vertex 47.552544 77.47455733333334 0
vertex 47.557952 77.46914933333333 0
endloop
endfacet
facet normal -0.7071067811863883 -0.7071067811867068 0
outer loop
vertex 47.52640533333333 77.50069599999999 1.0000293333333332
vertex 47.557952 77.46914933333333 0
vertex 47.557952 77.46914933333333 2.0000586666666664
endloop
endfacet
facet normal -0.7071067811865478 -0.7071067811865474 1.005060230167384e-14
outer loop
vertex 47.52640533333333 77.50069599999999 1.0000293333333332
vertex 47.557952 77.46914933333333 2.0000586666666664
vertex 47.552544 77.47455733333334 2.0000586666666664
endloop
endfacet
facet normal -0.8270596645695067 -0.5621141443178378 0
outer loop
vertex 51.78881066666666 73.171592 2.0000586666666664
vertex 51.718056 73.275696 2.0000586666666664
vertex 51.718056 73.275696 0
endloop
endfacet
facet normal -0.8270596645695067 -0.5621141443178378 0
outer loop
vertex 51.78881066666666 73.171592 2.0000586666666664
vertex 51.718056 73.275696 0
vertex 51.78881066666666 73.171592 0
endloop
endfacet
facet normal -0.8915327843711941 -0.45295617270476163 0
outer loop
vertex 51.85280533333333 73.06343199999999 2.0000586666666664
vertex 51.85280533333333 73.06343199999999 0
vertex 51.90958933333333 72.95166666666667 0
endloop
endfacet
facet normal -0.8915327843711941 -0.45295617270476163 0
outer loop
vertex 51.85280533333333 73.06343199999999 2.0000586666666664
vertex 51.90958933333333 72.95166666666667 0
vertex 51.90958933333333 72.95166666666667 2.0000586666666664
endloop
endfacet
facet normal -0.8606408302847351 -0.5092124912517385 0
outer loop
vertex 51.78881066666666 73.171592 2.0000586666666664
vertex 51.78881066666666 73.171592 0
vertex 51.85280533333333 73.06343199999999 0
endloop
endfacet
facet normal -0.8606408302847351 -0.5092124912517385 0
outer loop
vertex 51.78881066666666 73.171592 2.0000586666666664
vertex 51.85280533333333 73.06343199999999 0
vertex 51.85280533333333 73.06343199999999 2.0000586666666664
endloop
endfacet
facet normal -0.6136921247515869 -0.7895454236571084 0
outer loop
vertex 51.27550133333333 73.71825066666666 2.0000586666666664
vertex 51.27550133333333 73.71825066666666 0
vertex 51.374648 73.64118666666667 0
endloop
endfacet
facet normal -0.6136921247515869 -0.7895454236571084 0
outer loop
vertex 51.27550133333333 73.71825066666666 2.0000586666666664
vertex 51.374648 73.64118666666667 0
vertex 51.374648 73.64118666666667 2.0000586666666664
endloop
endfacet
facet normal -0.5613254218540058 -0.827595173246209 0
outer loop
vertex 51.171848 73.78855466666667 2.0000586666666664
vertex 51.171848 73.78855466666667 0
vertex 51.27550133333333 73.71825066666666 0
endloop
endfacet
facet normal -0.5613254218540058 -0.827595173246209 0
outer loop
vertex 51.171848 73.78855466666667 2.0000586666666664
vertex 51.27550133333333 73.71825066666666 0
vertex 51.27550133333333 73.71825066666666 2.0000586666666664
endloop
endfacet
facet normal -0.9174684373225986 -0.39780858024536003 0
outer loop
vertex 51.95961333333333 72.836296 2.0000586666666664
vertex 51.90958933333333 72.95166666666667 2.0000586666666664
vertex 51.90958933333333 72.95166666666667 0
endloop
endfacet
facet normal -0.9174684373225986 -0.39780858024536003 0
outer loop
vertex 51.95961333333333 72.836296 2.0000586666666664
vertex 51.90958933333333 72.95166666666667 0
vertex 51.95961333333333 72.836296 0
endloop
endfacet
facet normal -0.9412532424882141 -0.33770154501486016 0
outer loop
vertex 52.001976 72.71822133333333 0
vertex 52.001976 72.71822133333333 2.0000586666666664
vertex 51.95961333333333 72.836296 2.0000586666666664
endloop
endfacet
facet normal -0.9412532424882141 -0.33770154501486016 0
outer loop
vertex 52.001976 72.71822133333333 0
vertex 51.95961333333333 72.836296 2.0000586666666664
vertex 51.95961333333333 72.836296 0
endloop
endfacet
facet normal -0.032241294011003556 -0.9994801143396981 0
outer loop
vertex 46.22578133333333 78.09602666666666 2.0000586666666664
vertex 46.100045333333334 78.10008266666667 2.0000586666666664
vertex 46.100045333333334 78.10008266666667 0
endloop
endfacet
facet normal -0.032241294011003556 -0.9994801143396981 0
outer loop
vertex 46.22578133333333 78.09602666666666 2.0000586666666664
vertex 46.100045333333334 78.10008266666667 0
vertex 46.22578133333333 78.09602666666666 0
endloop
endfacet
facet normal -0.21806585164795017 -0.9759340573753198 0
outer loop
vertex 46.47454933333333 78.06448 2.0000586666666664
vertex 46.47454933333333 78.06448 0
vertex 46.59758133333333 78.03698933333334 0
endloop
endfacet
facet normal -0.21806585164795017 -0.9759340573753198 0
outer loop
vertex 46.47454933333333 78.06448 2.0000586666666664
vertex 46.59758133333333 78.03698933333334 0
vertex 46.59758133333333 78.03698933333334 2.0000586666666664
endloop
endfacet
facet normal -0.09345205168118885 -0.995623781373555 0
outer loop
vertex 46.350615999999995 78.08430933333334 2.0000586666666664
vertex 46.22578133333333 78.09602666666666 2.0000586666666664
vertex 46.22578133333333 78.09602666666666 0
endloop
endfacet
facet normal -0.09345205168118885 -0.995623781373555 0
outer loop
vertex 46.350615999999995 78.08430933333334 2.0000586666666664
vertex 46.22578133333333 78.09602666666666 0
vertex 46.350615999999995 78.08430933333334 0
endloop
endfacet
facet normal -0.15799050110667728 -0.9874406319167047 0
outer loop
vertex 46.47454933333333 78.06448 0
vertex 46.47454933333333 78.06448 2.0000586666666664
vertex 46.350615999999995 78.08430933333334 2.0000586666666664
endloop
endfacet
facet normal -0.15799050110667728 -0.9874406319167047 0
outer loop
vertex 46.47454933333333 78.06448 0
vertex 46.350615999999995 78.08430933333334 2.0000586666666664
vertex 46.350615999999995 78.08430933333334 0
endloop
endfacet
facet normal -0.9608420185168978 -0.2770967618944213 0
outer loop
vertex 48.00230933333333 76.717888 2.0000586666666664
vertex 48.00230933333333 76.717888 0
vertex 48.03701066666667 76.59756 0
endloop
endfacet
facet normal -0.9608420185168978 -0.2770967618944213 0
outer loop
vertex 48.00230933333333 76.717888 2.0000586666666664
vertex 48.03701066666667 76.59756 0
vertex 48.03701066666667 76.59756 2.0000586666666664
endloop
endfacet
facet normal -0.9757631698281549 -0.21882924029231404 0
outer loop
vertex 48.06450133333333 76.47497866666666 2.0000586666666664
vertex 48.03701066666667 76.59756 2.0000586666666664
vertex 48.03701066666667 76.59756 0
endloop
endfacet
facet normal -0.9757631698281549 -0.21882924029231404 0
outer loop
vertex 48.06450133333333 76.47497866666666 2.0000586666666664
vertex 48.03701066666667 76.59756 0
vertex 48.06450133333333 76.47497866666666 0
endloop
endfacet
facet normal -0.9956237813735502 -0.09345205168123974 0
outer loop
vertex 48.084330666666666 76.35059466666667 2.0000586666666664
vertex 48.084330666666666 76.35059466666667 0
vertex 48.096047999999996 76.22576 0
endloop
endfacet
facet normal -0.9956237813735502 -0.09345205168123974 0
outer loop
vertex 48.084330666666666 76.35059466666667 2.0000586666666664
vertex 48.096047999999996 76.22576 0
vertex 48.096047999999996 76.22576 2.0000586666666664
endloop
endfacet
facet normal -0.9875297847602406 -0.15743228452700958 0
outer loop
vertex 48.06450133333333 76.47497866666666 2.0000586666666664
vertex 48.06450133333333 76.47497866666666 0
vertex 48.084330666666666 76.35059466666667 0
endloop
endfacet
facet normal -0.9875297847602406 -0.15743228452700958 0
outer loop
vertex 48.06450133333333 76.47497866666666 2.0000586666666664
vertex 48.084330666666666 76.35059466666667 0
vertex 48.084330666666666 76.35059466666667 2.0000586666666664
endloop
endfacet
facet normal -0.7908913200925859 -0.611956632288765 0
outer loop
vertex 47.64087466666667 77.37496 2.0000586666666664
vertex 47.64087466666667 77.37496 0
vertex 47.71793866666666 77.27536266666667 0
endloop
endfacet
facet normal -0.7908913200925859 -0.611956632288765 0
outer loop
vertex 47.64087466666667 77.37496 2.0000586666666664
vertex 47.71793866666666 77.27536266666667 0
vertex 47.71793866666666 77.27536266666667 2.0000586666666664
endloop
endfacet
facet normal -0.27709676189447363 -0.9608420185168826 0
outer loop
vertex 46.59758133333333 78.03698933333334 2.0000586666666664
vertex 46.59758133333333 78.03698933333334 0
vertex 46.71790933333333 78.002288 0
endloop
endfacet
facet normal -0.27709676189447363 -0.9608420185168826 0
outer loop
vertex 46.59758133333333 78.03698933333334 2.0000586666666664
vertex 46.71790933333333 78.002288 0
vertex 46.71790933333333 78.002288 2.0000586666666664
endloop
endfacet
facet normal -0.45150850819358374 -0.8922668138112076 0
outer loop
vertex 47.063570666666664 77.85266666666666 2.0000586666666664
vertex 46.95135466666667 77.90945066666666 2.0000586666666664
vertex 46.95135466666667 77.90945066666666 0
endloop
endfacet
facet normal -0.45150850819358374 -0.8922668138112076 0
outer loop
vertex 47.063570666666664 77.85266666666666 2.0000586666666664
vertex 46.95135466666667 77.90945066666666 0
vertex 47.063570666666664 77.85266666666666 0
endloop
endfacet
facet normal -0.509212491251805 -0.8606408302846955 0
outer loop
vertex 47.17173066666667 77.78867199999999 0
vertex 47.17173066666667 77.78867199999999 2.0000586666666664
vertex 47.063570666666664 77.85266666666666 2.0000586666666664
endloop
endfacet
facet normal -0.509212491251805 -0.8606408302846955 0
outer loop
vertex 47.17173066666667 77.78867199999999 0
vertex 47.063570666666664 77.85266666666666 2.0000586666666664
vertex 47.063570666666664 77.85266666666666 0
endloop
endfacet
facet normal -0.3991205132312128 -0.9168984763418757 0
outer loop
vertex 46.95135466666667 77.90945066666666 0
vertex 46.95135466666667 77.90945066666666 2.0000586666666664
vertex 46.83643466666666 77.95947466666667 2.0000586666666664
endloop
endfacet
facet normal -0.3991205132312128 -0.9168984763418757 0
outer loop
vertex 46.95135466666667 77.90945066666666 0
vertex 46.83643466666666 77.95947466666667 2.0000586666666664
vertex 46.83643466666666 77.95947466666667 0
endloop
endfacet
facet normal -0.3397323398897173 -0.9405221620105809 0
outer loop
vertex 46.83643466666666 77.95947466666667 2.0000586666666664
vertex 46.71790933333333 78.002288 2.0000586666666664
vertex 46.71790933333333 78.002288 0
endloop
endfacet
facet normal -0.3397323398897173 -0.9405221620105809 0
outer loop
vertex 46.83643466666666 77.95947466666667 2.0000586666666664
vertex 46.71790933333333 78.002288 0
vertex 46.83643466666666 77.95947466666667 0
endloop
endfacet
facet normal -0.7505710152865018 -0.660789793362299 0
outer loop
vertex 47.557952 77.46914933333333 2.0000586666666664
vertex 47.557952 77.46914933333333 0
vertex 47.64087466666667 77.37496 0
endloop
endfacet
facet normal -0.7505710152865018 -0.660789793362299 0
outer loop
vertex 47.557952 77.46914933333333 2.0000586666666664
vertex 47.64087466666667 77.37496 0
vertex 47.64087466666667 77.37496 2.0000586666666664
endloop
endfacet
facet normal -0.6607897933622671 -0.7505710152865299 0
outer loop
vertex 47.46917066666666 77.55793066666666 2.0000586666666664
vertex 47.37498133333333 77.64085333333333 2.0000586666666664
vertex 47.37498133333333 77.64085333333333 0
endloop
endfacet
facet normal -0.6607897933622671 -0.7505710152865299 0
outer loop
vertex 47.46917066666666 77.55793066666666 2.0000586666666664
vertex 47.37498133333333 77.64085333333333 0
vertex 47.46917066666666 77.55793066666666 0
endloop
endfacet
facet normal -0.8259233322367628 -0.5637824485268426 0
outer loop
vertex 47.788693333333335 77.17170933333333 2.0000586666666664
vertex 47.71793866666666 77.27536266666667 2.0000586666666664
vertex 47.71793866666666 77.27536266666667 0
endloop
endfacet
facet normal -0.8259233322367628 -0.5637824485268426 0
outer loop
vertex 47.788693333333335 77.17170933333333 2.0000586666666664
vertex 47.71793866666666 77.27536266666667 0
vertex 47.788693333333335 77.17170933333333 0
endloop
endfacet
facet normal -0.8922668138111736 -0.4515085081936515 0
outer loop
vertex 47.852688 77.06354933333333 2.0000586666666664
vertex 47.852688 77.06354933333333 0
vertex 47.909472 76.95133333333334 0
endloop
endfacet
facet normal -0.8922668138111736 -0.4515085081936515 0
outer loop
vertex 47.852688 77.06354933333333 2.0000586666666664
vertex 47.909472 76.95133333333334 0
vertex 47.909472 76.95133333333334 2.0000586666666664
endloop
endfacet
facet normal -0.8606408302847058 -0.509212491251788 0
outer loop
vertex 47.788693333333335 77.17170933333333 2.0000586666666664
vertex 47.788693333333335 77.17170933333333 0
vertex 47.852688 77.06354933333333 0
endloop
endfacet
facet normal -0.8606408302847058 -0.509212491251788 0
outer loop
vertex 47.788693333333335 77.17170933333333 2.0000586666666664
vertex 47.852688 77.06354933333333 0
vertex 47.852688 77.06354933333333 2.0000586666666664
endloop
endfacet
facet normal -0.6119566322888356 -0.7908913200925313 0
outer loop
vertex 47.275383999999995 77.71791733333333 2.0000586666666664
vertex 47.275383999999995 77.71791733333333 0
vertex 47.37498133333333 77.64085333333333 0
endloop
endfacet
facet normal -0.6119566322888356 -0.7908913200925313 0
outer loop
vertex 47.275383999999995 77.71791733333333 2.0000586666666664
vertex 47.37498133333333 77.64085333333333 0
vertex 47.37498133333333 77.64085333333333 2.0000586666666664
endloop
endfacet
facet normal -0.5637824485268181 -0.8259233322367796 0
outer loop
vertex 47.17173066666667 77.78867199999999 2.0000586666666664
vertex 47.17173066666667 77.78867199999999 0
vertex 47.275383999999995 77.71791733333333 0
endloop
endfacet
facet normal -0.5637824485268181 -0.8259233322367796 0
outer loop
vertex 47.17173066666667 77.78867199999999 2.0000586666666664
vertex 47.275383999999995 77.71791733333333 0
vertex 47.275383999999995 77.71791733333333 2.0000586666666664
endloop
endfacet
facet normal -0.9168984763419055 -0.3991205132311444 0
outer loop
vertex 47.959496 76.83641333333333 2.0000586666666664
vertex 47.909472 76.95133333333334 2.0000586666666664
vertex 47.909472 76.95133333333334 0
endloop
endfacet
facet normal -0.9168984763419055 -0.3991205132311444 0
outer loop
vertex 47.959496 76.83641333333333 2.0000586666666664
vertex 47.909472 76.95133333333334 0
vertex 47.959496 76.83641333333333 0
endloop
endfacet
facet normal -0.9405221620105745 -0.33973233988973534 0
outer loop
vertex 48.00230933333333 76.717888 0
vertex 48.00230933333333 76.717888 2.0000586666666664
vertex 47.959496 76.83641333333333 2.0000586666666664
endloop
endfacet
facet normal -0.9405221620105745 -0.33973233988973534 0
outer loop
vertex 48.00230933333333 76.717888 0
vertex 47.959496 76.83641333333333 2.0000586666666664
vertex 47.959496 76.83641333333333 0
endloop
endfacet
facet normal 0 -1 0
outer loop
vertex 7.499994666666667 78.10008266666667 2.0000586666666664
vertex 7.499994666666667 78.10008266666667 0
vertex 46.100045333333334 78.10008266666667 0
endloop
endfacet
facet normal 0 -1 0
outer loop
vertex 7.499994666666667 78.10008266666667 2.0000586666666664
vertex 46.100045333333334 78.10008266666667 0
vertex 46.100045333333334 78.10008266666667 2.0000586666666664
endloop
endfacet
facet normal 0.9994801143396994 -0.0322412940109613 0
outer loop
vertex 1.5038746666666667 72.22564266666666 2.0000586666666664
vertex 1.4998186666666666 72.09990666666667 2.0000586666666664
vertex 1.4998186666666666 72.09990666666667 0
endloop
endfacet
facet normal 0.9994801143396994 -0.0322412940109613 0
outer loop
vertex 1.5038746666666667 72.22564266666666 2.0000586666666664
vertex 1.4998186666666666 72.09990666666667 0
vertex 1.5038746666666667 72.22564266666666 0
endloop
endfacet
facet normal 0.9757631698281471 -0.2188292402923483 0
outer loop
vertex 1.5354213333333333 72.47486133333334 2.0000586666666664
vertex 1.5354213333333333 72.47486133333334 0
vertex 1.5629119999999999 72.59744266666667 0
endloop
endfacet
facet normal 0.9757631698281471 -0.2188292402923483 0
outer loop
vertex 1.5354213333333333 72.47486133333334 2.0000586666666664
vertex 1.5629119999999999 72.59744266666667 0
vertex 1.5629119999999999 72.59744266666667 2.0000586666666664
endloop
endfacet
facet normal 0.9956237813735476 -0.09345205168126783 0
outer loop
vertex 1.515592 72.35047733333333 2.0000586666666664
vertex 1.5038746666666667 72.22564266666666 2.0000586666666664
vertex 1.5038746666666667 72.22564266666666 0
endloop
endfacet
facet normal 0.9956237813735476 -0.09345205168126783 0
outer loop
vertex 1.515592 72.35047733333333 2.0000586666666664
vertex 1.5038746666666667 72.22564266666666 0
vertex 1.515592 72.35047733333333 0
endloop
endfacet
facet normal 0.9875297847602441 -0.15743228452698688 0
outer loop
vertex 1.5354213333333333 72.47486133333334 0
vertex 1.5354213333333333 72.47486133333334 2.0000586666666664
vertex 1.515592 72.35047733333333 2.0000586666666664
endloop
endfacet
facet normal 0.9875297847602441 -0.15743228452698688 0
outer loop
vertex 1.5354213333333333 72.47486133333334 0
vertex 1.515592 72.35047733333333 2.0000586666666664
vertex 1.515592 72.35047733333333 0
endloop
endfacet
facet normal 0.27944965314167947 -0.9601603466916322 0
outer loop
vertex 2.882013333333333 74.00217066666666 2.0000586666666664
vertex 2.882013333333333 74.00217066666666 0
vertex 3.002792 74.03732266666667 0
endloop
endfacet
facet normal 0.27944965314167947 -0.9601603466916322 0
outer loop
vertex 2.882013333333333 74.00217066666666 2.0000586666666664
vertex 3.002792 74.03732266666667 0
vertex 3.002792 74.03732266666667 2.0000586666666664
endloop
endfacet
facet normal 0.2154096559111577 -0.9765237734639318 0
outer loop
vertex 3.125373333333333 74.06436266666667 2.0000586666666664
vertex 3.002792 74.03732266666667 2.0000586666666664
vertex 3.002792 74.03732266666667 0
endloop
endfacet
facet normal 0.2154096559111577 -0.9765237734639318 0
outer loop
vertex 3.125373333333333 74.06436266666667 2.0000586666666664
vertex 3.002792 74.03732266666667 0
vertex 3.125373333333333 74.06436266666667 0
endloop
endfacet
facet normal 0.09311881330572905 -0.9956550038083136 0
outer loop
vertex 3.2493066666666666 74.084192 2.0000586666666664
vertex 3.2493066666666666 74.084192 0
vertex 3.374592 74.09590933333332 0
endloop
endfacet
facet normal 0.09311881330572905 -0.9956550038083136 0
outer loop
vertex 3.2493066666666666 74.084192 2.0000586666666664
vertex 3.374592 74.09590933333332 0
vertex 3.374592 74.09590933333332 2.0000586666666664
endloop
endfacet
facet normal 0.15799050110667728 -0.9874406319167047 0
outer loop
vertex 3.125373333333333 74.06436266666667 2.0000586666666664
vertex 3.125373333333333 74.06436266666667 0
vertex 3.2493066666666666 74.084192 0
endloop
endfacet
facet normal 0.15799050110667728 -0.9874406319167047 0
outer loop
vertex 3.125373333333333 74.06436266666667 2.0000586666666664
vertex 3.2493066666666666 74.084192 0
vertex 3.2493066666666666 74.084192 2.0000586666666664
endloop
endfacet
facet normal 0.6119566322887718 -0.7908913200925807 0
outer loop
vertex 2.224941333333333 73.64118666666667 2.0000586666666664
vertex 2.224941333333333 73.64118666666667 0
vertex 2.3245386666666668 73.71825066666666 0
endloop
endfacet
facet normal 0.6119566322887718 -0.7908913200925807 0
outer loop
vertex 2.224941333333333 73.64118666666667 2.0000586666666664
vertex 2.3245386666666668 73.71825066666666 0
vertex 2.3245386666666668 73.71825066666666 2.0000586666666664
endloop
endfacet
facet normal 0.9601603466916545 -0.27944965314160225 0
outer loop
vertex 1.5629119999999999 72.59744266666667 2.0000586666666664
vertex 1.5629119999999999 72.59744266666667 0
vertex 1.598064 72.71822133333333 0
endloop
endfacet
facet normal 0.9601603466916545 -0.27944965314160225 0
outer loop
vertex 1.5629119999999999 72.59744266666667 2.0000586666666664
vertex 1.598064 72.71822133333333 0
vertex 1.598064 72.71822133333333 2.0000586666666664
endloop
endfacet
facet normal 0.8915327843711949 -0.45295617270476024 0
outer loop
vertex 1.7472346666666667 73.06343199999999 2.0000586666666664
vertex 1.6904506666666665 72.95166666666667 2.0000586666666664
vertex 1.6904506666666665 72.95166666666667 0
endloop
endfacet
facet normal 0.8915327843711949 -0.45295617270476024 0
outer loop
vertex 1.7472346666666667 73.06343199999999 2.0000586666666664
vertex 1.6904506666666665 72.95166666666667 0
vertex 1.7472346666666667 73.06343199999999 0
endloop
endfacet
facet normal 0.8606408302847328 -0.5092124912517424 0
outer loop
vertex 1.8112293333333334 73.171592 0
vertex 1.8112293333333334 73.171592 2.0000586666666664
vertex 1.7472346666666667 73.06343199999999 2.0000586666666664
endloop
endfacet
facet normal 0.8606408302847328 -0.5092124912517424 0
outer loop
vertex 1.8112293333333334 73.171592 0
vertex 1.7472346666666667 73.06343199999999 2.0000586666666664
vertex 1.7472346666666667 73.06343199999999 0
endloop
endfacet
facet normal 0.9174684373226005 -0.3978085802453556 0
outer loop
vertex 1.6904506666666665 72.95166666666667 0
vertex 1.6904506666666665 72.95166666666667 2.0000586666666664
vertex 1.6404266666666667 72.836296 2.0000586666666664
endloop
endfacet
facet normal 0.9174684373226005 -0.3978085802453556 0
outer loop
vertex 1.6904506666666665 72.95166666666667 0
vertex 1.6404266666666667 72.836296 2.0000586666666664
vertex 1.6404266666666667 72.836296 0
endloop
endfacet
facet normal 0.9412532424882201 -0.33770154501484284 0
outer loop
vertex 1.6404266666666667 72.836296 2.0000586666666664
vertex 1.598064 72.71822133333333 2.0000586666666664
vertex 1.598064 72.71822133333333 0
endloop
endfacet
facet normal 0.9412532424882201 -0.33770154501484284 0
outer loop
vertex 1.6404266666666667 72.836296 2.0000586666666664
vertex 1.598064 72.71822133333333 0
vertex 1.6404266666666667 72.836296 0
endloop
endfacet
facet normal 0.6628057618450472 -0.7487913741924423 0
outer loop
vertex 2.1307519999999998 73.55781333333333 2.0000586666666664
vertex 2.1307519999999998 73.55781333333333 0
vertex 2.224941333333333 73.64118666666667 0
endloop
endfacet
facet normal 0.6628057618450472 -0.7487913741924423 0
outer loop
vertex 2.1307519999999998 73.55781333333333 2.0000586666666664
vertex 2.224941333333333 73.64118666666667 0
vertex 2.224941333333333 73.64118666666667 2.0000586666666664
endloop
endfacet
facet normal 0.7505710152865079 -0.6607897933622919 0
outer loop
vertex 2.041970666666667 73.469032 2.0000586666666664
vertex 1.959048 73.37484266666667 2.0000586666666664
vertex 1.959048 73.37484266666667 0
endloop
endfacet
facet normal 0.7505710152865079 -0.6607897933622919 0
outer loop
vertex 2.041970666666667 73.469032 2.0000586666666664
vertex 1.959048 73.37484266666667 0
vertex 2.041970666666667 73.469032 0
endloop
endfacet
facet normal 0.7071067811867219 -0.707106781186373 1.7889788582109323e-14
outer loop
vertex 6.073634666666666 77.50069599999999 1.0000293333333332
vertex 6.047496 77.47455733333334 2.0000586666666664
vertex 6.042088 77.46914933333333 2.0000586666666664
endloop
endfacet
facet normal 0.7071067811864379 -0.7071067811866569 0
outer loop
vertex 6.073634666666666 77.50069599999999 1.0000293333333332
vertex 6.042088 77.46914933333333 2.0000586666666664
vertex 6.042088 77.46914933333333 0
endloop
endfacet
facet normal 0.7071067811867219 -0.707106781186373 -1.7889788582109323e-14
outer loop
vertex 6.073634666666666 77.50069599999999 1.0000293333333332
vertex 6.042088 77.46914933333333 0
vertex 6.047496 77.47455733333334 0
endloop
endfacet
facet normal 0.7071067811865211 -0.7071067811865739 -7.413071086598283e-15
outer loop
vertex 6.073634666666666 77.50069599999999 1.0000293333333332
vertex 6.047496 77.47455733333334 0
vertex 6.130869333333333 77.55793066666666 0
endloop
endfacet
facet normal 0.707106781186586 -0.7071067811865092 0
outer loop
vertex 6.073634666666666 77.50069599999999 1.0000293333333332
vertex 6.130869333333333 77.55793066666666 0
vertex 6.130869333333333 77.55793066666666 2.0000586666666664
endloop
endfacet
facet normal 0.7071067811865211 -0.7071067811865739 7.413071086598283e-15
outer loop
vertex 6.073634666666666 77.50069599999999 1.0000293333333332
vertex 6.130869333333333 77.55793066666666 2.0000586666666664
vertex 6.047496 77.47455733333334 2.0000586666666664
endloop
endfacet
facet normal 0.7071067811865351 -0.7071067811865599 0
outer loop
vertex 2.041970666666667 73.469032 2.0000586666666664
vertex 2.041970666666667 73.469032 0
vertex 2.1307519999999998 73.55781333333333 0
endloop
endfacet
facet normal 0.7071067811865351 -0.7071067811865599 0
outer loop
vertex 2.041970666666667 73.469032 2.0000586666666664
vertex 2.1307519999999998 73.55781333333333 0
vertex 2.1307519999999998 73.55781333333333 2.0000586666666664
endloop
endfacet
facet normal 0.5613254218540074 -0.8275951732462078 0
outer loop
vertex 2.428192 73.78855466666667 2.0000586666666664
vertex 2.3245386666666668 73.71825066666666 2.0000586666666664
vertex 2.3245386666666668 73.71825066666666 0
endloop
endfacet
facet normal 0.5613254218540074 -0.8275951732462078 0
outer loop
vertex 2.428192 73.78855466666667 2.0000586666666664
vertex 2.3245386666666668 73.71825066666666 0
vertex 2.428192 73.78855466666667 0
endloop
endfacet
facet normal 0.45435447391745487 -0.8908209764207357 0
outer loop
vertex 2.536352 73.85254933333333 2.0000586666666664
vertex 2.536352 73.85254933333333 0
vertex 2.648568 73.909784 0
endloop
endfacet
facet normal 0.45435447391745487 -0.8908209764207357 0
outer loop
vertex 2.536352 73.85254933333333 2.0000586666666664
vertex 2.648568 73.909784 0
vertex 2.648568 73.909784 2.0000586666666664
endloop
endfacet
facet normal 0.50921249125174 -0.8606408302847343 0
outer loop
vertex 2.428192 73.78855466666667 2.0000586666666664
vertex 2.428192 73.78855466666667 0
vertex 2.536352 73.85254933333333 0
endloop
endfacet
facet normal 0.50921249125174 -0.8606408302847343 0
outer loop
vertex 2.428192 73.78855466666667 2.0000586666666664
vertex 2.536352 73.85254933333333 0
vertex 2.536352 73.85254933333333 2.0000586666666664
endloop
endfacet
facet normal 0.789545423657081 -0.6136921247516222 0
outer loop
vertex 1.8819839999999999 73.275696 2.0000586666666664
vertex 1.8819839999999999 73.275696 0
vertex 1.959048 73.37484266666667 0
endloop
endfacet
facet normal 0.789545423657081 -0.6136921247516222 0
outer loop
vertex 1.8819839999999999 73.275696 2.0000586666666664
vertex 1.959048 73.37484266666667 0
vertex 1.959048 73.37484266666667 2.0000586666666664
endloop
endfacet
facet normal 0.8270596645695044 -0.5621141443178415 0
outer loop
vertex 1.8112293333333334 73.171592 2.0000586666666664
vertex 1.8112293333333334 73.171592 0
vertex 1.8819839999999999 73.275696 0
endloop
endfacet
facet normal 0.8270596645695044 -0.5621141443178415 0
outer loop
vertex 1.8112293333333334 73.171592 2.0000586666666664
vertex 1.8819839999999999 73.275696 0
vertex 1.8819839999999999 73.275696 2.0000586666666664
endloop
endfacet
facet normal 0.39478542391940574 -0.9187733502125403 0
outer loop
vertex 2.7639386666666668 73.95935733333333 2.0000586666666664
vertex 2.648568 73.909784 2.0000586666666664
vertex 2.648568 73.909784 0
endloop
endfacet
facet normal 0.39478542391940574 -0.9187733502125403 0
outer loop
vertex 2.7639386666666668 73.95935733333333 2.0000586666666664
vertex 2.648568 73.909784 0
vertex 2.7639386666666668 73.95935733333333 0
endloop
endfacet
facet normal 0.34087860860480684 -0.9401073205733752 0
outer loop
vertex 2.882013333333333 74.00217066666666 0
vertex 2.882013333333333 74.00217066666666 2.0000586666666664
vertex 2.7639386666666668 73.95935733333333 2.0000586666666664
endloop
endfacet
facet normal 0.34087860860480684 -0.9401073205733752 0
outer loop
vertex 2.882013333333333 74.00217066666666 0
vertex 2.7639386666666668 73.95935733333333 2.0000586666666664
vertex 2.7639386666666668 73.95935733333333 0
endloop
endfacet
facet normal 0.03224129401100242 -0.9994801143396981 0
outer loop
vertex 7.374258666666666 78.09602666666666 2.0000586666666664
vertex 7.374258666666666 78.09602666666666 0
vertex 7.499994666666667 78.10008266666667 0
endloop
endfacet
facet normal 0.03224129401100242 -0.9994801143396981 0
outer loop
vertex 7.374258666666666 78.09602666666666 2.0000586666666664
vertex 7.499994666666667 78.10008266666667 0
vertex 7.499994666666667 78.10008266666667 2.0000586666666664
endloop
endfacet
facet normal 0.9757631698281534 -0.21882924029232076 0
outer loop
vertex 5.535538666666667 76.47497866666666 2.0000586666666664
vertex 5.535538666666667 76.47497866666666 0
vertex 5.563029333333333 76.59756 0
endloop
endfacet
facet normal 0.9757631698281534 -0.21882924029232076 0
outer loop
vertex 5.535538666666667 76.47497866666666 2.0000586666666664
vertex 5.563029333333333 76.59756 0
vertex 5.563029333333333 76.59756 2.0000586666666664
endloop
endfacet
facet normal 0.9956237813735476 -0.09345205168126783 0
outer loop
vertex 5.515709333333334 76.35059466666667 2.0000586666666664
vertex 5.503992 76.22576 2.0000586666666664
vertex 5.503992 76.22576 0
endloop
endfacet
facet normal 0.9956237813735476 -0.09345205168126783 0
outer loop
vertex 5.515709333333334 76.35059466666667 2.0000586666666664
vertex 5.503992 76.22576 0
vertex 5.515709333333334 76.35059466666667 0
endloop
endfacet
facet normal 0.9875297847602416 -0.1574322845270027 0
outer loop
vertex 5.535538666666667 76.47497866666666 0
vertex 5.535538666666667 76.47497866666666 2.0000586666666664
vertex 5.515709333333334 76.35059466666667 2.0000586666666664
endloop
endfacet
facet normal 0.9875297847602416 -0.1574322845270027 0
outer loop
vertex 5.535538666666667 76.47497866666666 0
vertex 5.515709333333334 76.35059466666667 2.0000586666666664
vertex 5.515709333333334 76.35059466666667 0
endloop
endfacet
facet normal 0.2770967618944755 -0.9608420185168821 0
outer loop
vertex 6.882130666666667 78.002288 2.0000586666666664
vertex 6.882130666666667 78.002288 0
vertex 7.002458666666667 78.03698933333334 0
endloop
endfacet
facet normal 0.2770967618944755 -0.9608420185168821 0
outer loop
vertex 6.882130666666667 78.002288 2.0000586666666664
vertex 7.002458666666667 78.03698933333334 0
vertex 7.002458666666667 78.03698933333334 2.0000586666666664
endloop
endfacet
facet normal 0.21882924029233217 -0.9757631698281508 0
outer loop
vertex 7.125039999999999 78.06448 2.0000586666666664
vertex 7.002458666666667 78.03698933333334 2.0000586666666664
vertex 7.002458666666667 78.03698933333334 0
endloop
endfacet
facet normal 0.21882924029233217 -0.9757631698281508 0
outer loop
vertex 7.125039999999999 78.06448 2.0000586666666664
vertex 7.002458666666667 78.03698933333334 0
vertex 7.125039999999999 78.06448 0
endloop
endfacet
facet normal 0.09345205168118753 -0.9956237813735551 0
outer loop
vertex 7.249423999999999 78.08430933333334 2.0000586666666664
vertex 7.249423999999999 78.08430933333334 0
vertex 7.374258666666666 78.09602666666666 0
endloop
endfacet
facet normal 0.09345205168118753 -0.9956237813735551 0
outer loop
vertex 7.249423999999999 78.08430933333334 2.0000586666666664
vertex 7.374258666666666 78.09602666666666 0
vertex 7.374258666666666 78.09602666666666 2.0000586666666664
endloop
endfacet
facet normal 0.15743228452699967 -0.9875297847602419 0
outer loop
vertex 7.125039999999999 78.06448 2.0000586666666664
vertex 7.125039999999999 78.06448 0
vertex 7.249423999999999 78.08430933333334 0
endloop
endfacet
facet normal 0.15743228452699967 -0.9875297847602419 0
outer loop
vertex 7.125039999999999 78.06448 2.0000586666666664
vertex 7.249423999999999 78.08430933333334 0
vertex 7.249423999999999 78.08430933333334 2.0000586666666664
endloop
endfacet
facet normal 0.6136921247516677 -0.7895454236570455 0
outer loop
vertex 6.2250586666666665 77.64085333333333 2.0000586666666664
vertex 6.2250586666666665 77.64085333333333 0
vertex 6.3242053333333335 77.71791733333333 0
endloop
endfacet
facet normal 0.6136921247516677 -0.7895454236570455 0
outer loop
vertex 6.2250586666666665 77.64085333333333 2.0000586666666664
vertex 6.3242053333333335 77.71791733333333 0
vertex 6.3242053333333335 77.71791733333333 2.0000586666666664
endloop
endfacet
facet normal 0.9608420185169072 -0.27709676189438853 0
outer loop
vertex 5.563029333333333 76.59756 2.0000586666666664
vertex 5.563029333333333 76.59756 0
vertex 5.597730666666666 76.717888 0
endloop
endfacet
facet normal 0.9608420185169072 -0.27709676189438853 0
outer loop
vertex 5.563029333333333 76.59756 2.0000586666666664
vertex 5.597730666666666 76.717888 0
vertex 5.597730666666666 76.717888 2.0000586666666664
endloop
endfacet
facet normal 0.8922668138111736 -0.4515085081936515 0
outer loop
vertex 5.747352 77.06354933333333 2.0000586666666664
vertex 5.690568 76.95133333333334 2.0000586666666664
vertex 5.690568 76.95133333333334 0
endloop
endfacet
facet normal 0.8922668138111736 -0.4515085081936515 0
outer loop
vertex 5.747352 77.06354933333333 2.0000586666666664
vertex 5.690568 76.95133333333334 0
vertex 5.747352 77.06354933333333 0
endloop
endfacet
facet normal 0.8606408302847058 -0.509212491251788 0
outer loop
vertex 5.811346666666666 77.17170933333333 0
vertex 5.811346666666666 77.17170933333333 2.0000586666666664
vertex 5.747352 77.06354933333333 2.0000586666666664
endloop
endfacet
facet normal 0.8606408302847058 -0.509212491251788 0
outer loop
vertex 5.811346666666666 77.17170933333333 0
vertex 5.747352 77.06354933333333 2.0000586666666664
vertex 5.747352 77.06354933333333 0
endloop
endfacet
facet normal 0.9168984763419081 -0.39912051323113845 0
outer loop
vertex 5.690568 76.95133333333334 0
vertex 5.690568 76.95133333333334 2.0000586666666664
vertex 5.640544 76.83641333333333 2.0000586666666664
endloop
endfacet
facet normal 0.9168984763419081 -0.39912051323113845 0
outer loop
vertex 5.690568 76.95133333333334 0
vertex 5.640544 76.83641333333333 2.0000586666666664
vertex 5.640544 76.83641333333333 0
endloop
endfacet
facet normal 0.9405221620105587 -0.33973233988977897 0
outer loop
vertex 5.640544 76.83641333333333 2.0000586666666664
vertex 5.597730666666666 76.717888 2.0000586666666664
vertex 5.597730666666666 76.717888 0
endloop
endfacet
facet normal 0.9405221620105587 -0.33973233988977897 0
outer loop
vertex 5.640544 76.83641333333333 2.0000586666666664
vertex 5.597730666666666 76.717888 0
vertex 5.640544 76.83641333333333 0
endloop
endfacet
facet normal 0.6607897933622636 -0.750571015286533 0
outer loop
vertex 6.130869333333333 77.55793066666666 2.0000586666666664
vertex 6.130869333333333 77.55793066666666 0
vertex 6.2250586666666665 77.64085333333333 0
endloop
endfacet
facet normal 0.6607897933622636 -0.750571015286533 0
outer loop
vertex 6.130869333333333 77.55793066666666 2.0000586666666664
vertex 6.2250586666666665 77.64085333333333 0
vertex 6.2250586666666665 77.64085333333333 2.0000586666666664
endloop
endfacet
facet normal 0.7505710152865088 -0.6607897933622909 0
outer loop
vertex 6.042088 77.46914933333333 2.0000586666666664
vertex 5.959165333333333 77.37496 2.0000586666666664
vertex 5.959165333333333 77.37496 0
endloop
endfacet
facet normal 0.7505710152865088 -0.6607897933622909 0
outer loop
vertex 6.042088 77.46914933333333 2.0000586666666664
vertex 5.959165333333333 77.37496 0
vertex 6.042088 77.46914933333333 0
endloop
endfacet
facet normal 0.5621141443177728 -0.8270596645695508 0
outer loop
vertex 6.428309333333333 77.78867199999999 2.0000586666666664
vertex 6.3242053333333335 77.71791733333333 2.0000586666666664
vertex 6.3242053333333335 77.71791733333333 0
endloop
endfacet
facet normal 0.5621141443177728 -0.8270596645695508 0
outer loop
vertex 6.428309333333333 77.78867199999999 2.0000586666666664
vertex 6.3242053333333335 77.71791733333333 0
vertex 6.428309333333333 77.78867199999999 0
endloop
endfacet
facet normal 0.45295617270468513 -0.8915327843712331 0
outer loop
vertex 6.536469333333333 77.85266666666666 2.0000586666666664
vertex 6.536469333333333 77.85266666666666 0
vertex 6.648234666666666 77.90945066666666 0
endloop
endfacet
facet normal 0.45295617270468513 -0.8915327843712331 0
outer loop
vertex 6.536469333333333 77.85266666666666 2.0000586666666664
vertex 6.648234666666666 77.90945066666666 0
vertex 6.648234666666666 77.90945066666666 2.0000586666666664
endloop
endfacet
facet normal 0.5092124912518237 -0.8606408302846846 0
outer loop
vertex 6.428309333333333 77.78867199999999 2.0000586666666664
vertex 6.428309333333333 77.78867199999999 0
vertex 6.536469333333333 77.85266666666666 0
endloop
endfacet
facet normal 0.5092124912518237 -0.8606408302846846 0
outer loop
vertex 6.428309333333333 77.78867199999999 2.0000586666666664
vertex 6.536469333333333 77.85266666666666 0
vertex 6.536469333333333 77.85266666666666 2.0000586666666664
endloop
endfacet
facet normal 0.7908913200925587 -0.6119566322888004 0
outer loop
vertex 5.882101333333333 77.27536266666667 2.0000586666666664
vertex 5.882101333333333 77.27536266666667 0
vertex 5.959165333333333 77.37496 0
endloop
endfacet
facet normal 0.7908913200925587 -0.6119566322888004 0
outer loop
vertex 5.882101333333333 77.27536266666667 2.0000586666666664
vertex 5.959165333333333 77.37496 0
vertex 5.959165333333333 77.37496 2.0000586666666664
endloop
endfacet
facet normal 0.8259233322367858 -0.5637824485268088 0
outer loop
vertex 5.811346666666666 77.17170933333333 2.0000586666666664
vertex 5.811346666666666 77.17170933333333 0
vertex 5.882101333333333 77.27536266666667 0
endloop
endfacet
facet normal 0.8259233322367858 -0.5637824485268088 0
outer loop
vertex 5.811346666666666 77.17170933333333 2.0000586666666664
vertex 5.882101333333333 77.27536266666667 0
vertex 5.882101333333333 77.27536266666667 2.0000586666666664
endloop
endfacet
facet normal 0.3978085802453972 -0.9174684373225823 0
outer loop
vertex 6.7636053333333335 77.95947466666667 2.0000586666666664
vertex 6.648234666666666 77.90945066666666 2.0000586666666664
vertex 6.648234666666666 77.90945066666666 0
endloop
endfacet
facet normal 0.3978085802453972 -0.9174684373225823 0
outer loop
vertex 6.7636053333333335 77.95947466666667 2.0000586666666664
vertex 6.648234666666666 77.90945066666666 0
vertex 6.7636053333333335 77.95947466666667 0
endloop
endfacet
facet normal 0.3397323398897106 -0.9405221620105835 0
outer loop
vertex 6.882130666666667 78.002288 0
vertex 6.882130666666667 78.002288 2.0000586666666664
vertex 6.7636053333333335 77.95947466666667 2.0000586666666664
endloop
endfacet
facet normal 0.3397323398897106 -0.9405221620105835 0
outer loop
vertex 6.882130666666667 78.002288 0
vertex 6.7636053333333335 77.95947466666667 2.0000586666666664
vertex 6.7636053333333335 77.95947466666667 0
endloop
endfacet
facet normal 0 0 0.9999999999999999
outer loop
vertex 26.800245333333333 79.016288 2.0000586666666664
vertex 6.000176 79.59990133333334 2.0000586666666664
vertex 5.87444 79.59584533333333 2.0000586666666664
endloop
endfacet
facet normal 0 0 1
outer loop
vertex 26.800245333333333 79.016288 2.0000586666666664
vertex 5.87444 79.59584533333333 2.0000586666666664
vertex 5.749154666666667 79.58412799999999 2.0000586666666664
endloop
endfacet
facet normal 0 0 1
outer loop
vertex 26.800245333333333 79.016288 2.0000586666666664
vertex 5.749154666666667 79.58412799999999 2.0000586666666664
vertex 5.625221333333333 79.56474933333332 2.0000586666666664
endloop
endfacet
facet normal 0 0 1
outer loop
vertex 26.800245333333333 79.016288 2.0000586666666664
vertex 5.625221333333333 79.56474933333332 2.0000586666666664
vertex 5.5026399999999995 79.53725866666666 2.0000586666666664
endloop
endfacet
facet normal 0 0 1
outer loop
vertex 26.800245333333333 79.016288 2.0000586666666664
vertex 5.5026399999999995 79.53725866666666 2.0000586666666664
vertex 5.381861333333333 79.50210666666666 2.0000586666666664
endloop
endfacet
facet normal 0 0 1
outer loop
vertex 26.800245333333333 79.016288 2.0000586666666664
vertex 5.381861333333333 79.50210666666666 2.0000586666666664
vertex 5.263786666666666 79.459744 2.0000586666666664
endloop
endfacet
facet normal 0 0 1
outer loop
vertex 26.800245333333333 79.016288 2.0000586666666664
vertex 5.263786666666666 79.459744 2.0000586666666664
vertex 5.148416 79.40972 2.0000586666666664
endloop
endfacet
facet normal 0 0 1
outer loop
vertex 26.800245333333333 79.016288 2.0000586666666664
vertex 5.148416 79.40972 2.0000586666666664
vertex 5.036650666666667 79.35248533333333 2.0000586666666664
endloop
endfacet
facet normal 0 0 1
outer loop
vertex 26.800245333333333 79.016288 2.0000586666666664
vertex 5.036650666666667 79.35248533333333 2.0000586666666664
vertex 4.928490666666667 79.28849066666666 2.0000586666666664
endloop
endfacet
facet normal 0 0 1
outer loop
vertex 26.800245333333333 79.016288 2.0000586666666664
vertex 4.928490666666667 79.28849066666666 2.0000586666666664
vertex 4.824386666666666 79.21818666666667 2.0000586666666664
endloop
endfacet
facet normal 0 0 1
outer loop
vertex 26.800245333333333 79.016288 2.0000586666666664
vertex 4.824386666666666 79.21818666666667 2.0000586666666664
vertex 4.725239999999999 79.14112266666666 2.0000586666666664
endloop
endfacet
facet normal 0 0 1
outer loop
vertex 26.800245333333333 79.016288 2.0000586666666664
vertex 4.725239999999999 79.14112266666666 2.0000586666666664
vertex 4.631050666666667 79.05774933333333 2.0000586666666664
endloop
endfacet
facet normal 0 0 1
outer loop
vertex 26.800245333333333 79.016288 2.0000586666666664
vertex 4.631050666666667 79.05774933333333 2.0000586666666664
vertex 4.5422693333333335 78.968968 2.0000586666666664
endloop
endfacet
facet normal 0 0 1
outer loop
vertex 26.800245333333333 79.016288 2.0000586666666664
vertex 4.5422693333333335 78.968968 2.0000586666666664
vertex 4.458896 78.87477866666667 2.0000586666666664
endloop
endfacet
facet normal 0 0 1
outer loop
vertex 26.800245333333333 79.016288 2.0000586666666664
vertex 4.458896 78.87477866666667 2.0000586666666664
vertex 4.381832 78.775632 2.0000586666666664
endloop
endfacet
facet normal 0 0 1
outer loop
vertex 26.800245333333333 79.016288 2.0000586666666664
vertex 4.381832 78.775632 2.0000586666666664
vertex 4.311528 78.671528 2.0000586666666664
endloop
endfacet
facet normal 0 0 1
outer loop
vertex 26.800245333333333 79.016288 2.0000586666666664
vertex 4.311528 78.671528 2.0000586666666664
vertex 4.247533333333333 78.563368 2.0000586666666664
endloop
endfacet
facet normal 0 0 0.9999999999999999
outer loop
vertex 26.800245333333333 79.016288 2.0000586666666664
vertex 4.247533333333333 78.563368 2.0000586666666664
vertex 4.190298666666666 78.45160266666666 2.0000586666666664
endloop
endfacet
facet normal 0 0 1
outer loop
vertex 26.800245333333333 79.016288 2.0000586666666664
vertex 4.190298666666666 78.45160266666666 2.0000586666666664
vertex 4.1402746666666665 78.336232 2.0000586666666664
endloop
endfacet
facet normal 0 0 1
outer loop
vertex 26.800245333333333 79.016288 2.0000586666666664
vertex 4.1402746666666665 78.336232 2.0000586666666664
vertex 4.097912 78.21815733333334 2.0000586666666664
endloop
endfacet
facet normal 0 0 1
outer loop
vertex 26.800245333333333 79.016288 2.0000586666666664
vertex 4.097912 78.21815733333334 2.0000586666666664
vertex 4.063661333333333 78.10008266666667 2.0000586666666664
endloop
endfacet
facet normal 0 0 1
outer loop
vertex 26.800245333333333 79.016288 2.0000586666666664
vertex 4.063661333333333 78.10008266666667 2.0000586666666664
vertex 7.499994666666667 78.10008266666667 2.0000586666666664
endloop
endfacet
facet normal 0 0 1
outer loop
vertex 26.800245333333333 79.016288 2.0000586666666664
vertex 7.499994666666667 78.10008266666667 2.0000586666666664
vertex 46.100045333333334 78.10008266666667 2.0000586666666664
endloop
endfacet
facet normal 0 0 0.9999999999999999
outer loop
vertex 26.800245333333333 79.016288 2.0000586666666664
vertex 46.100045333333334 78.10008266666667 2.0000586666666664
vertex 49.536378666666664 78.10008266666667 2.0000586666666664
endloop
endfacet
facet normal 0 0 1
outer loop
vertex 26.800245333333333 79.016288 2.0000586666666664
vertex 49.536378666666664 78.10008266666667 2.0000586666666664
vertex 49.502128 78.21815733333334 2.0000586666666664
endloop
endfacet
facet normal 0 0 1
outer loop
vertex 26.800245333333333 79.016288 2.0000586666666664
vertex 49.502128 78.21815733333334 2.0000586666666664
vertex 49.45976533333333 78.336232 2.0000586666666664
endloop
endfacet
facet normal 0 0 1
outer loop
vertex 26.800245333333333 79.016288 2.0000586666666664
vertex 49.45976533333333 78.336232 2.0000586666666664
vertex 49.40974133333333 78.45160266666666 2.0000586666666664
endloop
endfacet
facet normal 0 0 0.9999999999999999
outer loop
vertex 26.800245333333333 79.016288 2.0000586666666664
vertex 49.40974133333333 78.45160266666666 2.0000586666666664
vertex 49.35250666666666 78.563368 2.0000586666666664
endloop
endfacet
facet normal 0 0 1
outer loop
vertex 26.800245333333333 79.016288 2.0000586666666664
vertex 49.35250666666666 78.563368 2.0000586666666664
vertex 49.288512 78.671528 2.0000586666666664
endloop
endfacet
facet normal 0 0 1
outer loop
vertex 26.800245333333333 79.016288 2.0000586666666664
vertex 49.288512 78.671528 2.0000586666666664
vertex 49.218208 78.775632 2.0000586666666664
endloop
endfacet
facet normal 0 0 1
outer loop
vertex 26.800245333333333 79.016288 2.0000586666666664
vertex 49.218208 78.775632 2.0000586666666664
vertex 49.141144 78.87477866666667 2.0000586666666664
endloop
endfacet
facet normal 0 0 1
outer loop
vertex 26.800245333333333 79.016288 2.0000586666666664
vertex 49.141144 78.87477866666667 2.0000586666666664
vertex 49.05777066666666 78.968968 2.0000586666666664
endloop
endfacet
facet normal 0 0 1
outer loop
vertex 26.800245333333333 79.016288 2.0000586666666664
vertex 49.05777066666666 78.968968 2.0000586666666664
vertex 48.96898933333333 79.05774933333333 2.0000586666666664
endloop
endfacet
facet normal 0 0 1
outer loop
vertex 26.800245333333333 79.016288 2.0000586666666664
vertex 48.96898933333333 79.05774933333333 2.0000586666666664
vertex 48.8748 79.14112266666666 2.0000586666666664
endloop
endfacet
facet normal 0 0 1
outer loop
vertex 26.800245333333333 79.016288 2.0000586666666664
vertex 48.8748 79.14112266666666 2.0000586666666664
vertex 48.77565333333333 79.21818666666667 2.0000586666666664
endloop
endfacet
facet normal 0 0 1
outer loop
vertex 26.800245333333333 79.016288 2.0000586666666664
vertex 48.77565333333333 79.21818666666667 2.0000586666666664
vertex 48.67154933333333 79.28849066666666 2.0000586666666664
endloop
endfacet
facet normal 0 0 1
outer loop
vertex 26.800245333333333 79.016288 2.0000586666666664
vertex 48.67154933333333 79.28849066666666 2.0000586666666664
vertex 48.56338933333333 79.35248533333333 2.0000586666666664
endloop
endfacet
facet normal 0 0 1
outer loop
vertex 26.800245333333333 79.016288 2.0000586666666664
vertex 48.56338933333333 79.35248533333333 2.0000586666666664
vertex 48.451623999999995 79.40972 2.0000586666666664
endloop
endfacet
facet normal 0 0 1
outer loop
vertex 26.800245333333333 79.016288 2.0000586666666664
vertex 48.451623999999995 79.40972 2.0000586666666664
vertex 48.33625333333333 79.459744 2.0000586666666664
endloop
endfacet
facet normal 0 0 0.9999999999999999
outer loop
vertex 26.800245333333333 79.016288 2.0000586666666664
vertex 48.33625333333333 79.459744 2.0000586666666664
vertex 48.21817866666667 79.50210666666666 2.0000586666666664
endloop
endfacet
facet normal 0 0 1
outer loop
vertex 26.800245333333333 79.016288 2.0000586666666664
vertex 48.21817866666667 79.50210666666666 2.0000586666666664
vertex 48.0974 79.53725866666666 2.0000586666666664
endloop
endfacet
facet normal 0 0 1
outer loop
vertex 26.800245333333333 79.016288 2.0000586666666664
vertex 48.0974 79.53725866666666 2.0000586666666664
vertex 47.974818666666664 79.56474933333332 2.0000586666666664
endloop
endfacet
facet normal 0 0 1
outer loop
vertex 26.800245333333333 79.016288 2.0000586666666664
vertex 47.974818666666664 79.56474933333332 2.0000586666666664
vertex 47.85088533333333 79.58412799999999 2.0000586666666664
endloop
endfacet
facet normal 0 0 1
outer loop
vertex 26.800245333333333 79.016288 2.0000586666666664
vertex 47.85088533333333 79.58412799999999 2.0000586666666664
vertex 47.7256 79.59584533333333 2.0000586666666664
endloop
endfacet
facet normal 0 0 1
outer loop
vertex 26.800245333333333 79.016288 2.0000586666666664
vertex 47.7256 79.59584533333333 2.0000586666666664
vertex 47.599864 79.59990133333334 2.0000586666666664
endloop
endfacet
facet normal 0 0 1
outer loop
vertex 26.800245333333333 79.016288 2.0000586666666664
vertex 47.599864 79.59990133333334 2.0000586666666664
vertex 6.000176 79.59990133333334 2.0000586666666664
endloop
endfacet
facet normal 0 0 1
outer loop
vertex 48.187533333333334 78.09782933333334 2.0000586666666664
vertex 46.100045333333334 78.10008266666667 2.0000586666666664
vertex 46.22578133333333 78.09602666666666 2.0000586666666664
endloop
endfacet
facet normal 0 0 1
outer loop
vertex 48.187533333333334 78.09782933333334 2.0000586666666664
vertex 46.22578133333333 78.09602666666666 2.0000586666666664
vertex 49.537279999999996 78.09602666666666 2.0000586666666664
endloop
endfacet
facet normal 0 0 1
outer loop
vertex 48.187533333333334 78.09782933333334 2.0000586666666664
vertex 49.537279999999996 78.09602666666666 2.0000586666666664
vertex 49.537279999999996 78.09737866666667 2.0000586666666664
endloop
endfacet
facet normal 0 0 1
outer loop
vertex 48.187533333333334 78.09782933333334 2.0000586666666664
vertex 49.537279999999996 78.09737866666667 2.0000586666666664
vertex 49.536378666666664 78.10008266666667 2.0000586666666664
endloop
endfacet
facet normal 0 0 1
outer loop
vertex 48.187533333333334 78.09782933333334 2.0000586666666664
vertex 49.536378666666664 78.10008266666667 2.0000586666666664
vertex 46.100045333333334 78.10008266666667 2.0000586666666664
endloop
endfacet
facet normal 0 0 1
outer loop
vertex 5.412506666666666 78.09782933333334 2.0000586666666664
vertex 4.063661333333333 78.10008266666667 2.0000586666666664
vertex 4.06276 78.09737866666667 2.0000586666666664
endloop
endfacet
facet normal 0 0 1
outer loop
vertex 5.412506666666666 78.09782933333334 2.0000586666666664
vertex 4.06276 78.09737866666667 2.0000586666666664
vertex 4.06276 78.09602666666666 2.0000586666666664
endloop
endfacet
facet normal 0 0 0.9999999999999999
outer loop
vertex 5.412506666666666 78.09782933333334 2.0000586666666664
vertex 4.06276 78.09602666666666 2.0000586666666664
vertex 7.374258666666666 78.09602666666666 2.0000586666666664
endloop
endfacet
facet normal 0 0 1
outer loop
vertex 5.412506666666666 78.09782933333334 2.0000586666666664
vertex 7.374258666666666 78.09602666666666 2.0000586666666664
vertex 7.499994666666667 78.10008266666667 2.0000586666666664
endloop
endfacet
facet normal 0 0 1
outer loop
vertex 5.412506666666666 78.09782933333334 2.0000586666666664
vertex 7.499994666666667 78.10008266666667 2.0000586666666664
vertex 4.063661333333333 78.10008266666667 2.0000586666666664
endloop
endfacet
facet normal 0 0 1
outer loop
vertex 46.22578133333333 78.09602666666666 2.0000586666666664
vertex 46.350615999999995 78.08430933333334 2.0000586666666664
vertex 49.539984 78.08430933333334 2.0000586666666664
endloop
endfacet
facet normal 0 0 0.9999999999999999
outer loop
vertex 46.22578133333333 78.09602666666666 2.0000586666666664
vertex 49.539984 78.08430933333334 2.0000586666666664
vertex 49.537279999999996 78.09602666666666 2.0000586666666664
endloop
endfacet
facet normal 0 0 1
outer loop
vertex 4.06276 78.09602666666666 2.0000586666666664
vertex 4.060055999999999 78.08430933333334 2.0000586666666664
vertex 7.249423999999999 78.08430933333334 2.0000586666666664
endloop
endfacet
facet normal 0 0 1
outer loop
vertex 4.06276 78.09602666666666 2.0000586666666664
vertex 7.249423999999999 78.08430933333334 2.0000586666666664
vertex 7.374258666666666 78.09602666666666 2.0000586666666664
endloop
endfacet
facet normal 0 0 0.9999999999999999
outer loop
vertex 46.350615999999995 78.08430933333334 2.0000586666666664
vertex 46.47454933333333 78.06448 2.0000586666666664
vertex 49.54449066666667 78.06448 2.0000586666666664
endloop
endfacet
facet normal 0 0 1
outer loop
vertex 46.350615999999995 78.08430933333334 2.0000586666666664
vertex 49.54449066666667 78.06448 2.0000586666666664
vertex 49.539984 78.08430933333334 2.0000586666666664
endloop
endfacet
facet normal 0 0 1
outer loop
vertex 4.060055999999999 78.08430933333334 2.0000586666666664
vertex 4.0555493333333335 78.06448 2.0000586666666664
vertex 7.125039999999999 78.06448 2.0000586666666664
endloop
endfacet
facet normal 0 0 1
outer loop
vertex 4.060055999999999 78.08430933333334 2.0000586666666664
vertex 7.125039999999999 78.06448 2.0000586666666664
vertex 7.249423999999999 78.08430933333334 2.0000586666666664
endloop
endfacet
facet normal 0 0 0.9999999999999999
outer loop
vertex 46.47454933333333 78.06448 2.0000586666666664
vertex 46.59758133333333 78.03698933333334 2.0000586666666664
vertex 49.550799999999995 78.03698933333334 2.0000586666666664
endloop
endfacet
facet normal 0 0 1
outer loop
vertex 46.47454933333333 78.06448 2.0000586666666664
vertex 49.550799999999995 78.03698933333334 2.0000586666666664
vertex 49.54449066666667 78.06448 2.0000586666666664
endloop
endfacet
facet normal 0 0 1
outer loop
vertex 4.0555493333333335 78.06448 2.0000586666666664
vertex 4.04924 78.03698933333334 2.0000586666666664
vertex 7.002458666666667 78.03698933333334 2.0000586666666664
endloop
endfacet
facet normal 0 0 1
outer loop
vertex 4.0555493333333335 78.06448 2.0000586666666664
vertex 7.002458666666667 78.03698933333334 2.0000586666666664
vertex 7.125039999999999 78.06448 2.0000586666666664
endloop
endfacet
facet normal 0 0 0.9999999999999999
outer loop
vertex 46.59758133333333 78.03698933333334 2.0000586666666664
vertex 46.71790933333333 78.002288 2.0000586666666664
vertex 49.558461333333334 78.002288 2.0000586666666664
endloop
endfacet
facet normal 0 0 0.9999999999999999
outer loop
vertex 46.59758133333333 78.03698933333334 2.0000586666666664
vertex 49.558461333333334 78.002288 2.0000586666666664
vertex 49.550799999999995 78.03698933333334 2.0000586666666664
endloop
endfacet
facet normal 0 0 1
outer loop
vertex 4.04924 78.03698933333334 2.0000586666666664
vertex 4.041578666666666 78.002288 2.0000586666666664
vertex 6.882130666666667 78.002288 2.0000586666666664
endloop
endfacet
facet normal 0 0 0.9999999999999999
outer loop
vertex 4.04924 78.03698933333334 2.0000586666666664
vertex 6.882130666666667 78.002288 2.0000586666666664
vertex 7.002458666666667 78.03698933333334 2.0000586666666664
endloop
endfacet
facet normal 0 0 1
outer loop
vertex 48.44892 77.97975466666666 2.0000586666666664
vertex 46.71790933333333 78.002288 2.0000586666666664
vertex 46.83643466666666 77.95947466666667 2.0000586666666664
endloop
endfacet
facet normal 0 0 0.9999999999999999
outer loop
vertex 48.44892 77.97975466666666 2.0000586666666664
vertex 46.83643466666666 77.95947466666667 2.0000586666666664
vertex 49.567023999999996 77.95947466666667 2.0000586666666664
endloop
endfacet
facet normal 0 0 1
outer loop
vertex 48.44892 77.97975466666666 2.0000586666666664
vertex 49.567023999999996 77.95947466666667 2.0000586666666664
vertex 49.56477066666667 77.97479733333333 2.0000586666666664
endloop
endfacet
facet normal 0 0 1
outer loop
vertex 48.44892 77.97975466666666 2.0000586666666664
vertex 49.56477066666667 77.97479733333333 2.0000586666666664
vertex 49.558461333333334 78.002288 2.0000586666666664
endloop
endfacet
facet normal 0 0 1
outer loop
vertex 48.44892 77.97975466666666 2.0000586666666664
vertex 49.558461333333334 78.002288 2.0000586666666664
vertex 46.71790933333333 78.002288 2.0000586666666664
endloop
endfacet
facet normal 0 0 1
outer loop
vertex 5.15112 77.97975466666666 2.0000586666666664
vertex 4.041578666666666 78.002288 2.0000586666666664
vertex 4.035269333333333 77.97479733333333 2.0000586666666664
endloop
endfacet
facet normal 0 0 1
outer loop
vertex 5.15112 77.97975466666666 2.0000586666666664
vertex 4.035269333333333 77.97479733333333 2.0000586666666664
vertex 4.033016 77.95947466666667 2.0000586666666664
endloop
endfacet
facet normal 0 0 1
outer loop
vertex 5.15112 77.97975466666666 2.0000586666666664
vertex 4.033016 77.95947466666667 2.0000586666666664
vertex 6.7636053333333335 77.95947466666667 2.0000586666666664
endloop
endfacet
facet normal 0 0 1
outer loop
vertex 5.15112 77.97975466666666 2.0000586666666664
vertex 6.7636053333333335 77.95947466666667 2.0000586666666664
vertex 6.882130666666667 78.002288 2.0000586666666664
endloop
endfacet
facet normal 0 0 1
outer loop
vertex 5.15112 77.97975466666666 2.0000586666666664
vertex 6.882130666666667 78.002288 2.0000586666666664
vertex 4.041578666666666 78.002288 2.0000586666666664
endloop
endfacet
facet normal 0 0 1
outer loop
vertex 46.83643466666666 77.95947466666667 2.0000586666666664
vertex 46.95135466666667 77.90945066666666 2.0000586666666664
vertex 49.574685333333335 77.90945066666666 2.0000586666666664
endloop
endfacet
facet normal 0 0 1
outer loop
vertex 46.83643466666666 77.95947466666667 2.0000586666666664
vertex 49.574685333333335 77.90945066666666 2.0000586666666664
vertex 49.567023999999996 77.95947466666667 2.0000586666666664
endloop
endfacet
facet normal 0 0 1
outer loop
vertex 4.033016 77.95947466666667 2.0000586666666664
vertex 4.024904 77.90945066666666 2.0000586666666664
vertex 6.648234666666666 77.90945066666666 2.0000586666666664
endloop
endfacet
facet normal 0 0 1
outer loop
vertex 4.033016 77.95947466666667 2.0000586666666664
vertex 6.648234666666666 77.90945066666666 2.0000586666666664
vertex 6.7636053333333335 77.95947466666667 2.0000586666666664
endloop
endfacet
facet normal 0 0 1
outer loop
vertex 46.95135466666667 77.90945066666666 2.0000586666666664
vertex 47.063570666666664 77.85266666666666 2.0000586666666664
vertex 49.58369866666666 77.85266666666666 2.0000586666666664
endloop
endfacet
facet normal 0 0 0.9999999999999999
outer loop
vertex 46.95135466666667 77.90945066666666 2.0000586666666664
vertex 49.58369866666666 77.85266666666666 2.0000586666666664
vertex 49.574685333333335 77.90945066666666 2.0000586666666664
endloop
endfacet
facet normal 0 0 1
outer loop
vertex 4.024904 77.90945066666666 2.0000586666666664
vertex 4.0158906666666665 77.85266666666666 2.0000586666666664
vertex 6.536469333333333 77.85266666666666 2.0000586666666664
endloop
endfacet
facet normal 0 0 1
outer loop
vertex 4.024904 77.90945066666666 2.0000586666666664
vertex 6.536469333333333 77.85266666666666 2.0000586666666664
vertex 6.648234666666666 77.90945066666666 2.0000586666666664
endloop
endfacet
facet normal 0 0 1
outer loop
vertex 48.59854133333333 77.826528 2.0000586666666664
vertex 47.063570666666664 77.85266666666666 2.0000586666666664
vertex 47.17173066666667 77.78867199999999 2.0000586666666664
endloop
endfacet
facet normal 0 0 1
outer loop
vertex 48.59854133333333 77.826528 2.0000586666666664
vertex 47.17173066666667 77.78867199999999 2.0000586666666664
vertex 49.590008 77.78867199999999 2.0000586666666664
endloop
endfacet
facet normal 0 0 1
outer loop
vertex 48.59854133333333 77.826528 2.0000586666666664
vertex 49.590008 77.78867199999999 2.0000586666666664
vertex 49.58414933333333 77.850864 2.0000586666666664
endloop
endfacet
facet normal 0 0 1
outer loop
vertex 48.59854133333333 77.826528 2.0000586666666664
vertex 49.58414933333333 77.850864 2.0000586666666664
vertex 49.58369866666666 77.85266666666666 2.0000586666666664
endloop
endfacet
facet normal 0 0 1
outer loop
vertex 48.59854133333333 77.826528 2.0000586666666664
vertex 49.58369866666666 77.85266666666666 2.0000586666666664
vertex 47.063570666666664 77.85266666666666 2.0000586666666664
endloop
endfacet
facet normal 0 0 1
outer loop
vertex 5.0014986666666665 77.826528 2.0000586666666664
vertex 4.0158906666666665 77.85266666666666 2.0000586666666664
vertex 4.0158906666666665 77.850864 2.0000586666666664
endloop
endfacet
facet normal 0 0 1
outer loop
vertex 5.0014986666666665 77.826528 2.0000586666666664
vertex 4.0158906666666665 77.850864 2.0000586666666664
vertex 4.010032 77.78867199999999 2.0000586666666664
endloop
endfacet
facet normal 0 0 1
outer loop
vertex 5.0014986666666665 77.826528 2.0000586666666664
vertex 4.010032 77.78867199999999 2.0000586666666664
vertex 6.428309333333333 77.78867199999999 2.0000586666666664
endloop
endfacet
facet normal 0 0 1
outer loop
vertex 5.0014986666666665 77.826528 2.0000586666666664
vertex 6.428309333333333 77.78867199999999 2.0000586666666664
vertex 6.536469333333333 77.85266666666666 2.0000586666666664
endloop
endfacet
facet normal 0 0 1
outer loop
vertex 5.0014986666666665 77.826528 2.0000586666666664
vertex 6.536469333333333 77.85266666666666 2.0000586666666664
vertex 4.0158906666666665 77.85266666666666 2.0000586666666664
endloop
endfacet
facet normal 0 0 1
outer loop
vertex 48.64586133333333 77.74766133333333 2.0000586666666664
vertex 47.17173066666667 77.78867199999999 2.0000586666666664
vertex 47.275383999999995 77.71791733333333 2.0000586666666664
endloop
endfacet
facet normal 0 0 1
outer loop
vertex 48.64586133333333 77.74766133333333 2.0000586666666664
vertex 47.275383999999995 77.71791733333333 2.0000586666666664
vertex 49.59631733333333 77.71791733333333 2.0000586666666664
endloop
endfacet
facet normal 0 0 0.9999999999999999
outer loop
vertex 48.64586133333333 77.74766133333333 2.0000586666666664
vertex 49.59631733333333 77.71791733333333 2.0000586666666664
vertex 49.595866666666666 77.72557866666666 2.0000586666666664
endloop
endfacet
facet normal 0 0 1
outer loop
vertex 48.64586133333333 77.74766133333333 2.0000586666666664
vertex 49.595866666666666 77.72557866666666 2.0000586666666664
vertex 49.590008 77.78867199999999 2.0000586666666664
endloop
endfacet
facet normal 0 0 1
outer loop
vertex 48.64586133333333 77.74766133333333 2.0000586666666664
vertex 49.590008 77.78867199999999 2.0000586666666664
vertex 47.17173066666667 77.78867199999999 2.0000586666666664
endloop
endfacet
facet normal 0 0 0.9999999999999999
outer loop
vertex 4.9541786666666665 77.74766133333333 2.0000586666666664
vertex 4.010032 77.78867199999999 2.0000586666666664
vertex 4.0037226666666665 77.72557866666666 2.0000586666666664
endloop
endfacet
facet normal 0 0 0.9999999999999999
outer loop
vertex 4.9541786666666665 77.74766133333333 2.0000586666666664
vertex 4.0037226666666665 77.72557866666666 2.0000586666666664
vertex 4.0037226666666665 77.71791733333333 2.0000586666666664
endloop
endfacet
facet normal 0 0 1
outer loop
vertex 4.9541786666666665 77.74766133333333 2.0000586666666664
vertex 4.0037226666666665 77.71791733333333 2.0000586666666664
vertex 6.3242053333333335 77.71791733333333 2.0000586666666664
endloop
endfacet
facet normal 0 0 1
outer loop
vertex 4.9541786666666665 77.74766133333333 2.0000586666666664
vertex 6.3242053333333335 77.71791733333333 2.0000586666666664
vertex 6.428309333333333 77.78867199999999 2.0000586666666664
endloop
endfacet
facet normal 0 0 1
outer loop
vertex 4.9541786666666665 77.74766133333333 2.0000586666666664
vertex 6.428309333333333 77.78867199999999 2.0000586666666664
vertex 4.010032 77.78867199999999 2.0000586666666664
endloop
endfacet
facet normal 0 0 1
outer loop
vertex 47.275383999999995 77.71791733333333 2.0000586666666664
vertex 47.37498133333333 77.64085333333333 2.0000586666666664
vertex 49.59857066666667 77.64085333333333 2.0000586666666664
endloop
endfacet
facet normal 0 0 1
outer loop
vertex 47.275383999999995 77.71791733333333 2.0000586666666664
vertex 49.59857066666667 77.64085333333333 2.0000586666666664
vertex 49.59631733333333 77.71791733333333 2.0000586666666664
endloop
endfacet
facet normal 0 0 1
outer loop
vertex 4.0037226666666665 77.71791733333333 2.0000586666666664
vertex 4.0014693333333335 77.64085333333333 2.0000586666666664
vertex 6.2250586666666665 77.64085333333333 2.0000586666666664
endloop
endfacet
facet normal 0 0 1
outer loop
vertex 4.0037226666666665 77.71791733333333 2.0000586666666664
vertex 6.2250586666666665 77.64085333333333 2.0000586666666664
vertex 6.3242053333333335 77.71791733333333 2.0000586666666664
endloop
endfacet
facet normal 0 0 1
outer loop
vertex 47.37498133333333 77.64085333333333 2.0000586666666664
vertex 47.46917066666666 77.55793066666666 2.0000586666666664
vertex 49.60127466666667 77.55793066666666 2.0000586666666664
endloop
endfacet
facet normal 0 0 1
outer loop
vertex 47.37498133333333 77.64085333333333 2.0000586666666664
vertex 49.60127466666667 77.55793066666666 2.0000586666666664
vertex 49.59857066666667 77.64085333333333 2.0000586666666664
endloop
endfacet
facet normal 0 0 1
outer loop
vertex 4.0014693333333335 77.64085333333333 2.0000586666666664
vertex 3.998765333333333 77.55793066666666 2.0000586666666664
vertex 6.130869333333333 77.55793066666666 2.0000586666666664
endloop
endfacet
facet normal 0 0 1
outer loop
vertex 4.0014693333333335 77.64085333333333 2.0000586666666664
vertex 6.130869333333333 77.55793066666666 2.0000586666666664
vertex 6.2250586666666665 77.64085333333333 2.0000586666666664
endloop
endfacet
facet normal 0 0 1
outer loop
vertex 47.46917066666666 77.55793066666666 2.0000586666666664
vertex 47.552544 77.47455733333334 2.0000586666666664
vertex 49.60397866666666 77.47455733333334 2.0000586666666664
endloop
endfacet
facet normal 0 0 1
outer loop
vertex 47.46917066666666 77.55793066666666 2.0000586666666664
vertex 49.60397866666666 77.47455733333334 2.0000586666666664
vertex 49.60127466666667 77.55793066666666 2.0000586666666664
endloop
endfacet
facet normal 0 0 1
outer loop
vertex 3.998765333333333 77.55793066666666 2.0000586666666664
vertex 3.996061333333333 77.47455733333334 2.0000586666666664
vertex 6.047496 77.47455733333334 2.0000586666666664
endloop
endfacet
facet normal 0 0 1
outer loop
vertex 3.998765333333333 77.55793066666666 2.0000586666666664
vertex 6.047496 77.47455733333334 2.0000586666666664
vertex 6.130869333333333 77.55793066666666 2.0000586666666664
endloop
endfacet
facet normal 0 0 1
outer loop
vertex 47.552544 77.47455733333334 2.0000586666666664
vertex 47.557952 77.46914933333333 2.0000586666666664
vertex 49.60442933333333 77.46914933333333 2.0000586666666664
endloop
endfacet
facet normal 0 0 1
outer loop
vertex 47.552544 77.47455733333334 2.0000586666666664
vertex 49.60442933333333 77.46914933333333 2.0000586666666664
vertex 49.60397866666666 77.47455733333334 2.0000586666666664
endloop
endfacet
facet normal 0 0 1
outer loop
vertex 3.996061333333333 77.47455733333334 2.0000586666666664
vertex 3.9956106666666664 77.46914933333333 2.0000586666666664
vertex 6.042088 77.46914933333333 2.0000586666666664
endloop
endfacet
facet normal 0 0 1
outer loop
vertex 3.996061333333333 77.47455733333334 2.0000586666666664
vertex 6.042088 77.46914933333333 2.0000586666666664
vertex 6.047496 77.47455733333334 2.0000586666666664
endloop
endfacet
facet normal 0 0 1
outer loop
vertex 47.557952 77.46914933333333 2.0000586666666664
vertex 47.64087466666667 77.37496 2.0000586666666664
vertex 49.613442666666664 77.37496 2.0000586666666664
endloop
endfacet
facet normal 0 0 1
outer loop
vertex 47.557952 77.46914933333333 2.0000586666666664
vertex 49.613442666666664 77.37496 2.0000586666666664
vertex 49.60442933333333 77.46914933333333 2.0000586666666664
endloop
endfacet
facet normal 0 0 1
outer loop
vertex 3.9956106666666664 77.46914933333333 2.0000586666666664
vertex 3.986597333333333 77.37496 2.0000586666666664
vertex 5.959165333333333 77.37496 2.0000586666666664
endloop
endfacet
facet normal 0 0 1
outer loop
vertex 3.9956106666666664 77.46914933333333 2.0000586666666664
vertex 5.959165333333333 77.37496 2.0000586666666664
vertex 6.042088 77.46914933333333 2.0000586666666664
endloop
endfacet
facet normal 0 0 0.9999999999999999
outer loop
vertex 47.64087466666667 77.37496 2.0000586666666664
vertex 47.660703999999996 77.349272 2.0000586666666664
vertex 49.615696 77.349272 2.0000586666666664
endloop
endfacet
facet normal 0 0 1
outer loop
vertex 47.64087466666667 77.37496 2.0000586666666664
vertex 49.615696 77.349272 2.0000586666666664
vertex 49.613442666666664 77.37496 2.0000586666666664
endloop
endfacet
facet normal 0 0 1
outer loop
vertex 3.986597333333333 77.37496 2.0000586666666664
vertex 3.9843439999999997 77.349272 2.0000586666666664
vertex 5.939336 77.349272 2.0000586666666664
endloop
endfacet
facet normal 0 0 1
outer loop
vertex 3.986597333333333 77.37496 2.0000586666666664
vertex 5.939336 77.349272 2.0000586666666664
vertex 5.959165333333333 77.37496 2.0000586666666664
endloop
endfacet
facet normal 0 0 1
outer loop
vertex 47.660703999999996 77.349272 2.0000586666666664
vertex 47.71793866666666 77.27536266666667 2.0000586666666664
vertex 49.62741333333333 77.27536266666667 2.0000586666666664
endloop
endfacet
facet normal 0 0 1
outer loop
vertex 47.660703999999996 77.349272 2.0000586666666664
vertex 49.62741333333333 77.27536266666667 2.0000586666666664
vertex 49.615696 77.349272 2.0000586666666664
endloop
endfacet
facet normal 0 0 1
outer loop
vertex 3.9843439999999997 77.349272 2.0000586666666664
vertex 3.9726266666666668 77.27536266666667 2.0000586666666664
vertex 5.882101333333333 77.27536266666667 2.0000586666666664
endloop
endfacet
facet normal 0 0 1
outer loop
vertex 3.9843439999999997 77.349272 2.0000586666666664
vertex 5.882101333333333 77.27536266666667 2.0000586666666664
vertex 5.939336 77.349272 2.0000586666666664
endloop
endfacet
facet normal 0 0 1
outer loop
vertex 47.71793866666666 77.27536266666667 2.0000586666666664
vertex 47.752189333333334 77.22533866666666 2.0000586666666664
vertex 49.635525333333334 77.22533866666666 2.0000586666666664
endloop
endfacet
facet normal 0 0 1
outer loop
vertex 47.71793866666666 77.27536266666667 2.0000586666666664
vertex 49.635525333333334 77.22533866666666 2.0000586666666664
vertex 49.62741333333333 77.27536266666667 2.0000586666666664
endloop
endfacet
facet normal 0 0 1
outer loop
vertex 3.9726266666666668 77.27536266666667 2.0000586666666664
vertex 3.9645146666666666 77.22533866666666 2.0000586666666664
vertex 5.847850666666666 77.22533866666666 2.0000586666666664
endloop
endfacet
facet normal 0 0 1
outer loop
vertex 3.9726266666666668 77.27536266666667 2.0000586666666664
vertex 5.847850666666666 77.22533866666666 2.0000586666666664
vertex 5.882101333333333 77.27536266666667 2.0000586666666664
endloop
endfacet
facet normal 0 0 1
outer loop
vertex 47.752189333333334 77.22533866666666 2.0000586666666664
vertex 47.788693333333335 77.17170933333333 2.0000586666666664
vertex 49.64724266666666 77.17170933333333 2.0000586666666664
endloop
endfacet
facet normal 0 0 1
outer loop
vertex 47.752189333333334 77.22533866666666 2.0000586666666664
vertex 49.64724266666666 77.17170933333333 2.0000586666666664
vertex 49.635525333333334 77.22533866666666 2.0000586666666664
endloop
endfacet
facet normal 0 0 1
outer loop
vertex 3.9645146666666666 77.22533866666666 2.0000586666666664
vertex 3.9527973333333333 77.17170933333333 2.0000586666666664
vertex 5.811346666666666 77.17170933333333 2.0000586666666664
endloop
endfacet
facet normal 0 0 1
outer loop
vertex 3.9645146666666666 77.22533866666666 2.0000586666666664
vertex 5.811346666666666 77.17170933333333 2.0000586666666664
vertex 5.847850666666666 77.22533866666666 2.0000586666666664
endloop
endfacet
facet normal 0 0 1
outer loop
vertex 47.788693333333335 77.17170933333333 2.0000586666666664
vertex 47.829704 77.10275733333333 2.0000586666666664
vertex 49.663016 77.10275733333333 2.0000586666666664
endloop
endfacet
facet normal 0 0 1
outer loop
vertex 47.788693333333335 77.17170933333333 2.0000586666666664
vertex 49.663016 77.10275733333333 2.0000586666666664
vertex 49.64724266666666 77.17170933333333 2.0000586666666664
endloop
endfacet
facet normal 0 0 1
outer loop
vertex 3.9527973333333333 77.17170933333333 2.0000586666666664
vertex 3.937024 77.10275733333333 2.0000586666666664
vertex 5.7703359999999995 77.10275733333333 2.0000586666666664
endloop
endfacet
facet normal 0 0 1
outer loop
vertex 3.9527973333333333 77.17170933333333 2.0000586666666664
vertex 5.7703359999999995 77.10275733333333 2.0000586666666664
vertex 5.811346666666666 77.17170933333333 2.0000586666666664
endloop
endfacet
facet normal 0 0 1
outer loop
vertex 47.829704 77.10275733333333 2.0000586666666664
vertex 47.852688 77.06354933333333 2.0000586666666664
vertex 49.67428266666666 77.06354933333333 2.0000586666666664
endloop
endfacet
facet normal 0 0 1
outer loop
vertex 47.829704 77.10275733333333 2.0000586666666664
vertex 49.67428266666666 77.06354933333333 2.0000586666666664
vertex 49.663016 77.10275733333333 2.0000586666666664
endloop
endfacet
facet normal 0 0 1
outer loop
vertex 3.937024 77.10275733333333 2.0000586666666664
vertex 3.9257573333333333 77.06354933333333 2.0000586666666664
vertex 5.747352 77.06354933333333 2.0000586666666664
endloop
endfacet
facet normal 0 0 1
outer loop
vertex 3.937024 77.10275733333333 2.0000586666666664
vertex 5.747352 77.06354933333333 2.0000586666666664
vertex 5.7703359999999995 77.10275733333333 2.0000586666666664
endloop
endfacet
facet normal 0 0 1
outer loop
vertex 47.852688 77.06354933333333 2.0000586666666664
vertex 47.89414933333333 76.98197866666666 2.0000586666666664
vertex 49.69771733333333 76.98197866666666 2.0000586666666664
endloop
endfacet
facet normal 0 0 1
outer loop
vertex 47.852688 77.06354933333333 2.0000586666666664
vertex 49.69771733333333 76.98197866666666 2.0000586666666664
vertex 49.67428266666666 77.06354933333333 2.0000586666666664
endloop
endfacet
facet normal 0 0 1
outer loop
vertex 3.9257573333333333 77.06354933333333 2.0000586666666664
vertex 3.9023226666666666 76.98197866666666 2.0000586666666664
vertex 5.705890666666667 76.98197866666666 2.0000586666666664
endloop
endfacet
facet normal 0 0 1
outer loop
vertex 3.9257573333333333 77.06354933333333 2.0000586666666664
vertex 5.705890666666667 76.98197866666666 2.0000586666666664
vertex 5.747352 77.06354933333333 2.0000586666666664
endloop
endfacet
facet normal 0 0 1
outer loop
vertex 47.89414933333333 76.98197866666666 2.0000586666666664
vertex 47.909472 76.95133333333334 2.0000586666666664
vertex 49.708984 76.95133333333334 2.0000586666666664
endloop
endfacet
facet normal 0 0 1
outer loop
vertex 47.89414933333333 76.98197866666666 2.0000586666666664
vertex 49.708984 76.95133333333334 2.0000586666666664
vertex 49.69771733333333 76.98197866666666 2.0000586666666664
endloop
endfacet
facet normal 0 0 1
outer loop
vertex 3.9023226666666666 76.98197866666666 2.0000586666666664
vertex 3.891056 76.95133333333334 2.0000586666666664
vertex 5.690568 76.95133333333334 2.0000586666666664
endloop
endfacet
facet normal 0 0 1
outer loop
vertex 3.9023226666666666 76.98197866666666 2.0000586666666664
vertex 5.690568 76.95133333333334 2.0000586666666664
vertex 5.705890666666667 76.98197866666666 2.0000586666666664
endloop
endfacet
facet normal 0 0 1
outer loop
vertex 47.909472 76.95133333333334 2.0000586666666664
vertex 47.947778666666665 76.86390399999999 2.0000586666666664
vertex 49.740530666666665 76.86390399999999 2.0000586666666664
endloop
endfacet
facet normal 0 0 1
outer loop
vertex 47.909472 76.95133333333334 2.0000586666666664
vertex 49.740530666666665 76.86390399999999 2.0000586666666664
vertex 49.708984 76.95133333333334 2.0000586666666664
endloop
endfacet
facet normal 0 0 1
outer loop
vertex 3.891056 76.95133333333334 2.0000586666666664
vertex 3.859509333333333 76.86390399999999 2.0000586666666664
vertex 5.652261333333334 76.86390399999999 2.0000586666666664
endloop
endfacet
facet normal 0 0 1
outer loop
vertex 3.891056 76.95133333333334 2.0000586666666664
vertex 5.652261333333334 76.86390399999999 2.0000586666666664
vertex 5.690568 76.95133333333334 2.0000586666666664
endloop
endfacet
facet normal 0 0 0.9999999999999999
outer loop
vertex 47.947778666666665 76.86390399999999 2.0000586666666664
vertex 47.959496 76.83641333333333 2.0000586666666664
vertex 49.752248 76.83641333333333 2.0000586666666664
endloop
endfacet
facet normal 0 0 0.9999999999999999
outer loop
vertex 47.947778666666665 76.86390399999999 2.0000586666666664
vertex 49.752248 76.83641333333333 2.0000586666666664
vertex 49.740530666666665 76.86390399999999 2.0000586666666664
endloop
endfacet
facet normal 0 0 1
outer loop
vertex 3.859509333333333 76.86390399999999 2.0000586666666664
vertex 3.8477919999999997 76.83641333333333 2.0000586666666664
vertex 5.640544 76.83641333333333 2.0000586666666664
endloop
endfacet
facet normal 0 0 1
outer loop
vertex 3.859509333333333 76.86390399999999 2.0000586666666664
vertex 5.640544 76.83641333333333 2.0000586666666664
vertex 5.652261333333334 76.86390399999999 2.0000586666666664
endloop
endfacet
facet normal 0 0 1
outer loop
vertex 47.959496 76.83641333333333 2.0000586666666664
vertex 47.991042666666665 76.74853333333333 2.0000586666666664
vertex 49.790554666666665 76.74853333333333 2.0000586666666664
endloop
endfacet
facet normal 0 0 0.9999999999999999
outer loop
vertex 47.959496 76.83641333333333 2.0000586666666664
vertex 49.790554666666665 76.74853333333333 2.0000586666666664
vertex 49.752248 76.83641333333333 2.0000586666666664
endloop
endfacet
facet normal 0 0 1
outer loop
vertex 3.8477919999999997 76.83641333333333 2.0000586666666664
vertex 3.8094853333333334 76.74853333333333 2.0000586666666664
vertex 5.608997333333333 76.74853333333333 2.0000586666666664
endloop
endfacet
facet normal 0 0 1
outer loop
vertex 3.8477919999999997 76.83641333333333 2.0000586666666664
vertex 5.608997333333333 76.74853333333333 2.0000586666666664
vertex 5.640544 76.83641333333333 2.0000586666666664
endloop
endfacet
facet normal 0 0 0.9999999999999999
outer loop
vertex 47.991042666666665 76.74853333333333 2.0000586666666664
vertex 48.00230933333333 76.717888 2.0000586666666664
vertex 49.805877333333335 76.717888 2.0000586666666664
endloop
endfacet
facet normal 0 0 1
outer loop
vertex 47.991042666666665 76.74853333333333 2.0000586666666664
vertex 49.805877333333335 76.717888 2.0000586666666664
vertex 49.790554666666665 76.74853333333333 2.0000586666666664
endloop
endfacet
facet normal 0 0 0.9999999999999999
outer loop
vertex 3.8094853333333334 76.74853333333333 2.0000586666666664
vertex 3.7941626666666664 76.717888 2.0000586666666664
vertex 5.597730666666666 76.717888 2.0000586666666664
endloop
endfacet
facet normal 0 0 0.9999999999999999
outer loop
vertex 3.8094853333333334 76.74853333333333 2.0000586666666664
vertex 5.597730666666666 76.717888 2.0000586666666664
vertex 5.608997333333333 76.74853333333333 2.0000586666666664
endloop
endfacet
facet normal 0 0 1
outer loop
vertex 48.00230933333333 76.717888 2.0000586666666664
vertex 48.025743999999996 76.63631733333334 2.0000586666666664
vertex 49.847338666666666 76.63631733333334 2.0000586666666664
endloop
endfacet
facet normal 0 0 1
outer loop
vertex 48.00230933333333 76.717888 2.0000586666666664
vertex 49.847338666666666 76.63631733333334 2.0000586666666664
vertex 49.805877333333335 76.717888 2.0000586666666664
endloop
endfacet
facet normal 0 0 1
outer loop
vertex 3.7941626666666664 76.717888 2.0000586666666664
vertex 3.752701333333333 76.63631733333334 2.0000586666666664
vertex 5.5742959999999995 76.63631733333334 2.0000586666666664
endloop
endfacet
facet normal 0 0 1
outer loop
vertex 3.7941626666666664 76.717888 2.0000586666666664
vertex 5.5742959999999995 76.63631733333334 2.0000586666666664
vertex 5.597730666666666 76.717888 2.0000586666666664
endloop
endfacet
facet normal 0 0 1
outer loop
vertex 48.025743999999996 76.63631733333334 2.0000586666666664
vertex 48.03701066666667 76.59756 2.0000586666666664
vertex 49.87032266666667 76.59756 2.0000586666666664
endloop
endfacet
facet normal 0 0 1
outer loop
vertex 48.025743999999996 76.63631733333334 2.0000586666666664
vertex 49.87032266666667 76.59756 2.0000586666666664
vertex 49.847338666666666 76.63631733333334 2.0000586666666664
endloop
endfacet
facet normal 0 0 1
outer loop
vertex 3.752701333333333 76.63631733333334 2.0000586666666664
vertex 3.7292666666666667 76.59756 2.0000586666666664
vertex 5.563029333333333 76.59756 2.0000586666666664
endloop
endfacet
facet normal 0 0 1
outer loop
vertex 3.752701333333333 76.63631733333334 2.0000586666666664
vertex 5.563029333333333 76.59756 2.0000586666666664
vertex 5.5742959999999995 76.63631733333334 2.0000586666666664
endloop
endfacet
facet normal 0 0 1
outer loop
vertex 48.03701066666667 76.59756 2.0000586666666664
vertex 48.052783999999996 76.52815733333333 2.0000586666666664
vertex 49.91133333333333 76.52815733333333 2.0000586666666664
endloop
endfacet
facet normal 0 0 1
outer loop
vertex 48.03701066666667 76.59756 2.0000586666666664
vertex 49.91133333333333 76.52815733333333 2.0000586666666664
vertex 49.87032266666667 76.59756 2.0000586666666664
endloop
endfacet
facet normal 0 0 1
outer loop
vertex 3.7292666666666667 76.59756 2.0000586666666664
vertex 3.6887066666666666 76.52815733333333 2.0000586666666664
vertex 5.547256 76.52815733333333 2.0000586666666664
endloop
endfacet
facet normal 0 0 1
outer loop
vertex 3.7292666666666667 76.59756 2.0000586666666664
vertex 5.547256 76.52815733333333 2.0000586666666664
vertex 5.563029333333333 76.59756 2.0000586666666664
endloop
endfacet
facet normal 0 0 1
outer loop
vertex 48.052783999999996 76.52815733333333 2.0000586666666664
vertex 48.06450133333333 76.47497866666666 2.0000586666666664
vertex 49.94783733333333 76.47497866666666 2.0000586666666664
endloop
endfacet
facet normal 0 0 1
outer loop
vertex 48.052783999999996 76.52815733333333 2.0000586666666664
vertex 49.94783733333333 76.47497866666666 2.0000586666666664
vertex 49.91133333333333 76.52815733333333 2.0000586666666664
endloop
endfacet
facet normal 0 0 1
outer loop
vertex 3.6887066666666666 76.52815733333333 2.0000586666666664
vertex 3.6522026666666667 76.47497866666666 2.0000586666666664
vertex 5.535538666666667 76.47497866666666 2.0000586666666664
endloop
endfacet
facet normal 0 0 1
outer loop
vertex 3.6887066666666666 76.52815733333333 2.0000586666666664
vertex 5.535538666666667 76.47497866666666 2.0000586666666664
vertex 5.547256 76.52815733333333 2.0000586666666664
endloop
endfacet
facet normal 0 0 1
outer loop
vertex 48.06450133333333 76.47497866666666 2.0000586666666664
vertex 48.07261333333333 76.424504 2.0000586666666664
vertex 49.982088 76.424504 2.0000586666666664
endloop
endfacet
facet normal 0 0 1
outer loop
vertex 48.06450133333333 76.47497866666666 2.0000586666666664
vertex 49.982088 76.424504 2.0000586666666664
vertex 49.94783733333333 76.47497866666666 2.0000586666666664
endloop
endfacet
facet normal 0 0 1
outer loop
vertex 3.6522026666666667 76.47497866666666 2.0000586666666664
vertex 3.617952 76.424504 2.0000586666666664
vertex 5.527426666666667 76.424504 2.0000586666666664
endloop
endfacet
facet normal 0 0 1
outer loop
vertex 3.6522026666666667 76.47497866666666 2.0000586666666664
vertex 5.527426666666667 76.424504 2.0000586666666664
vertex 5.535538666666667 76.47497866666666 2.0000586666666664
endloop
endfacet
facet normal 0 0 1
outer loop
vertex 48.07261333333333 76.424504 2.0000586666666664
vertex 48.084330666666666 76.35059466666667 2.0000586666666664
vertex 50.03932266666666 76.35059466666667 2.0000586666666664
endloop
endfacet
facet normal 0 0 1
outer loop
vertex 48.07261333333333 76.424504 2.0000586666666664
vertex 50.03932266666666 76.35059466666667 2.0000586666666664
vertex 49.982088 76.424504 2.0000586666666664
endloop
endfacet
facet normal 0 0 1
outer loop
vertex 3.617952 76.424504 2.0000586666666664
vertex 3.5607173333333333 76.35059466666667 2.0000586666666664
vertex 5.515709333333334 76.35059466666667 2.0000586666666664
endloop
endfacet
facet normal 0 0 1
outer loop
vertex 3.617952 76.424504 2.0000586666666664
vertex 5.515709333333334 76.35059466666667 2.0000586666666664
vertex 5.527426666666667 76.424504 2.0000586666666664
endloop
endfacet
facet normal 0 0 1
outer loop
vertex 48.084330666666666 76.35059466666667 2.0000586666666664
vertex 48.086584 76.32535733333333 2.0000586666666664
vertex 50.059152 76.32535733333333 2.0000586666666664
endloop
endfacet
facet normal 0 0 1
outer loop
vertex 48.084330666666666 76.35059466666667 2.0000586666666664
vertex 50.059152 76.32535733333333 2.0000586666666664
vertex 50.03932266666666 76.35059466666667 2.0000586666666664
endloop
endfacet
facet normal 0 0 1
outer loop
vertex 3.5607173333333333 76.35059466666667 2.0000586666666664
vertex 3.540888 76.32535733333333 2.0000586666666664
vertex 5.513456 76.32535733333333 2.0000586666666664
endloop
endfacet
facet normal 0 0 1
outer loop
vertex 3.5607173333333333 76.35059466666667 2.0000586666666664
vertex 5.513456 76.32535733333333 2.0000586666666664
vertex 5.515709333333334 76.35059466666667 2.0000586666666664
endloop
endfacet
facet normal 0 0 1
outer loop
vertex 48.086584 76.32535733333333 2.0000586666666664
vertex 48.09559733333333 76.23071733333333 2.0000586666666664
vertex 50.142074666666666 76.23071733333333 2.0000586666666664
endloop
endfacet
facet normal 0 0 1
outer loop
vertex 48.086584 76.32535733333333 2.0000586666666664
vertex 50.142074666666666 76.23071733333333 2.0000586666666664
vertex 50.059152 76.32535733333333 2.0000586666666664
endloop
endfacet
facet normal 0 0 1
outer loop
vertex 3.540888 76.32535733333333 2.0000586666666664
vertex 3.457965333333333 76.23071733333333 2.0000586666666664
vertex 5.504442666666667 76.23071733333333 2.0000586666666664
endloop
endfacet
facet normal 0 0 1
outer loop
vertex 3.540888 76.32535733333333 2.0000586666666664
vertex 5.504442666666667 76.23071733333333 2.0000586666666664
vertex 5.513456 76.32535733333333 2.0000586666666664
endloop
endfacet
facet normal 0 0 1
outer loop
vertex 48.09559733333333 76.23071733333333 2.0000586666666664
vertex 48.096047999999996 76.22576 2.0000586666666664
vertex 50.14748266666666 76.22576 2.0000586666666664
endloop
endfacet
facet normal 0 0 1
outer loop
vertex 48.09559733333333 76.23071733333333 2.0000586666666664
vertex 50.14748266666666 76.22576 2.0000586666666664
vertex 50.142074666666666 76.23071733333333 2.0000586666666664
endloop
endfacet
facet normal 0 0 1
outer loop
vertex 3.457965333333333 76.23071733333333 2.0000586666666664
vertex 3.452557333333333 76.22576 2.0000586666666664
vertex 5.503992 76.22576 2.0000586666666664
endloop
endfacet
facet normal 0 0 1
outer loop
vertex 3.457965333333333 76.23071733333333 2.0000586666666664
vertex 5.503992 76.22576 2.0000586666666664
vertex 5.504442666666667 76.23071733333333 2.0000586666666664
endloop
endfacet
facet normal 0 0 1
outer loop
vertex 48.096047999999996 76.22576 2.0000586666666664
vertex 48.098752 76.141936 2.0000586666666664
vertex 50.230855999999996 76.141936 2.0000586666666664
endloop
endfacet
facet normal 0 0 1
outer loop
vertex 48.096047999999996 76.22576 2.0000586666666664
vertex 50.230855999999996 76.141936 2.0000586666666664
vertex 50.14748266666666 76.22576 2.0000586666666664
endloop
endfacet
facet normal 0 0 1
outer loop
vertex 3.452557333333333 76.22576 2.0000586666666664
vertex 3.3691839999999997 76.141936 2.0000586666666664
vertex 5.501288 76.141936 2.0000586666666664
endloop
endfacet
facet normal 0 0 1
outer loop
vertex 3.452557333333333 76.22576 2.0000586666666664
vertex 5.501288 76.141936 2.0000586666666664
vertex 5.503992 76.22576 2.0000586666666664
endloop
endfacet
facet normal 0 0 1
outer loop
vertex 48.098752 76.141936 2.0000586666666664
vertex 48.101456 76.05901333333333 2.0000586666666664
vertex 50.32504533333333 76.05901333333333 2.0000586666666664
endloop
endfacet
facet normal 0 0 1
outer loop
vertex 48.098752 76.141936 2.0000586666666664
vertex 50.32504533333333 76.05901333333333 2.0000586666666664
vertex 50.230855999999996 76.141936 2.0000586666666664
endloop
endfacet
facet normal 0 0 1
outer loop
vertex 3.3691839999999997 76.141936 2.0000586666666664
vertex 3.2749946666666667 76.05901333333333 2.0000586666666664
vertex 5.498584 76.05901333333333 2.0000586666666664
endloop
endfacet
facet normal 0 0 1
outer loop
vertex 3.3691839999999997 76.141936 2.0000586666666664
vertex 5.498584 76.05901333333333 2.0000586666666664
vertex 5.501288 76.141936 2.0000586666666664
endloop
endfacet
facet normal 0 0 1
outer loop
vertex 48.101456 76.05901333333333 2.0000586666666664
vertex 48.103709333333335 75.98194933333333 2.0000586666666664
vertex 50.424642666666664 75.98194933333333 2.0000586666666664
endloop
endfacet
facet normal 0 0 1
outer loop
vertex 48.101456 76.05901333333333 2.0000586666666664
vertex 50.424642666666664 75.98194933333333 2.0000586666666664
vertex 50.32504533333333 76.05901333333333 2.0000586666666664
endloop
endfacet
facet normal 0 0 1
outer loop
vertex 3.2749946666666667 76.05901333333333 2.0000586666666664
vertex 3.175397333333333 75.98194933333333 2.0000586666666664
vertex 5.496330666666666 75.98194933333333 2.0000586666666664
endloop
endfacet
facet normal 0 0 1
outer loop
vertex 3.2749946666666667 76.05901333333333 2.0000586666666664
vertex 5.496330666666666 75.98194933333333 2.0000586666666664
vertex 5.498584 76.05901333333333 2.0000586666666664
endloop
endfacet
facet normal 0 0 1
outer loop
vertex 49.05416533333333 75.95220533333332 2.0000586666666664
vertex 48.103709333333335 75.98194933333333 2.0000586666666664
vertex 48.10416 75.974288 2.0000586666666664
endloop
endfacet
facet normal 0 0 1
outer loop
vertex 49.05416533333333 75.95220533333332 2.0000586666666664
vertex 48.10416 75.974288 2.0000586666666664
vertex 48.11001866666666 75.91119466666666 2.0000586666666664
endloop
endfacet
facet normal 0 0 1
outer loop
vertex 49.05416533333333 75.95220533333332 2.0000586666666664
vertex 48.11001866666666 75.91119466666666 2.0000586666666664
vertex 50.528296 75.91119466666666 2.0000586666666664
endloop
endfacet
facet normal 0 0 1
outer loop
vertex 49.05416533333333 75.95220533333332 2.0000586666666664
vertex 50.528296 75.91119466666666 2.0000586666666664
vertex 50.424642666666664 75.98194933333333 2.0000586666666664
endloop
endfacet
facet normal 0 0 1
outer loop
vertex 49.05416533333333 75.95220533333332 2.0000586666666664
vertex 50.424642666666664 75.98194933333333 2.0000586666666664
vertex 48.103709333333335 75.98194933333333 2.0000586666666664
endloop
endfacet
facet normal 0 0 1
outer loop
vertex 4.545874666666666 75.95220533333332 2.0000586666666664
vertex 3.175397333333333 75.98194933333333 2.0000586666666664
vertex 3.071744 75.91119466666666 2.0000586666666664
endloop
endfacet
facet normal 0 0 1
outer loop
vertex 4.545874666666666 75.95220533333332 2.0000586666666664
vertex 3.071744 75.91119466666666 2.0000586666666664
vertex 5.490021333333333 75.91119466666666 2.0000586666666664
endloop
endfacet
facet normal 0 0 0.9999999999999999
outer loop
vertex 4.545874666666666 75.95220533333332 2.0000586666666664
vertex 5.490021333333333 75.91119466666666 2.0000586666666664
vertex 5.49588 75.974288 2.0000586666666664
endloop
endfacet
facet normal 0 0 1
outer loop
vertex 4.545874666666666 75.95220533333332 2.0000586666666664
vertex 5.49588 75.974288 2.0000586666666664
vertex 5.496330666666666 75.98194933333333 2.0000586666666664
endloop
endfacet
facet normal 0 0 1
outer loop
vertex 4.545874666666666 75.95220533333332 2.0000586666666664
vertex 5.496330666666666 75.98194933333333 2.0000586666666664
vertex 3.175397333333333 75.98194933333333 2.0000586666666664
endloop
endfacet
facet normal 0 0 1
outer loop
vertex 49.10148533333333 75.87333866666667 2.0000586666666664
vertex 48.11001866666666 75.91119466666666 2.0000586666666664
vertex 48.11587733333333 75.84945333333333 2.0000586666666664
endloop
endfacet
facet normal 0 0 1
outer loop
vertex 49.10148533333333 75.87333866666667 2.0000586666666664
vertex 48.11587733333333 75.84945333333333 2.0000586666666664
vertex 48.11587733333333 75.8472 2.0000586666666664
endloop
endfacet
facet normal 0 0 1
outer loop
vertex 49.10148533333333 75.87333866666667 2.0000586666666664
vertex 48.11587733333333 75.8472 2.0000586666666664
vertex 50.636455999999995 75.8472 2.0000586666666664
endloop
endfacet
facet normal 0 0 0.9999999999999999
outer loop
vertex 49.10148533333333 75.87333866666667 2.0000586666666664
vertex 50.636455999999995 75.8472 2.0000586666666664
vertex 50.528296 75.91119466666666 2.0000586666666664
endloop
endfacet
facet normal 0 0 0.9999999999999999
outer loop
vertex 49.10148533333333 75.87333866666667 2.0000586666666664
vertex 50.528296 75.91119466666666 2.0000586666666664
vertex 48.11001866666666 75.91119466666666 2.0000586666666664
endloop
endfacet
facet normal 0 0 1
outer loop
vertex 4.498554666666666 75.87333866666667 2.0000586666666664
vertex 3.071744 75.91119466666666 2.0000586666666664
vertex 2.963584 75.8472 2.0000586666666664
endloop
endfacet
facet normal 0 0 1
outer loop
vertex 4.498554666666666 75.87333866666667 2.0000586666666664
vertex 2.963584 75.8472 2.0000586666666664
vertex 5.483712 75.8472 2.0000586666666664
endloop
endfacet
facet normal 0 0 1
outer loop
vertex 4.498554666666666 75.87333866666667 2.0000586666666664
vertex 5.483712 75.8472 2.0000586666666664
vertex 5.484162666666666 75.84945333333333 2.0000586666666664
endloop
endfacet
facet normal 0 0 1
outer loop
vertex 4.498554666666666 75.87333866666667 2.0000586666666664
vertex 5.484162666666666 75.84945333333333 2.0000586666666664
vertex 5.490021333333333 75.91119466666666 2.0000586666666664
endloop
endfacet
facet normal 0 0 1
outer loop
vertex 4.498554666666666 75.87333866666667 2.0000586666666664
vertex 5.490021333333333 75.91119466666666 2.0000586666666664
vertex 3.071744 75.91119466666666 2.0000586666666664
endloop
endfacet
facet normal 0 0 1
outer loop
vertex 48.11587733333333 75.8472 2.0000586666666664
vertex 48.124890666666666 75.790416 2.0000586666666664
vertex 50.74822133333333 75.790416 2.0000586666666664
endloop
endfacet
facet normal 0 0 1
outer loop
vertex 48.11587733333333 75.8472 2.0000586666666664
vertex 50.74822133333333 75.790416 2.0000586666666664
vertex 50.636455999999995 75.8472 2.0000586666666664
endloop
endfacet
facet normal 0 0 1
outer loop
vertex 2.963584 75.8472 2.0000586666666664
vertex 2.851368 75.790416 2.0000586666666664
vertex 5.474698666666667 75.790416 2.0000586666666664
endloop
endfacet
facet normal 0 0 0.9999999999999999
outer loop
vertex 2.963584 75.8472 2.0000586666666664
vertex 5.474698666666667 75.790416 2.0000586666666664
vertex 5.483712 75.8472 2.0000586666666664
endloop
endfacet
facet normal 0 0 1
outer loop
vertex 48.124890666666666 75.790416 2.0000586666666664
vertex 48.13300266666666 75.740392 2.0000586666666664
vertex 50.863592 75.740392 2.0000586666666664
endloop
endfacet
facet normal 0 0 1
outer loop
vertex 48.124890666666666 75.790416 2.0000586666666664
vertex 50.863592 75.740392 2.0000586666666664
vertex 50.74822133333333 75.790416 2.0000586666666664
endloop
endfacet
facet normal 0 0 1
outer loop
vertex 2.851368 75.790416 2.0000586666666664
vertex 2.7364479999999998 75.740392 2.0000586666666664
vertex 5.467037333333333 75.740392 2.0000586666666664
endloop
endfacet
facet normal 0 0 1
outer loop
vertex 2.851368 75.790416 2.0000586666666664
vertex 5.467037333333333 75.740392 2.0000586666666664
vertex 5.474698666666667 75.790416 2.0000586666666664
endloop
endfacet
facet normal 0 0 1
outer loop
vertex 49.251106666666665 75.72056266666667 2.0000586666666664
vertex 48.13300266666666 75.740392 2.0000586666666664
vertex 48.135256 75.72506933333334 2.0000586666666664
endloop
endfacet
facet normal 0 0 1
outer loop
vertex 49.251106666666665 75.72056266666667 2.0000586666666664
vertex 48.135256 75.72506933333334 2.0000586666666664
vertex 48.14156533333333 75.69802933333334 2.0000586666666664
endloop
endfacet
facet normal 0 0 1
outer loop
vertex 49.251106666666665 75.72056266666667 2.0000586666666664
vertex 48.14156533333333 75.69802933333334 2.0000586666666664
vertex 50.982117333333335 75.69802933333334 2.0000586666666664
endloop
endfacet
facet normal 0 0 1
outer loop
vertex 49.251106666666665 75.72056266666667 2.0000586666666664
vertex 50.982117333333335 75.69802933333334 2.0000586666666664
vertex 50.863592 75.740392 2.0000586666666664
endloop
endfacet
facet normal 0 0 0.9999999999999999
outer loop
vertex 49.251106666666665 75.72056266666667 2.0000586666666664
vertex 50.863592 75.740392 2.0000586666666664
vertex 48.13300266666666 75.740392 2.0000586666666664
endloop
endfacet
facet normal 0 0 1
outer loop
vertex 4.348933333333333 75.72056266666667 2.0000586666666664
vertex 2.7364479999999998 75.740392 2.0000586666666664
vertex 2.6179226666666664 75.69802933333334 2.0000586666666664
endloop
endfacet
facet normal 0 0 1
outer loop
vertex 4.348933333333333 75.72056266666667 2.0000586666666664
vertex 2.6179226666666664 75.69802933333334 2.0000586666666664
vertex 5.458474666666667 75.69802933333334 2.0000586666666664
endloop
endfacet
facet normal 0 0 1
outer loop
vertex 4.348933333333333 75.72056266666667 2.0000586666666664
vertex 5.458474666666667 75.69802933333334 2.0000586666666664
vertex 5.464784 75.72506933333334 2.0000586666666664
endloop
endfacet
facet normal 0 0 1
outer loop
vertex 4.348933333333333 75.72056266666667 2.0000586666666664
vertex 5.464784 75.72506933333334 2.0000586666666664
vertex 5.467037333333333 75.740392 2.0000586666666664
endloop
endfacet
facet normal 0 0 0.9999999999999999
outer loop
vertex 4.348933333333333 75.72056266666667 2.0000586666666664
vertex 5.467037333333333 75.740392 2.0000586666666664
vertex 2.7364479999999998 75.740392 2.0000586666666664
endloop
endfacet
facet normal 0 0 1
outer loop
vertex 48.14156533333333 75.69802933333334 2.0000586666666664
vertex 48.149226666666664 75.66287733333333 2.0000586666666664
vertex 51.10244533333333 75.66287733333333 2.0000586666666664
endloop
endfacet
facet normal 0 0 1
outer loop
vertex 48.14156533333333 75.69802933333334 2.0000586666666664
vertex 51.10244533333333 75.66287733333333 2.0000586666666664
vertex 50.982117333333335 75.69802933333334 2.0000586666666664
endloop
endfacet
facet normal 0 0 1
outer loop
vertex 2.6179226666666664 75.69802933333334 2.0000586666666664
vertex 2.4975946666666666 75.66287733333333 2.0000586666666664
vertex 5.4508133333333335 75.66287733333333 2.0000586666666664
endloop
endfacet
facet normal 0 0 1
outer loop
vertex 2.6179226666666664 75.69802933333334 2.0000586666666664
vertex 5.4508133333333335 75.66287733333333 2.0000586666666664
vertex 5.458474666666667 75.69802933333334 2.0000586666666664
endloop
endfacet
facet normal 0 0 1
outer loop
vertex 48.149226666666664 75.66287733333333 2.0000586666666664
vertex 48.155536 75.63538666666666 2.0000586666666664
vertex 51.225026666666665 75.63538666666666 2.0000586666666664
endloop
endfacet
facet normal 0 0 0.9999999999999999
outer loop
vertex 48.149226666666664 75.66287733333333 2.0000586666666664
vertex 51.225026666666665 75.63538666666666 2.0000586666666664
vertex 51.10244533333333 75.66287733333333 2.0000586666666664
endloop
endfacet
facet normal 0 0 1
outer loop
vertex 2.4975946666666666 75.66287733333333 2.0000586666666664
vertex 2.3745626666666664 75.63538666666666 2.0000586666666664
vertex 5.444504 75.63538666666666 2.0000586666666664
endloop
endfacet
facet normal 0 0 1
outer loop
vertex 2.4975946666666666 75.66287733333333 2.0000586666666664
vertex 5.444504 75.63538666666666 2.0000586666666664
vertex 5.4508133333333335 75.66287733333333 2.0000586666666664
endloop
endfacet
facet normal 0 0 1
outer loop
vertex 48.155536 75.63538666666666 2.0000586666666664
vertex 48.16004266666666 75.61555733333333 2.0000586666666664
vertex 51.349410666666664 75.61555733333333 2.0000586666666664
endloop
endfacet
facet normal 0 0 0.9999999999999999
outer loop
vertex 48.155536 75.63538666666666 2.0000586666666664
vertex 51.349410666666664 75.61555733333333 2.0000586666666664
vertex 51.225026666666665 75.63538666666666 2.0000586666666664
endloop
endfacet
facet normal 0 0 1
outer loop
vertex 2.3745626666666664 75.63538666666666 2.0000586666666664
vertex 2.2506293333333334 75.61555733333333 2.0000586666666664
vertex 5.439997333333333 75.61555733333333 2.0000586666666664
endloop
endfacet
facet normal 0 0 1
outer loop
vertex 2.3745626666666664 75.63538666666666 2.0000586666666664
vertex 5.439997333333333 75.61555733333333 2.0000586666666664
vertex 5.444504 75.63538666666666 2.0000586666666664
endloop
endfacet
facet normal 0 0 1
outer loop
vertex 48.16004266666666 75.61555733333333 2.0000586666666664
vertex 48.16274666666666 75.60383999999999 2.0000586666666664
vertex 51.47424533333333 75.60383999999999 2.0000586666666664
endloop
endfacet
facet normal 0 0 1
outer loop
vertex 48.16004266666666 75.61555733333333 2.0000586666666664
vertex 51.47424533333333 75.60383999999999 2.0000586666666664
vertex 51.349410666666664 75.61555733333333 2.0000586666666664
endloop
endfacet
facet normal 0 0 1
outer loop
vertex 2.2506293333333334 75.61555733333333 2.0000586666666664
vertex 2.1257946666666667 75.60383999999999 2.0000586666666664
vertex 5.437293333333333 75.60383999999999 2.0000586666666664
endloop
endfacet
facet normal 0 0 1
outer loop
vertex 2.2506293333333334 75.61555733333333 2.0000586666666664
vertex 5.437293333333333 75.60383999999999 2.0000586666666664
vertex 5.439997333333333 75.61555733333333 2.0000586666666664
endloop
endfacet
facet normal 0 0 1
outer loop
vertex 50.850072 74.84987466666666 2.0000586666666664
vertex 48.16274666666666 75.60383999999999 2.0000586666666664
vertex 48.16274666666666 75.602488 2.0000586666666664
endloop
endfacet
facet normal 0 0 1
outer loop
vertex 50.850072 74.84987466666666 2.0000586666666664
vertex 48.16274666666666 75.602488 2.0000586666666664
vertex 48.19789866666667 75.48216 2.0000586666666664
endloop
endfacet
facet normal 0 0 1
outer loop
vertex 50.850072 74.84987466666666 2.0000586666666664
vertex 48.19789866666667 75.48216 2.0000586666666664
vertex 48.24026133333333 75.36363466666667 2.0000586666666664
endloop
endfacet
facet normal 0 0 1
outer loop
vertex 50.850072 74.84987466666666 2.0000586666666664
vertex 48.24026133333333 75.36363466666667 2.0000586666666664
vertex 48.29028533333333 75.24826399999999 2.0000586666666664
endloop
endfacet
facet normal 0 0 1
outer loop
vertex 50.850072 74.84987466666666 2.0000586666666664
vertex 48.29028533333333 75.24826399999999 2.0000586666666664
vertex 48.347519999999996 75.13649866666667 2.0000586666666664
endloop
endfacet
facet normal 0 0 1
outer loop
vertex 50.850072 74.84987466666666 2.0000586666666664
vertex 48.347519999999996 75.13649866666667 2.0000586666666664
vertex 48.41151466666666 75.02833866666667 2.0000586666666664
endloop
endfacet
facet normal 0 0 1
outer loop
vertex 50.850072 74.84987466666666 2.0000586666666664
vertex 48.41151466666666 75.02833866666667 2.0000586666666664
vertex 48.48181866666666 74.92423466666666 2.0000586666666664
endloop
endfacet
facet normal 0 0 1
outer loop
vertex 50.850072 74.84987466666666 2.0000586666666664
vertex 48.48181866666666 74.92423466666666 2.0000586666666664
vertex 48.55888266666666 74.825088 2.0000586666666664
endloop
endfacet
facet normal 0 0 1
outer loop
vertex 50.850072 74.84987466666666 2.0000586666666664
vertex 48.55888266666666 74.825088 2.0000586666666664
vertex 48.642255999999996 74.73089866666666 2.0000586666666664
endloop
endfacet
facet normal 0 0 1
outer loop
vertex 50.850072 74.84987466666666 2.0000586666666664
vertex 48.642255999999996 74.73089866666666 2.0000586666666664
vertex 48.73103733333333 74.64211733333333 2.0000586666666664
endloop
endfacet
facet normal 0 0 1
outer loop
vertex 50.850072 74.84987466666666 2.0000586666666664
vertex 48.73103733333333 74.64211733333333 2.0000586666666664
vertex 48.825226666666666 74.55919466666667 2.0000586666666664
endloop
endfacet
facet normal 0 0 1
outer loop
vertex 50.850072 74.84987466666666 2.0000586666666664
vertex 48.825226666666666 74.55919466666667 2.0000586666666664
vertex 48.924373333333335 74.48213066666666 2.0000586666666664
endloop
endfacet
facet normal 0 0 1
outer loop
vertex 50.850072 74.84987466666666 2.0000586666666664
vertex 48.924373333333335 74.48213066666666 2.0000586666666664
vertex 49.028477333333335 74.411376 2.0000586666666664
endloop
endfacet
facet normal 0 0 1
outer loop
vertex 50.850072 74.84987466666666 2.0000586666666664
vertex 49.028477333333335 74.411376 2.0000586666666664
vertex 49.13663733333333 74.34738133333333 2.0000586666666664
endloop
endfacet
facet normal 0 0 1
outer loop
vertex 50.850072 74.84987466666666 2.0000586666666664
vertex 49.13663733333333 74.34738133333333 2.0000586666666664
vertex 49.248402666666664 74.29014666666666 2.0000586666666664
endloop
endfacet
facet normal 0 0 1
outer loop
vertex 50.850072 74.84987466666666 2.0000586666666664
vertex 49.248402666666664 74.29014666666666 2.0000586666666664
vertex 49.363773333333334 74.24057333333333 2.0000586666666664
endloop
endfacet
facet normal 0 0 1
outer loop
vertex 50.850072 74.84987466666666 2.0000586666666664
vertex 49.363773333333334 74.24057333333333 2.0000586666666664
vertex 49.481848 74.19776 2.0000586666666664
endloop
endfacet
facet normal 0 0 1
outer loop
vertex 50.850072 74.84987466666666 2.0000586666666664
vertex 49.481848 74.19776 2.0000586666666664
vertex 49.602626666666666 74.16305866666666 2.0000586666666664
endloop
endfacet
facet normal 0 0 1
outer loop
vertex 50.850072 74.84987466666666 2.0000586666666664
vertex 49.602626666666666 74.16305866666666 2.0000586666666664
vertex 49.725207999999995 74.13556799999999 2.0000586666666664
endloop
endfacet
facet normal 0 0 1
outer loop
vertex 50.850072 74.84987466666666 2.0000586666666664
vertex 49.725207999999995 74.13556799999999 2.0000586666666664
vertex 49.84914133333333 74.11573866666666 2.0000586666666664
endloop
endfacet
facet normal 0 0 1
outer loop
vertex 50.850072 74.84987466666666 2.0000586666666664
vertex 49.84914133333333 74.11573866666666 2.0000586666666664
vertex 49.974426666666666 74.10402133333334 2.0000586666666664
endloop
endfacet
facet normal 0 0 1
outer loop
vertex 50.850072 74.84987466666666 2.0000586666666664
vertex 49.974426666666666 74.10402133333334 2.0000586666666664
vertex 50.225448 74.09590933333332 2.0000586666666664
endloop
endfacet
facet normal 0 0 1
outer loop
vertex 50.850072 74.84987466666666 2.0000586666666664
vertex 50.225448 74.09590933333332 2.0000586666666664
vertex 53.53739733333333 74.09590933333332 2.0000586666666664
endloop
endfacet
facet normal 0 0 1
outer loop
vertex 50.850072 74.84987466666666 2.0000586666666664
vertex 53.53739733333333 74.09590933333332 2.0000586666666664
vertex 53.536946666666665 74.09726133333334 2.0000586666666664
endloop
endfacet
facet normal 0 0 1
outer loop
vertex 50.850072 74.84987466666666 2.0000586666666664
vertex 53.536946666666665 74.09726133333334 2.0000586666666664
vertex 53.502245333333335 74.21804 2.0000586666666664
endloop
endfacet
facet normal 0 0 1
outer loop
vertex 50.850072 74.84987466666666 2.0000586666666664
vertex 53.502245333333335 74.21804 2.0000586666666664
vertex 53.459432 74.33611466666666 2.0000586666666664
endloop
endfacet
facet normal 0 0 1
outer loop
vertex 50.850072 74.84987466666666 2.0000586666666664
vertex 53.459432 74.33611466666666 2.0000586666666664
vertex 53.409858666666665 74.45148533333334 2.0000586666666664
endloop
endfacet
facet normal 0 0 1
outer loop
vertex 50.850072 74.84987466666666 2.0000586666666664
vertex 53.409858666666665 74.45148533333334 2.0000586666666664
vertex 53.352624 74.56370133333333 2.0000586666666664
endloop
endfacet
facet normal 0 0 1
outer loop
vertex 50.850072 74.84987466666666 2.0000586666666664
vertex 53.352624 74.56370133333333 2.0000586666666664
vertex 53.28862933333333 74.67186133333333 2.0000586666666664
endloop
endfacet
facet normal 0 0 1
outer loop
vertex 50.850072 74.84987466666666 2.0000586666666664
vertex 53.28862933333333 74.67186133333333 2.0000586666666664
vertex 53.21787466666667 74.77551466666667 2.0000586666666664
endloop
endfacet
facet normal 0 0 1
outer loop
vertex 50.850072 74.84987466666666 2.0000586666666664
vertex 53.21787466666667 74.77551466666667 2.0000586666666664
vertex 53.14081066666667 74.87466133333334 2.0000586666666664
endloop
endfacet
facet normal 0 0 1
outer loop
vertex 50.850072 74.84987466666666 2.0000586666666664
vertex 53.14081066666667 74.87466133333334 2.0000586666666664
vertex 53.057888 74.96930133333333 2.0000586666666664
endloop
endfacet
facet normal 0 0 1
outer loop
vertex 50.850072 74.84987466666666 2.0000586666666664
vertex 53.057888 74.96930133333333 2.0000586666666664
vertex 52.96910666666666 75.05808266666666 2.0000586666666664
endloop
endfacet
facet normal 0 0 1
outer loop
vertex 50.850072 74.84987466666666 2.0000586666666664
vertex 52.96910666666666 75.05808266666666 2.0000586666666664
vertex 52.87491733333333 75.14100533333333 2.0000586666666664
endloop
endfacet
facet normal 0 0 1
outer loop
vertex 50.850072 74.84987466666666 2.0000586666666664
vertex 52.87491733333333 75.14100533333333 2.0000586666666664
vertex 52.775770666666666 75.21806933333333 2.0000586666666664
endloop
endfacet
facet normal 0 0 1
outer loop
vertex 50.850072 74.84987466666666 2.0000586666666664
vertex 52.775770666666666 75.21806933333333 2.0000586666666664
vertex 52.67166666666667 75.28882399999999 2.0000586666666664
endloop
endfacet
facet normal 0 0 1
outer loop
vertex 50.850072 74.84987466666666 2.0000586666666664
vertex 52.67166666666667 75.28882399999999 2.0000586666666664
vertex 52.56350666666666 75.35281866666666 2.0000586666666664
endloop
endfacet
facet normal 0 0 1
outer loop
vertex 50.850072 74.84987466666666 2.0000586666666664
vertex 52.56350666666666 75.35281866666666 2.0000586666666664
vertex 52.45174133333333 75.40960266666666 2.0000586666666664
endloop
endfacet
facet normal 0 0 1
outer loop
vertex 50.850072 74.84987466666666 2.0000586666666664
vertex 52.45174133333333 75.40960266666666 2.0000586666666664
vertex 52.33637066666667 75.45962666666667 2.0000586666666664
endloop
endfacet
facet normal 0 0 1
outer loop
vertex 50.850072 74.84987466666666 2.0000586666666664
vertex 52.33637066666667 75.45962666666667 2.0000586666666664
vertex 52.21784533333333 75.50198933333333 2.0000586666666664
endloop
endfacet
facet normal 0 0 1
outer loop
vertex 50.850072 74.84987466666666 2.0000586666666664
vertex 52.21784533333333 75.50198933333333 2.0000586666666664
vertex 52.09751733333333 75.53714133333334 2.0000586666666664
endloop
endfacet
facet normal 0 0 0.9999999999999999
outer loop
vertex 50.850072 74.84987466666666 2.0000586666666664
vertex 52.09751733333333 75.53714133333334 2.0000586666666664
vertex 51.974936 75.564632 2.0000586666666664
endloop
endfacet
facet normal 0 0 1
outer loop
vertex 50.850072 74.84987466666666 2.0000586666666664
vertex 51.974936 75.564632 2.0000586666666664
vertex 51.850552 75.58401066666667 2.0000586666666664
endloop
endfacet
facet normal 0 0 1
outer loop
vertex 50.850072 74.84987466666666 2.0000586666666664
vertex 51.850552 75.58401066666667 2.0000586666666664
vertex 51.72571733333333 75.59617866666666 2.0000586666666664
endloop
endfacet
facet normal 0 0 1
outer loop
vertex 50.850072 74.84987466666666 2.0000586666666664
vertex 51.72571733333333 75.59617866666666 2.0000586666666664
vertex 51.47424533333333 75.60383999999999 2.0000586666666664
endloop
endfacet
facet normal 0 0 1
outer loop
vertex 50.850072 74.84987466666666 2.0000586666666664
vertex 51.47424533333333 75.60383999999999 2.0000586666666664
vertex 48.16274666666666 75.60383999999999 2.0000586666666664
endloop
endfacet
facet normal 0 0 1
outer loop
vertex 2.749968 74.84987466666666 2.0000586666666664
vertex 2.1257946666666667 75.60383999999999 2.0000586666666664
vertex 1.8743226666666666 75.59617866666666 2.0000586666666664
endloop
endfacet
facet normal 0 0 1
outer loop
vertex 2.749968 74.84987466666666 2.0000586666666664
vertex 1.8743226666666666 75.59617866666666 2.0000586666666664
vertex 1.749488 75.58401066666667 2.0000586666666664
endloop
endfacet
facet normal 0 0 1
outer loop
vertex 2.749968 74.84987466666666 2.0000586666666664
vertex 1.749488 75.58401066666667 2.0000586666666664
vertex 1.6251039999999999 75.564632 2.0000586666666664
endloop
endfacet
facet normal 0 0 1
outer loop
vertex 2.749968 74.84987466666666 2.0000586666666664
vertex 1.6251039999999999 75.564632 2.0000586666666664
vertex 1.5025226666666667 75.53714133333334 2.0000586666666664
endloop
endfacet
facet normal 0 0 1
outer loop
vertex 2.749968 74.84987466666666 2.0000586666666664
vertex 1.5025226666666667 75.53714133333334 2.0000586666666664
vertex 1.3817439999999999 75.50198933333333 2.0000586666666664
endloop
endfacet
facet normal 0 0 1
outer loop
vertex 2.749968 74.84987466666666 2.0000586666666664
vertex 1.3817439999999999 75.50198933333333 2.0000586666666664
vertex 1.2636693333333333 75.45962666666667 2.0000586666666664
endloop
endfacet
facet normal 0 0 0.9999999999999999
outer loop
vertex 2.749968 74.84987466666666 2.0000586666666664
vertex 1.2636693333333333 75.45962666666667 2.0000586666666664
vertex 1.1482986666666666 75.40960266666666 2.0000586666666664
endloop
endfacet
facet normal 0 0 1
outer loop
vertex 2.749968 74.84987466666666 2.0000586666666664
vertex 1.1482986666666666 75.40960266666666 2.0000586666666664
vertex 1.0365333333333333 75.35281866666666 2.0000586666666664
endloop
endfacet
facet normal 0 0 1
outer loop
vertex 2.749968 74.84987466666666 2.0000586666666664
vertex 1.0365333333333333 75.35281866666666 2.0000586666666664
vertex 0.9283733333333333 75.28882399999999 2.0000586666666664
endloop
endfacet
facet normal 0 0 1
outer loop
vertex 2.749968 74.84987466666666 2.0000586666666664
vertex 0.9283733333333333 75.28882399999999 2.0000586666666664
vertex 0.8242693333333333 75.21806933333333 2.0000586666666664
endloop
endfacet
facet normal 0 0 1
outer loop
vertex 2.749968 74.84987466666666 2.0000586666666664
vertex 0.8242693333333333 75.21806933333333 2.0000586666666664
vertex 0.7251226666666667 75.14100533333333 2.0000586666666664
endloop
endfacet
facet normal 0 0 1
outer loop
vertex 2.749968 74.84987466666666 2.0000586666666664
vertex 0.7251226666666667 75.14100533333333 2.0000586666666664
vertex 0.6309333333333333 75.05808266666666 2.0000586666666664
endloop
endfacet
facet normal 0 0 1
outer loop
vertex 2.749968 74.84987466666666 2.0000586666666664
vertex 0.6309333333333333 75.05808266666666 2.0000586666666664
vertex 0.542152 74.96930133333333 2.0000586666666664
endloop
endfacet
facet normal 0 0 1
outer loop
vertex 2.749968 74.84987466666666 2.0000586666666664
vertex 0.542152 74.96930133333333 2.0000586666666664
vertex 0.45877866666666667 74.87466133333334 2.0000586666666664
endloop
endfacet
facet normal 0 0 1
outer loop
vertex 2.749968 74.84987466666666 2.0000586666666664
vertex 0.45877866666666667 74.87466133333334 2.0000586666666664
vertex 0.3821653333333333 74.77551466666667 2.0000586666666664
endloop
endfacet
facet normal 0 0 1
outer loop
vertex 2.749968 74.84987466666666 2.0000586666666664
vertex 0.3821653333333333 74.77551466666667 2.0000586666666664
vertex 0.31141066666666667 74.67186133333333 2.0000586666666664
endloop
endfacet
facet normal 0 0 1
outer loop
vertex 2.749968 74.84987466666666 2.0000586666666664
vertex 0.31141066666666667 74.67186133333333 2.0000586666666664
vertex 0.247416 74.56370133333333 2.0000586666666664
endloop
endfacet
facet normal 0 0 1
outer loop
vertex 2.749968 74.84987466666666 2.0000586666666664
vertex 0.247416 74.56370133333333 2.0000586666666664
vertex 0.19018133333333334 74.45148533333334 2.0000586666666664
endloop
endfacet
facet normal 0 0 1
outer loop
vertex 2.749968 74.84987466666666 2.0000586666666664
vertex 0.19018133333333334 74.45148533333334 2.0000586666666664
vertex 0.14060799999999998 74.33611466666666 2.0000586666666664
endloop
endfacet
facet normal 0 0 1
outer loop
vertex 2.749968 74.84987466666666 2.0000586666666664
vertex 0.14060799999999998 74.33611466666666 2.0000586666666664
vertex 0.09779466666666667 74.21804 2.0000586666666664
endloop
endfacet
facet normal 0 0 1
outer loop
vertex 2.749968 74.84987466666666 2.0000586666666664
vertex 0.09779466666666667 74.21804 2.0000586666666664
vertex 0.06264266666666667 74.09726133333334 2.0000586666666664
endloop
endfacet
facet normal 0 0 1
outer loop
vertex 2.749968 74.84987466666666 2.0000586666666664
vertex 0.06264266666666667 74.09726133333334 2.0000586666666664
vertex 0.06264266666666667 74.09590933333332 2.0000586666666664
endloop
endfacet
facet normal 0 0 1
outer loop
vertex 2.749968 74.84987466666666 2.0000586666666664
vertex 0.06264266666666667 74.09590933333332 2.0000586666666664
vertex 3.374592 74.09590933333332 2.0000586666666664
endloop
endfacet
facet normal 0 0 1
outer loop
vertex 2.749968 74.84987466666666 2.0000586666666664
vertex 3.374592 74.09590933333332 2.0000586666666664
vertex 3.6256133333333334 74.10402133333334 2.0000586666666664
endloop
endfacet
facet normal 0 0 1
outer loop
vertex 2.749968 74.84987466666666 2.0000586666666664
vertex 3.6256133333333334 74.10402133333334 2.0000586666666664
vertex 3.750448 74.11573866666666 2.0000586666666664
endloop
endfacet
facet normal 0 0 1
outer loop
vertex 2.749968 74.84987466666666 2.0000586666666664
vertex 3.750448 74.11573866666666 2.0000586666666664
vertex 3.874832 74.13556799999999 2.0000586666666664
endloop
endfacet
facet normal 0 0 1
outer loop
vertex 2.749968 74.84987466666666 2.0000586666666664
vertex 3.874832 74.13556799999999 2.0000586666666664
vertex 3.9974133333333333 74.16305866666666 2.0000586666666664
endloop
endfacet
facet normal 0 0 1
outer loop
vertex 2.749968 74.84987466666666 2.0000586666666664
vertex 3.9974133333333333 74.16305866666666 2.0000586666666664
vertex 4.118192 74.19776 2.0000586666666664
endloop
endfacet
facet normal 0 0 1
outer loop
vertex 2.749968 74.84987466666666 2.0000586666666664
vertex 4.118192 74.19776 2.0000586666666664
vertex 4.236266666666666 74.24057333333333 2.0000586666666664
endloop
endfacet
facet normal 0 0 1
outer loop
vertex 2.749968 74.84987466666666 2.0000586666666664
vertex 4.236266666666666 74.24057333333333 2.0000586666666664
vertex 4.351637333333334 74.29014666666666 2.0000586666666664
endloop
endfacet
facet normal 0 0 1
outer loop
vertex 2.749968 74.84987466666666 2.0000586666666664
vertex 4.351637333333334 74.29014666666666 2.0000586666666664
vertex 4.463402666666666 74.34738133333333 2.0000586666666664
endloop
endfacet
facet normal 0 0 1
outer loop
vertex 2.749968 74.84987466666666 2.0000586666666664
vertex 4.463402666666666 74.34738133333333 2.0000586666666664
vertex 4.571562666666667 74.411376 2.0000586666666664
endloop
endfacet
facet normal 0 0 0.9999999999999999
outer loop
vertex 2.749968 74.84987466666666 2.0000586666666664
vertex 4.571562666666667 74.411376 2.0000586666666664
vertex 4.675666666666666 74.48213066666666 2.0000586666666664
endloop
endfacet
facet normal 0 0 1
outer loop
vertex 2.749968 74.84987466666666 2.0000586666666664
vertex 4.675666666666666 74.48213066666666 2.0000586666666664
vertex 4.774813333333333 74.55919466666667 2.0000586666666664
endloop
endfacet
facet normal 0 0 0.9999999999999999
outer loop
vertex 2.749968 74.84987466666666 2.0000586666666664
vertex 4.774813333333333 74.55919466666667 2.0000586666666664
vertex 4.869002666666667 74.64211733333333 2.0000586666666664
endloop
endfacet
facet normal 0 0 1
outer loop
vertex 2.749968 74.84987466666666 2.0000586666666664
vertex 4.869002666666667 74.64211733333333 2.0000586666666664
vertex 4.957784 74.73089866666666 2.0000586666666664
endloop
endfacet
facet normal 0 0 0.9999999999999999
outer loop
vertex 2.749968 74.84987466666666 2.0000586666666664
vertex 4.957784 74.73089866666666 2.0000586666666664
vertex 5.0411573333333335 74.825088 2.0000586666666664
endloop
endfacet
facet normal 0 0 1
outer loop
vertex 2.749968 74.84987466666666 2.0000586666666664
vertex 5.0411573333333335 74.825088 2.0000586666666664
vertex 5.1182213333333335 74.92423466666666 2.0000586666666664
endloop
endfacet
facet normal 0 0 1
outer loop
vertex 2.749968 74.84987466666666 2.0000586666666664
vertex 5.1182213333333335 74.92423466666666 2.0000586666666664
vertex 5.188525333333333 75.02833866666667 2.0000586666666664
endloop
endfacet
facet normal 0 0 1
outer loop
vertex 2.749968 74.84987466666666 2.0000586666666664
vertex 5.188525333333333 75.02833866666667 2.0000586666666664
vertex 5.25252 75.13649866666667 2.0000586666666664
endloop
endfacet
facet normal 0 0 1
outer loop
vertex 2.749968 74.84987466666666 2.0000586666666664
vertex 5.25252 75.13649866666667 2.0000586666666664
vertex 5.309754666666667 75.24826399999999 2.0000586666666664
endloop
endfacet
facet normal 0 0 1
outer loop
vertex 2.749968 74.84987466666666 2.0000586666666664
vertex 5.309754666666667 75.24826399999999 2.0000586666666664
vertex 5.359328 75.36363466666667 2.0000586666666664
endloop
endfacet
facet normal 0 0 1
outer loop
vertex 2.749968 74.84987466666666 2.0000586666666664
vertex 5.359328 75.36363466666667 2.0000586666666664
vertex 5.402141333333333 75.48216 2.0000586666666664
endloop
endfacet
facet normal 0 0 1
outer loop
vertex 2.749968 74.84987466666666 2.0000586666666664
vertex 5.402141333333333 75.48216 2.0000586666666664
vertex 5.437293333333333 75.602488 2.0000586666666664
endloop
endfacet
facet normal 0 0 1
outer loop
vertex 2.749968 74.84987466666666 2.0000586666666664
vertex 5.437293333333333 75.602488 2.0000586666666664
vertex 5.437293333333333 75.60383999999999 2.0000586666666664
endloop
endfacet
facet normal 0 0 1
outer loop
vertex 2.749968 74.84987466666666 2.0000586666666664
vertex 5.437293333333333 75.60383999999999 2.0000586666666664
vertex 2.1257946666666667 75.60383999999999 2.0000586666666664
endloop
endfacet
facet normal 0 0 1
outer loop
vertex 50.225448 74.09590933333332 2.0000586666666664
vertex 50.35073333333333 74.084192 2.0000586666666664
vertex 53.54010133333333 74.084192 2.0000586666666664
endloop
endfacet
facet normal 0 0 1
outer loop
vertex 50.225448 74.09590933333332 2.0000586666666664
vertex 53.54010133333333 74.084192 2.0000586666666664
vertex 53.53739733333333 74.09590933333332 2.0000586666666664
endloop
endfacet
facet normal 0 0 1
outer loop
vertex 0.06264266666666667 74.09590933333332 2.0000586666666664
vertex 0.05993866666666667 74.084192 2.0000586666666664
vertex 3.2493066666666666 74.084192 2.0000586666666664
endloop
endfacet
facet normal 0 0 1
outer loop
vertex 0.06264266666666667 74.09590933333332 2.0000586666666664
vertex 3.2493066666666666 74.084192 2.0000586666666664
vertex 3.374592 74.09590933333332 2.0000586666666664
endloop
endfacet
facet normal 0 0 1
outer loop
vertex 50.35073333333333 74.084192 2.0000586666666664
vertex 50.474666666666664 74.06436266666667 2.0000586666666664
vertex 53.544608 74.06436266666667 2.0000586666666664
endloop
endfacet
facet normal 0 0 1
outer loop
vertex 50.35073333333333 74.084192 2.0000586666666664
vertex 53.544608 74.06436266666667 2.0000586666666664
vertex 53.54010133333333 74.084192 2.0000586666666664
endloop
endfacet
facet normal 0 0 1
outer loop
vertex 0.05993866666666667 74.084192 2.0000586666666664
vertex 0.055431999999999995 74.06436266666667 2.0000586666666664
vertex 3.125373333333333 74.06436266666667 2.0000586666666664
endloop
endfacet
facet normal 0 0 1
outer loop
vertex 0.05993866666666667 74.084192 2.0000586666666664
vertex 3.125373333333333 74.06436266666667 2.0000586666666664
vertex 3.2493066666666666 74.084192 2.0000586666666664
endloop
endfacet
facet normal 0 0 1
outer loop
vertex 50.474666666666664 74.06436266666667 2.0000586666666664
vertex 50.597248 74.03732266666667 2.0000586666666664
vertex 53.550466666666665 74.03732266666667 2.0000586666666664
endloop
endfacet
facet normal 0 0 1
outer loop
vertex 50.474666666666664 74.06436266666667 2.0000586666666664
vertex 53.550466666666665 74.03732266666667 2.0000586666666664
vertex 53.544608 74.06436266666667 2.0000586666666664
endloop
endfacet
facet normal 0 0 1
outer loop
vertex 0.055431999999999995 74.06436266666667 2.0000586666666664
vertex 0.04957333333333333 74.03732266666667 2.0000586666666664
vertex 3.002792 74.03732266666667 2.0000586666666664
endloop
endfacet
facet normal 0 0 1
outer loop
vertex 0.055431999999999995 74.06436266666667 2.0000586666666664
vertex 3.002792 74.03732266666667 2.0000586666666664
vertex 3.125373333333333 74.06436266666667 2.0000586666666664
endloop
endfacet
facet normal 0 0 1
outer loop
vertex 50.597248 74.03732266666667 2.0000586666666664
vertex 50.71802666666667 74.00217066666666 2.0000586666666664
vertex 53.55857866666666 74.00217066666666 2.0000586666666664
endloop
endfacet
facet normal 0 0 1
outer loop
vertex 50.597248 74.03732266666667 2.0000586666666664
vertex 53.55857866666666 74.00217066666666 2.0000586666666664
vertex 53.550466666666665 74.03732266666667 2.0000586666666664
endloop
endfacet
facet normal 0 0 0.9999999999999999
outer loop
vertex 0.04957333333333333 74.03732266666667 2.0000586666666664
vertex 0.04146133333333333 74.00217066666666 2.0000586666666664
vertex 2.882013333333333 74.00217066666666 2.0000586666666664
endloop
endfacet
facet normal 0 0 1
outer loop
vertex 0.04957333333333333 74.03732266666667 2.0000586666666664
vertex 2.882013333333333 74.00217066666666 2.0000586666666664
vertex 3.002792 74.03732266666667 2.0000586666666664
endloop
endfacet
facet normal 0 0 1
outer loop
vertex 52.44903733333333 73.97963733333333 2.0000586666666664
vertex 50.71802666666667 74.00217066666666 2.0000586666666664
vertex 50.83610133333333 73.95935733333333 2.0000586666666664
endloop
endfacet
facet normal 0 0 1
outer loop
vertex 52.44903733333333 73.97963733333333 2.0000586666666664
vertex 50.83610133333333 73.95935733333333 2.0000586666666664
vertex 53.56714133333333 73.95935733333333 2.0000586666666664
endloop
endfacet
facet normal 0 0 1
outer loop
vertex 52.44903733333333 73.97963733333333 2.0000586666666664
vertex 53.56714133333333 73.95935733333333 2.0000586666666664
vertex 53.56443733333333 73.97467999999999 2.0000586666666664
endloop
endfacet
facet normal 0 0 1
outer loop
vertex 52.44903733333333 73.97963733333333 2.0000586666666664
vertex 53.56443733333333 73.97467999999999 2.0000586666666664
vertex 53.55857866666666 74.00217066666666 2.0000586666666664
endloop
endfacet
facet normal 0 0 1
outer loop
vertex 52.44903733333333 73.97963733333333 2.0000586666666664
vertex 53.55857866666666 74.00217066666666 2.0000586666666664
vertex 50.71802666666667 74.00217066666666 2.0000586666666664
endloop
endfacet
facet normal 0 0 1
outer loop
vertex 1.1510026666666666 73.97963733333333 2.0000586666666664
vertex 0.04146133333333333 74.00217066666666 2.0000586666666664
vertex 0.035602666666666664 73.97467999999999 2.0000586666666664
endloop
endfacet
facet normal 0 0 1
outer loop
vertex 1.1510026666666666 73.97963733333333 2.0000586666666664
vertex 0.035602666666666664 73.97467999999999 2.0000586666666664
vertex 0.032898666666666666 73.95935733333333 2.0000586666666664
endloop
endfacet
facet normal 0 0 1
outer loop
vertex 1.1510026666666666 73.97963733333333 2.0000586666666664
vertex 0.032898666666666666 73.95935733333333 2.0000586666666664
vertex 2.7639386666666668 73.95935733333333 2.0000586666666664
endloop
endfacet
facet normal 0 0 1
outer loop
vertex 1.1510026666666666 73.97963733333333 2.0000586666666664
vertex 2.7639386666666668 73.95935733333333 2.0000586666666664
vertex 2.882013333333333 74.00217066666666 2.0000586666666664
endloop
endfacet
facet normal 0 0 1
outer loop
vertex 1.1510026666666666 73.97963733333333 2.0000586666666664
vertex 2.882013333333333 74.00217066666666 2.0000586666666664
vertex 0.04146133333333333 74.00217066666666 2.0000586666666664
endloop
endfacet
facet normal 0 0 1
outer loop
vertex 50.83610133333333 73.95935733333333 2.0000586666666664
vertex 50.951471999999995 73.909784 2.0000586666666664
vertex 53.57480266666666 73.909784 2.0000586666666664
endloop
endfacet
facet normal 0 0 1
outer loop
vertex 50.83610133333333 73.95935733333333 2.0000586666666664
vertex 53.57480266666666 73.909784 2.0000586666666664
vertex 53.56714133333333 73.95935733333333 2.0000586666666664
endloop
endfacet
facet normal 0 0 1
outer loop
vertex 0.032898666666666666 73.95935733333333 2.0000586666666664
vertex 0.025237333333333334 73.909784 2.0000586666666664
vertex 2.648568 73.909784 2.0000586666666664
endloop
endfacet
facet normal 0 0 1
outer loop
vertex 0.032898666666666666 73.95935733333333 2.0000586666666664
vertex 2.648568 73.909784 2.0000586666666664
vertex 2.7639386666666668 73.95935733333333 2.0000586666666664
endloop
endfacet
facet normal 0 0 1
outer loop
vertex 50.951471999999995 73.909784 2.0000586666666664
vertex 51.063688 73.85254933333333 2.0000586666666664
vertex 53.583816 73.85254933333333 2.0000586666666664
endloop
endfacet
facet normal 0 0 1
outer loop
vertex 50.951471999999995 73.909784 2.0000586666666664
vertex 53.583816 73.85254933333333 2.0000586666666664
vertex 53.57480266666666 73.909784 2.0000586666666664
endloop
endfacet
facet normal 0 0 1
outer loop
vertex 0.025237333333333334 73.909784 2.0000586666666664
vertex 0.016224 73.85254933333333 2.0000586666666664
vertex 2.536352 73.85254933333333 2.0000586666666664
endloop
endfacet
facet normal 0 0 1
outer loop
vertex 0.025237333333333334 73.909784 2.0000586666666664
vertex 2.536352 73.85254933333333 2.0000586666666664
vertex 2.648568 73.909784 2.0000586666666664
endloop
endfacet
facet normal 0 0 0.9999999999999999
outer loop
vertex 52.598658666666665 73.82641066666666 2.0000586666666664
vertex 51.063688 73.85254933333333 2.0000586666666664
vertex 51.171848 73.78855466666667 2.0000586666666664
endloop
endfacet
facet normal 0 0 0.9999999999999999
outer loop
vertex 52.598658666666665 73.82641066666666 2.0000586666666664
vertex 51.171848 73.78855466666667 2.0000586666666664
vertex 53.59012533333333 73.78855466666667 2.0000586666666664
endloop
endfacet
facet normal 0 0 0.9999999999999999
outer loop
vertex 52.598658666666665 73.82641066666666 2.0000586666666664
vertex 53.59012533333333 73.78855466666667 2.0000586666666664
vertex 53.584266666666664 73.85074666666667 2.0000586666666664
endloop
endfacet
facet normal 0 0 1
outer loop
vertex 52.598658666666665 73.82641066666666 2.0000586666666664
vertex 53.584266666666664 73.85074666666667 2.0000586666666664
vertex 53.583816 73.85254933333333 2.0000586666666664
endloop
endfacet
facet normal 0 0 1
outer loop
vertex 52.598658666666665 73.82641066666666 2.0000586666666664
vertex 53.583816 73.85254933333333 2.0000586666666664
vertex 51.063688 73.85254933333333 2.0000586666666664
endloop
endfacet
facet normal 0 0 0.9999999999999999
outer loop
vertex 1.0013813333333332 73.82641066666666 2.0000586666666664
vertex 0.016224 73.85254933333333 2.0000586666666664
vertex 0.015773333333333334 73.85074666666667 2.0000586666666664
endloop
endfacet
facet normal 0 0 0.9999999999999999
outer loop
vertex 1.0013813333333332 73.82641066666666 2.0000586666666664
vertex 0.015773333333333334 73.85074666666667 2.0000586666666664
vertex 0.009914666666666667 73.78855466666667 2.0000586666666664
endloop
endfacet
facet normal 0 0 1
outer loop
vertex 1.0013813333333332 73.82641066666666 2.0000586666666664
vertex 0.009914666666666667 73.78855466666667 2.0000586666666664
vertex 2.428192 73.78855466666667 2.0000586666666664
endloop
endfacet
facet normal 0 0 0.9999999999999999
outer loop
vertex 1.0013813333333332 73.82641066666666 2.0000586666666664
vertex 2.428192 73.78855466666667 2.0000586666666664
vertex 2.536352 73.85254933333333 2.0000586666666664
endloop
endfacet
facet normal 0 0 1
outer loop
vertex 1.0013813333333332 73.82641066666666 2.0000586666666664
vertex 2.536352 73.85254933333333 2.0000586666666664
vertex 0.016224 73.85254933333333 2.0000586666666664
endloop
endfacet
facet normal 0 0 1
outer loop
vertex 52.645978666666664 73.74799466666667 2.0000586666666664
vertex 51.171848 73.78855466666667 2.0000586666666664
vertex 51.27550133333333 73.71825066666666 2.0000586666666664
endloop
endfacet
facet normal 0 0 1
outer loop
vertex 52.645978666666664 73.74799466666667 2.0000586666666664
vertex 51.27550133333333 73.71825066666666 2.0000586666666664
vertex 53.59643466666667 73.71825066666666 2.0000586666666664
endloop
endfacet
facet normal 0 0 0.9999999999999999
outer loop
vertex 52.645978666666664 73.74799466666667 2.0000586666666664
vertex 53.59643466666667 73.71825066666666 2.0000586666666664
vertex 53.595984 73.72546133333333 2.0000586666666664
endloop
endfacet
facet normal 0 0 1
outer loop
vertex 52.645978666666664 73.74799466666667 2.0000586666666664
vertex 53.595984 73.72546133333333 2.0000586666666664
vertex 53.59012533333333 73.78855466666667 2.0000586666666664
endloop
endfacet
facet normal 0 0 0.9999999999999999
outer loop
vertex 52.645978666666664 73.74799466666667 2.0000586666666664
vertex 53.59012533333333 73.78855466666667 2.0000586666666664
vertex 51.171848 73.78855466666667 2.0000586666666664
endloop
endfacet
facet normal 0 0 0.9999999999999999
outer loop
vertex 0.9540613333333333 73.74799466666667 2.0000586666666664
vertex 0.009914666666666667 73.78855466666667 2.0000586666666664
vertex 0.004056 73.72546133333333 2.0000586666666664
endloop
endfacet
facet normal 0 0 0.9999999999999999
outer loop
vertex 0.9540613333333333 73.74799466666667 2.0000586666666664
vertex 0.004056 73.72546133333333 2.0000586666666664
vertex 0.0036053333333333332 73.71825066666666 2.0000586666666664
endloop
endfacet
facet normal 0 0 1
outer loop
vertex 0.9540613333333333 73.74799466666667 2.0000586666666664
vertex 0.0036053333333333332 73.71825066666666 2.0000586666666664
vertex 2.3245386666666668 73.71825066666666 2.0000586666666664
endloop
endfacet
facet normal 0 0 1
outer loop
vertex 0.9540613333333333 73.74799466666667 2.0000586666666664
vertex 2.3245386666666668 73.71825066666666 2.0000586666666664
vertex 2.428192 73.78855466666667 2.0000586666666664
endloop
endfacet
facet normal 0 0 1
outer loop
vertex 0.9540613333333333 73.74799466666667 2.0000586666666664
vertex 2.428192 73.78855466666667 2.0000586666666664
vertex 0.009914666666666667 73.78855466666667 2.0000586666666664
endloop
endfacet
facet normal 0 0 1
outer loop
vertex 51.27550133333333 73.71825066666666 2.0000586666666664
vertex 51.374648 73.64118666666667 2.0000586666666664
vertex 53.598687999999996 73.64118666666667 2.0000586666666664
endloop
endfacet
facet normal 0 0 1
outer loop
vertex 51.27550133333333 73.71825066666666 2.0000586666666664
vertex 53.598687999999996 73.64118666666667 2.0000586666666664
vertex 53.59643466666667 73.71825066666666 2.0000586666666664
endloop
endfacet
facet normal 0 0 1
outer loop
vertex 0.0036053333333333332 73.71825066666666 2.0000586666666664
vertex 0.001352 73.64118666666667 2.0000586666666664
vertex 2.224941333333333 73.64118666666667 2.0000586666666664
endloop
endfacet
facet normal 0 0 1
outer loop
vertex 0.0036053333333333332 73.71825066666666 2.0000586666666664
vertex 2.224941333333333 73.64118666666667 2.0000586666666664
vertex 2.3245386666666668 73.71825066666666 2.0000586666666664
endloop
endfacet
facet normal 0 0 1
outer loop
vertex 52.72845066666667 73.59972533333332 2.0000586666666664
vertex 51.374648 73.64118666666667 2.0000586666666664
vertex 51.469288 73.55781333333333 2.0000586666666664
endloop
endfacet
facet normal 0 0 1
outer loop
vertex 52.72845066666667 73.59972533333332 2.0000586666666664
vertex 51.469288 73.55781333333333 2.0000586666666664
vertex 53.60004 73.55781333333333 2.0000586666666664
endloop
endfacet
facet normal 0 0 1
outer loop
vertex 52.72845066666667 73.59972533333332 2.0000586666666664
vertex 53.60004 73.55781333333333 2.0000586666666664
vertex 53.60004 73.600176 2.0000586666666664
endloop
endfacet
facet normal 0 0 1
outer loop
vertex 52.72845066666667 73.59972533333332 2.0000586666666664
vertex 53.60004 73.600176 2.0000586666666664
vertex 53.598687999999996 73.64118666666667 2.0000586666666664
endloop
endfacet
facet normal 0 0 1
outer loop
vertex 52.72845066666667 73.59972533333332 2.0000586666666664
vertex 53.598687999999996 73.64118666666667 2.0000586666666664
vertex 51.374648 73.64118666666667 2.0000586666666664
endloop
endfacet
facet normal 0 0 1
outer loop
vertex 0.8715893333333333 73.59972533333332 2.0000586666666664
vertex 0.001352 73.64118666666667 2.0000586666666664
vertex 0 73.600176 2.0000586666666664
endloop
endfacet
facet normal 0 0 1
outer loop
vertex 0.8715893333333333 73.59972533333332 2.0000586666666664
vertex 0 73.600176 2.0000586666666664
vertex 0 73.55781333333333 2.0000586666666664
endloop
endfacet
facet normal 0 0 1
outer loop
vertex 0.8715893333333333 73.59972533333332 2.0000586666666664
vertex 0 73.55781333333333 2.0000586666666664
vertex 2.1307519999999998 73.55781333333333 2.0000586666666664
endloop
endfacet
facet normal 0 0 0.9999999999999999
outer loop
vertex 0.8715893333333333 73.59972533333332 2.0000586666666664
vertex 2.1307519999999998 73.55781333333333 2.0000586666666664
vertex 2.224941333333333 73.64118666666667 2.0000586666666664
endloop
endfacet
facet normal 0 0 1
outer loop
vertex 0.8715893333333333 73.59972533333332 2.0000586666666664
vertex 2.224941333333333 73.64118666666667 2.0000586666666664
vertex 0.001352 73.64118666666667 2.0000586666666664
endloop
endfacet
facet normal 0 0 1
outer loop
vertex 51.469288 73.55781333333333 2.0000586666666664
vertex 51.55806933333333 73.469032 2.0000586666666664
vertex 53.60004 73.469032 2.0000586666666664
endloop
endfacet
facet normal 0 0 1
outer loop
vertex 51.469288 73.55781333333333 2.0000586666666664
vertex 53.60004 73.469032 2.0000586666666664
vertex 53.60004 73.55781333333333 2.0000586666666664
endloop
endfacet
facet normal 0 0 1
outer loop
vertex 0 73.55781333333333 2.0000586666666664
vertex 0 73.469032 2.0000586666666664
vertex 2.041970666666667 73.469032 2.0000586666666664
endloop
endfacet
facet normal 0 0 1
outer loop
vertex 0 73.55781333333333 2.0000586666666664
vertex 2.041970666666667 73.469032 2.0000586666666664
vertex 2.1307519999999998 73.55781333333333 2.0000586666666664
endloop
endfacet
facet normal 0 0 1
outer loop
vertex 51.55806933333333 73.469032 2.0000586666666664
vertex 51.640992 73.37484266666667 2.0000586666666664
vertex 53.60004 73.37484266666667 2.0000586666666664
endloop
endfacet
facet normal 0 0 1
outer loop
vertex 51.55806933333333 73.469032 2.0000586666666664
vertex 53.60004 73.37484266666667 2.0000586666666664
vertex 53.60004 73.469032 2.0000586666666664
endloop
endfacet
facet normal 0 0 1
outer loop
vertex 0 73.469032 2.0000586666666664
vertex 0 73.37484266666667 2.0000586666666664
vertex 1.959048 73.37484266666667 2.0000586666666664
endloop
endfacet
facet normal 0 0 1
outer loop
vertex 0 73.469032 2.0000586666666664
vertex 1.959048 73.37484266666667 2.0000586666666664
vertex 2.041970666666667 73.469032 2.0000586666666664
endloop
endfacet
facet normal 0 0 1
outer loop
vertex 51.640992 73.37484266666667 2.0000586666666664
vertex 51.718056 73.275696 2.0000586666666664
vertex 53.60004 73.275696 2.0000586666666664
endloop
endfacet
facet normal 0 0 1
outer loop
vertex 51.640992 73.37484266666667 2.0000586666666664
vertex 53.60004 73.275696 2.0000586666666664
vertex 53.60004 73.37484266666667 2.0000586666666664
endloop
endfacet
facet normal 0 0 1
outer loop
vertex 0 73.37484266666667 2.0000586666666664
vertex 0 73.275696 2.0000586666666664
vertex 1.8819839999999999 73.275696 2.0000586666666664
endloop
endfacet
facet normal 0 0 1
outer loop
vertex 0 73.37484266666667 2.0000586666666664
vertex 1.8819839999999999 73.275696 2.0000586666666664
vertex 1.959048 73.37484266666667 2.0000586666666664
endloop
endfacet
facet normal 0 0 1
outer loop
vertex 51.718056 73.275696 2.0000586666666664
vertex 51.78881066666666 73.171592 2.0000586666666664
vertex 53.60004 73.171592 2.0000586666666664
endloop
endfacet
facet normal 0 0 1
outer loop
vertex 51.718056 73.275696 2.0000586666666664
vertex 53.60004 73.171592 2.0000586666666664
vertex 53.60004 73.275696 2.0000586666666664
endloop
endfacet
facet normal 0 0 1
outer loop
vertex 0 73.275696 2.0000586666666664
vertex 0 73.171592 2.0000586666666664
vertex 1.8112293333333334 73.171592 2.0000586666666664
endloop
endfacet
facet normal 0 0 1
outer loop
vertex 0 73.275696 2.0000586666666664
vertex 1.8112293333333334 73.171592 2.0000586666666664
vertex 1.8819839999999999 73.275696 2.0000586666666664
endloop
endfacet
facet normal 0 0 1
outer loop
vertex 51.78881066666666 73.171592 2.0000586666666664
vertex 51.85280533333333 73.06343199999999 2.0000586666666664
vertex 53.60004 73.06343199999999 2.0000586666666664
endloop
endfacet
facet normal 0 0 1
outer loop
vertex 51.78881066666666 73.171592 2.0000586666666664
vertex 53.60004 73.06343199999999 2.0000586666666664
vertex 53.60004 73.171592 2.0000586666666664
endloop
endfacet
facet normal 0 0 1
outer loop
vertex 0 73.171592 2.0000586666666664
vertex 0 73.06343199999999 2.0000586666666664
vertex 1.7472346666666667 73.06343199999999 2.0000586666666664
endloop
endfacet
facet normal 0 0 1
outer loop
vertex 0 73.171592 2.0000586666666664
vertex 1.7472346666666667 73.06343199999999 2.0000586666666664
vertex 1.8112293333333334 73.171592 2.0000586666666664
endloop
endfacet
facet normal 0 0 0.9999999999999999
outer loop
vertex 51.85280533333333 73.06343199999999 2.0000586666666664
vertex 51.90958933333333 72.95166666666667 2.0000586666666664
vertex 53.60004 72.95166666666667 2.0000586666666664
endloop
endfacet
facet normal 0 0 0.9999999999999999
outer loop
vertex 51.85280533333333 73.06343199999999 2.0000586666666664
vertex 53.60004 72.95166666666667 2.0000586666666664
vertex 53.60004 73.06343199999999 2.0000586666666664
endloop
endfacet
facet normal 0 0 0.9999999999999999
outer loop
vertex 0 73.06343199999999 2.0000586666666664
vertex 0 72.95166666666667 2.0000586666666664
vertex 1.6904506666666665 72.95166666666667 2.0000586666666664
endloop
endfacet
facet normal 0 0 1
outer loop
vertex 0 73.06343199999999 2.0000586666666664
vertex 1.6904506666666665 72.95166666666667 2.0000586666666664
vertex 1.7472346666666667 73.06343199999999 2.0000586666666664
endloop
endfacet
facet normal 0 0 0.9999999999999999
outer loop
vertex 51.90958933333333 72.95166666666667 2.0000586666666664
vertex 51.95961333333333 72.836296 2.0000586666666664
vertex 53.60004 72.836296 2.0000586666666664
endloop
endfacet
facet normal 0 0 0.9999999999999999
outer loop
vertex 51.90958933333333 72.95166666666667 2.0000586666666664
vertex 53.60004 72.836296 2.0000586666666664
vertex 53.60004 72.95166666666667 2.0000586666666664
endloop
endfacet
facet normal 0 0 1
outer loop
vertex 0 72.95166666666667 2.0000586666666664
vertex 0 72.836296 2.0000586666666664
vertex 1.6404266666666667 72.836296 2.0000586666666664
endloop
endfacet
facet normal 0 0 1
outer loop
vertex 0 72.95166666666667 2.0000586666666664
vertex 1.6404266666666667 72.836296 2.0000586666666664
vertex 1.6904506666666665 72.95166666666667 2.0000586666666664
endloop
endfacet
facet normal 0 0 1
outer loop
vertex 51.95961333333333 72.836296 2.0000586666666664
vertex 52.001976 72.71822133333333 2.0000586666666664
vertex 53.60004 72.71822133333333 2.0000586666666664
endloop
endfacet
facet normal 0 0 1
outer loop
vertex 51.95961333333333 72.836296 2.0000586666666664
vertex 53.60004 72.71822133333333 2.0000586666666664
vertex 53.60004 72.836296 2.0000586666666664
endloop
endfacet
facet normal 0 0 1
outer loop
vertex 0 72.836296 2.0000586666666664
vertex 0 72.71822133333333 2.0000586666666664
vertex 1.598064 72.71822133333333 2.0000586666666664
endloop
endfacet
facet normal 0 0 1
outer loop
vertex 0 72.836296 2.0000586666666664
vertex 1.598064 72.71822133333333 2.0000586666666664
vertex 1.6404266666666667 72.836296 2.0000586666666664
endloop
endfacet
facet normal 0 0 1
outer loop
vertex 52.001976 72.71822133333333 2.0000586666666664
vertex 52.037127999999996 72.59744266666667 2.0000586666666664
vertex 53.60004 72.59744266666667 2.0000586666666664
endloop
endfacet
facet normal 0 0 0.9999999999999999
outer loop
vertex 52.001976 72.71822133333333 2.0000586666666664
vertex 53.60004 72.59744266666667 2.0000586666666664
vertex 53.60004 72.71822133333333 2.0000586666666664
endloop
endfacet
facet normal 0 0 1
outer loop
vertex 0 72.71822133333333 2.0000586666666664
vertex 0 72.59744266666667 2.0000586666666664
vertex 1.5629119999999999 72.59744266666667 2.0000586666666664
endloop
endfacet
facet normal 0 0 1
outer loop
vertex 0 72.71822133333333 2.0000586666666664
vertex 1.5629119999999999 72.59744266666667 2.0000586666666664
vertex 1.598064 72.71822133333333 2.0000586666666664
endloop
endfacet
facet normal 0 0 0.9999999999999999
outer loop
vertex 52.037127999999996 72.59744266666667 2.0000586666666664
vertex 52.06461866666667 72.47486133333334 2.0000586666666664
vertex 53.60004 72.47486133333334 2.0000586666666664
endloop
endfacet
facet normal 0 0 1
outer loop
vertex 52.037127999999996 72.59744266666667 2.0000586666666664
vertex 53.60004 72.47486133333334 2.0000586666666664
vertex 53.60004 72.59744266666667 2.0000586666666664
endloop
endfacet
facet normal 0 0 1
outer loop
vertex 0 72.59744266666667 2.0000586666666664
vertex 0 72.47486133333334 2.0000586666666664
vertex 1.5354213333333333 72.47486133333334 2.0000586666666664
endloop
endfacet
facet normal 0 0 1
outer loop
vertex 0 72.59744266666667 2.0000586666666664
vertex 1.5354213333333333 72.47486133333334 2.0000586666666664
vertex 1.5629119999999999 72.59744266666667 2.0000586666666664
endloop
endfacet
facet normal 0 0 1
outer loop
vertex 52.06461866666667 72.47486133333334 2.0000586666666664
vertex 52.084448 72.35047733333333 2.0000586666666664
vertex 53.60004 72.35047733333333 2.0000586666666664
endloop
endfacet
facet normal 0 0 1
outer loop
vertex 52.06461866666667 72.47486133333334 2.0000586666666664
vertex 53.60004 72.35047733333333 2.0000586666666664
vertex 53.60004 72.47486133333334 2.0000586666666664
endloop
endfacet
facet normal 0 0 1
outer loop
vertex 0 72.47486133333334 2.0000586666666664
vertex 0 72.35047733333333 2.0000586666666664
vertex 1.515592 72.35047733333333 2.0000586666666664
endloop
endfacet
facet normal 0 0 0.9999999999999999
outer loop
vertex 0 72.47486133333334 2.0000586666666664
vertex 1.515592 72.35047733333333 2.0000586666666664
vertex 1.5354213333333333 72.47486133333334 2.0000586666666664
endloop
endfacet
facet normal 0 0 1
outer loop
vertex 52.084448 72.35047733333333 2.0000586666666664
vertex 52.09616533333333 72.22564266666666 2.0000586666666664
vertex 53.60004 72.22564266666666 2.0000586666666664
endloop
endfacet
facet normal 0 0 1
outer loop
vertex 52.084448 72.35047733333333 2.0000586666666664
vertex 53.60004 72.22564266666666 2.0000586666666664
vertex 53.60004 72.35047733333333 2.0000586666666664
endloop
endfacet
facet normal 0 0 1
outer loop
vertex 0 72.35047733333333 2.0000586666666664
vertex 0 72.22564266666666 2.0000586666666664
vertex 1.5038746666666667 72.22564266666666 2.0000586666666664
endloop
endfacet
facet normal 0 0 1
outer loop
vertex 0 72.35047733333333 2.0000586666666664
vertex 1.5038746666666667 72.22564266666666 2.0000586666666664
vertex 1.515592 72.35047733333333 2.0000586666666664
endloop
endfacet
facet normal 0 0 1
outer loop
vertex 52.09616533333333 72.22564266666666 2.0000586666666664
vertex 52.10022133333333 72.09990666666667 2.0000586666666664
vertex 53.60004 72.09990666666667 2.0000586666666664
endloop
endfacet
facet normal 0 0 1
outer loop
vertex 52.09616533333333 72.22564266666666 2.0000586666666664
vertex 53.60004 72.09990666666667 2.0000586666666664
vertex 53.60004 72.22564266666666 2.0000586666666664
endloop
endfacet
facet normal 0 0 1
outer loop
vertex 0 72.22564266666666 2.0000586666666664
vertex 0 72.09990666666667 2.0000586666666664
vertex 1.4998186666666666 72.09990666666667 2.0000586666666664
endloop
endfacet
facet normal 0 0 1
outer loop
vertex 0 72.22564266666666 2.0000586666666664
vertex 1.4998186666666666 72.09990666666667 2.0000586666666664
vertex 1.5038746666666667 72.22564266666666 2.0000586666666664
endloop
endfacet
facet normal 0 0 1
outer loop
vertex 52.10022133333333 72.09990666666667 2.0000586666666664
vertex 52.10022133333333 7.499994666666667 2.0000586666666664
vertex 53.60004 7.499994666666667 2.0000586666666664
endloop
endfacet
facet normal 0 0 1
outer loop
vertex 52.10022133333333 72.09990666666667 2.0000586666666664
vertex 53.60004 7.499994666666667 2.0000586666666664
vertex 53.60004 72.09990666666667 2.0000586666666664
endloop
endfacet
facet normal 0 0 1
outer loop
vertex 0 72.09990666666667 2.0000586666666664
vertex 0 7.499994666666667 2.0000586666666664
vertex 1.4998186666666666 7.499994666666667 2.0000586666666664
endloop
endfacet
facet normal 0 0 1
outer loop
vertex 0 72.09990666666667 2.0000586666666664
vertex 1.4998186666666666 7.499994666666667 2.0000586666666664
vertex 1.4998186666666666 72.09990666666667 2.0000586666666664
endloop
endfacet
facet normal 0 0 1
outer loop
vertex 52.10022133333333 7.499994666666667 2.0000586666666664
vertex 52.09616533333333 7.374258666666666 2.0000586666666664
vertex 53.60004 7.374258666666666 2.0000586666666664
endloop
endfacet
facet normal 0 0 1
outer loop
vertex 52.10022133333333 7.499994666666667 2.0000586666666664
vertex 53.60004 7.374258666666666 2.0000586666666664
vertex 53.60004 7.499994666666667 2.0000586666666664
endloop
endfacet
facet normal 0 0 1
outer loop
vertex 0 7.499994666666667 2.0000586666666664
vertex 0 7.374258666666666 2.0000586666666664
vertex 1.5038746666666667 7.374258666666666 2.0000586666666664
endloop
endfacet
facet normal 0 0 1
outer loop
vertex 0 7.499994666666667 2.0000586666666664
vertex 1.5038746666666667 7.374258666666666 2.0000586666666664
vertex 1.4998186666666666 7.499994666666667 2.0000586666666664
endloop
endfacet
facet normal 0 0 1
outer loop
vertex 52.09616533333333 7.374258666666666 2.0000586666666664
vertex 52.084448 7.249423999999999 2.0000586666666664
vertex 53.60004 7.249423999999999 2.0000586666666664
endloop
endfacet
facet normal 0 0 1
outer loop
vertex 52.09616533333333 7.374258666666666 2.0000586666666664
vertex 53.60004 7.249423999999999 2.0000586666666664
vertex 53.60004 7.374258666666666 2.0000586666666664
endloop
endfacet
facet normal 0 0 1
outer loop
vertex 0 7.374258666666666 2.0000586666666664
vertex 0 7.249423999999999 2.0000586666666664
vertex 1.515592 7.249423999999999 2.0000586666666664
endloop
endfacet
facet normal 0 0 1
outer loop
vertex 0 7.374258666666666 2.0000586666666664
vertex 1.515592 7.249423999999999 2.0000586666666664
vertex 1.5038746666666667 7.374258666666666 2.0000586666666664
endloop
endfacet
facet normal 0 0 0.9999999999999999
outer loop
vertex 52.084448 7.249423999999999 2.0000586666666664
vertex 52.06461866666667 7.125039999999999 2.0000586666666664
vertex 53.60004 7.125039999999999 2.0000586666666664
endloop
endfacet
facet normal 0 0 1
outer loop
vertex 52.084448 7.249423999999999 2.0000586666666664
vertex 53.60004 7.125039999999999 2.0000586666666664
vertex 53.60004 7.249423999999999 2.0000586666666664
endloop
endfacet
facet normal 0 0 0.9999999999999999
outer loop
vertex 0 7.249423999999999 2.0000586666666664
vertex 0 7.125039999999999 2.0000586666666664
vertex 1.5354213333333333 7.125039999999999 2.0000586666666664
endloop
endfacet
facet normal 0 0 1
outer loop
vertex 0 7.249423999999999 2.0000586666666664
vertex 1.5354213333333333 7.125039999999999 2.0000586666666664
vertex 1.515592 7.249423999999999 2.0000586666666664
endloop
endfacet
facet normal 0 0 1
outer loop
vertex 52.06461866666667 7.125039999999999 2.0000586666666664
vertex 52.037127999999996 7.002458666666667 2.0000586666666664
vertex 53.60004 7.002458666666667 2.0000586666666664
endloop
endfacet
facet normal 0 0 1
outer loop
vertex 52.06461866666667 7.125039999999999 2.0000586666666664
vertex 53.60004 7.002458666666667 2.0000586666666664
vertex 53.60004 7.125039999999999 2.0000586666666664
endloop
endfacet
facet normal 0 0 0.9999999999999999
outer loop
vertex 0 7.125039999999999 2.0000586666666664
vertex 0 7.002458666666667 2.0000586666666664
vertex 1.5629119999999999 7.002458666666667 2.0000586666666664
endloop
endfacet
facet normal 0 0 1
outer loop
vertex 0 7.125039999999999 2.0000586666666664
vertex 1.5629119999999999 7.002458666666667 2.0000586666666664
vertex 1.5354213333333333 7.125039999999999 2.0000586666666664
endloop
endfacet
facet normal 0 0 1
outer loop
vertex 52.037127999999996 7.002458666666667 2.0000586666666664
vertex 52.001976 6.882130666666667 2.0000586666666664
vertex 53.60004 6.882130666666667 2.0000586666666664
endloop
endfacet
facet normal 0 0 1
outer loop
vertex 52.037127999999996 7.002458666666667 2.0000586666666664
vertex 53.60004 6.882130666666667 2.0000586666666664
vertex 53.60004 7.002458666666667 2.0000586666666664
endloop
endfacet
facet normal 0 0 1
outer loop
vertex 0 7.002458666666667 2.0000586666666664
vertex 0 6.882130666666667 2.0000586666666664
vertex 1.598064 6.882130666666667 2.0000586666666664
endloop
endfacet
facet normal 0 0 0.9999999999999999
outer loop
vertex 0 7.002458666666667 2.0000586666666664
vertex 1.598064 6.882130666666667 2.0000586666666664
vertex 1.5629119999999999 7.002458666666667 2.0000586666666664
endloop
endfacet
facet normal 0 0 1
outer loop
vertex 52.001976 6.882130666666667 2.0000586666666664
vertex 51.95961333333333 6.7636053333333335 2.0000586666666664
vertex 53.60004 6.7636053333333335 2.0000586666666664
endloop
endfacet
facet normal 0 0 1
outer loop
vertex 52.001976 6.882130666666667 2.0000586666666664
vertex 53.60004 6.7636053333333335 2.0000586666666664
vertex 53.60004 6.882130666666667 2.0000586666666664
endloop
endfacet
facet normal 0 0 1
outer loop
vertex 0 6.882130666666667 2.0000586666666664
vertex 0 6.7636053333333335 2.0000586666666664
vertex 1.6404266666666667 6.7636053333333335 2.0000586666666664
endloop
endfacet
facet normal 0 0 1
outer loop
vertex 0 6.882130666666667 2.0000586666666664
vertex 1.6404266666666667 6.7636053333333335 2.0000586666666664
vertex 1.598064 6.882130666666667 2.0000586666666664
endloop
endfacet
facet normal 0 0 1
outer loop
vertex 51.95961333333333 6.7636053333333335 2.0000586666666664
vertex 51.90958933333333 6.648234666666666 2.0000586666666664
vertex 53.60004 6.648234666666666 2.0000586666666664
endloop
endfacet
facet normal 0 0 0.9999999999999999
outer loop
vertex 51.95961333333333 6.7636053333333335 2.0000586666666664
vertex 53.60004 6.648234666666666 2.0000586666666664
vertex 53.60004 6.7636053333333335 2.0000586666666664
endloop
endfacet
facet normal 0 0 1
outer loop
vertex 0 6.7636053333333335 2.0000586666666664
vertex 0 6.648234666666666 2.0000586666666664
vertex 1.6904506666666665 6.648234666666666 2.0000586666666664
endloop
endfacet
facet normal 0 0 1
outer loop
vertex 0 6.7636053333333335 2.0000586666666664
vertex 1.6904506666666665 6.648234666666666 2.0000586666666664
vertex 1.6404266666666667 6.7636053333333335 2.0000586666666664
endloop
endfacet
facet normal 0 0 0.9999999999999999
outer loop
vertex 51.90958933333333 6.648234666666666 2.0000586666666664
vertex 51.85280533333333 6.536469333333333 2.0000586666666664
vertex 53.60004 6.536469333333333 2.0000586666666664
endloop
endfacet
facet normal 0 0 0.9999999999999999
outer loop
vertex 51.90958933333333 6.648234666666666 2.0000586666666664
vertex 53.60004 6.536469333333333 2.0000586666666664
vertex 53.60004 6.648234666666666 2.0000586666666664
endloop
endfacet
facet normal 0 0 1
outer loop
vertex 0 6.648234666666666 2.0000586666666664
vertex 0 6.536469333333333 2.0000586666666664
vertex 1.7472346666666667 6.536469333333333 2.0000586666666664
endloop
endfacet
facet normal 0 0 1
outer loop
vertex 0 6.648234666666666 2.0000586666666664
vertex 1.7472346666666667 6.536469333333333 2.0000586666666664
vertex 1.6904506666666665 6.648234666666666 2.0000586666666664
endloop
endfacet
facet normal 0 0 1
outer loop
vertex 51.85280533333333 6.536469333333333 2.0000586666666664
vertex 51.78881066666666 6.428309333333333 2.0000586666666664
vertex 53.60004 6.428309333333333 2.0000586666666664
endloop
endfacet
facet normal 0 0 1
outer loop
vertex 51.85280533333333 6.536469333333333 2.0000586666666664
vertex 53.60004 6.428309333333333 2.0000586666666664
vertex 53.60004 6.536469333333333 2.0000586666666664
endloop
endfacet
facet normal 0 0 1
outer loop
vertex 0 6.536469333333333 2.0000586666666664
vertex 0 6.428309333333333 2.0000586666666664
vertex 1.8112293333333334 6.428309333333333 2.0000586666666664
endloop
endfacet
facet normal 0 0 1
outer loop
vertex 0 6.536469333333333 2.0000586666666664
vertex 1.8112293333333334 6.428309333333333 2.0000586666666664
vertex 1.7472346666666667 6.536469333333333 2.0000586666666664
endloop
endfacet
facet normal 0 0 0.9999999999999999
outer loop
vertex 51.78881066666666 6.428309333333333 2.0000586666666664
vertex 51.718056 6.3242053333333335 2.0000586666666664
vertex 53.60004 6.3242053333333335 2.0000586666666664
endloop
endfacet
facet normal 0 0 1
outer loop
vertex 51.78881066666666 6.428309333333333 2.0000586666666664
vertex 53.60004 6.3242053333333335 2.0000586666666664
vertex 53.60004 6.428309333333333 2.0000586666666664
endloop
endfacet
facet normal 0 0 1
outer loop
vertex 0 6.428309333333333 2.0000586666666664
vertex 0 6.3242053333333335 2.0000586666666664
vertex 1.8819839999999999 6.3242053333333335 2.0000586666666664
endloop
endfacet
facet normal 0 0 1
outer loop
vertex 0 6.428309333333333 2.0000586666666664
vertex 1.8819839999999999 6.3242053333333335 2.0000586666666664
vertex 1.8112293333333334 6.428309333333333 2.0000586666666664
endloop
endfacet
facet normal 0 0 1
outer loop
vertex 51.718056 6.3242053333333335 2.0000586666666664
vertex 51.640992 6.2250586666666665 2.0000586666666664
vertex 53.60004 6.2250586666666665 2.0000586666666664
endloop
endfacet
facet normal 0 0 1
outer loop
vertex 51.718056 6.3242053333333335 2.0000586666666664
vertex 53.60004 6.2250586666666665 2.0000586666666664
vertex 53.60004 6.3242053333333335 2.0000586666666664
endloop
endfacet
facet normal 0 0 1
outer loop
vertex 0 6.3242053333333335 2.0000586666666664
vertex 0 6.2250586666666665 2.0000586666666664
vertex 1.959048 6.2250586666666665 2.0000586666666664
endloop
endfacet
facet normal 0 0 1
outer loop
vertex 0 6.3242053333333335 2.0000586666666664
vertex 1.959048 6.2250586666666665 2.0000586666666664
vertex 1.8819839999999999 6.3242053333333335 2.0000586666666664
endloop
endfacet
facet normal 0 0 1
outer loop
vertex 51.640992 6.2250586666666665 2.0000586666666664
vertex 51.55806933333333 6.130869333333333 2.0000586666666664
vertex 53.60004 6.130869333333333 2.0000586666666664
endloop
endfacet
facet normal 0 0 1
outer loop
vertex 51.640992 6.2250586666666665 2.0000586666666664
vertex 53.60004 6.130869333333333 2.0000586666666664
vertex 53.60004 6.2250586666666665 2.0000586666666664
endloop
endfacet
facet normal 0 0 1
outer loop
vertex 0 6.2250586666666665 2.0000586666666664
vertex 0 6.130869333333333 2.0000586666666664
vertex 2.041970666666667 6.130869333333333 2.0000586666666664
endloop
endfacet
facet normal 0 0 1
outer loop
vertex 0 6.2250586666666665 2.0000586666666664
vertex 2.041970666666667 6.130869333333333 2.0000586666666664
vertex 1.959048 6.2250586666666665 2.0000586666666664
endloop
endfacet
facet normal 0 0 0.9999999999999999
outer loop
vertex 51.55806933333333 6.130869333333333 2.0000586666666664
vertex 51.469288 6.042088 2.0000586666666664
vertex 53.60004 6.042088 2.0000586666666664
endloop
endfacet
facet normal 0 0 1
outer loop
vertex 51.55806933333333 6.130869333333333 2.0000586666666664
vertex 53.60004 6.042088 2.0000586666666664
vertex 53.60004 6.130869333333333 2.0000586666666664
endloop
endfacet
facet normal 0 0 1
outer loop
vertex 0 6.130869333333333 2.0000586666666664
vertex 0 6.042088 2.0000586666666664
vertex 2.1307519999999998 6.042088 2.0000586666666664
endloop
endfacet
facet normal 0 0 0.9999999999999999
outer loop
vertex 0 6.130869333333333 2.0000586666666664
vertex 2.1307519999999998 6.042088 2.0000586666666664
vertex 2.041970666666667 6.130869333333333 2.0000586666666664
endloop
endfacet
facet normal 0 0 1
outer loop
vertex 52.72845066666667 6.000626666666666 2.0000586666666664
vertex 51.469288 6.042088 2.0000586666666664
vertex 51.374648 5.959165333333333 2.0000586666666664
endloop
endfacet
facet normal 0 0 1
outer loop
vertex 52.72845066666667 6.000626666666666 2.0000586666666664
vertex 51.374648 5.959165333333333 2.0000586666666664
vertex 53.598687999999996 5.959165333333333 2.0000586666666664
endloop
endfacet
facet normal 0 0 1
outer loop
vertex 52.72845066666667 6.000626666666666 2.0000586666666664
vertex 53.598687999999996 5.959165333333333 2.0000586666666664
vertex 53.60004 6.000176 2.0000586666666664
endloop
endfacet
facet normal 0 0 1
outer loop
vertex 52.72845066666667 6.000626666666666 2.0000586666666664
vertex 53.60004 6.000176 2.0000586666666664
vertex 53.60004 6.042088 2.0000586666666664
endloop
endfacet
facet normal 0 0 1
outer loop
vertex 52.72845066666667 6.000626666666666 2.0000586666666664
vertex 53.60004 6.042088 2.0000586666666664
vertex 51.469288 6.042088 2.0000586666666664
endloop
endfacet
facet normal 0 0 1
outer loop
vertex 0.8715893333333333 6.000626666666666 2.0000586666666664
vertex 0 6.042088 2.0000586666666664
vertex 0 6.000176 2.0000586666666664
endloop
endfacet
facet normal 0 0 1
outer loop
vertex 0.8715893333333333 6.000626666666666 2.0000586666666664
vertex 0 6.000176 2.0000586666666664
vertex 0.001352 5.959165333333333 2.0000586666666664
endloop
endfacet
facet normal 0 0 1
outer loop
vertex 0.8715893333333333 6.000626666666666 2.0000586666666664
vertex 0.001352 5.959165333333333 2.0000586666666664
vertex 2.224941333333333 5.959165333333333 2.0000586666666664
endloop
endfacet
facet normal 0 0 1
outer loop
vertex 0.8715893333333333 6.000626666666666 2.0000586666666664
vertex 2.224941333333333 5.959165333333333 2.0000586666666664
vertex 2.1307519999999998 6.042088 2.0000586666666664
endloop
endfacet
facet normal 0 0 1
outer loop
vertex 0.8715893333333333 6.000626666666666 2.0000586666666664
vertex 2.1307519999999998 6.042088 2.0000586666666664
vertex 0 6.042088 2.0000586666666664
endloop
endfacet
facet normal 0 0 0.9999999999999999
outer loop
vertex 51.374648 5.959165333333333 2.0000586666666664
vertex 51.27550133333333 5.882101333333333 2.0000586666666664
vertex 53.59643466666667 5.882101333333333 2.0000586666666664
endloop
endfacet
facet normal 0 0 1
outer loop
vertex 51.374648 5.959165333333333 2.0000586666666664
vertex 53.59643466666667 5.882101333333333 2.0000586666666664
vertex 53.598687999999996 5.959165333333333 2.0000586666666664
endloop
endfacet
facet normal 0 0 1
outer loop
vertex 0.001352 5.959165333333333 2.0000586666666664
vertex 0.0036053333333333332 5.882101333333333 2.0000586666666664
vertex 2.3245386666666668 5.882101333333333 2.0000586666666664
endloop
endfacet
facet normal 0 0 1
outer loop
vertex 0.001352 5.959165333333333 2.0000586666666664
vertex 2.3245386666666668 5.882101333333333 2.0000586666666664
vertex 2.224941333333333 5.959165333333333 2.0000586666666664
endloop
endfacet
facet normal 0 0 1
outer loop
vertex 52.645978666666664 5.852357333333333 2.0000586666666664
vertex 51.27550133333333 5.882101333333333 2.0000586666666664
vertex 51.171848 5.811346666666666 2.0000586666666664
endloop
endfacet
facet normal 0 0 1
outer loop
vertex 52.645978666666664 5.852357333333333 2.0000586666666664
vertex 51.171848 5.811346666666666 2.0000586666666664
vertex 53.59012533333333 5.811346666666666 2.0000586666666664
endloop
endfacet
facet normal 0 0 1
outer loop
vertex 52.645978666666664 5.852357333333333 2.0000586666666664
vertex 53.59012533333333 5.811346666666666 2.0000586666666664
vertex 53.595984 5.87444 2.0000586666666664
endloop
endfacet
facet normal 0 0 1
outer loop
vertex 52.645978666666664 5.852357333333333 2.0000586666666664
vertex 53.595984 5.87444 2.0000586666666664
vertex 53.59643466666667 5.882101333333333 2.0000586666666664
endloop
endfacet
facet normal 0 0 1
outer loop
vertex 52.645978666666664 5.852357333333333 2.0000586666666664
vertex 53.59643466666667 5.882101333333333 2.0000586666666664
vertex 51.27550133333333 5.882101333333333 2.0000586666666664
endloop
endfacet
facet normal 0 0 1
outer loop
vertex 0.9540613333333333 5.852357333333333 2.0000586666666664
vertex 0.0036053333333333332 5.882101333333333 2.0000586666666664
vertex 0.004056 5.87444 2.0000586666666664
endloop
endfacet
facet normal 0 0 1
outer loop
vertex 0.9540613333333333 5.852357333333333 2.0000586666666664
vertex 0.004056 5.87444 2.0000586666666664
vertex 0.009914666666666667 5.811346666666666 2.0000586666666664
endloop
endfacet
facet normal 0 0 1
outer loop
vertex 0.9540613333333333 5.852357333333333 2.0000586666666664
vertex 0.009914666666666667 5.811346666666666 2.0000586666666664
vertex 2.428192 5.811346666666666 2.0000586666666664
endloop
endfacet
facet normal 0 0 1
outer loop
vertex 0.9540613333333333 5.852357333333333 2.0000586666666664
vertex 2.428192 5.811346666666666 2.0000586666666664
vertex 2.3245386666666668 5.882101333333333 2.0000586666666664
endloop
endfacet
facet normal 0 0 1
outer loop
vertex 0.9540613333333333 5.852357333333333 2.0000586666666664
vertex 2.3245386666666668 5.882101333333333 2.0000586666666664
vertex 0.0036053333333333332 5.882101333333333 2.0000586666666664
endloop
endfacet
facet normal 0 0 1
outer loop
vertex 52.598658666666665 5.7734906666666665 2.0000586666666664
vertex 51.171848 5.811346666666666 2.0000586666666664
vertex 51.063688 5.747352 2.0000586666666664
endloop
endfacet
facet normal 0 0 1
outer loop
vertex 52.598658666666665 5.7734906666666665 2.0000586666666664
vertex 51.063688 5.747352 2.0000586666666664
vertex 53.583816 5.747352 2.0000586666666664
endloop
endfacet
facet normal 0 0 1
outer loop
vertex 52.598658666666665 5.7734906666666665 2.0000586666666664
vertex 53.583816 5.747352 2.0000586666666664
vertex 53.584266666666664 5.749154666666667 2.0000586666666664
endloop
endfacet
facet normal 0 0 1
outer loop
vertex 52.598658666666665 5.7734906666666665 2.0000586666666664
vertex 53.584266666666664 5.749154666666667 2.0000586666666664
vertex 53.59012533333333 5.811346666666666 2.0000586666666664
endloop
endfacet
facet normal 0 0 1
outer loop
vertex 52.598658666666665 5.7734906666666665 2.0000586666666664
vertex 53.59012533333333 5.811346666666666 2.0000586666666664
vertex 51.171848 5.811346666666666 2.0000586666666664
endloop
endfacet
facet normal 0 0 1
outer loop
vertex 1.0013813333333332 5.7734906666666665 2.0000586666666664
vertex 0.009914666666666667 5.811346666666666 2.0000586666666664
vertex 0.015773333333333334 5.749154666666667 2.0000586666666664
endloop
endfacet
facet normal 0 0 1
outer loop
vertex 1.0013813333333332 5.7734906666666665 2.0000586666666664
vertex 0.015773333333333334 5.749154666666667 2.0000586666666664
vertex 0.016224 5.747352 2.0000586666666664
endloop
endfacet
facet normal 0 0 1
outer loop
vertex 1.0013813333333332 5.7734906666666665 2.0000586666666664
vertex 0.016224 5.747352 2.0000586666666664
vertex 2.536352 5.747352 2.0000586666666664
endloop
endfacet
facet normal 0 0 1
outer loop
vertex 1.0013813333333332 5.7734906666666665 2.0000586666666664
vertex 2.536352 5.747352 2.0000586666666664
vertex 2.428192 5.811346666666666 2.0000586666666664
endloop
endfacet
facet normal 0 0 1
outer loop
vertex 1.0013813333333332 5.7734906666666665 2.0000586666666664
vertex 2.428192 5.811346666666666 2.0000586666666664
vertex 0.009914666666666667 5.811346666666666 2.0000586666666664
endloop
endfacet
facet normal 0 0 1
outer loop
vertex 51.063688 5.747352 2.0000586666666664
vertex 50.951471999999995 5.690568 2.0000586666666664
vertex 53.57480266666666 5.690568 2.0000586666666664
endloop
endfacet
facet normal 0 0 1
outer loop
vertex 51.063688 5.747352 2.0000586666666664
vertex 53.57480266666666 5.690568 2.0000586666666664
vertex 53.583816 5.747352 2.0000586666666664
endloop
endfacet
facet normal 0 0 1
outer loop
vertex 0.016224 5.747352 2.0000586666666664
vertex 0.025237333333333334 5.690568 2.0000586666666664
vertex 2.648568 5.690568 2.0000586666666664
endloop
endfacet
facet normal 0 0 1
outer loop
vertex 0.016224 5.747352 2.0000586666666664
vertex 2.648568 5.690568 2.0000586666666664
vertex 2.536352 5.747352 2.0000586666666664
endloop
endfacet
facet normal 0 0 1
outer loop
vertex 50.951471999999995 5.690568 2.0000586666666664
vertex 50.83610133333333 5.640544 2.0000586666666664
vertex 53.56714133333333 5.640544 2.0000586666666664
endloop
endfacet
facet normal 0 0 1
outer loop
vertex 50.951471999999995 5.690568 2.0000586666666664
vertex 53.56714133333333 5.640544 2.0000586666666664
vertex 53.57480266666666 5.690568 2.0000586666666664
endloop
endfacet
facet normal 0 0 1
outer loop
vertex 0.025237333333333334 5.690568 2.0000586666666664
vertex 0.032898666666666666 5.640544 2.0000586666666664
vertex 2.7639386666666668 5.640544 2.0000586666666664
endloop
endfacet
facet normal 0 0 1
outer loop
vertex 0.025237333333333334 5.690568 2.0000586666666664
vertex 2.7639386666666668 5.640544 2.0000586666666664
vertex 2.648568 5.690568 2.0000586666666664
endloop
endfacet
facet normal 0 0 1
outer loop
vertex 52.44903733333333 5.620264 2.0000586666666664
vertex 50.83610133333333 5.640544 2.0000586666666664
vertex 50.71802666666667 5.597730666666666 2.0000586666666664
endloop
endfacet
facet normal 0 0 1
outer loop
vertex 52.44903733333333 5.620264 2.0000586666666664
vertex 50.71802666666667 5.597730666666666 2.0000586666666664
vertex 53.55857866666666 5.597730666666666 2.0000586666666664
endloop
endfacet
facet normal 0 0 0.9999999999999999
outer loop
vertex 52.44903733333333 5.620264 2.0000586666666664
vertex 53.55857866666666 5.597730666666666 2.0000586666666664
vertex 53.56443733333333 5.625221333333333 2.0000586666666664
endloop
endfacet
facet normal 0 0 1
outer loop
vertex 52.44903733333333 5.620264 2.0000586666666664
vertex 53.56443733333333 5.625221333333333 2.0000586666666664
vertex 53.56714133333333 5.640544 2.0000586666666664
endloop
endfacet
facet normal 0 0 0.9999999999999999
outer loop
vertex 52.44903733333333 5.620264 2.0000586666666664
vertex 53.56714133333333 5.640544 2.0000586666666664
vertex 50.83610133333333 5.640544 2.0000586666666664
endloop
endfacet
facet normal 0 0 1
outer loop
vertex 1.1510026666666666 5.620264 2.0000586666666664
vertex 0.032898666666666666 5.640544 2.0000586666666664
vertex 0.035602666666666664 5.625221333333333 2.0000586666666664
endloop
endfacet
facet normal 0 0 1
outer loop
vertex 1.1510026666666666 5.620264 2.0000586666666664
vertex 0.035602666666666664 5.625221333333333 2.0000586666666664
vertex 0.04146133333333333 5.597730666666666 2.0000586666666664
endloop
endfacet
facet normal 0 0 1
outer loop
vertex 1.1510026666666666 5.620264 2.0000586666666664
vertex 0.04146133333333333 5.597730666666666 2.0000586666666664
vertex 2.882013333333333 5.597730666666666 2.0000586666666664
endloop
endfacet
facet normal 0 0 1
outer loop
vertex 1.1510026666666666 5.620264 2.0000586666666664
vertex 2.882013333333333 5.597730666666666 2.0000586666666664
vertex 2.7639386666666668 5.640544 2.0000586666666664
endloop
endfacet
facet normal 0 0 0.9999999999999999
outer loop
vertex 1.1510026666666666 5.620264 2.0000586666666664
vertex 2.7639386666666668 5.640544 2.0000586666666664
vertex 0.032898666666666666 5.640544 2.0000586666666664
endloop
endfacet
facet normal 0 0 1
outer loop
vertex 50.71802666666667 5.597730666666666 2.0000586666666664
vertex 50.597248 5.563029333333333 2.0000586666666664
vertex 53.550466666666665 5.563029333333333 2.0000586666666664
endloop
endfacet
facet normal 0 0 1
outer loop
vertex 50.71802666666667 5.597730666666666 2.0000586666666664
vertex 53.550466666666665 5.563029333333333 2.0000586666666664
vertex 53.55857866666666 5.597730666666666 2.0000586666666664
endloop
endfacet
facet normal 0 0 1
outer loop
vertex 0.04146133333333333 5.597730666666666 2.0000586666666664
vertex 0.04957333333333333 5.563029333333333 2.0000586666666664
vertex 3.002792 5.563029333333333 2.0000586666666664
endloop
endfacet
facet normal 0 0 1
outer loop
vertex 0.04146133333333333 5.597730666666666 2.0000586666666664
vertex 3.002792 5.563029333333333 2.0000586666666664
vertex 2.882013333333333 5.597730666666666 2.0000586666666664
endloop
endfacet
facet normal 0 0 1
outer loop
vertex 50.597248 5.563029333333333 2.0000586666666664
vertex 50.474666666666664 5.535538666666667 2.0000586666666664
vertex 53.544608 5.535538666666667 2.0000586666666664
endloop
endfacet
facet normal 0 0 1
outer loop
vertex 50.597248 5.563029333333333 2.0000586666666664
vertex 53.544608 5.535538666666667 2.0000586666666664
vertex 53.550466666666665 5.563029333333333 2.0000586666666664
endloop
endfacet
facet normal 0 0 1
outer loop
vertex 0.04957333333333333 5.563029333333333 2.0000586666666664
vertex 0.055431999999999995 5.535538666666667 2.0000586666666664
vertex 3.125373333333333 5.535538666666667 2.0000586666666664
endloop
endfacet
facet normal 0 0 1
outer loop
vertex 0.04957333333333333 5.563029333333333 2.0000586666666664
vertex 3.125373333333333 5.535538666666667 2.0000586666666664
vertex 3.002792 5.563029333333333 2.0000586666666664
endloop
endfacet
facet normal 0 0 1
outer loop
vertex 50.474666666666664 5.535538666666667 2.0000586666666664
vertex 50.35073333333333 5.515709333333334 2.0000586666666664
vertex 53.54010133333333 5.515709333333334 2.0000586666666664
endloop
endfacet
facet normal 0 0 1
outer loop
vertex 50.474666666666664 5.535538666666667 2.0000586666666664
vertex 53.54010133333333 5.515709333333334 2.0000586666666664
vertex 53.544608 5.535538666666667 2.0000586666666664
endloop
endfacet
facet normal 0 0 1
outer loop
vertex 0.055431999999999995 5.535538666666667 2.0000586666666664
vertex 0.05993866666666667 5.515709333333334 2.0000586666666664
vertex 3.2493066666666666 5.515709333333334 2.0000586666666664
endloop
endfacet
facet normal 0 0 0.9999999999999999
outer loop
vertex 0.055431999999999995 5.535538666666667 2.0000586666666664
vertex 3.2493066666666666 5.515709333333334 2.0000586666666664
vertex 3.125373333333333 5.535538666666667 2.0000586666666664
endloop
endfacet
facet normal 0 0 1
outer loop
vertex 50.35073333333333 5.515709333333334 2.0000586666666664
vertex 50.225448 5.503992 2.0000586666666664
vertex 53.53739733333333 5.503992 2.0000586666666664
endloop
endfacet
facet normal 0 0 1
outer loop
vertex 50.35073333333333 5.515709333333334 2.0000586666666664
vertex 53.53739733333333 5.503992 2.0000586666666664
vertex 53.54010133333333 5.515709333333334 2.0000586666666664
endloop
endfacet
facet normal 0 0 1
outer loop
vertex 0.05993866666666667 5.515709333333334 2.0000586666666664
vertex 0.06264266666666667 5.503992 2.0000586666666664
vertex 3.374592 5.503992 2.0000586666666664
endloop
endfacet
facet normal 0 0 1
outer loop
vertex 0.05993866666666667 5.515709333333334 2.0000586666666664
vertex 3.374592 5.503992 2.0000586666666664
vertex 3.2493066666666666 5.515709333333334 2.0000586666666664
endloop
endfacet
facet normal 0 0 1
outer loop
vertex 50.850072 4.750026666666667 2.0000586666666664
vertex 50.225448 5.503992 2.0000586666666664
vertex 49.974426666666666 5.49588 2.0000586666666664
endloop
endfacet
facet normal 0 0 1
outer loop
vertex 50.850072 4.750026666666667 2.0000586666666664
vertex 49.974426666666666 5.49588 2.0000586666666664
vertex 49.84914133333333 5.484162666666666 2.0000586666666664
endloop
endfacet
facet normal 0 0 1
outer loop
vertex 50.850072 4.750026666666667 2.0000586666666664
vertex 49.84914133333333 5.484162666666666 2.0000586666666664
vertex 49.725207999999995 5.464784 2.0000586666666664
endloop
endfacet
facet normal 0 0 1
outer loop
vertex 50.850072 4.750026666666667 2.0000586666666664
vertex 49.725207999999995 5.464784 2.0000586666666664
vertex 49.602626666666666 5.437293333333333 2.0000586666666664
endloop
endfacet
facet normal 0 0 1
outer loop
vertex 50.850072 4.750026666666667 2.0000586666666664
vertex 49.602626666666666 5.437293333333333 2.0000586666666664
vertex 49.481848 5.402141333333333 2.0000586666666664
endloop
endfacet
facet normal 0 0 1
outer loop
vertex 50.850072 4.750026666666667 2.0000586666666664
vertex 49.481848 5.402141333333333 2.0000586666666664
vertex 49.363773333333334 5.359328 2.0000586666666664
endloop
endfacet
facet normal 0 0 1
outer loop
vertex 50.850072 4.750026666666667 2.0000586666666664
vertex 49.363773333333334 5.359328 2.0000586666666664
vertex 49.248402666666664 5.309754666666667 2.0000586666666664
endloop
endfacet
facet normal 0 0 1
outer loop
vertex 50.850072 4.750026666666667 2.0000586666666664
vertex 49.248402666666664 5.309754666666667 2.0000586666666664
vertex 49.13663733333333 5.25252 2.0000586666666664
endloop
endfacet
facet normal 0 0 1
outer loop
vertex 50.850072 4.750026666666667 2.0000586666666664
vertex 49.13663733333333 5.25252 2.0000586666666664
vertex 49.028477333333335 5.188525333333333 2.0000586666666664
endloop
endfacet
facet normal 0 0 1
outer loop
vertex 50.850072 4.750026666666667 2.0000586666666664
vertex 49.028477333333335 5.188525333333333 2.0000586666666664
vertex 48.924373333333335 5.1182213333333335 2.0000586666666664
endloop
endfacet
facet normal 0 0 1
outer loop
vertex 50.850072 4.750026666666667 2.0000586666666664
vertex 48.924373333333335 5.1182213333333335 2.0000586666666664
vertex 48.825226666666666 5.0411573333333335 2.0000586666666664
endloop
endfacet
facet normal 0 0 1
outer loop
vertex 50.850072 4.750026666666667 2.0000586666666664
vertex 48.825226666666666 5.0411573333333335 2.0000586666666664
vertex 48.73103733333333 4.957784 2.0000586666666664
endloop
endfacet
facet normal 0 0 1
outer loop
vertex 50.850072 4.750026666666667 2.0000586666666664
vertex 48.73103733333333 4.957784 2.0000586666666664
vertex 48.642255999999996 4.869002666666667 2.0000586666666664
endloop
endfacet
facet normal 0 0 1
outer loop
vertex 50.850072 4.750026666666667 2.0000586666666664
vertex 48.642255999999996 4.869002666666667 2.0000586666666664
vertex 48.55888266666666 4.774813333333333 2.0000586666666664
endloop
endfacet
facet normal 0 0 0.9999999999999999
outer loop
vertex 50.850072 4.750026666666667 2.0000586666666664
vertex 48.55888266666666 4.774813333333333 2.0000586666666664
vertex 48.48181866666666 4.675666666666666 2.0000586666666664
endloop
endfacet
facet normal 0 0 1
outer loop
vertex 50.850072 4.750026666666667 2.0000586666666664
vertex 48.48181866666666 4.675666666666666 2.0000586666666664
vertex 48.41151466666666 4.571562666666667 2.0000586666666664
endloop
endfacet
facet normal 0 0 1
outer loop
vertex 50.850072 4.750026666666667 2.0000586666666664
vertex 48.41151466666666 4.571562666666667 2.0000586666666664
vertex 48.347519999999996 4.463402666666666 2.0000586666666664
endloop
endfacet
facet normal 0 0 1
outer loop
vertex 50.850072 4.750026666666667 2.0000586666666664
vertex 48.347519999999996 4.463402666666666 2.0000586666666664
vertex 48.29028533333333 4.351637333333334 2.0000586666666664
endloop
endfacet
facet normal 0 0 1
outer loop
vertex 50.850072 4.750026666666667 2.0000586666666664
vertex 48.29028533333333 4.351637333333334 2.0000586666666664
vertex 48.24026133333333 4.236266666666666 2.0000586666666664
endloop
endfacet
facet normal 0 0 1
outer loop
vertex 50.850072 4.750026666666667 2.0000586666666664
vertex 48.24026133333333 4.236266666666666 2.0000586666666664
vertex 48.19789866666667 4.118192 2.0000586666666664
endloop
endfacet
facet normal 0 0 1
outer loop
vertex 50.850072 4.750026666666667 2.0000586666666664
vertex 48.19789866666667 4.118192 2.0000586666666664
vertex 48.16274666666666 3.9974133333333333 2.0000586666666664
endloop
endfacet
facet normal 0 0 1
outer loop
vertex 50.850072 4.750026666666667 2.0000586666666664
vertex 48.16274666666666 3.9974133333333333 2.0000586666666664
vertex 48.16274666666666 3.996061333333333 2.0000586666666664
endloop
endfacet
facet normal 0 0 1
outer loop
vertex 50.850072 4.750026666666667 2.0000586666666664
vertex 48.16274666666666 3.996061333333333 2.0000586666666664
vertex 51.47424533333333 3.996061333333333 2.0000586666666664
endloop
endfacet
facet normal 0 0 1
outer loop
vertex 50.850072 4.750026666666667 2.0000586666666664
vertex 51.47424533333333 3.996061333333333 2.0000586666666664
vertex 51.72571733333333 4.0037226666666665 2.0000586666666664
endloop
endfacet
facet normal 0 0 1
outer loop
vertex 50.850072 4.750026666666667 2.0000586666666664
vertex 51.72571733333333 4.0037226666666665 2.0000586666666664
vertex 51.850552 4.0158906666666665 2.0000586666666664
endloop
endfacet
facet normal 0 0 1
outer loop
vertex 50.850072 4.750026666666667 2.0000586666666664
vertex 51.850552 4.0158906666666665 2.0000586666666664
vertex 51.974936 4.035269333333333 2.0000586666666664
endloop
endfacet
facet normal 0 0 0.9999999999999999
outer loop
vertex 50.850072 4.750026666666667 2.0000586666666664
vertex 51.974936 4.035269333333333 2.0000586666666664
vertex 52.09751733333333 4.06276 2.0000586666666664
endloop
endfacet
facet normal 0 0 1
outer loop
vertex 50.850072 4.750026666666667 2.0000586666666664
vertex 52.09751733333333 4.06276 2.0000586666666664
vertex 52.21784533333333 4.097912 2.0000586666666664
endloop
endfacet
facet normal 0 0 1
outer loop
vertex 50.850072 4.750026666666667 2.0000586666666664
vertex 52.21784533333333 4.097912 2.0000586666666664
vertex 52.33637066666667 4.1402746666666665 2.0000586666666664
endloop
endfacet
facet normal 0 0 1
outer loop
vertex 50.850072 4.750026666666667 2.0000586666666664
vertex 52.33637066666667 4.1402746666666665 2.0000586666666664
vertex 52.45174133333333 4.190298666666666 2.0000586666666664
endloop
endfacet
facet normal 0 0 1
outer loop
vertex 50.850072 4.750026666666667 2.0000586666666664
vertex 52.45174133333333 4.190298666666666 2.0000586666666664
vertex 52.56350666666666 4.247533333333333 2.0000586666666664
endloop
endfacet
facet normal 0 0 1
outer loop
vertex 50.850072 4.750026666666667 2.0000586666666664
vertex 52.56350666666666 4.247533333333333 2.0000586666666664
vertex 52.67166666666667 4.311528 2.0000586666666664
endloop
endfacet
facet normal 0 0 1
outer loop
vertex 50.850072 4.750026666666667 2.0000586666666664
vertex 52.67166666666667 4.311528 2.0000586666666664
vertex 52.775770666666666 4.381832 2.0000586666666664
endloop
endfacet
facet normal 0 0 1
outer loop
vertex 50.850072 4.750026666666667 2.0000586666666664
vertex 52.775770666666666 4.381832 2.0000586666666664
vertex 52.87491733333333 4.458896 2.0000586666666664
endloop
endfacet
facet normal 0 0 1
outer loop
vertex 50.850072 4.750026666666667 2.0000586666666664
vertex 52.87491733333333 4.458896 2.0000586666666664
vertex 52.96910666666666 4.5422693333333335 2.0000586666666664
endloop
endfacet
facet normal 0 0 1
outer loop
vertex 50.850072 4.750026666666667 2.0000586666666664
vertex 52.96910666666666 4.5422693333333335 2.0000586666666664
vertex 53.057888 4.631050666666667 2.0000586666666664
endloop
endfacet
facet normal 0 0 1
outer loop
vertex 50.850072 4.750026666666667 2.0000586666666664
vertex 53.057888 4.631050666666667 2.0000586666666664
vertex 53.14081066666667 4.725239999999999 2.0000586666666664
endloop
endfacet
facet normal 0 0 1
outer loop
vertex 50.850072 4.750026666666667 2.0000586666666664
vertex 53.14081066666667 4.725239999999999 2.0000586666666664
vertex 53.21787466666667 4.824386666666666 2.0000586666666664
endloop
endfacet
facet normal 0 0 1
outer loop
vertex 50.850072 4.750026666666667 2.0000586666666664
vertex 53.21787466666667 4.824386666666666 2.0000586666666664
vertex 53.28862933333333 4.928490666666667 2.0000586666666664
endloop
endfacet
facet normal 0 0 1
outer loop
vertex 50.850072 4.750026666666667 2.0000586666666664
vertex 53.28862933333333 4.928490666666667 2.0000586666666664
vertex 53.352624 5.036650666666667 2.0000586666666664
endloop
endfacet
facet normal 0 0 1
outer loop
vertex 50.850072 4.750026666666667 2.0000586666666664
vertex 53.352624 5.036650666666667 2.0000586666666664
vertex 53.409858666666665 5.148416 2.0000586666666664
endloop
endfacet
facet normal 0 0 1
outer loop
vertex 50.850072 4.750026666666667 2.0000586666666664
vertex 53.409858666666665 5.148416 2.0000586666666664
vertex 53.459432 5.263786666666666 2.0000586666666664
endloop
endfacet
facet normal 0 0 1
outer loop
vertex 50.850072 4.750026666666667 2.0000586666666664
vertex 53.459432 5.263786666666666 2.0000586666666664
vertex 53.502245333333335 5.381861333333333 2.0000586666666664
endloop
endfacet
facet normal 0 0 1
outer loop
vertex 50.850072 4.750026666666667 2.0000586666666664
vertex 53.502245333333335 5.381861333333333 2.0000586666666664
vertex 53.536946666666665 5.5026399999999995 2.0000586666666664
endloop
endfacet
facet normal 0 0 1
outer loop
vertex 50.850072 4.750026666666667 2.0000586666666664
vertex 53.536946666666665 5.5026399999999995 2.0000586666666664
vertex 53.53739733333333 5.503992 2.0000586666666664
endloop
endfacet
facet normal 0 0 1
outer loop
vertex 50.850072 4.750026666666667 2.0000586666666664
vertex 53.53739733333333 5.503992 2.0000586666666664
vertex 50.225448 5.503992 2.0000586666666664
endloop
endfacet
facet normal 0 0 0.9999999999999999
outer loop
vertex 2.749968 4.750026666666667 2.0000586666666664
vertex 0.06264266666666667 5.503992 2.0000586666666664
vertex 0.06264266666666667 5.5026399999999995 2.0000586666666664
endloop
endfacet
facet normal 0 0 1
outer loop
vertex 2.749968 4.750026666666667 2.0000586666666664
vertex 0.06264266666666667 5.5026399999999995 2.0000586666666664
vertex 0.09779466666666667 5.381861333333333 2.0000586666666664
endloop
endfacet
facet normal 0 0 1
outer loop
vertex 2.749968 4.750026666666667 2.0000586666666664
vertex 0.09779466666666667 5.381861333333333 2.0000586666666664
vertex 0.14060799999999998 5.263786666666666 2.0000586666666664
endloop
endfacet
facet normal 0 0 1
outer loop
vertex 2.749968 4.750026666666667 2.0000586666666664
vertex 0.14060799999999998 5.263786666666666 2.0000586666666664
vertex 0.19018133333333334 5.148416 2.0000586666666664
endloop
endfacet
facet normal 0 0 1
outer loop
vertex 2.749968 4.750026666666667 2.0000586666666664
vertex 0.19018133333333334 5.148416 2.0000586666666664
vertex 0.247416 5.036650666666667 2.0000586666666664
endloop
endfacet
facet normal 0 0 1
outer loop
vertex 2.749968 4.750026666666667 2.0000586666666664
vertex 0.247416 5.036650666666667 2.0000586666666664
vertex 0.31141066666666667 4.928490666666667 2.0000586666666664
endloop
endfacet
facet normal 0 0 1
outer loop
vertex 2.749968 4.750026666666667 2.0000586666666664
vertex 0.31141066666666667 4.928490666666667 2.0000586666666664
vertex 0.3821653333333333 4.824386666666666 2.0000586666666664
endloop
endfacet
facet normal 0 0 1
outer loop
vertex 2.749968 4.750026666666667 2.0000586666666664
vertex 0.3821653333333333 4.824386666666666 2.0000586666666664
vertex 0.45877866666666667 4.725239999999999 2.0000586666666664
endloop
endfacet
facet normal 0 0 1
outer loop
vertex 2.749968 4.750026666666667 2.0000586666666664
vertex 0.45877866666666667 4.725239999999999 2.0000586666666664
vertex 0.542152 4.631050666666667 2.0000586666666664
endloop
endfacet
facet normal 0 0 1
outer loop
vertex 2.749968 4.750026666666667 2.0000586666666664
vertex 0.542152 4.631050666666667 2.0000586666666664
vertex 0.6309333333333333 4.5422693333333335 2.0000586666666664
endloop
endfacet
facet normal 0 0 1
outer loop
vertex 2.749968 4.750026666666667 2.0000586666666664
vertex 0.6309333333333333 4.5422693333333335 2.0000586666666664
vertex 0.7251226666666667 4.458896 2.0000586666666664
endloop
endfacet
facet normal 0 0 1
outer loop
vertex 2.749968 4.750026666666667 2.0000586666666664
vertex 0.7251226666666667 4.458896 2.0000586666666664
vertex 0.8242693333333333 4.381832 2.0000586666666664
endloop
endfacet
facet normal 0 0 1
outer loop
vertex 2.749968 4.750026666666667 2.0000586666666664
vertex 0.8242693333333333 4.381832 2.0000586666666664
vertex 0.9283733333333333 4.311528 2.0000586666666664
endloop
endfacet
facet normal 0 0 1
outer loop
vertex 2.749968 4.750026666666667 2.0000586666666664
vertex 0.9283733333333333 4.311528 2.0000586666666664
vertex 1.0365333333333333 4.247533333333333 2.0000586666666664
endloop
endfacet
facet normal 0 0 1
outer loop
vertex 2.749968 4.750026666666667 2.0000586666666664
vertex 1.0365333333333333 4.247533333333333 2.0000586666666664
vertex 1.1482986666666666 4.190298666666666 2.0000586666666664
endloop
endfacet
facet normal 0 0 1
outer loop
vertex 2.749968 4.750026666666667 2.0000586666666664
vertex 1.1482986666666666 4.190298666666666 2.0000586666666664
vertex 1.2636693333333333 4.1402746666666665 2.0000586666666664
endloop
endfacet
facet normal 0 0 1
outer loop
vertex 2.749968 4.750026666666667 2.0000586666666664
vertex 1.2636693333333333 4.1402746666666665 2.0000586666666664
vertex 1.3817439999999999 4.097912 2.0000586666666664
endloop
endfacet
facet normal 0 0 1
outer loop
vertex 2.749968 4.750026666666667 2.0000586666666664
vertex 1.3817439999999999 4.097912 2.0000586666666664
vertex 1.5025226666666667 4.06276 2.0000586666666664
endloop
endfacet
facet normal 0 0 1
outer loop
vertex 2.749968 4.750026666666667 2.0000586666666664
vertex 1.5025226666666667 4.06276 2.0000586666666664
vertex 1.6251039999999999 4.035269333333333 2.0000586666666664
endloop
endfacet
facet normal 0 0 1
outer loop
vertex 2.749968 4.750026666666667 2.0000586666666664
vertex 1.6251039999999999 4.035269333333333 2.0000586666666664
vertex 1.749488 4.0158906666666665 2.0000586666666664
endloop
endfacet
facet normal 0 0 1
outer loop
vertex 2.749968 4.750026666666667 2.0000586666666664
vertex 1.749488 4.0158906666666665 2.0000586666666664
vertex 1.8743226666666666 4.0037226666666665 2.0000586666666664
endloop
endfacet
facet normal 0 0 1
outer loop
vertex 2.749968 4.750026666666667 2.0000586666666664
vertex 1.8743226666666666 4.0037226666666665 2.0000586666666664
vertex 2.1257946666666667 3.996061333333333 2.0000586666666664
endloop
endfacet
facet normal 0 0 1
outer loop
vertex 2.749968 4.750026666666667 2.0000586666666664
vertex 2.1257946666666667 3.996061333333333 2.0000586666666664
vertex 5.437293333333333 3.996061333333333 2.0000586666666664
endloop
endfacet
facet normal 0 0 1
outer loop
vertex 2.749968 4.750026666666667 2.0000586666666664
vertex 5.437293333333333 3.996061333333333 2.0000586666666664
vertex 5.437293333333333 3.9974133333333333 2.0000586666666664
endloop
endfacet
facet normal 0 0 1
outer loop
vertex 2.749968 4.750026666666667 2.0000586666666664
vertex 5.437293333333333 3.9974133333333333 2.0000586666666664
vertex 5.402141333333333 4.118192 2.0000586666666664
endloop
endfacet
facet normal 0 0 1
outer loop
vertex 2.749968 4.750026666666667 2.0000586666666664
vertex 5.402141333333333 4.118192 2.0000586666666664
vertex 5.359328 4.236266666666666 2.0000586666666664
endloop
endfacet
facet normal 0 0 1
outer loop
vertex 2.749968 4.750026666666667 2.0000586666666664
vertex 5.359328 4.236266666666666 2.0000586666666664
vertex 5.309754666666667 4.351637333333334 2.0000586666666664
endloop
endfacet
facet normal 0 0 1
outer loop
vertex 2.749968 4.750026666666667 2.0000586666666664
vertex 5.309754666666667 4.351637333333334 2.0000586666666664
vertex 5.25252 4.463402666666666 2.0000586666666664
endloop
endfacet
facet normal 0 0 1
outer loop
vertex 2.749968 4.750026666666667 2.0000586666666664
vertex 5.25252 4.463402666666666 2.0000586666666664
vertex 5.188525333333333 4.571562666666667 2.0000586666666664
endloop
endfacet
facet normal 0 0 1
outer loop
vertex 2.749968 4.750026666666667 2.0000586666666664
vertex 5.188525333333333 4.571562666666667 2.0000586666666664
vertex 5.1182213333333335 4.675666666666666 2.0000586666666664
endloop
endfacet
facet normal 0 0 1
outer loop
vertex 2.749968 4.750026666666667 2.0000586666666664
vertex 5.1182213333333335 4.675666666666666 2.0000586666666664
vertex 5.0411573333333335 4.774813333333333 2.0000586666666664
endloop
endfacet
facet normal 0 0 1
outer loop
vertex 2.749968 4.750026666666667 2.0000586666666664
vertex 5.0411573333333335 4.774813333333333 2.0000586666666664
vertex 4.957784 4.869002666666667 2.0000586666666664
endloop
endfacet
facet normal 0 0 1
outer loop
vertex 2.749968 4.750026666666667 2.0000586666666664
vertex 4.957784 4.869002666666667 2.0000586666666664
vertex 4.869002666666667 4.957784 2.0000586666666664
endloop
endfacet
facet normal 0 0 1
outer loop
vertex 2.749968 4.750026666666667 2.0000586666666664
vertex 4.869002666666667 4.957784 2.0000586666666664
vertex 4.774813333333333 5.0411573333333335 2.0000586666666664
endloop
endfacet
facet normal 0 0 1
outer loop
vertex 2.749968 4.750026666666667 2.0000586666666664
vertex 4.774813333333333 5.0411573333333335 2.0000586666666664
vertex 4.675666666666666 5.1182213333333335 2.0000586666666664
endloop
endfacet
facet normal 0 0 0.9999999999999999
outer loop
vertex 2.749968 4.750026666666667 2.0000586666666664
vertex 4.675666666666666 5.1182213333333335 2.0000586666666664
vertex 4.571562666666667 5.188525333333333 2.0000586666666664
endloop
endfacet
facet normal 0 0 1
outer loop
vertex 2.749968 4.750026666666667 2.0000586666666664
vertex 4.571562666666667 5.188525333333333 2.0000586666666664
vertex 4.463402666666666 5.25252 2.0000586666666664
endloop
endfacet
facet normal 0 0 1
outer loop
vertex 2.749968 4.750026666666667 2.0000586666666664
vertex 4.463402666666666 5.25252 2.0000586666666664
vertex 4.351637333333334 5.309754666666667 2.0000586666666664
endloop
endfacet
facet normal 0 0 1
outer loop
vertex 2.749968 4.750026666666667 2.0000586666666664
vertex 4.351637333333334 5.309754666666667 2.0000586666666664
vertex 4.236266666666666 5.359328 2.0000586666666664
endloop
endfacet
facet normal 0 0 1
outer loop
vertex 2.749968 4.750026666666667 2.0000586666666664
vertex 4.236266666666666 5.359328 2.0000586666666664
vertex 4.118192 5.402141333333333 2.0000586666666664
endloop
endfacet
facet normal 0 0 1
outer loop
vertex 2.749968 4.750026666666667 2.0000586666666664
vertex 4.118192 5.402141333333333 2.0000586666666664
vertex 3.9974133333333333 5.437293333333333 2.0000586666666664
endloop
endfacet
facet normal 0 0 1
outer loop
vertex 2.749968 4.750026666666667 2.0000586666666664
vertex 3.9974133333333333 5.437293333333333 2.0000586666666664
vertex 3.874832 5.464784 2.0000586666666664
endloop
endfacet
facet normal 0 0 1
outer loop
vertex 2.749968 4.750026666666667 2.0000586666666664
vertex 3.874832 5.464784 2.0000586666666664
vertex 3.750448 5.484162666666666 2.0000586666666664
endloop
endfacet
facet normal 0 0 1
outer loop
vertex 2.749968 4.750026666666667 2.0000586666666664
vertex 3.750448 5.484162666666666 2.0000586666666664
vertex 3.6256133333333334 5.49588 2.0000586666666664
endloop
endfacet
facet normal 0 0 1
outer loop
vertex 2.749968 4.750026666666667 2.0000586666666664
vertex 3.6256133333333334 5.49588 2.0000586666666664
vertex 3.374592 5.503992 2.0000586666666664
endloop
endfacet
facet normal 0 0 1
outer loop
vertex 2.749968 4.750026666666667 2.0000586666666664
vertex 3.374592 5.503992 2.0000586666666664
vertex 0.06264266666666667 5.503992 2.0000586666666664
endloop
endfacet
facet normal 0 0 1
outer loop
vertex 48.16274666666666 3.996061333333333 2.0000586666666664
vertex 48.16004266666666 3.9843439999999997 2.0000586666666664
vertex 51.349410666666664 3.9843439999999997 2.0000586666666664
endloop
endfacet
facet normal 0 0 1
outer loop
vertex 48.16274666666666 3.996061333333333 2.0000586666666664
vertex 51.349410666666664 3.9843439999999997 2.0000586666666664
vertex 51.47424533333333 3.996061333333333 2.0000586666666664
endloop
endfacet
facet normal 0 0 1
outer loop
vertex 2.1257946666666667 3.996061333333333 2.0000586666666664
vertex 2.2506293333333334 3.9843439999999997 2.0000586666666664
vertex 5.439997333333333 3.9843439999999997 2.0000586666666664
endloop
endfacet
facet normal 0 0 1
outer loop
vertex 2.1257946666666667 3.996061333333333 2.0000586666666664
vertex 5.439997333333333 3.9843439999999997 2.0000586666666664
vertex 5.437293333333333 3.996061333333333 2.0000586666666664
endloop
endfacet
facet normal 0 0 1
outer loop
vertex 48.16004266666666 3.9843439999999997 2.0000586666666664
vertex 48.155536 3.9645146666666666 2.0000586666666664
vertex 51.225026666666665 3.9645146666666666 2.0000586666666664
endloop
endfacet
facet normal 0 0 1
outer loop
vertex 48.16004266666666 3.9843439999999997 2.0000586666666664
vertex 51.225026666666665 3.9645146666666666 2.0000586666666664
vertex 51.349410666666664 3.9843439999999997 2.0000586666666664
endloop
endfacet
facet normal 0 0 1
outer loop
vertex 2.2506293333333334 3.9843439999999997 2.0000586666666664
vertex 2.3745626666666664 3.9645146666666666 2.0000586666666664
vertex 5.444504 3.9645146666666666 2.0000586666666664
endloop
endfacet
facet normal 0 0 1
outer loop
vertex 2.2506293333333334 3.9843439999999997 2.0000586666666664
vertex 5.444504 3.9645146666666666 2.0000586666666664
vertex 5.439997333333333 3.9843439999999997 2.0000586666666664
endloop
endfacet
facet normal 0 0 1
outer loop
vertex 48.155536 3.9645146666666666 2.0000586666666664
vertex 48.149226666666664 3.937024 2.0000586666666664
vertex 51.10244533333333 3.937024 2.0000586666666664
endloop
endfacet
facet normal 0 0 1
outer loop
vertex 48.155536 3.9645146666666666 2.0000586666666664
vertex 51.10244533333333 3.937024 2.0000586666666664
vertex 51.225026666666665 3.9645146666666666 2.0000586666666664
endloop
endfacet
facet normal 0 0 1
outer loop
vertex 2.3745626666666664 3.9645146666666666 2.0000586666666664
vertex 2.4975946666666666 3.937024 2.0000586666666664
vertex 5.4508133333333335 3.937024 2.0000586666666664
endloop
endfacet
facet normal 0 0 1
outer loop
vertex 2.3745626666666664 3.9645146666666666 2.0000586666666664
vertex 5.4508133333333335 3.937024 2.0000586666666664
vertex 5.444504 3.9645146666666666 2.0000586666666664
endloop
endfacet
facet normal 0 0 0.9999999999999999
outer loop
vertex 48.149226666666664 3.937024 2.0000586666666664
vertex 48.14156533333333 3.9023226666666666 2.0000586666666664
vertex 50.982117333333335 3.9023226666666666 2.0000586666666664
endloop
endfacet
facet normal 0 0 1
outer loop
vertex 48.149226666666664 3.937024 2.0000586666666664
vertex 50.982117333333335 3.9023226666666666 2.0000586666666664
vertex 51.10244533333333 3.937024 2.0000586666666664
endloop
endfacet
facet normal 0 0 1
outer loop
vertex 2.4975946666666666 3.937024 2.0000586666666664
vertex 2.6179226666666664 3.9023226666666666 2.0000586666666664
vertex 5.458474666666667 3.9023226666666666 2.0000586666666664
endloop
endfacet
facet normal 0 0 0.9999999999999999
outer loop
vertex 2.4975946666666666 3.937024 2.0000586666666664
vertex 5.458474666666667 3.9023226666666666 2.0000586666666664
vertex 5.4508133333333335 3.937024 2.0000586666666664
endloop
endfacet
facet normal 0 0 1
outer loop
vertex 49.251106666666665 3.879789333333333 2.0000586666666664
vertex 48.14156533333333 3.9023226666666666 2.0000586666666664
vertex 48.135256 3.874832 2.0000586666666664
endloop
endfacet
facet normal 0 0 1
outer loop
vertex 49.251106666666665 3.879789333333333 2.0000586666666664
vertex 48.135256 3.874832 2.0000586666666664
vertex 48.13300266666666 3.859509333333333 2.0000586666666664
endloop
endfacet
facet normal 0 0 1
outer loop
vertex 49.251106666666665 3.879789333333333 2.0000586666666664
vertex 48.13300266666666 3.859509333333333 2.0000586666666664
vertex 50.863592 3.859509333333333 2.0000586666666664
endloop
endfacet
facet normal 0 0 0.9999999999999999
outer loop
vertex 49.251106666666665 3.879789333333333 2.0000586666666664
vertex 50.863592 3.859509333333333 2.0000586666666664
vertex 50.982117333333335 3.9023226666666666 2.0000586666666664
endloop
endfacet
facet normal 0 0 1
outer loop
vertex 49.251106666666665 3.879789333333333 2.0000586666666664
vertex 50.982117333333335 3.9023226666666666 2.0000586666666664
vertex 48.14156533333333 3.9023226666666666 2.0000586666666664
endloop
endfacet
facet normal 0 0 1
outer loop
vertex 4.348933333333333 3.879789333333333 2.0000586666666664
vertex 2.6179226666666664 3.9023226666666666 2.0000586666666664
vertex 2.7364479999999998 3.859509333333333 2.0000586666666664
endloop
endfacet
facet normal 0 0 1
outer loop
vertex 4.348933333333333 3.879789333333333 2.0000586666666664
vertex 2.7364479999999998 3.859509333333333 2.0000586666666664
vertex 5.467037333333333 3.859509333333333 2.0000586666666664
endloop
endfacet
facet normal 0 0 1
outer loop
vertex 4.348933333333333 3.879789333333333 2.0000586666666664
vertex 5.467037333333333 3.859509333333333 2.0000586666666664
vertex 5.464784 3.874832 2.0000586666666664
endloop
endfacet
facet normal 0 0 1
outer loop
vertex 4.348933333333333 3.879789333333333 2.0000586666666664
vertex 5.464784 3.874832 2.0000586666666664
vertex 5.458474666666667 3.9023226666666666 2.0000586666666664
endloop
endfacet
facet normal 0 0 1
outer loop
vertex 4.348933333333333 3.879789333333333 2.0000586666666664
vertex 5.458474666666667 3.9023226666666666 2.0000586666666664
vertex 2.6179226666666664 3.9023226666666666 2.0000586666666664
endloop
endfacet
facet normal 0 0 1
outer loop
vertex 48.13300266666666 3.859509333333333 2.0000586666666664
vertex 48.124890666666666 3.8094853333333334 2.0000586666666664
vertex 50.74822133333333 3.8094853333333334 2.0000586666666664
endloop
endfacet
facet normal 0 0 1
outer loop
vertex 48.13300266666666 3.859509333333333 2.0000586666666664
vertex 50.74822133333333 3.8094853333333334 2.0000586666666664
vertex 50.863592 3.859509333333333 2.0000586666666664
endloop
endfacet
facet normal 0 0 1
outer loop
vertex 2.7364479999999998 3.859509333333333 2.0000586666666664
vertex 2.851368 3.8094853333333334 2.0000586666666664
vertex 5.474698666666667 3.8094853333333334 2.0000586666666664
endloop
endfacet
facet normal 0 0 1
outer loop
vertex 2.7364479999999998 3.859509333333333 2.0000586666666664
vertex 5.474698666666667 3.8094853333333334 2.0000586666666664
vertex 5.467037333333333 3.859509333333333 2.0000586666666664
endloop
endfacet
facet normal 0 0 1
outer loop
vertex 48.124890666666666 3.8094853333333334 2.0000586666666664
vertex 48.11587733333333 3.752701333333333 2.0000586666666664
vertex 50.636455999999995 3.752701333333333 2.0000586666666664
endloop
endfacet
facet normal 0 0 1
outer loop
vertex 48.124890666666666 3.8094853333333334 2.0000586666666664
vertex 50.636455999999995 3.752701333333333 2.0000586666666664
vertex 50.74822133333333 3.8094853333333334 2.0000586666666664
endloop
endfacet
facet normal 0 0 1
outer loop
vertex 2.851368 3.8094853333333334 2.0000586666666664
vertex 2.963584 3.752701333333333 2.0000586666666664
vertex 5.483712 3.752701333333333 2.0000586666666664
endloop
endfacet
facet normal 0 0 1
outer loop
vertex 2.851368 3.8094853333333334 2.0000586666666664
vertex 5.483712 3.752701333333333 2.0000586666666664
vertex 5.474698666666667 3.8094853333333334 2.0000586666666664
endloop
endfacet
facet normal 0 0 1
outer loop
vertex 49.10148533333333 3.7265626666666667 2.0000586666666664
vertex 48.11587733333333 3.752701333333333 2.0000586666666664
vertex 48.11587733333333 3.750448 2.0000586666666664
endloop
endfacet
facet normal 0 0 1
outer loop
vertex 49.10148533333333 3.7265626666666667 2.0000586666666664
vertex 48.11587733333333 3.750448 2.0000586666666664
vertex 48.11001866666666 3.6887066666666666 2.0000586666666664
endloop
endfacet
facet normal 0 0 0.9999999999999999
outer loop
vertex 49.10148533333333 3.7265626666666667 2.0000586666666664
vertex 48.11001866666666 3.6887066666666666 2.0000586666666664
vertex 50.528296 3.6887066666666666 2.0000586666666664
endloop
endfacet
facet normal 0 0 1
outer loop
vertex 49.10148533333333 3.7265626666666667 2.0000586666666664
vertex 50.528296 3.6887066666666666 2.0000586666666664
vertex 50.636455999999995 3.752701333333333 2.0000586666666664
endloop
endfacet
facet normal 0 0 1
outer loop
vertex 49.10148533333333 3.7265626666666667 2.0000586666666664
vertex 50.636455999999995 3.752701333333333 2.0000586666666664
vertex 48.11587733333333 3.752701333333333 2.0000586666666664
endloop
endfacet
facet normal 0 0 1
outer loop
vertex 4.498554666666666 3.7265626666666667 2.0000586666666664
vertex 2.963584 3.752701333333333 2.0000586666666664
vertex 3.071744 3.6887066666666666 2.0000586666666664
endloop
endfacet
facet normal 0 0 1
outer loop
vertex 4.498554666666666 3.7265626666666667 2.0000586666666664
vertex 3.071744 3.6887066666666666 2.0000586666666664
vertex 5.490021333333333 3.6887066666666666 2.0000586666666664
endloop
endfacet
facet normal 0 0 1
outer loop
vertex 4.498554666666666 3.7265626666666667 2.0000586666666664
vertex 5.490021333333333 3.6887066666666666 2.0000586666666664
vertex 5.484162666666666 3.750448 2.0000586666666664
endloop
endfacet
facet normal 0 0 1
outer loop
vertex 4.498554666666666 3.7265626666666667 2.0000586666666664
vertex 5.484162666666666 3.750448 2.0000586666666664
vertex 5.483712 3.752701333333333 2.0000586666666664
endloop
endfacet
facet normal 0 0 1
outer loop
vertex 4.498554666666666 3.7265626666666667 2.0000586666666664
vertex 5.483712 3.752701333333333 2.0000586666666664
vertex 2.963584 3.752701333333333 2.0000586666666664
endloop
endfacet
facet normal 0 0 1
outer loop
vertex 49.05416533333333 3.647696 2.0000586666666664
vertex 48.11001866666666 3.6887066666666666 2.0000586666666664
vertex 48.10416 3.6256133333333334 2.0000586666666664
endloop
endfacet
facet normal 0 0 1
outer loop
vertex 49.05416533333333 3.647696 2.0000586666666664
vertex 48.10416 3.6256133333333334 2.0000586666666664
vertex 48.103709333333335 3.617952 2.0000586666666664
endloop
endfacet
facet normal 0 0 1
outer loop
vertex 49.05416533333333 3.647696 2.0000586666666664
vertex 48.103709333333335 3.617952 2.0000586666666664
vertex 50.424642666666664 3.617952 2.0000586666666664
endloop
endfacet
facet normal 0 0 1
outer loop
vertex 49.05416533333333 3.647696 2.0000586666666664
vertex 50.424642666666664 3.617952 2.0000586666666664
vertex 50.528296 3.6887066666666666 2.0000586666666664
endloop
endfacet
facet normal 0 0 1
outer loop
vertex 49.05416533333333 3.647696 2.0000586666666664
vertex 50.528296 3.6887066666666666 2.0000586666666664
vertex 48.11001866666666 3.6887066666666666 2.0000586666666664
endloop
endfacet
facet normal 0 0 0.9999999999999999
outer loop
vertex 4.545874666666666 3.647696 2.0000586666666664
vertex 3.071744 3.6887066666666666 2.0000586666666664
vertex 3.175397333333333 3.617952 2.0000586666666664
endloop
endfacet
facet normal 0 0 1
outer loop
vertex 4.545874666666666 3.647696 2.0000586666666664
vertex 3.175397333333333 3.617952 2.0000586666666664
vertex 5.496330666666666 3.617952 2.0000586666666664
endloop
endfacet
facet normal 0 0 1
outer loop
vertex 4.545874666666666 3.647696 2.0000586666666664
vertex 5.496330666666666 3.617952 2.0000586666666664
vertex 5.49588 3.6256133333333334 2.0000586666666664
endloop
endfacet
facet normal 0 0 1
outer loop
vertex 4.545874666666666 3.647696 2.0000586666666664
vertex 5.49588 3.6256133333333334 2.0000586666666664
vertex 5.490021333333333 3.6887066666666666 2.0000586666666664
endloop
endfacet
facet normal 0 0 0.9999999999999999
outer loop
vertex 4.545874666666666 3.647696 2.0000586666666664
vertex 5.490021333333333 3.6887066666666666 2.0000586666666664
vertex 3.071744 3.6887066666666666 2.0000586666666664
endloop
endfacet
facet normal 0 0 1
outer loop
vertex 48.103709333333335 3.617952 2.0000586666666664
vertex 48.101456 3.540888 2.0000586666666664
vertex 50.32504533333333 3.540888 2.0000586666666664
endloop
endfacet
facet normal 0 0 1
outer loop
vertex 48.103709333333335 3.617952 2.0000586666666664
vertex 50.32504533333333 3.540888 2.0000586666666664
vertex 50.424642666666664 3.617952 2.0000586666666664
endloop
endfacet
facet normal 0 0 1
outer loop
vertex 3.175397333333333 3.617952 2.0000586666666664
vertex 3.2749946666666667 3.540888 2.0000586666666664
vertex 5.498584 3.540888 2.0000586666666664
endloop
endfacet
facet normal 0 0 1
outer loop
vertex 3.175397333333333 3.617952 2.0000586666666664
vertex 5.498584 3.540888 2.0000586666666664
vertex 5.496330666666666 3.617952 2.0000586666666664
endloop
endfacet
facet normal 0 0 0.9999999999999999
outer loop
vertex 48.101456 3.540888 2.0000586666666664
vertex 48.098752 3.457965333333333 2.0000586666666664
vertex 50.230855999999996 3.457965333333333 2.0000586666666664
endloop
endfacet
facet normal 0 0 0.9999999999999999
outer loop
vertex 48.101456 3.540888 2.0000586666666664
vertex 50.230855999999996 3.457965333333333 2.0000586666666664
vertex 50.32504533333333 3.540888 2.0000586666666664
endloop
endfacet
facet normal 0 0 0.9999999999999999
outer loop
vertex 3.2749946666666667 3.540888 2.0000586666666664
vertex 3.3691839999999997 3.457965333333333 2.0000586666666664
vertex 5.501288 3.457965333333333 2.0000586666666664
endloop
endfacet
facet normal 0 0 1
outer loop
vertex 3.2749946666666667 3.540888 2.0000586666666664
vertex 5.501288 3.457965333333333 2.0000586666666664
vertex 5.498584 3.540888 2.0000586666666664
endloop
endfacet
facet normal 0 0 1
outer loop
vertex 48.098752 3.457965333333333 2.0000586666666664
vertex 48.096047999999996 3.374592 2.0000586666666664
vertex 50.14748266666666 3.374592 2.0000586666666664
endloop
endfacet
facet normal 0 0 1
outer loop
vertex 48.098752 3.457965333333333 2.0000586666666664
vertex 50.14748266666666 3.374592 2.0000586666666664
vertex 50.230855999999996 3.457965333333333 2.0000586666666664
endloop
endfacet
facet normal 0 0 0.9999999999999999
outer loop
vertex 3.3691839999999997 3.457965333333333 2.0000586666666664
vertex 3.452557333333333 3.374592 2.0000586666666664
vertex 5.503992 3.374592 2.0000586666666664
endloop
endfacet
facet normal 0 0 0.9999999999999999
outer loop
vertex 3.3691839999999997 3.457965333333333 2.0000586666666664
vertex 5.503992 3.374592 2.0000586666666664
vertex 5.501288 3.457965333333333 2.0000586666666664
endloop
endfacet
facet normal 0 0 1
outer loop
vertex 48.096047999999996 3.374592 2.0000586666666664
vertex 48.09559733333333 3.3691839999999997 2.0000586666666664
vertex 50.142074666666666 3.3691839999999997 2.0000586666666664
endloop
endfacet
facet normal 0 0 1
outer loop
vertex 48.096047999999996 3.374592 2.0000586666666664
vertex 50.142074666666666 3.3691839999999997 2.0000586666666664
vertex 50.14748266666666 3.374592 2.0000586666666664
endloop
endfacet
facet normal 0 0 1
outer loop
vertex 3.452557333333333 3.374592 2.0000586666666664
vertex 3.457965333333333 3.3691839999999997 2.0000586666666664
vertex 5.504442666666667 3.3691839999999997 2.0000586666666664
endloop
endfacet
facet normal 0 0 1
outer loop
vertex 3.452557333333333 3.374592 2.0000586666666664
vertex 5.504442666666667 3.3691839999999997 2.0000586666666664
vertex 5.503992 3.374592 2.0000586666666664
endloop
endfacet
facet normal 0 0 1
outer loop
vertex 48.09559733333333 3.3691839999999997 2.0000586666666664
vertex 48.086584 3.2749946666666667 2.0000586666666664
vertex 50.059152 3.2749946666666667 2.0000586666666664
endloop
endfacet
facet normal 0 0 1
outer loop
vertex 48.09559733333333 3.3691839999999997 2.0000586666666664
vertex 50.059152 3.2749946666666667 2.0000586666666664
vertex 50.142074666666666 3.3691839999999997 2.0000586666666664
endloop
endfacet
facet normal 0 0 1
outer loop
vertex 3.457965333333333 3.3691839999999997 2.0000586666666664
vertex 3.540888 3.2749946666666667 2.0000586666666664
vertex 5.513456 3.2749946666666667 2.0000586666666664
endloop
endfacet
facet normal 0 0 1
outer loop
vertex 3.457965333333333 3.3691839999999997 2.0000586666666664
vertex 5.513456 3.2749946666666667 2.0000586666666664
vertex 5.504442666666667 3.3691839999999997 2.0000586666666664
endloop
endfacet
facet normal 0 0 1
outer loop
vertex 48.086584 3.2749946666666667 2.0000586666666664
vertex 48.084330666666666 3.2493066666666666 2.0000586666666664
vertex 50.03932266666666 3.2493066666666666 2.0000586666666664
endloop
endfacet
facet normal 0 0 1
outer loop
vertex 48.086584 3.2749946666666667 2.0000586666666664
vertex 50.03932266666666 3.2493066666666666 2.0000586666666664
vertex 50.059152 3.2749946666666667 2.0000586666666664
endloop
endfacet
facet normal 0 0 1
outer loop
vertex 3.540888 3.2749946666666667 2.0000586666666664
vertex 3.5607173333333333 3.2493066666666666 2.0000586666666664
vertex 5.515709333333334 3.2493066666666666 2.0000586666666664
endloop
endfacet
facet normal 0 0 1
outer loop
vertex 3.540888 3.2749946666666667 2.0000586666666664
vertex 5.515709333333334 3.2493066666666666 2.0000586666666664
vertex 5.513456 3.2749946666666667 2.0000586666666664
endloop
endfacet
facet normal 0 0 1
outer loop
vertex 48.084330666666666 3.2493066666666666 2.0000586666666664
vertex 48.07261333333333 3.175397333333333 2.0000586666666664
vertex 49.982088 3.175397333333333 2.0000586666666664
endloop
endfacet
facet normal 0 0 1
outer loop
vertex 48.084330666666666 3.2493066666666666 2.0000586666666664
vertex 49.982088 3.175397333333333 2.0000586666666664
vertex 50.03932266666666 3.2493066666666666 2.0000586666666664
endloop
endfacet
facet normal 0 0 1
outer loop
vertex 3.5607173333333333 3.2493066666666666 2.0000586666666664
vertex 3.617952 3.175397333333333 2.0000586666666664
vertex 5.527426666666667 3.175397333333333 2.0000586666666664
endloop
endfacet
facet normal 0 0 1
outer loop
vertex 3.5607173333333333 3.2493066666666666 2.0000586666666664
vertex 5.527426666666667 3.175397333333333 2.0000586666666664
vertex 5.515709333333334 3.2493066666666666 2.0000586666666664
endloop
endfacet
facet normal 0 0 0.9999999999999999
outer loop
vertex 48.07261333333333 3.175397333333333 2.0000586666666664
vertex 48.06450133333333 3.125373333333333 2.0000586666666664
vertex 49.94783733333333 3.125373333333333 2.0000586666666664
endloop
endfacet
facet normal 0 0 1
outer loop
vertex 48.07261333333333 3.175397333333333 2.0000586666666664
vertex 49.94783733333333 3.125373333333333 2.0000586666666664
vertex 49.982088 3.175397333333333 2.0000586666666664
endloop
endfacet
facet normal 0 0 0.9999999999999999
outer loop
vertex 3.617952 3.175397333333333 2.0000586666666664
vertex 3.6522026666666667 3.125373333333333 2.0000586666666664
vertex 5.535538666666667 3.125373333333333 2.0000586666666664
endloop
endfacet
facet normal 0 0 1
outer loop
vertex 3.617952 3.175397333333333 2.0000586666666664
vertex 5.535538666666667 3.125373333333333 2.0000586666666664
vertex 5.527426666666667 3.175397333333333 2.0000586666666664
endloop
endfacet
facet normal 0 0 1
outer loop
vertex 48.06450133333333 3.125373333333333 2.0000586666666664
vertex 48.052783999999996 3.071744 2.0000586666666664
vertex 49.91133333333333 3.071744 2.0000586666666664
endloop
endfacet
facet normal 0 0 1
outer loop
vertex 48.06450133333333 3.125373333333333 2.0000586666666664
vertex 49.91133333333333 3.071744 2.0000586666666664
vertex 49.94783733333333 3.125373333333333 2.0000586666666664
endloop
endfacet
facet normal 0 0 1
outer loop
vertex 3.6522026666666667 3.125373333333333 2.0000586666666664
vertex 3.6887066666666666 3.071744 2.0000586666666664
vertex 5.547256 3.071744 2.0000586666666664
endloop
endfacet
facet normal 0 0 1
outer loop
vertex 3.6522026666666667 3.125373333333333 2.0000586666666664
vertex 5.547256 3.071744 2.0000586666666664
vertex 5.535538666666667 3.125373333333333 2.0000586666666664
endloop
endfacet
facet normal 0 0 1
outer loop
vertex 48.052783999999996 3.071744 2.0000586666666664
vertex 48.03701066666667 3.002792 2.0000586666666664
vertex 49.87032266666667 3.002792 2.0000586666666664
endloop
endfacet
facet normal 0 0 1
outer loop
vertex 48.052783999999996 3.071744 2.0000586666666664
vertex 49.87032266666667 3.002792 2.0000586666666664
vertex 49.91133333333333 3.071744 2.0000586666666664
endloop
endfacet
facet normal 0 0 1
outer loop
vertex 3.6887066666666666 3.071744 2.0000586666666664
vertex 3.7292666666666667 3.002792 2.0000586666666664
vertex 5.563029333333333 3.002792 2.0000586666666664
endloop
endfacet
facet normal 0 0 1
outer loop
vertex 3.6887066666666666 3.071744 2.0000586666666664
vertex 5.563029333333333 3.002792 2.0000586666666664
vertex 5.547256 3.071744 2.0000586666666664
endloop
endfacet
facet normal 0 0 1
outer loop
vertex 48.03701066666667 3.002792 2.0000586666666664
vertex 48.025743999999996 2.963584 2.0000586666666664
vertex 49.847338666666666 2.963584 2.0000586666666664
endloop
endfacet
facet normal 0 0 1
outer loop
vertex 48.03701066666667 3.002792 2.0000586666666664
vertex 49.847338666666666 2.963584 2.0000586666666664
vertex 49.87032266666667 3.002792 2.0000586666666664
endloop
endfacet
facet normal 0 0 1
outer loop
vertex 3.7292666666666667 3.002792 2.0000586666666664
vertex 3.752701333333333 2.963584 2.0000586666666664
vertex 5.5742959999999995 2.963584 2.0000586666666664
endloop
endfacet
facet normal 0 0 1
outer loop
vertex 3.7292666666666667 3.002792 2.0000586666666664
vertex 5.5742959999999995 2.963584 2.0000586666666664
vertex 5.563029333333333 3.002792 2.0000586666666664
endloop
endfacet
facet normal 0 0 1
outer loop
vertex 48.025743999999996 2.963584 2.0000586666666664
vertex 48.00230933333333 2.882013333333333 2.0000586666666664
vertex 49.805877333333335 2.882013333333333 2.0000586666666664
endloop
endfacet
facet normal 0 0 1
outer loop
vertex 48.025743999999996 2.963584 2.0000586666666664
vertex 49.805877333333335 2.882013333333333 2.0000586666666664
vertex 49.847338666666666 2.963584 2.0000586666666664
endloop
endfacet
facet normal 0 0 1
outer loop
vertex 3.752701333333333 2.963584 2.0000586666666664
vertex 3.7941626666666664 2.882013333333333 2.0000586666666664
vertex 5.597730666666666 2.882013333333333 2.0000586666666664
endloop
endfacet
facet normal 0 0 1
outer loop
vertex 3.752701333333333 2.963584 2.0000586666666664
vertex 5.597730666666666 2.882013333333333 2.0000586666666664
vertex 5.5742959999999995 2.963584 2.0000586666666664
endloop
endfacet
facet normal 0 0 1
outer loop
vertex 48.00230933333333 2.882013333333333 2.0000586666666664
vertex 47.991042666666665 2.851368 2.0000586666666664
vertex 49.790554666666665 2.851368 2.0000586666666664
endloop
endfacet
facet normal 0 0 1
outer loop
vertex 48.00230933333333 2.882013333333333 2.0000586666666664
vertex 49.790554666666665 2.851368 2.0000586666666664
vertex 49.805877333333335 2.882013333333333 2.0000586666666664
endloop
endfacet
facet normal 0 0 1
outer loop
vertex 3.7941626666666664 2.882013333333333 2.0000586666666664
vertex 3.8094853333333334 2.851368 2.0000586666666664
vertex 5.608997333333333 2.851368 2.0000586666666664
endloop
endfacet
facet normal 0 0 0.9999999999999999
outer loop
vertex 3.7941626666666664 2.882013333333333 2.0000586666666664
vertex 5.608997333333333 2.851368 2.0000586666666664
vertex 5.597730666666666 2.882013333333333 2.0000586666666664
endloop
endfacet
facet normal 0 0 1
outer loop
vertex 47.991042666666665 2.851368 2.0000586666666664
vertex 47.959496 2.7639386666666668 2.0000586666666664
vertex 49.752248 2.7639386666666668 2.0000586666666664
endloop
endfacet
facet normal 0 0 1
outer loop
vertex 47.991042666666665 2.851368 2.0000586666666664
vertex 49.752248 2.7639386666666668 2.0000586666666664
vertex 49.790554666666665 2.851368 2.0000586666666664
endloop
endfacet
facet normal 0 0 1
outer loop
vertex 3.8094853333333334 2.851368 2.0000586666666664
vertex 3.8477919999999997 2.7639386666666668 2.0000586666666664
vertex 5.640544 2.7639386666666668 2.0000586666666664
endloop
endfacet
facet normal 0 0 1
outer loop
vertex 3.8094853333333334 2.851368 2.0000586666666664
vertex 5.640544 2.7639386666666668 2.0000586666666664
vertex 5.608997333333333 2.851368 2.0000586666666664
endloop
endfacet
facet normal 0 0 1
outer loop
vertex 47.959496 2.7639386666666668 2.0000586666666664
vertex 47.947778666666665 2.7364479999999998 2.0000586666666664
vertex 49.740530666666665 2.7364479999999998 2.0000586666666664
endloop
endfacet
facet normal 0 0 0.9999999999999999
outer loop
vertex 47.959496 2.7639386666666668 2.0000586666666664
vertex 49.740530666666665 2.7364479999999998 2.0000586666666664
vertex 49.752248 2.7639386666666668 2.0000586666666664
endloop
endfacet
facet normal 0 0 1
outer loop
vertex 3.8477919999999997 2.7639386666666668 2.0000586666666664
vertex 3.859509333333333 2.7364479999999998 2.0000586666666664
vertex 5.652261333333334 2.7364479999999998 2.0000586666666664
endloop
endfacet
facet normal 0 0 1
outer loop
vertex 3.8477919999999997 2.7639386666666668 2.0000586666666664
vertex 5.652261333333334 2.7364479999999998 2.0000586666666664
vertex 5.640544 2.7639386666666668 2.0000586666666664
endloop
endfacet
facet normal 0 0 1
outer loop
vertex 47.947778666666665 2.7364479999999998 2.0000586666666664
vertex 47.909472 2.648568 2.0000586666666664
vertex 49.708984 2.648568 2.0000586666666664
endloop
endfacet
facet normal 0 0 1
outer loop
vertex 47.947778666666665 2.7364479999999998 2.0000586666666664
vertex 49.708984 2.648568 2.0000586666666664
vertex 49.740530666666665 2.7364479999999998 2.0000586666666664
endloop
endfacet
facet normal 0 0 1
outer loop
vertex 3.859509333333333 2.7364479999999998 2.0000586666666664
vertex 3.891056 2.648568 2.0000586666666664
vertex 5.690568 2.648568 2.0000586666666664
endloop
endfacet
facet normal 0 0 1
outer loop
vertex 3.859509333333333 2.7364479999999998 2.0000586666666664
vertex 5.690568 2.648568 2.0000586666666664
vertex 5.652261333333334 2.7364479999999998 2.0000586666666664
endloop
endfacet
facet normal 0 0 1
outer loop
vertex 47.909472 2.648568 2.0000586666666664
vertex 47.89414933333333 2.6179226666666664 2.0000586666666664
vertex 49.69771733333333 2.6179226666666664 2.0000586666666664
endloop
endfacet
facet normal 0 0 1
outer loop
vertex 47.909472 2.648568 2.0000586666666664
vertex 49.69771733333333 2.6179226666666664 2.0000586666666664
vertex 49.708984 2.648568 2.0000586666666664
endloop
endfacet
facet normal 0 0 1
outer loop
vertex 3.891056 2.648568 2.0000586666666664
vertex 3.9023226666666666 2.6179226666666664 2.0000586666666664
vertex 5.705890666666667 2.6179226666666664 2.0000586666666664
endloop
endfacet
facet normal 0 0 1
outer loop
vertex 3.891056 2.648568 2.0000586666666664
vertex 5.705890666666667 2.6179226666666664 2.0000586666666664
vertex 5.690568 2.648568 2.0000586666666664
endloop
endfacet
facet normal 0 0 1
outer loop
vertex 47.89414933333333 2.6179226666666664 2.0000586666666664
vertex 47.852688 2.536352 2.0000586666666664
vertex 49.67428266666666 2.536352 2.0000586666666664
endloop
endfacet
facet normal 0 0 1
outer loop
vertex 47.89414933333333 2.6179226666666664 2.0000586666666664
vertex 49.67428266666666 2.536352 2.0000586666666664
vertex 49.69771733333333 2.6179226666666664 2.0000586666666664
endloop
endfacet
facet normal 0 0 1
outer loop
vertex 3.9023226666666666 2.6179226666666664 2.0000586666666664
vertex 3.9257573333333333 2.536352 2.0000586666666664
vertex 5.747352 2.536352 2.0000586666666664
endloop
endfacet
facet normal 0 0 1
outer loop
vertex 3.9023226666666666 2.6179226666666664 2.0000586666666664
vertex 5.747352 2.536352 2.0000586666666664
vertex 5.705890666666667 2.6179226666666664 2.0000586666666664
endloop
endfacet
facet normal 0 0 0.9999999999999999
outer loop
vertex 47.852688 2.536352 2.0000586666666664
vertex 47.829704 2.4975946666666666 2.0000586666666664
vertex 49.663016 2.4975946666666666 2.0000586666666664
endloop
endfacet
facet normal 0 0 1
outer loop
vertex 47.852688 2.536352 2.0000586666666664
vertex 49.663016 2.4975946666666666 2.0000586666666664
vertex 49.67428266666666 2.536352 2.0000586666666664
endloop
endfacet
facet normal 0 0 1
outer loop
vertex 3.9257573333333333 2.536352 2.0000586666666664
vertex 3.937024 2.4975946666666666 2.0000586666666664
vertex 5.7703359999999995 2.4975946666666666 2.0000586666666664
endloop
endfacet
facet normal 0 0 1
outer loop
vertex 3.9257573333333333 2.536352 2.0000586666666664
vertex 5.7703359999999995 2.4975946666666666 2.0000586666666664
vertex 5.747352 2.536352 2.0000586666666664
endloop
endfacet
facet normal 0 0 1
outer loop
vertex 47.829704 2.4975946666666666 2.0000586666666664
vertex 47.788693333333335 2.428192 2.0000586666666664
vertex 49.64724266666666 2.428192 2.0000586666666664
endloop
endfacet
facet normal 0 0 1
outer loop
vertex 47.829704 2.4975946666666666 2.0000586666666664
vertex 49.64724266666666 2.428192 2.0000586666666664
vertex 49.663016 2.4975946666666666 2.0000586666666664
endloop
endfacet
facet normal 0 0 1
outer loop
vertex 3.937024 2.4975946666666666 2.0000586666666664
vertex 3.9527973333333333 2.428192 2.0000586666666664
vertex 5.811346666666666 2.428192 2.0000586666666664
endloop
endfacet
facet normal 0 0 1
outer loop
vertex 3.937024 2.4975946666666666 2.0000586666666664
vertex 5.811346666666666 2.428192 2.0000586666666664
vertex 5.7703359999999995 2.4975946666666666 2.0000586666666664
endloop
endfacet
facet normal 0 0 1
outer loop
vertex 47.788693333333335 2.428192 2.0000586666666664
vertex 47.752189333333334 2.3745626666666664 2.0000586666666664
vertex 49.635525333333334 2.3745626666666664 2.0000586666666664
endloop
endfacet
facet normal 0 0 1
outer loop
vertex 47.788693333333335 2.428192 2.0000586666666664
vertex 49.635525333333334 2.3745626666666664 2.0000586666666664
vertex 49.64724266666666 2.428192 2.0000586666666664
endloop
endfacet
facet normal 0 0 1
outer loop
vertex 3.9527973333333333 2.428192 2.0000586666666664
vertex 3.9645146666666666 2.3745626666666664 2.0000586666666664
vertex 5.847850666666666 2.3745626666666664 2.0000586666666664
endloop
endfacet
facet normal 0 0 1
outer loop
vertex 3.9527973333333333 2.428192 2.0000586666666664
vertex 5.847850666666666 2.3745626666666664 2.0000586666666664
vertex 5.811346666666666 2.428192 2.0000586666666664
endloop
endfacet
facet normal 0 0 0.9999999999999999
outer loop
vertex 47.752189333333334 2.3745626666666664 2.0000586666666664
vertex 47.71793866666666 2.3245386666666668 2.0000586666666664
vertex 49.62741333333333 2.3245386666666668 2.0000586666666664
endloop
endfacet
facet normal 0 0 1
outer loop
vertex 47.752189333333334 2.3745626666666664 2.0000586666666664
vertex 49.62741333333333 2.3245386666666668 2.0000586666666664
vertex 49.635525333333334 2.3745626666666664 2.0000586666666664
endloop
endfacet
facet normal 0 0 0.9999999999999999
outer loop
vertex 3.9645146666666666 2.3745626666666664 2.0000586666666664
vertex 3.9726266666666668 2.3245386666666668 2.0000586666666664
vertex 5.882101333333333 2.3245386666666668 2.0000586666666664
endloop
endfacet
facet normal 0 0 1
outer loop
vertex 3.9645146666666666 2.3745626666666664 2.0000586666666664
vertex 5.882101333333333 2.3245386666666668 2.0000586666666664
vertex 5.847850666666666 2.3745626666666664 2.0000586666666664
endloop
endfacet
facet normal 0 0 0.9999999999999999
outer loop
vertex 47.71793866666666 2.3245386666666668 2.0000586666666664
vertex 47.660703999999996 2.2506293333333334 2.0000586666666664
vertex 49.615696 2.2506293333333334 2.0000586666666664
endloop
endfacet
facet normal 0 0 1
outer loop
vertex 47.71793866666666 2.3245386666666668 2.0000586666666664
vertex 49.615696 2.2506293333333334 2.0000586666666664
vertex 49.62741333333333 2.3245386666666668 2.0000586666666664
endloop
endfacet
facet normal 0 0 1
outer loop
vertex 3.9726266666666668 2.3245386666666668 2.0000586666666664
vertex 3.9843439999999997 2.2506293333333334 2.0000586666666664
vertex 5.939336 2.2506293333333334 2.0000586666666664
endloop
endfacet
facet normal 0 0 1
outer loop
vertex 3.9726266666666668 2.3245386666666668 2.0000586666666664
vertex 5.939336 2.2506293333333334 2.0000586666666664
vertex 5.882101333333333 2.3245386666666668 2.0000586666666664
endloop
endfacet
facet normal 0 0 1
outer loop
vertex 47.660703999999996 2.2506293333333334 2.0000586666666664
vertex 47.64087466666667 2.224941333333333 2.0000586666666664
vertex 49.613442666666664 2.224941333333333 2.0000586666666664
endloop
endfacet
facet normal 0 0 1
outer loop
vertex 47.660703999999996 2.2506293333333334 2.0000586666666664
vertex 49.613442666666664 2.224941333333333 2.0000586666666664
vertex 49.615696 2.2506293333333334 2.0000586666666664
endloop
endfacet
facet normal 0 0 1
outer loop
vertex 3.9843439999999997 2.2506293333333334 2.0000586666666664
vertex 3.986597333333333 2.224941333333333 2.0000586666666664
vertex 5.959165333333333 2.224941333333333 2.0000586666666664
endloop
endfacet
facet normal 0 0 1
outer loop
vertex 3.9843439999999997 2.2506293333333334 2.0000586666666664
vertex 5.959165333333333 2.224941333333333 2.0000586666666664
vertex 5.939336 2.2506293333333334 2.0000586666666664
endloop
endfacet
facet normal 0 0 1
outer loop
vertex 47.64087466666667 2.224941333333333 2.0000586666666664
vertex 47.557952 2.1307519999999998 2.0000586666666664
vertex 49.60442933333333 2.1307519999999998 2.0000586666666664
endloop
endfacet
facet normal 0 0 1
outer loop
vertex 47.64087466666667 2.224941333333333 2.0000586666666664
vertex 49.60442933333333 2.1307519999999998 2.0000586666666664
vertex 49.613442666666664 2.224941333333333 2.0000586666666664
endloop
endfacet
facet normal 0 0 1
outer loop
vertex 3.986597333333333 2.224941333333333 2.0000586666666664
vertex 3.9956106666666664 2.1307519999999998 2.0000586666666664
vertex 6.042088 2.1307519999999998 2.0000586666666664
endloop
endfacet
facet normal 0 0 1
outer loop
vertex 3.986597333333333 2.224941333333333 2.0000586666666664
vertex 6.042088 2.1307519999999998 2.0000586666666664
vertex 5.959165333333333 2.224941333333333 2.0000586666666664
endloop
endfacet
facet normal 0 0 1
outer loop
vertex 47.557952 2.1307519999999998 2.0000586666666664
vertex 47.552544 2.1257946666666667 2.0000586666666664
vertex 49.60397866666666 2.1257946666666667 2.0000586666666664
endloop
endfacet
facet normal 0 0 1
outer loop
vertex 47.557952 2.1307519999999998 2.0000586666666664
vertex 49.60397866666666 2.1257946666666667 2.0000586666666664
vertex 49.60442933333333 2.1307519999999998 2.0000586666666664
endloop
endfacet
facet normal 0 0 1
outer loop
vertex 3.9956106666666664 2.1307519999999998 2.0000586666666664
vertex 3.996061333333333 2.1257946666666667 2.0000586666666664
vertex 6.047496 2.1257946666666667 2.0000586666666664
endloop
endfacet
facet normal 0 0 1
outer loop
vertex 3.9956106666666664 2.1307519999999998 2.0000586666666664
vertex 6.047496 2.1257946666666667 2.0000586666666664
vertex 6.042088 2.1307519999999998 2.0000586666666664
endloop
endfacet
facet normal 0 0 1
outer loop
vertex 47.552544 2.1257946666666667 2.0000586666666664
vertex 47.46917066666666 2.041970666666667 2.0000586666666664
vertex 49.60127466666667 2.041970666666667 2.0000586666666664
endloop
endfacet
facet normal 0 0 0.9999999999999999
outer loop
vertex 47.552544 2.1257946666666667 2.0000586666666664
vertex 49.60127466666667 2.041970666666667 2.0000586666666664
vertex 49.60397866666666 2.1257946666666667 2.0000586666666664
endloop
endfacet
facet normal 0 0 0.9999999999999999
outer loop
vertex 3.996061333333333 2.1257946666666667 2.0000586666666664
vertex 3.998765333333333 2.041970666666667 2.0000586666666664
vertex 6.130869333333333 2.041970666666667 2.0000586666666664
endloop
endfacet
facet normal 0 0 1
outer loop
vertex 3.996061333333333 2.1257946666666667 2.0000586666666664
vertex 6.130869333333333 2.041970666666667 2.0000586666666664
vertex 6.047496 2.1257946666666667 2.0000586666666664
endloop
endfacet
facet normal 0 0 1
outer loop
vertex 47.46917066666666 2.041970666666667 2.0000586666666664
vertex 47.37498133333333 1.959048 2.0000586666666664
vertex 49.59857066666667 1.959048 2.0000586666666664
endloop
endfacet
facet normal 0 0 0.9999999999999999
outer loop
vertex 47.46917066666666 2.041970666666667 2.0000586666666664
vertex 49.59857066666667 1.959048 2.0000586666666664
vertex 49.60127466666667 2.041970666666667 2.0000586666666664
endloop
endfacet
facet normal 0 0 1
outer loop
vertex 3.998765333333333 2.041970666666667 2.0000586666666664
vertex 4.0014693333333335 1.959048 2.0000586666666664
vertex 6.2250586666666665 1.959048 2.0000586666666664
endloop
endfacet
facet normal 0 0 0.9999999999999999
outer loop
vertex 3.998765333333333 2.041970666666667 2.0000586666666664
vertex 6.2250586666666665 1.959048 2.0000586666666664
vertex 6.130869333333333 2.041970666666667 2.0000586666666664
endloop
endfacet
facet normal 0 0 0.9999999999999999
outer loop
vertex 47.37498133333333 1.959048 2.0000586666666664
vertex 47.275383999999995 1.8819839999999999 2.0000586666666664
vertex 49.59631733333333 1.8819839999999999 2.0000586666666664
endloop
endfacet
facet normal 0 0 1
outer loop
vertex 47.37498133333333 1.959048 2.0000586666666664
vertex 49.59631733333333 1.8819839999999999 2.0000586666666664
vertex 49.59857066666667 1.959048 2.0000586666666664
endloop
endfacet
facet normal 0 0 1
outer loop
vertex 4.0014693333333335 1.959048 2.0000586666666664
vertex 4.0037226666666665 1.8819839999999999 2.0000586666666664
vertex 6.3242053333333335 1.8819839999999999 2.0000586666666664
endloop
endfacet
facet normal 0 0 1
outer loop
vertex 4.0014693333333335 1.959048 2.0000586666666664
vertex 6.3242053333333335 1.8819839999999999 2.0000586666666664
vertex 6.2250586666666665 1.959048 2.0000586666666664
endloop
endfacet
facet normal 0 0 1
outer loop
vertex 48.64586133333333 1.8522399999999999 2.0000586666666664
vertex 47.275383999999995 1.8819839999999999 2.0000586666666664
vertex 47.17173066666667 1.8112293333333334 2.0000586666666664
endloop
endfacet
facet normal 0 0 1
outer loop
vertex 48.64586133333333 1.8522399999999999 2.0000586666666664
vertex 47.17173066666667 1.8112293333333334 2.0000586666666664
vertex 49.590008 1.8112293333333334 2.0000586666666664
endloop
endfacet
facet normal 0 0 1
outer loop
vertex 48.64586133333333 1.8522399999999999 2.0000586666666664
vertex 49.590008 1.8112293333333334 2.0000586666666664
vertex 49.595866666666666 1.8743226666666666 2.0000586666666664
endloop
endfacet
facet normal 0 0 1
outer loop
vertex 48.64586133333333 1.8522399999999999 2.0000586666666664
vertex 49.595866666666666 1.8743226666666666 2.0000586666666664
vertex 49.59631733333333 1.8819839999999999 2.0000586666666664
endloop
endfacet
facet normal 0 0 1
outer loop
vertex 48.64586133333333 1.8522399999999999 2.0000586666666664
vertex 49.59631733333333 1.8819839999999999 2.0000586666666664
vertex 47.275383999999995 1.8819839999999999 2.0000586666666664
endloop
endfacet
facet normal 0 0 1
outer loop
vertex 4.9541786666666665 1.8522399999999999 2.0000586666666664
vertex 4.0037226666666665 1.8819839999999999 2.0000586666666664
vertex 4.0037226666666665 1.8743226666666666 2.0000586666666664
endloop
endfacet
facet normal 0 0 0.9999999999999999
outer loop
vertex 4.9541786666666665 1.8522399999999999 2.0000586666666664
vertex 4.0037226666666665 1.8743226666666666 2.0000586666666664
vertex 4.010032 1.8112293333333334 2.0000586666666664
endloop
endfacet
facet normal 0 0 1
outer loop
vertex 4.9541786666666665 1.8522399999999999 2.0000586666666664
vertex 4.010032 1.8112293333333334 2.0000586666666664
vertex 6.428309333333333 1.8112293333333334 2.0000586666666664
endloop
endfacet
facet normal 0 0 0.9999999999999999
outer loop
vertex 4.9541786666666665 1.8522399999999999 2.0000586666666664
vertex 6.428309333333333 1.8112293333333334 2.0000586666666664
vertex 6.3242053333333335 1.8819839999999999 2.0000586666666664
endloop
endfacet
facet normal 0 0 0.9999999999999999
outer loop
vertex 4.9541786666666665 1.8522399999999999 2.0000586666666664
vertex 6.3242053333333335 1.8819839999999999 2.0000586666666664
vertex 4.0037226666666665 1.8819839999999999 2.0000586666666664
endloop
endfacet
facet normal 0 0 1
outer loop
vertex 48.59854133333333 1.7733733333333332 2.0000586666666664
vertex 47.17173066666667 1.8112293333333334 2.0000586666666664
vertex 47.063570666666664 1.7472346666666667 2.0000586666666664
endloop
endfacet
facet normal 0 0 1
outer loop
vertex 48.59854133333333 1.7733733333333332 2.0000586666666664
vertex 47.063570666666664 1.7472346666666667 2.0000586666666664
vertex 49.58369866666666 1.7472346666666667 2.0000586666666664
endloop
endfacet
facet normal 0 0 1
outer loop
vertex 48.59854133333333 1.7733733333333332 2.0000586666666664
vertex 49.58369866666666 1.7472346666666667 2.0000586666666664
vertex 49.58414933333333 1.749488 2.0000586666666664
endloop
endfacet
facet normal 0 0 1
outer loop
vertex 48.59854133333333 1.7733733333333332 2.0000586666666664
vertex 49.58414933333333 1.749488 2.0000586666666664
vertex 49.590008 1.8112293333333334 2.0000586666666664
endloop
endfacet
facet normal 0 0 1
outer loop
vertex 48.59854133333333 1.7733733333333332 2.0000586666666664
vertex 49.590008 1.8112293333333334 2.0000586666666664
vertex 47.17173066666667 1.8112293333333334 2.0000586666666664
endloop
endfacet
facet normal 0 0 1
outer loop
vertex 5.0014986666666665 1.7733733333333332 2.0000586666666664
vertex 4.010032 1.8112293333333334 2.0000586666666664
vertex 4.0158906666666665 1.749488 2.0000586666666664
endloop
endfacet
facet normal 0 0 1
outer loop
vertex 5.0014986666666665 1.7733733333333332 2.0000586666666664
vertex 4.0158906666666665 1.749488 2.0000586666666664
vertex 4.0158906666666665 1.7472346666666667 2.0000586666666664
endloop
endfacet
facet normal 0 0 1
outer loop
vertex 5.0014986666666665 1.7733733333333332 2.0000586666666664
vertex 4.0158906666666665 1.7472346666666667 2.0000586666666664
vertex 6.536469333333333 1.7472346666666667 2.0000586666666664
endloop
endfacet
facet normal 0 0 1
outer loop
vertex 5.0014986666666665 1.7733733333333332 2.0000586666666664
vertex 6.536469333333333 1.7472346666666667 2.0000586666666664
vertex 6.428309333333333 1.8112293333333334 2.0000586666666664
endloop
endfacet
facet normal 0 0 1
outer loop
vertex 5.0014986666666665 1.7733733333333332 2.0000586666666664
vertex 6.428309333333333 1.8112293333333334 2.0000586666666664
vertex 4.010032 1.8112293333333334 2.0000586666666664
endloop
endfacet
facet normal 0 0 1
outer loop
vertex 47.063570666666664 1.7472346666666667 2.0000586666666664
vertex 46.95135466666667 1.6904506666666665 2.0000586666666664
vertex 49.574685333333335 1.6904506666666665 2.0000586666666664
endloop
endfacet
facet normal 0 0 1
outer loop
vertex 47.063570666666664 1.7472346666666667 2.0000586666666664
vertex 49.574685333333335 1.6904506666666665 2.0000586666666664
vertex 49.58369866666666 1.7472346666666667 2.0000586666666664
endloop
endfacet
facet normal 0 0 1
outer loop
vertex 4.0158906666666665 1.7472346666666667 2.0000586666666664
vertex 4.024904 1.6904506666666665 2.0000586666666664
vertex 6.648234666666666 1.6904506666666665 2.0000586666666664
endloop
endfacet
facet normal 0 0 1
outer loop
vertex 4.0158906666666665 1.7472346666666667 2.0000586666666664
vertex 6.648234666666666 1.6904506666666665 2.0000586666666664
vertex 6.536469333333333 1.7472346666666667 2.0000586666666664
endloop
endfacet
facet normal 0 0 1
outer loop
vertex 46.95135466666667 1.6904506666666665 2.0000586666666664
vertex 46.83643466666666 1.6404266666666667 2.0000586666666664
vertex 49.567023999999996 1.6404266666666667 2.0000586666666664
endloop
endfacet
facet normal 0 0 1
outer loop
vertex 46.95135466666667 1.6904506666666665 2.0000586666666664
vertex 49.567023999999996 1.6404266666666667 2.0000586666666664
vertex 49.574685333333335 1.6904506666666665 2.0000586666666664
endloop
endfacet
facet normal 0 0 1
outer loop
vertex 4.024904 1.6904506666666665 2.0000586666666664
vertex 4.033016 1.6404266666666667 2.0000586666666664
vertex 6.7636053333333335 1.6404266666666667 2.0000586666666664
endloop
endfacet
facet normal 0 0 1
outer loop
vertex 4.024904 1.6904506666666665 2.0000586666666664
vertex 6.7636053333333335 1.6404266666666667 2.0000586666666664
vertex 6.648234666666666 1.6904506666666665 2.0000586666666664
endloop
endfacet
facet normal 0 0 1
outer loop
vertex 48.44892 1.6205973333333332 2.0000586666666664
vertex 46.83643466666666 1.6404266666666667 2.0000586666666664
vertex 46.71790933333333 1.598064 2.0000586666666664
endloop
endfacet
facet normal 0 0 1
outer loop
vertex 48.44892 1.6205973333333332 2.0000586666666664
vertex 46.71790933333333 1.598064 2.0000586666666664
vertex 49.558461333333334 1.598064 2.0000586666666664
endloop
endfacet
facet normal 0 0 1
outer loop
vertex 48.44892 1.6205973333333332 2.0000586666666664
vertex 49.558461333333334 1.598064 2.0000586666666664
vertex 49.56477066666667 1.6251039999999999 2.0000586666666664
endloop
endfacet
facet normal 0 0 1
outer loop
vertex 48.44892 1.6205973333333332 2.0000586666666664
vertex 49.56477066666667 1.6251039999999999 2.0000586666666664
vertex 49.567023999999996 1.6404266666666667 2.0000586666666664
endloop
endfacet
facet normal 0 0 0.9999999999999999
outer loop
vertex 48.44892 1.6205973333333332 2.0000586666666664
vertex 49.567023999999996 1.6404266666666667 2.0000586666666664
vertex 46.83643466666666 1.6404266666666667 2.0000586666666664
endloop
endfacet
facet normal 0 0 1
outer loop
vertex 5.15112 1.6205973333333332 2.0000586666666664
vertex 4.033016 1.6404266666666667 2.0000586666666664
vertex 4.035269333333333 1.6251039999999999 2.0000586666666664
endloop
endfacet
facet normal 0 0 1
outer loop
vertex 5.15112 1.6205973333333332 2.0000586666666664
vertex 4.035269333333333 1.6251039999999999 2.0000586666666664
vertex 4.041578666666666 1.598064 2.0000586666666664
endloop
endfacet
facet normal 0 0 1
outer loop
vertex 5.15112 1.6205973333333332 2.0000586666666664
vertex 4.041578666666666 1.598064 2.0000586666666664
vertex 6.882130666666667 1.598064 2.0000586666666664
endloop
endfacet
facet normal 0 0 1
outer loop
vertex 5.15112 1.6205973333333332 2.0000586666666664
vertex 6.882130666666667 1.598064 2.0000586666666664
vertex 6.7636053333333335 1.6404266666666667 2.0000586666666664
endloop
endfacet
facet normal 0 0 0.9999999999999999
outer loop
vertex 5.15112 1.6205973333333332 2.0000586666666664
vertex 6.7636053333333335 1.6404266666666667 2.0000586666666664
vertex 4.033016 1.6404266666666667 2.0000586666666664
endloop
endfacet
facet normal 0 0 1
outer loop
vertex 46.71790933333333 1.598064 2.0000586666666664
vertex 46.59758133333333 1.5629119999999999 2.0000586666666664
vertex 49.550799999999995 1.5629119999999999 2.0000586666666664
endloop
endfacet
facet normal 0 0 1
outer loop
vertex 46.71790933333333 1.598064 2.0000586666666664
vertex 49.550799999999995 1.5629119999999999 2.0000586666666664
vertex 49.558461333333334 1.598064 2.0000586666666664
endloop
endfacet
facet normal 0 0 1
outer loop
vertex 4.041578666666666 1.598064 2.0000586666666664
vertex 4.04924 1.5629119999999999 2.0000586666666664
vertex 7.002458666666667 1.5629119999999999 2.0000586666666664
endloop
endfacet
facet normal 0 0 1
outer loop
vertex 4.041578666666666 1.598064 2.0000586666666664
vertex 7.002458666666667 1.5629119999999999 2.0000586666666664
vertex 6.882130666666667 1.598064 2.0000586666666664
endloop
endfacet
facet normal 0 0 1
outer loop
vertex 46.59758133333333 1.5629119999999999 2.0000586666666664
vertex 46.47454933333333 1.5354213333333333 2.0000586666666664
vertex 49.54449066666667 1.5354213333333333 2.0000586666666664
endloop
endfacet
facet normal 0 0 1
outer loop
vertex 46.59758133333333 1.5629119999999999 2.0000586666666664
vertex 49.54449066666667 1.5354213333333333 2.0000586666666664
vertex 49.550799999999995 1.5629119999999999 2.0000586666666664
endloop
endfacet
facet normal 0 0 1
outer loop
vertex 4.04924 1.5629119999999999 2.0000586666666664
vertex 4.0555493333333335 1.5354213333333333 2.0000586666666664
vertex 7.125039999999999 1.5354213333333333 2.0000586666666664
endloop
endfacet
facet normal 0 0 1
outer loop
vertex 4.04924 1.5629119999999999 2.0000586666666664
vertex 7.125039999999999 1.5354213333333333 2.0000586666666664
vertex 7.002458666666667 1.5629119999999999 2.0000586666666664
endloop
endfacet
facet normal 0 0 1
outer loop
vertex 46.47454933333333 1.5354213333333333 2.0000586666666664
vertex 46.350615999999995 1.515592 2.0000586666666664
vertex 49.539984 1.515592 2.0000586666666664
endloop
endfacet
facet normal 0 0 1
outer loop
vertex 46.47454933333333 1.5354213333333333 2.0000586666666664
vertex 49.539984 1.515592 2.0000586666666664
vertex 49.54449066666667 1.5354213333333333 2.0000586666666664
endloop
endfacet
facet normal 0 0 1
outer loop
vertex 4.0555493333333335 1.5354213333333333 2.0000586666666664
vertex 4.060055999999999 1.515592 2.0000586666666664
vertex 7.249423999999999 1.515592 2.0000586666666664
endloop
endfacet
facet normal 0 0 1
outer loop
vertex 4.0555493333333335 1.5354213333333333 2.0000586666666664
vertex 7.249423999999999 1.515592 2.0000586666666664
vertex 7.125039999999999 1.5354213333333333 2.0000586666666664
endloop
endfacet
facet normal 0 0 1
outer loop
vertex 46.350615999999995 1.515592 2.0000586666666664
vertex 46.22578133333333 1.5038746666666667 2.0000586666666664
vertex 49.537279999999996 1.5038746666666667 2.0000586666666664
endloop
endfacet
facet normal 0 0 1
outer loop
vertex 46.350615999999995 1.515592 2.0000586666666664
vertex 49.537279999999996 1.5038746666666667 2.0000586666666664
vertex 49.539984 1.515592 2.0000586666666664
endloop
endfacet
facet normal 0 0 1
outer loop
vertex 4.060055999999999 1.515592 2.0000586666666664
vertex 4.06276 1.5038746666666667 2.0000586666666664
vertex 7.374258666666666 1.5038746666666667 2.0000586666666664
endloop
endfacet
facet normal 0 0 1
outer loop
vertex 4.060055999999999 1.515592 2.0000586666666664
vertex 7.374258666666666 1.5038746666666667 2.0000586666666664
vertex 7.249423999999999 1.515592 2.0000586666666664
endloop
endfacet
facet normal 0 0 1
outer loop
vertex 48.187533333333334 1.5020719999999999 2.0000586666666664
vertex 46.22578133333333 1.5038746666666667 2.0000586666666664
vertex 46.100045333333334 1.4998186666666666 2.0000586666666664
endloop
endfacet
facet normal 0 0 1
outer loop
vertex 48.187533333333334 1.5020719999999999 2.0000586666666664
vertex 46.100045333333334 1.4998186666666666 2.0000586666666664
vertex 49.536378666666664 1.4998186666666666 2.0000586666666664
endloop
endfacet
facet normal 0 0 1
outer loop
vertex 48.187533333333334 1.5020719999999999 2.0000586666666664
vertex 49.536378666666664 1.4998186666666666 2.0000586666666664
vertex 49.537279999999996 1.5025226666666667 2.0000586666666664
endloop
endfacet
facet normal 0 0 1
outer loop
vertex 48.187533333333334 1.5020719999999999 2.0000586666666664
vertex 49.537279999999996 1.5025226666666667 2.0000586666666664
vertex 49.537279999999996 1.5038746666666667 2.0000586666666664
endloop
endfacet
facet normal 0 0 1
outer loop
vertex 48.187533333333334 1.5020719999999999 2.0000586666666664
vertex 49.537279999999996 1.5038746666666667 2.0000586666666664
vertex 46.22578133333333 1.5038746666666667 2.0000586666666664
endloop
endfacet
facet normal 0 0 1
outer loop
vertex 5.412506666666666 1.5020719999999999 2.0000586666666664
vertex 4.06276 1.5038746666666667 2.0000586666666664
vertex 4.06276 1.5025226666666667 2.0000586666666664
endloop
endfacet
facet normal 0 0 1
outer loop
vertex 5.412506666666666 1.5020719999999999 2.0000586666666664
vertex 4.06276 1.5025226666666667 2.0000586666666664
vertex 4.063661333333333 1.4998186666666666 2.0000586666666664
endloop
endfacet
facet normal 0 0 1
outer loop
vertex 5.412506666666666 1.5020719999999999 2.0000586666666664
vertex 4.063661333333333 1.4998186666666666 2.0000586666666664
vertex 7.499994666666667 1.4998186666666666 2.0000586666666664
endloop
endfacet
facet normal 0 0 1
outer loop
vertex 5.412506666666666 1.5020719999999999 2.0000586666666664
vertex 7.499994666666667 1.4998186666666666 2.0000586666666664
vertex 7.374258666666666 1.5038746666666667 2.0000586666666664
endloop
endfacet
facet normal 0 0 1
outer loop
vertex 5.412506666666666 1.5020719999999999 2.0000586666666664
vertex 7.374258666666666 1.5038746666666667 2.0000586666666664
vertex 4.06276 1.5038746666666667 2.0000586666666664
endloop
endfacet
facet normal 0 0 1
outer loop
vertex 26.800245333333333 0.5836133333333333 2.0000586666666664
vertex 46.100045333333334 1.4998186666666666 2.0000586666666664
vertex 7.499994666666667 1.4998186666666666 2.0000586666666664
endloop
endfacet
facet normal 0 0 1
outer loop
vertex 26.800245333333333 0.5836133333333333 2.0000586666666664
vertex 7.499994666666667 1.4998186666666666 2.0000586666666664
vertex 4.063661333333333 1.4998186666666666 2.0000586666666664
endloop
endfacet
facet normal 0 0 1
outer loop
vertex 26.800245333333333 0.5836133333333333 2.0000586666666664
vertex 4.063661333333333 1.4998186666666666 2.0000586666666664
vertex 4.097912 1.3817439999999999 2.0000586666666664
endloop
endfacet
facet normal 0 0 1
outer loop
vertex 26.800245333333333 0.5836133333333333 2.0000586666666664
vertex 4.097912 1.3817439999999999 2.0000586666666664
vertex 4.1402746666666665 1.2636693333333333 2.0000586666666664
endloop
endfacet
facet normal 0 0 1
outer loop
vertex 26.800245333333333 0.5836133333333333 2.0000586666666664
vertex 4.1402746666666665 1.2636693333333333 2.0000586666666664
vertex 4.190298666666666 1.1482986666666666 2.0000586666666664
endloop
endfacet
facet normal 0 0 1
outer loop
vertex 26.800245333333333 0.5836133333333333 2.0000586666666664
vertex 4.190298666666666 1.1482986666666666 2.0000586666666664
vertex 4.247533333333333 1.0365333333333333 2.0000586666666664
endloop
endfacet
facet normal 0 0 0.9999999999999999
outer loop
vertex 26.800245333333333 0.5836133333333333 2.0000586666666664
vertex 4.247533333333333 1.0365333333333333 2.0000586666666664
vertex 4.311528 0.9283733333333333 2.0000586666666664
endloop
endfacet
facet normal 0 0 1
outer loop
vertex 26.800245333333333 0.5836133333333333 2.0000586666666664
vertex 4.311528 0.9283733333333333 2.0000586666666664
vertex 4.381832 0.8242693333333333 2.0000586666666664
endloop
endfacet
facet normal 0 0 1
outer loop
vertex 26.800245333333333 0.5836133333333333 2.0000586666666664
vertex 4.381832 0.8242693333333333 2.0000586666666664
vertex 4.458896 0.7251226666666667 2.0000586666666664
endloop
endfacet
facet normal 0 0 1
outer loop
vertex 26.800245333333333 0.5836133333333333 2.0000586666666664
vertex 4.458896 0.7251226666666667 2.0000586666666664
vertex 4.5422693333333335 0.6309333333333333 2.0000586666666664
endloop
endfacet
facet normal 0 0 1
outer loop
vertex 26.800245333333333 0.5836133333333333 2.0000586666666664
vertex 4.5422693333333335 0.6309333333333333 2.0000586666666664
vertex 4.631050666666667 0.542152 2.0000586666666664
endloop
endfacet
facet normal 0 0 1
outer loop
vertex 26.800245333333333 0.5836133333333333 2.0000586666666664
vertex 4.631050666666667 0.542152 2.0000586666666664
vertex 4.725239999999999 0.45877866666666667 2.0000586666666664
endloop
endfacet
facet normal 0 0 1
outer loop
vertex 26.800245333333333 0.5836133333333333 2.0000586666666664
vertex 4.725239999999999 0.45877866666666667 2.0000586666666664
vertex 4.824386666666666 0.3821653333333333 2.0000586666666664
endloop
endfacet
facet normal 0 0 0.9999999999999999
outer loop
vertex 26.800245333333333 0.5836133333333333 2.0000586666666664
vertex 4.824386666666666 0.3821653333333333 2.0000586666666664
vertex 4.928490666666667 0.31141066666666667 2.0000586666666664
endloop
endfacet
facet normal 0 0 1
outer loop
vertex 26.800245333333333 0.5836133333333333 2.0000586666666664
vertex 4.928490666666667 0.31141066666666667 2.0000586666666664
vertex 5.036650666666667 0.247416 2.0000586666666664
endloop
endfacet
facet normal 0 0 1
outer loop
vertex 26.800245333333333 0.5836133333333333 2.0000586666666664
vertex 5.036650666666667 0.247416 2.0000586666666664
vertex 5.148416 0.19018133333333334 2.0000586666666664
endloop
endfacet
facet normal 0 0 1
outer loop
vertex 26.800245333333333 0.5836133333333333 2.0000586666666664
vertex 5.148416 0.19018133333333334 2.0000586666666664
vertex 5.263786666666666 0.14060799999999998 2.0000586666666664
endloop
endfacet
facet normal 0 0 0.9999999999999999
outer loop
vertex 26.800245333333333 0.5836133333333333 2.0000586666666664
vertex 5.263786666666666 0.14060799999999998 2.0000586666666664
vertex 5.381861333333333 0.09779466666666667 2.0000586666666664
endloop
endfacet
facet normal 0 0 1
outer loop
vertex 26.800245333333333 0.5836133333333333 2.0000586666666664
vertex 5.381861333333333 0.09779466666666667 2.0000586666666664
vertex 5.5026399999999995 0.06264266666666667 2.0000586666666664
endloop
endfacet
facet normal 0 0 1
outer loop
vertex 26.800245333333333 0.5836133333333333 2.0000586666666664
vertex 5.5026399999999995 0.06264266666666667 2.0000586666666664
vertex 5.625221333333333 0.035602666666666664 2.0000586666666664
endloop
endfacet
facet normal 0 0 1
outer loop
vertex 26.800245333333333 0.5836133333333333 2.0000586666666664
vertex 5.625221333333333 0.035602666666666664 2.0000586666666664
vertex 5.749154666666667 0.015773333333333334 2.0000586666666664
endloop
endfacet
facet normal 0 0 1
outer loop
vertex 26.800245333333333 0.5836133333333333 2.0000586666666664
vertex 5.749154666666667 0.015773333333333334 2.0000586666666664
vertex 5.87444 0.004056 2.0000586666666664
endloop
endfacet
facet normal 0 0 1
outer loop
vertex 26.800245333333333 0.5836133333333333 2.0000586666666664
vertex 5.87444 0.004056 2.0000586666666664
vertex 6.000176 0 2.0000586666666664
endloop
endfacet
facet normal 0 0 0.9999999999999999
outer loop
vertex 26.800245333333333 0.5836133333333333 2.0000586666666664
vertex 6.000176 0 2.0000586666666664
vertex 47.599864 0 2.0000586666666664
endloop
endfacet
facet normal 0 0 1
outer loop
vertex 26.800245333333333 0.5836133333333333 2.0000586666666664
vertex 47.599864 0 2.0000586666666664
vertex 47.7256 0.004056 2.0000586666666664
endloop
endfacet
facet normal 0 0 1
outer loop
vertex 26.800245333333333 0.5836133333333333 2.0000586666666664
vertex 47.7256 0.004056 2.0000586666666664
vertex 47.85088533333333 0.015773333333333334 2.0000586666666664
endloop
endfacet
facet normal 0 0 1
outer loop
vertex 26.800245333333333 0.5836133333333333 2.0000586666666664
vertex 47.85088533333333 0.015773333333333334 2.0000586666666664
vertex 47.974818666666664 0.035602666666666664 2.0000586666666664
endloop
endfacet
facet normal 0 0 1
outer loop
vertex 26.800245333333333 0.5836133333333333 2.0000586666666664
vertex 47.974818666666664 0.035602666666666664 2.0000586666666664
vertex 48.0974 0.06264266666666667 2.0000586666666664
endloop
endfacet
facet normal 0 0 1
outer loop
vertex 26.800245333333333 0.5836133333333333 2.0000586666666664
vertex 48.0974 0.06264266666666667 2.0000586666666664
vertex 48.21817866666667 0.09779466666666667 2.0000586666666664
endloop
endfacet
facet normal 0 0 1
outer loop
vertex 26.800245333333333 0.5836133333333333 2.0000586666666664
vertex 48.21817866666667 0.09779466666666667 2.0000586666666664
vertex 48.33625333333333 0.14060799999999998 2.0000586666666664
endloop
endfacet
facet normal 0 0 1
outer loop
vertex 26.800245333333333 0.5836133333333333 2.0000586666666664
vertex 48.33625333333333 0.14060799999999998 2.0000586666666664
vertex 48.451623999999995 0.19018133333333334 2.0000586666666664
endloop
endfacet
facet normal 0 0 1
outer loop
vertex 26.800245333333333 0.5836133333333333 2.0000586666666664
vertex 48.451623999999995 0.19018133333333334 2.0000586666666664
vertex 48.56338933333333 0.247416 2.0000586666666664
endloop
endfacet
facet normal 0 0 1
outer loop
vertex 26.800245333333333 0.5836133333333333 2.0000586666666664
vertex 48.56338933333333 0.247416 2.0000586666666664
vertex 48.67154933333333 0.31141066666666667 2.0000586666666664
endloop
endfacet
facet normal 0 0 1
outer loop
vertex 26.800245333333333 0.5836133333333333 2.0000586666666664
vertex 48.67154933333333 0.31141066666666667 2.0000586666666664
vertex 48.77565333333333 0.3821653333333333 2.0000586666666664
endloop
endfacet
facet normal 0 0 0.9999999999999999
outer loop
vertex 26.800245333333333 0.5836133333333333 2.0000586666666664
vertex 48.77565333333333 0.3821653333333333 2.0000586666666664
vertex 48.8748 0.45877866666666667 2.0000586666666664
endloop
endfacet
facet normal 0 0 1
outer loop
vertex 26.800245333333333 0.5836133333333333 2.0000586666666664
vertex 48.8748 0.45877866666666667 2.0000586666666664
vertex 48.96898933333333 0.542152 2.0000586666666664
endloop
endfacet
facet normal 0 0 1
outer loop
vertex 26.800245333333333 0.5836133333333333 2.0000586666666664
vertex 48.96898933333333 0.542152 2.0000586666666664
vertex 49.05777066666666 0.6309333333333333 2.0000586666666664
endloop
endfacet
facet normal 0 0 1
outer loop
vertex 26.800245333333333 0.5836133333333333 2.0000586666666664
vertex 49.05777066666666 0.6309333333333333 2.0000586666666664
vertex 49.141144 0.7251226666666667 2.0000586666666664
endloop
endfacet
facet normal 0 0 1
outer loop
vertex 26.800245333333333 0.5836133333333333 2.0000586666666664
vertex 49.141144 0.7251226666666667 2.0000586666666664
vertex 49.218208 0.8242693333333333 2.0000586666666664
endloop
endfacet
facet normal 0 0 1
outer loop
vertex 26.800245333333333 0.5836133333333333 2.0000586666666664
vertex 49.218208 0.8242693333333333 2.0000586666666664
vertex 49.288512 0.9283733333333333 2.0000586666666664
endloop
endfacet
facet normal 0 0 1
outer loop
vertex 26.800245333333333 0.5836133333333333 2.0000586666666664
vertex 49.288512 0.9283733333333333 2.0000586666666664
vertex 49.35250666666666 1.0365333333333333 2.0000586666666664
endloop
endfacet
facet normal 0 0 1
outer loop
vertex 26.800245333333333 0.5836133333333333 2.0000586666666664
vertex 49.35250666666666 1.0365333333333333 2.0000586666666664
vertex 49.40974133333333 1.1482986666666666 2.0000586666666664
endloop
endfacet
facet normal 0 0 1
outer loop
vertex 26.800245333333333 0.5836133333333333 2.0000586666666664
vertex 49.40974133333333 1.1482986666666666 2.0000586666666664
vertex 49.45976533333333 1.2636693333333333 2.0000586666666664
endloop
endfacet
facet normal 0 0 1
outer loop
vertex 26.800245333333333 0.5836133333333333 2.0000586666666664
vertex 49.45976533333333 1.2636693333333333 2.0000586666666664
vertex 49.502128 1.3817439999999999 2.0000586666666664
endloop
endfacet
facet normal 0 0 1
outer loop
vertex 26.800245333333333 0.5836133333333333 2.0000586666666664
vertex 49.502128 1.3817439999999999 2.0000586666666664
vertex 49.536378666666664 1.4998186666666666 2.0000586666666664
endloop
endfacet
facet normal 0 0 1
outer loop
vertex 26.800245333333333 0.5836133333333333 2.0000586666666664
vertex 49.536378666666664 1.4998186666666666 2.0000586666666664
vertex 46.100045333333334 1.4998186666666666 2.0000586666666664
endloop
endfacet
facet normal 0 0 -1
outer loop
vertex 26.799794666666667 79.016288 0
vertex 47.599864 79.59990133333334 0
vertex 47.7256 79.59584533333333 0
endloop
endfacet
facet normal 0 0 -0.9999999999999999
outer loop
vertex 26.799794666666667 79.016288 0
vertex 47.7256 79.59584533333333 0
vertex 47.85088533333333 79.58412799999999 0
endloop
endfacet
facet normal 0 0 -1
outer loop
vertex 26.799794666666667 79.016288 0
vertex 47.85088533333333 79.58412799999999 0
vertex 47.974818666666664 79.56474933333332 0
endloop
endfacet
facet normal 0 0 -1
outer loop
vertex 26.799794666666667 79.016288 0
vertex 47.974818666666664 79.56474933333332 0
vertex 48.0974 79.53725866666666 0
endloop
endfacet
facet normal 0 0 -1
outer loop
vertex 26.799794666666667 79.016288 0
vertex 48.0974 79.53725866666666 0
vertex 48.21817866666667 79.50210666666666 0
endloop
endfacet
facet normal 0 0 -1
outer loop
vertex 26.799794666666667 79.016288 0
vertex 48.21817866666667 79.50210666666666 0
vertex 48.33625333333333 79.459744 0
endloop
endfacet
facet normal 0 0 -1
outer loop
vertex 26.799794666666667 79.016288 0
vertex 48.33625333333333 79.459744 0
vertex 48.451623999999995 79.40972 0
endloop
endfacet
facet normal 0 0 -1
outer loop
vertex 26.799794666666667 79.016288 0
vertex 48.451623999999995 79.40972 0
vertex 48.56338933333333 79.35248533333333 0
endloop
endfacet
facet normal 0 0 -0.9999999999999999
outer loop
vertex 26.799794666666667 79.016288 0
vertex 48.56338933333333 79.35248533333333 0
vertex 48.67154933333333 79.28849066666666 0
endloop
endfacet
facet normal 0 0 -1
outer loop
vertex 26.799794666666667 79.016288 0
vertex 48.67154933333333 79.28849066666666 0
vertex 48.77565333333333 79.21818666666667 0
endloop
endfacet
facet normal 0 0 -0.9999999999999999
outer loop
vertex 26.799794666666667 79.016288 0
vertex 48.77565333333333 79.21818666666667 0
vertex 48.8748 79.14112266666666 0
endloop
endfacet
facet normal 0 0 -1
outer loop
vertex 26.799794666666667 79.016288 0
vertex 48.8748 79.14112266666666 0
vertex 48.96898933333333 79.05774933333333 0
endloop
endfacet
facet normal 0 0 -1
outer loop
vertex 26.799794666666667 79.016288 0
vertex 48.96898933333333 79.05774933333333 0
vertex 49.05777066666666 78.968968 0
endloop
endfacet
facet normal 0 0 -1
outer loop
vertex 26.799794666666667 79.016288 0
vertex 49.05777066666666 78.968968 0
vertex 49.141144 78.87477866666667 0
endloop
endfacet
facet normal 0 0 -1
outer loop
vertex 26.799794666666667 79.016288 0
vertex 49.141144 78.87477866666667 0
vertex 49.218208 78.775632 0
endloop
endfacet
facet normal 0 0 -1
outer loop
vertex 26.799794666666667 79.016288 0
vertex 49.218208 78.775632 0
vertex 49.288512 78.671528 0
endloop
endfacet
facet normal 0 0 -1
outer loop
vertex 26.799794666666667 79.016288 0
vertex 49.288512 78.671528 0
vertex 49.35250666666666 78.563368 0
endloop
endfacet
facet normal 0 0 -0.9999999999999999
outer loop
vertex 26.799794666666667 79.016288 0
vertex 49.35250666666666 78.563368 0
vertex 49.40974133333333 78.45160266666666 0
endloop
endfacet
facet normal 0 0 -0.9999999999999999
outer loop
vertex 26.799794666666667 79.016288 0
vertex 49.40974133333333 78.45160266666666 0
vertex 49.45976533333333 78.336232 0
endloop
endfacet
facet normal 0 0 -1
outer loop
vertex 26.799794666666667 79.016288 0
vertex 49.45976533333333 78.336232 0
vertex 49.502128 78.21815733333334 0
endloop
endfacet
facet normal 0 0 -1
outer loop
vertex 26.799794666666667 79.016288 0
vertex 49.502128 78.21815733333334 0
vertex 49.536378666666664 78.10008266666667 0
endloop
endfacet
facet normal 0 0 -0.9999999999999999
outer loop
vertex 26.799794666666667 79.016288 0
vertex 49.536378666666664 78.10008266666667 0
vertex 46.100045333333334 78.10008266666667 0
endloop
endfacet
facet normal 0 0 -1
outer loop
vertex 26.799794666666667 79.016288 0
vertex 46.100045333333334 78.10008266666667 0
vertex 7.499994666666667 78.10008266666667 0
endloop
endfacet
facet normal 0 0 -1
outer loop
vertex 26.799794666666667 79.016288 0
vertex 7.499994666666667 78.10008266666667 0
vertex 4.063661333333333 78.10008266666667 0
endloop
endfacet
facet normal 0 0 -1
outer loop
vertex 26.799794666666667 79.016288 0
vertex 4.063661333333333 78.10008266666667 0
vertex 4.097912 78.21815733333334 0
endloop
endfacet
facet normal 0 0 -1
outer loop
vertex 26.799794666666667 79.016288 0
vertex 4.097912 78.21815733333334 0
vertex 4.1402746666666665 78.336232 0
endloop
endfacet
facet normal 0 0 -1
outer loop
vertex 26.799794666666667 79.016288 0
vertex 4.1402746666666665 78.336232 0
vertex 4.190298666666666 78.45160266666666 0
endloop
endfacet
facet normal 0 0 -0.9999999999999999
outer loop
vertex 26.799794666666667 79.016288 0
vertex 4.190298666666666 78.45160266666666 0
vertex 4.247533333333333 78.563368 0
endloop
endfacet
facet normal 0 0 -1
outer loop
vertex 26.799794666666667 79.016288 0
vertex 4.247533333333333 78.563368 0
vertex 4.311528 78.671528 0
endloop
endfacet
facet normal 0 0 -1
outer loop
vertex 26.799794666666667 79.016288 0
vertex 4.311528 78.671528 0
vertex 4.381832 78.775632 0
endloop
endfacet
facet normal 0 0 -1
outer loop
vertex 26.799794666666667 79.016288 0
vertex 4.381832 78.775632 0
vertex 4.458896 78.87477866666667 0
endloop
endfacet
facet normal 0 0 -1
outer loop
vertex 26.799794666666667 79.016288 0
vertex 4.458896 78.87477866666667 0
vertex 4.5422693333333335 78.968968 0
endloop
endfacet
facet normal 0 0 -1
outer loop
vertex 26.799794666666667 79.016288 0
vertex 4.5422693333333335 78.968968 0
vertex 4.631050666666667 79.05774933333333 0
endloop
endfacet
facet normal 0 0 -1
outer loop
vertex 26.799794666666667 79.016288 0
vertex 4.631050666666667 79.05774933333333 0
vertex 4.725239999999999 79.14112266666666 0
endloop
endfacet
facet normal 0 0 -0.9999999999999999
outer loop
vertex 26.799794666666667 79.016288 0
vertex 4.725239999999999 79.14112266666666 0
vertex 4.824386666666666 79.21818666666667 0
endloop
endfacet
facet normal 0 0 -1
outer loop
vertex 26.799794666666667 79.016288 0
vertex 4.824386666666666 79.21818666666667 0
vertex 4.928490666666667 79.28849066666666 0
endloop
endfacet
facet normal 0 0 -1
outer loop
vertex 26.799794666666667 79.016288 0
vertex 4.928490666666667 79.28849066666666 0
vertex 5.036650666666667 79.35248533333333 0
endloop
endfacet
facet normal 0 0 -1
outer loop
vertex 26.799794666666667 79.016288 0
vertex 5.036650666666667 79.35248533333333 0
vertex 5.148416 79.40972 0
endloop
endfacet
facet normal 0 0 -1
outer loop
vertex 26.799794666666667 79.016288 0
vertex 5.148416 79.40972 0
vertex 5.263786666666666 79.459744 0
endloop
endfacet
facet normal 0 0 -1
outer loop
vertex 26.799794666666667 79.016288 0
vertex 5.263786666666666 79.459744 0
vertex 5.381861333333333 79.50210666666666 0
endloop
endfacet
facet normal 0 0 -1
outer loop
vertex 26.799794666666667 79.016288 0
vertex 5.381861333333333 79.50210666666666 0
vertex 5.5026399999999995 79.53725866666666 0
endloop
endfacet
facet normal 0 0 -1
outer loop
vertex 26.799794666666667 79.016288 0
vertex 5.5026399999999995 79.53725866666666 0
vertex 5.625221333333333 79.56474933333332 0
endloop
endfacet
facet normal 0 0 -1
outer loop
vertex 26.799794666666667 79.016288 0
vertex 5.625221333333333 79.56474933333332 0
vertex 5.749154666666667 79.58412799999999 0
endloop
endfacet
facet normal 0 0 -0.9999999999999999
outer loop
vertex 26.799794666666667 79.016288 0
vertex 5.749154666666667 79.58412799999999 0
vertex 5.87444 79.59584533333333 0
endloop
endfacet
facet normal 0 0 -1
outer loop
vertex 26.799794666666667 79.016288 0
vertex 5.87444 79.59584533333333 0
vertex 6.000176 79.59990133333334 0
endloop
endfacet
facet normal 0 0 -1
outer loop
vertex 26.799794666666667 79.016288 0
vertex 6.000176 79.59990133333334 0
vertex 47.599864 79.59990133333334 0
endloop
endfacet
facet normal 0 0 -1
outer loop
vertex 5.412506666666666 78.09782933333334 0
vertex 7.499994666666667 78.10008266666667 0
vertex 7.374258666666666 78.09602666666666 0
endloop
endfacet
facet normal 0 0 -0.9999999999999999
outer loop
vertex 5.412506666666666 78.09782933333334 0
vertex 7.374258666666666 78.09602666666666 0
vertex 4.06276 78.09602666666666 0
endloop
endfacet
facet normal 0 0 -1
outer loop
vertex 5.412506666666666 78.09782933333334 0
vertex 4.06276 78.09602666666666 0
vertex 4.06276 78.09737866666667 0
endloop
endfacet
facet normal 0 0 -1
outer loop
vertex 5.412506666666666 78.09782933333334 0
vertex 4.06276 78.09737866666667 0
vertex 4.063661333333333 78.10008266666667 0
endloop
endfacet
facet normal 0 0 -1
outer loop
vertex 5.412506666666666 78.09782933333334 0
vertex 4.063661333333333 78.10008266666667 0
vertex 7.499994666666667 78.10008266666667 0
endloop
endfacet
facet normal 0 0 -1
outer loop
vertex 48.187533333333334 78.09782933333334 0
vertex 49.536378666666664 78.10008266666667 0
vertex 49.537279999999996 78.09737866666667 0
endloop
endfacet
facet normal 0 0 -1
outer loop
vertex 48.187533333333334 78.09782933333334 0
vertex 49.537279999999996 78.09737866666667 0
vertex 49.537279999999996 78.09602666666666 0
endloop
endfacet
facet normal 0 0 -1
outer loop
vertex 48.187533333333334 78.09782933333334 0
vertex 49.537279999999996 78.09602666666666 0
vertex 46.22578133333333 78.09602666666666 0
endloop
endfacet
facet normal 0 0 -1
outer loop
vertex 48.187533333333334 78.09782933333334 0
vertex 46.22578133333333 78.09602666666666 0
vertex 46.100045333333334 78.10008266666667 0
endloop
endfacet
facet normal 0 0 -1
outer loop
vertex 48.187533333333334 78.09782933333334 0
vertex 46.100045333333334 78.10008266666667 0
vertex 49.536378666666664 78.10008266666667 0
endloop
endfacet
facet normal 0 0 -1
outer loop
vertex 7.374258666666666 78.09602666666666 0
vertex 7.249423999999999 78.08430933333334 0
vertex 4.060055999999999 78.08430933333334 0
endloop
endfacet
facet normal 0 0 -1
outer loop
vertex 7.374258666666666 78.09602666666666 0
vertex 4.060055999999999 78.08430933333334 0
vertex 4.06276 78.09602666666666 0
endloop
endfacet
facet normal 0 0 -1
outer loop
vertex 49.537279999999996 78.09602666666666 0
vertex 49.539984 78.08430933333334 0
vertex 46.350615999999995 78.08430933333334 0
endloop
endfacet
facet normal 0 0 -0.9999999999999999
outer loop
vertex 49.537279999999996 78.09602666666666 0
vertex 46.350615999999995 78.08430933333334 0
vertex 46.22578133333333 78.09602666666666 0
endloop
endfacet
facet normal 0 0 -1
outer loop
vertex 7.249423999999999 78.08430933333334 0
vertex 7.125039999999999 78.06448 0
vertex 4.0555493333333335 78.06448 0
endloop
endfacet
facet normal 0 0 -1
outer loop
vertex 7.249423999999999 78.08430933333334 0
vertex 4.0555493333333335 78.06448 0
vertex 4.060055999999999 78.08430933333334 0
endloop
endfacet
facet normal 0 0 -0.9999999999999999
outer loop
vertex 49.539984 78.08430933333334 0
vertex 49.54449066666667 78.06448 0
vertex 46.47454933333333 78.06448 0
endloop
endfacet
facet normal 0 0 -1
outer loop
vertex 49.539984 78.08430933333334 0
vertex 46.47454933333333 78.06448 0
vertex 46.350615999999995 78.08430933333334 0
endloop
endfacet
facet normal 0 0 -1
outer loop
vertex 7.125039999999999 78.06448 0
vertex 7.002458666666667 78.03698933333334 0
vertex 4.04924 78.03698933333334 0
endloop
endfacet
facet normal 0 0 -1
outer loop
vertex 7.125039999999999 78.06448 0
vertex 4.04924 78.03698933333334 0
vertex 4.0555493333333335 78.06448 0
endloop
endfacet
facet normal 0 0 -0.9999999999999999
outer loop
vertex 49.54449066666667 78.06448 0
vertex 49.550799999999995 78.03698933333334 0
vertex 46.59758133333333 78.03698933333334 0
endloop
endfacet
facet normal 0 0 -1
outer loop
vertex 49.54449066666667 78.06448 0
vertex 46.59758133333333 78.03698933333334 0
vertex 46.47454933333333 78.06448 0
endloop
endfacet
facet normal 0 0 -0.9999999999999999
outer loop
vertex 7.002458666666667 78.03698933333334 0
vertex 6.882130666666667 78.002288 0
vertex 4.041578666666666 78.002288 0
endloop
endfacet
facet normal 0 0 -0.9999999999999999
outer loop
vertex 7.002458666666667 78.03698933333334 0
vertex 4.041578666666666 78.002288 0
vertex 4.04924 78.03698933333334 0
endloop
endfacet
facet normal 0 0 -0.9999999999999999
outer loop
vertex 49.550799999999995 78.03698933333334 0
vertex 49.558461333333334 78.002288 0
vertex 46.71790933333333 78.002288 0
endloop
endfacet
facet normal 0 0 -0.9999999999999999
outer loop
vertex 49.550799999999995 78.03698933333334 0
vertex 46.71790933333333 78.002288 0
vertex 46.59758133333333 78.03698933333334 0
endloop
endfacet
facet normal 0 0 -1
outer loop
vertex 5.15112 77.97975466666666 0
vertex 6.882130666666667 78.002288 0
vertex 6.7636053333333335 77.95947466666667 0
endloop
endfacet
facet normal 0 0 -1
outer loop
vertex 5.15112 77.97975466666666 0
vertex 6.7636053333333335 77.95947466666667 0
vertex 4.033016 77.95947466666667 0
endloop
endfacet
facet normal 0 0 -1
outer loop
vertex 5.15112 77.97975466666666 0
vertex 4.033016 77.95947466666667 0
vertex 4.035269333333333 77.97479733333333 0
endloop
endfacet
facet normal 0 0 -1
outer loop
vertex 5.15112 77.97975466666666 0
vertex 4.035269333333333 77.97479733333333 0
vertex 4.041578666666666 78.002288 0
endloop
endfacet
facet normal 0 0 -1
outer loop
vertex 5.15112 77.97975466666666 0
vertex 4.041578666666666 78.002288 0
vertex 6.882130666666667 78.002288 0
endloop
endfacet
facet normal 0 0 -1
outer loop
vertex 48.44892 77.97975466666666 0
vertex 49.558461333333334 78.002288 0
vertex 49.56477066666667 77.97479733333333 0
endloop
endfacet
facet normal 0 0 -1
outer loop
vertex 48.44892 77.97975466666666 0
vertex 49.56477066666667 77.97479733333333 0
vertex 49.567023999999996 77.95947466666667 0
endloop
endfacet
facet normal 0 0 -0.9999999999999999
outer loop
vertex 48.44892 77.97975466666666 0
vertex 49.567023999999996 77.95947466666667 0
vertex 46.83643466666666 77.95947466666667 0
endloop
endfacet
facet normal 0 0 -1
outer loop
vertex 48.44892 77.97975466666666 0
vertex 46.83643466666666 77.95947466666667 0
vertex 46.71790933333333 78.002288 0
endloop
endfacet
facet normal 0 0 -1
outer loop
vertex 48.44892 77.97975466666666 0
vertex 46.71790933333333 78.002288 0
vertex 49.558461333333334 78.002288 0
endloop
endfacet
facet normal 0 0 -1
outer loop
vertex 6.7636053333333335 77.95947466666667 0
vertex 6.648234666666666 77.90945066666666 0
vertex 4.024904 77.90945066666666 0
endloop
endfacet
facet normal 0 0 -1
outer loop
vertex 6.7636053333333335 77.95947466666667 0
vertex 4.024904 77.90945066666666 0
vertex 4.033016 77.95947466666667 0
endloop
endfacet
facet normal 0 0 -1
outer loop
vertex 49.567023999999996 77.95947466666667 0
vertex 49.574685333333335 77.90945066666666 0
vertex 46.95135466666667 77.90945066666666 0
endloop
endfacet
facet normal 0 0 -1
outer loop
vertex 49.567023999999996 77.95947466666667 0
vertex 46.95135466666667 77.90945066666666 0
vertex 46.83643466666666 77.95947466666667 0
endloop
endfacet
facet normal 0 0 -1
outer loop
vertex 6.648234666666666 77.90945066666666 0
vertex 6.536469333333333 77.85266666666666 0
vertex 4.0158906666666665 77.85266666666666 0
endloop
endfacet
facet normal 0 0 -1
outer loop
vertex 6.648234666666666 77.90945066666666 0
vertex 4.0158906666666665 77.85266666666666 0
vertex 4.024904 77.90945066666666 0
endloop
endfacet
facet normal 0 0 -1
outer loop
vertex 49.574685333333335 77.90945066666666 0
vertex 49.58369866666666 77.85266666666666 0
vertex 47.063570666666664 77.85266666666666 0
endloop
endfacet
facet normal 0 0 -0.9999999999999999
outer loop
vertex 49.574685333333335 77.90945066666666 0
vertex 47.063570666666664 77.85266666666666 0
vertex 46.95135466666667 77.90945066666666 0
endloop
endfacet
facet normal 0 0 -1
outer loop
vertex 5.0014986666666665 77.826528 0
vertex 6.536469333333333 77.85266666666666 0
vertex 6.428309333333333 77.78867199999999 0
endloop
endfacet
facet normal 0 0 -1
outer loop
vertex 5.0014986666666665 77.826528 0
vertex 6.428309333333333 77.78867199999999 0
vertex 4.010032 77.78867199999999 0
endloop
endfacet
facet normal 0 0 -1
outer loop
vertex 5.0014986666666665 77.826528 0
vertex 4.010032 77.78867199999999 0
vertex 4.0158906666666665 77.850864 0
endloop
endfacet
facet normal 0 0 -1
outer loop
vertex 5.0014986666666665 77.826528 0
vertex 4.0158906666666665 77.850864 0
vertex 4.0158906666666665 77.85266666666666 0
endloop
endfacet
facet normal 0 0 -1
outer loop
vertex 5.0014986666666665 77.826528 0
vertex 4.0158906666666665 77.85266666666666 0
vertex 6.536469333333333 77.85266666666666 0
endloop
endfacet
facet normal 0 0 -1
outer loop
vertex 48.59854133333333 77.826528 0
vertex 49.58369866666666 77.85266666666666 0
vertex 49.58414933333333 77.850864 0
endloop
endfacet
facet normal 0 0 -1
outer loop
vertex 48.59854133333333 77.826528 0
vertex 49.58414933333333 77.850864 0
vertex 49.590008 77.78867199999999 0
endloop
endfacet
facet normal 0 0 -1
outer loop
vertex 48.59854133333333 77.826528 0
vertex 49.590008 77.78867199999999 0
vertex 47.17173066666667 77.78867199999999 0
endloop
endfacet
facet normal 0 0 -1
outer loop
vertex 48.59854133333333 77.826528 0
vertex 47.17173066666667 77.78867199999999 0
vertex 47.063570666666664 77.85266666666666 0
endloop
endfacet
facet normal 0 0 -1
outer loop
vertex 48.59854133333333 77.826528 0
vertex 47.063570666666664 77.85266666666666 0
vertex 49.58369866666666 77.85266666666666 0
endloop
endfacet
facet normal 0 0 -1
outer loop
vertex 4.9541786666666665 77.74766133333333 0
vertex 6.428309333333333 77.78867199999999 0
vertex 6.3242053333333335 77.71791733333333 0
endloop
endfacet
facet normal 0 0 -1
outer loop
vertex 4.9541786666666665 77.74766133333333 0
vertex 6.3242053333333335 77.71791733333333 0
vertex 4.0037226666666665 77.71791733333333 0
endloop
endfacet
facet normal 0 0 -0.9999999999999999
outer loop
vertex 4.9541786666666665 77.74766133333333 0
vertex 4.0037226666666665 77.71791733333333 0
vertex 4.0037226666666665 77.72557866666666 0
endloop
endfacet
facet normal 0 0 -0.9999999999999999
outer loop
vertex 4.9541786666666665 77.74766133333333 0
vertex 4.0037226666666665 77.72557866666666 0
vertex 4.010032 77.78867199999999 0
endloop
endfacet
facet normal 0 0 -1
outer loop
vertex 4.9541786666666665 77.74766133333333 0
vertex 4.010032 77.78867199999999 0
vertex 6.428309333333333 77.78867199999999 0
endloop
endfacet
facet normal 0 0 -1
outer loop
vertex 48.64586133333333 77.74766133333333 0
vertex 49.590008 77.78867199999999 0
vertex 49.595866666666666 77.72557866666666 0
endloop
endfacet
facet normal 0 0 -0.9999999999999999
outer loop
vertex 48.64586133333333 77.74766133333333 0
vertex 49.595866666666666 77.72557866666666 0
vertex 49.59631733333333 77.71791733333333 0
endloop
endfacet
facet normal 0 0 -1
outer loop
vertex 48.64586133333333 77.74766133333333 0
vertex 49.59631733333333 77.71791733333333 0
vertex 47.275383999999995 77.71791733333333 0
endloop
endfacet
facet normal 0 0 -1
outer loop
vertex 48.64586133333333 77.74766133333333 0
vertex 47.275383999999995 77.71791733333333 0
vertex 47.17173066666667 77.78867199999999 0
endloop
endfacet
facet normal 0 0 -1
outer loop
vertex 48.64586133333333 77.74766133333333 0
vertex 47.17173066666667 77.78867199999999 0
vertex 49.590008 77.78867199999999 0
endloop
endfacet
facet normal 0 0 -1
outer loop
vertex 6.3242053333333335 77.71791733333333 0
vertex 6.2250586666666665 77.64085333333333 0
vertex 4.0014693333333335 77.64085333333333 0
endloop
endfacet
facet normal 0 0 -1
outer loop
vertex 6.3242053333333335 77.71791733333333 0
vertex 4.0014693333333335 77.64085333333333 0
vertex 4.0037226666666665 77.71791733333333 0
endloop
endfacet
facet normal 0 0 -1
outer loop
vertex 49.59631733333333 77.71791733333333 0
vertex 49.59857066666667 77.64085333333333 0
vertex 47.37498133333333 77.64085333333333 0
endloop
endfacet
facet normal 0 0 -1
outer loop
vertex 49.59631733333333 77.71791733333333 0
vertex 47.37498133333333 77.64085333333333 0
vertex 47.275383999999995 77.71791733333333 0
endloop
endfacet
facet normal 0 0 -1
outer loop
vertex 6.2250586666666665 77.64085333333333 0
vertex 6.130869333333333 77.55793066666666 0
vertex 3.998765333333333 77.55793066666666 0
endloop
endfacet
facet normal 0 0 -1
outer loop
vertex 6.2250586666666665 77.64085333333333 0
vertex 3.998765333333333 77.55793066666666 0
vertex 4.0014693333333335 77.64085333333333 0
endloop
endfacet
facet normal 0 0 -1
outer loop
vertex 49.59857066666667 77.64085333333333 0
vertex 49.60127466666667 77.55793066666666 0
vertex 47.46917066666666 77.55793066666666 0
endloop
endfacet
facet normal 0 0 -1
outer loop
vertex 49.59857066666667 77.64085333333333 0
vertex 47.46917066666666 77.55793066666666 0
vertex 47.37498133333333 77.64085333333333 0
endloop
endfacet
facet normal 0 0 -1
outer loop
vertex 6.130869333333333 77.55793066666666 0
vertex 6.047496 77.47455733333334 0
vertex 3.996061333333333 77.47455733333334 0
endloop
endfacet
facet normal 0 0 -1
outer loop
vertex 6.130869333333333 77.55793066666666 0
vertex 3.996061333333333 77.47455733333334 0
vertex 3.998765333333333 77.55793066666666 0
endloop
endfacet
facet normal 0 0 -1
outer loop
vertex 49.60127466666667 77.55793066666666 0
vertex 49.60397866666666 77.47455733333334 0
vertex 47.552544 77.47455733333334 0
endloop
endfacet
facet normal 0 0 -1
outer loop
vertex 49.60127466666667 77.55793066666666 0
vertex 47.552544 77.47455733333334 0
vertex 47.46917066666666 77.55793066666666 0
endloop
endfacet
facet normal 0 0 -1
outer loop
vertex 6.047496 77.47455733333334 0
vertex 6.042088 77.46914933333333 0
vertex 3.9956106666666664 77.46914933333333 0
endloop
endfacet
facet normal 0 0 -1
outer loop
vertex 6.047496 77.47455733333334 0
vertex 3.9956106666666664 77.46914933333333 0
vertex 3.996061333333333 77.47455733333334 0
endloop
endfacet
facet normal 0 0 -1
outer loop
vertex 49.60397866666666 77.47455733333334 0
vertex 49.60442933333333 77.46914933333333 0
vertex 47.557952 77.46914933333333 0
endloop
endfacet
facet normal 0 0 -1
outer loop
vertex 49.60397866666666 77.47455733333334 0
vertex 47.557952 77.46914933333333 0
vertex 47.552544 77.47455733333334 0
endloop
endfacet
facet normal 0 0 -1
outer loop
vertex 6.042088 77.46914933333333 0
vertex 5.959165333333333 77.37496 0
vertex 3.986597333333333 77.37496 0
endloop
endfacet
facet normal 0 0 -1
outer loop
vertex 6.042088 77.46914933333333 0
vertex 3.986597333333333 77.37496 0
vertex 3.9956106666666664 77.46914933333333 0
endloop
endfacet
facet normal 0 0 -1
outer loop
vertex 49.60442933333333 77.46914933333333 0
vertex 49.613442666666664 77.37496 0
vertex 47.64087466666667 77.37496 0
endloop
endfacet
facet normal 0 0 -1
outer loop
vertex 49.60442933333333 77.46914933333333 0
vertex 47.64087466666667 77.37496 0
vertex 47.557952 77.46914933333333 0
endloop
endfacet
facet normal 0 0 -1
outer loop
vertex 5.959165333333333 77.37496 0
vertex 5.939336 77.349272 0
vertex 3.9843439999999997 77.349272 0
endloop
endfacet
facet normal 0 0 -1
outer loop
vertex 5.959165333333333 77.37496 0
vertex 3.9843439999999997 77.349272 0
vertex 3.986597333333333 77.37496 0
endloop
endfacet
facet normal 0 0 -0.9999999999999999
outer loop
vertex 49.613442666666664 77.37496 0
vertex 49.615696 77.349272 0
vertex 47.660703999999996 77.349272 0
endloop
endfacet
facet normal 0 0 -1
outer loop
vertex 49.613442666666664 77.37496 0
vertex 47.660703999999996 77.349272 0
vertex 47.64087466666667 77.37496 0
endloop
endfacet
facet normal 0 0 -1
outer loop
vertex 5.939336 77.349272 0
vertex 5.882101333333333 77.27536266666667 0
vertex 3.9726266666666668 77.27536266666667 0
endloop
endfacet
facet normal 0 0 -1
outer loop
vertex 5.939336 77.349272 0
vertex 3.9726266666666668 77.27536266666667 0
vertex 3.9843439999999997 77.349272 0
endloop
endfacet
facet normal 0 0 -1
outer loop
vertex 49.615696 77.349272 0
vertex 49.62741333333333 77.27536266666667 0
vertex 47.71793866666666 77.27536266666667 0
endloop
endfacet
facet normal 0 0 -1
outer loop
vertex 49.615696 77.349272 0
vertex 47.71793866666666 77.27536266666667 0
vertex 47.660703999999996 77.349272 0
endloop
endfacet
facet normal 0 0 -1
outer loop
vertex 5.882101333333333 77.27536266666667 0
vertex 5.847850666666666 77.22533866666666 0
vertex 3.9645146666666666 77.22533866666666 0
endloop
endfacet
facet normal 0 0 -1
outer loop
vertex 5.882101333333333 77.27536266666667 0
vertex 3.9645146666666666 77.22533866666666 0
vertex 3.9726266666666668 77.27536266666667 0
endloop
endfacet
facet normal 0 0 -1
outer loop
vertex 49.62741333333333 77.27536266666667 0
vertex 49.635525333333334 77.22533866666666 0
vertex 47.752189333333334 77.22533866666666 0
endloop
endfacet
facet normal 0 0 -1
outer loop
vertex 49.62741333333333 77.27536266666667 0
vertex 47.752189333333334 77.22533866666666 0
vertex 47.71793866666666 77.27536266666667 0
endloop
endfacet
facet normal 0 0 -1
outer loop
vertex 5.847850666666666 77.22533866666666 0
vertex 5.811346666666666 77.17170933333333 0
vertex 3.9527973333333333 77.17170933333333 0
endloop
endfacet
facet normal 0 0 -1
outer loop
vertex 5.847850666666666 77.22533866666666 0
vertex 3.9527973333333333 77.17170933333333 0
vertex 3.9645146666666666 77.22533866666666 0
endloop
endfacet
facet normal 0 0 -1
outer loop
vertex 49.635525333333334 77.22533866666666 0
vertex 49.64724266666666 77.17170933333333 0
vertex 47.788693333333335 77.17170933333333 0
endloop
endfacet
facet normal 0 0 -1
outer loop
vertex 49.635525333333334 77.22533866666666 0
vertex 47.788693333333335 77.17170933333333 0
vertex 47.752189333333334 77.22533866666666 0
endloop
endfacet
facet normal 0 0 -1
outer loop
vertex 5.811346666666666 77.17170933333333 0
vertex 5.7703359999999995 77.10275733333333 0
vertex 3.937024 77.10275733333333 0
endloop
endfacet
facet normal 0 0 -1
outer loop
vertex 5.811346666666666 77.17170933333333 0
vertex 3.937024 77.10275733333333 0
vertex 3.9527973333333333 77.17170933333333 0
endloop
endfacet
facet normal 0 0 -1
outer loop
vertex 49.64724266666666 77.17170933333333 0
vertex 49.663016 77.10275733333333 0
vertex 47.829704 77.10275733333333 0
endloop
endfacet
facet normal 0 0 -1
outer loop
vertex 49.64724266666666 77.17170933333333 0
vertex 47.829704 77.10275733333333 0
vertex 47.788693333333335 77.17170933333333 0
endloop
endfacet
facet normal 0 0 -1
outer loop
vertex 5.7703359999999995 77.10275733333333 0
vertex 5.747352 77.06354933333333 0
vertex 3.9257573333333333 77.06354933333333 0
endloop
endfacet
facet normal 0 0 -1
outer loop
vertex 5.7703359999999995 77.10275733333333 0
vertex 3.9257573333333333 77.06354933333333 0
vertex 3.937024 77.10275733333333 0
endloop
endfacet
facet normal 0 0 -1
outer loop
vertex 49.663016 77.10275733333333 0
vertex 49.67428266666666 77.06354933333333 0
vertex 47.852688 77.06354933333333 0
endloop
endfacet
facet normal 0 0 -1
outer loop
vertex 49.663016 77.10275733333333 0
vertex 47.852688 77.06354933333333 0
vertex 47.829704 77.10275733333333 0
endloop
endfacet
facet normal 0 0 -1
outer loop
vertex 5.747352 77.06354933333333 0
vertex 5.705890666666667 76.98197866666666 0
vertex 3.9023226666666666 76.98197866666666 0
endloop
endfacet
facet normal 0 0 -1
outer loop
vertex 5.747352 77.06354933333333 0
vertex 3.9023226666666666 76.98197866666666 0
vertex 3.9257573333333333 77.06354933333333 0
endloop
endfacet
facet normal 0 0 -1
outer loop
vertex 49.67428266666666 77.06354933333333 0
vertex 49.69771733333333 76.98197866666666 0
vertex 47.89414933333333 76.98197866666666 0
endloop
endfacet
facet normal 0 0 -1
outer loop
vertex 49.67428266666666 77.06354933333333 0
vertex 47.89414933333333 76.98197866666666 0
vertex 47.852688 77.06354933333333 0
endloop
endfacet
facet normal 0 0 -1
outer loop
vertex 5.705890666666667 76.98197866666666 0
vertex 5.690568 76.95133333333334 0
vertex 3.891056 76.95133333333334 0
endloop
endfacet
facet normal 0 0 -1
outer loop
vertex 5.705890666666667 76.98197866666666 0
vertex 3.891056 76.95133333333334 0
vertex 3.9023226666666666 76.98197866666666 0
endloop
endfacet
facet normal 0 0 -1
outer loop
vertex 49.69771733333333 76.98197866666666 0
vertex 49.708984 76.95133333333334 0
vertex 47.909472 76.95133333333334 0
endloop
endfacet
facet normal 0 0 -1
outer loop
vertex 49.69771733333333 76.98197866666666 0
vertex 47.909472 76.95133333333334 0
vertex 47.89414933333333 76.98197866666666 0
endloop
endfacet
facet normal 0 0 -1
outer loop
vertex 5.690568 76.95133333333334 0
vertex 5.652261333333334 76.86390399999999 0
vertex 3.859509333333333 76.86390399999999 0
endloop
endfacet
facet normal 0 0 -1
outer loop
vertex 5.690568 76.95133333333334 0
vertex 3.859509333333333 76.86390399999999 0
vertex 3.891056 76.95133333333334 0
endloop
endfacet
facet normal 0 0 -1
outer loop
vertex 49.708984 76.95133333333334 0
vertex 49.740530666666665 76.86390399999999 0
vertex 47.947778666666665 76.86390399999999 0
endloop
endfacet
facet normal 0 0 -1
outer loop
vertex 49.708984 76.95133333333334 0
vertex 47.947778666666665 76.86390399999999 0
vertex 47.909472 76.95133333333334 0
endloop
endfacet
facet normal 0 0 -1
outer loop
vertex 5.652261333333334 76.86390399999999 0
vertex 5.640544 76.83641333333333 0
vertex 3.8477919999999997 76.83641333333333 0
endloop
endfacet
facet normal 0 0 -1
outer loop
vertex 5.652261333333334 76.86390399999999 0
vertex 3.8477919999999997 76.83641333333333 0
vertex 3.859509333333333 76.86390399999999 0
endloop
endfacet
facet normal 0 0 -1
outer loop
vertex 49.740530666666665 76.86390399999999 0
vertex 49.752248 76.83641333333333 0
vertex 47.959496 76.83641333333333 0
endloop
endfacet
facet normal 0 0 -0.9999999999999999
outer loop
vertex 49.740530666666665 76.86390399999999 0
vertex 47.959496 76.83641333333333 0
vertex 47.947778666666665 76.86390399999999 0
endloop
endfacet
facet normal 0 0 -0.9999999999999999
outer loop
vertex 5.640544 76.83641333333333 0
vertex 5.608997333333333 76.74853333333333 0
vertex 3.8094853333333334 76.74853333333333 0
endloop
endfacet
facet normal 0 0 -1
outer loop
vertex 5.640544 76.83641333333333 0
vertex 3.8094853333333334 76.74853333333333 0
vertex 3.8477919999999997 76.83641333333333 0
endloop
endfacet
facet normal 0 0 -1
outer loop
vertex 49.752248 76.83641333333333 0
vertex 49.790554666666665 76.74853333333333 0
vertex 47.991042666666665 76.74853333333333 0
endloop
endfacet
facet normal 0 0 -0.9999999999999999
outer loop
vertex 49.752248 76.83641333333333 0
vertex 47.991042666666665 76.74853333333333 0
vertex 47.959496 76.83641333333333 0
endloop
endfacet
facet normal 0 0 -0.9999999999999999
outer loop
vertex 5.608997333333333 76.74853333333333 0
vertex 5.597730666666666 76.717888 0
vertex 3.7941626666666664 76.717888 0
endloop
endfacet
facet normal 0 0 -0.9999999999999999
outer loop
vertex 5.608997333333333 76.74853333333333 0
vertex 3.7941626666666664 76.717888 0
vertex 3.8094853333333334 76.74853333333333 0
endloop
endfacet
facet normal 0 0 -1
outer loop
vertex 49.790554666666665 76.74853333333333 0
vertex 49.805877333333335 76.717888 0
vertex 48.00230933333333 76.717888 0
endloop
endfacet
facet normal 0 0 -1
outer loop
vertex 49.790554666666665 76.74853333333333 0
vertex 48.00230933333333 76.717888 0
vertex 47.991042666666665 76.74853333333333 0
endloop
endfacet
facet normal 0 0 -1
outer loop
vertex 5.597730666666666 76.717888 0
vertex 5.5742959999999995 76.63631733333334 0
vertex 3.752701333333333 76.63631733333334 0
endloop
endfacet
facet normal 0 0 -1
outer loop
vertex 5.597730666666666 76.717888 0
vertex 3.752701333333333 76.63631733333334 0
vertex 3.7941626666666664 76.717888 0
endloop
endfacet
facet normal 0 0 -1
outer loop
vertex 49.805877333333335 76.717888 0
vertex 49.847338666666666 76.63631733333334 0
vertex 48.025743999999996 76.63631733333334 0
endloop
endfacet
facet normal 0 0 -1
outer loop
vertex 49.805877333333335 76.717888 0
vertex 48.025743999999996 76.63631733333334 0
vertex 48.00230933333333 76.717888 0
endloop
endfacet
facet normal 0 0 -1
outer loop
vertex 5.5742959999999995 76.63631733333334 0
vertex 5.563029333333333 76.59756 0
vertex 3.7292666666666667 76.59756 0
endloop
endfacet
facet normal 0 0 -1
outer loop
vertex 5.5742959999999995 76.63631733333334 0
vertex 3.7292666666666667 76.59756 0
vertex 3.752701333333333 76.63631733333334 0
endloop
endfacet
facet normal 0 0 -0.9999999999999999
outer loop
vertex 49.847338666666666 76.63631733333334 0
vertex 49.87032266666667 76.59756 0
vertex 48.03701066666667 76.59756 0
endloop
endfacet
facet normal 0 0 -1
outer loop
vertex 49.847338666666666 76.63631733333334 0
vertex 48.03701066666667 76.59756 0
vertex 48.025743999999996 76.63631733333334 0
endloop
endfacet
facet normal 0 0 -1
outer loop
vertex 5.563029333333333 76.59756 0
vertex 5.547256 76.52815733333333 0
vertex 3.6887066666666666 76.52815733333333 0
endloop
endfacet
facet normal 0 0 -1
outer loop
vertex 5.563029333333333 76.59756 0
vertex 3.6887066666666666 76.52815733333333 0
vertex 3.7292666666666667 76.59756 0
endloop
endfacet
facet normal 0 0 -1
outer loop
vertex 49.87032266666667 76.59756 0
vertex 49.91133333333333 76.52815733333333 0
vertex 48.052783999999996 76.52815733333333 0
endloop
endfacet
facet normal 0 0 -1
outer loop
vertex 49.87032266666667 76.59756 0
vertex 48.052783999999996 76.52815733333333 0
vertex 48.03701066666667 76.59756 0
endloop
endfacet
facet normal 0 0 -0.9999999999999999
outer loop
vertex 5.547256 76.52815733333333 0
vertex 5.535538666666667 76.47497866666666 0
vertex 3.6522026666666667 76.47497866666666 0
endloop
endfacet
facet normal 0 0 -1
outer loop
vertex 5.547256 76.52815733333333 0
vertex 3.6522026666666667 76.47497866666666 0
vertex 3.6887066666666666 76.52815733333333 0
endloop
endfacet
facet normal 0 0 -0.9999999999999999
outer loop
vertex 49.91133333333333 76.52815733333333 0
vertex 49.94783733333333 76.47497866666666 0
vertex 48.06450133333333 76.47497866666666 0
endloop
endfacet
facet normal 0 0 -1
outer loop
vertex 49.91133333333333 76.52815733333333 0
vertex 48.06450133333333 76.47497866666666 0
vertex 48.052783999999996 76.52815733333333 0
endloop
endfacet
facet normal 0 0 -1
outer loop
vertex 5.535538666666667 76.47497866666666 0
vertex 5.527426666666667 76.424504 0
vertex 3.617952 76.424504 0
endloop
endfacet
facet normal 0 0 -1
outer loop
vertex 5.535538666666667 76.47497866666666 0
vertex 3.617952 76.424504 0
vertex 3.6522026666666667 76.47497866666666 0
endloop
endfacet
facet normal 0 0 -1
outer loop
vertex 49.94783733333333 76.47497866666666 0
vertex 49.982088 76.424504 0
vertex 48.07261333333333 76.424504 0
endloop
endfacet
facet normal 0 0 -1
outer loop
vertex 49.94783733333333 76.47497866666666 0
vertex 48.07261333333333 76.424504 0
vertex 48.06450133333333 76.47497866666666 0
endloop
endfacet
facet normal 0 0 -1
outer loop
vertex 5.527426666666667 76.424504 0
vertex 5.515709333333334 76.35059466666667 0
vertex 3.5607173333333333 76.35059466666667 0
endloop
endfacet
facet normal 0 0 -1
outer loop
vertex 5.527426666666667 76.424504 0
vertex 3.5607173333333333 76.35059466666667 0
vertex 3.617952 76.424504 0
endloop
endfacet
facet normal 0 0 -1
outer loop
vertex 49.982088 76.424504 0
vertex 50.03932266666666 76.35059466666667 0
vertex 48.084330666666666 76.35059466666667 0
endloop
endfacet
facet normal 0 0 -1
outer loop
vertex 49.982088 76.424504 0
vertex 48.084330666666666 76.35059466666667 0
vertex 48.07261333333333 76.424504 0
endloop
endfacet
facet normal 0 0 -1
outer loop
vertex 5.515709333333334 76.35059466666667 0
vertex 5.513456 76.32535733333333 0
vertex 3.540888 76.32535733333333 0
endloop
endfacet
facet normal 0 0 -1
outer loop
vertex 5.515709333333334 76.35059466666667 0
vertex 3.540888 76.32535733333333 0
vertex 3.5607173333333333 76.35059466666667 0
endloop
endfacet
facet normal 0 0 -1
outer loop
vertex 50.03932266666666 76.35059466666667 0
vertex 50.059152 76.32535733333333 0
vertex 48.086584 76.32535733333333 0
endloop
endfacet
facet normal 0 0 -1
outer loop
vertex 50.03932266666666 76.35059466666667 0
vertex 48.086584 76.32535733333333 0
vertex 48.084330666666666 76.35059466666667 0
endloop
endfacet
facet normal 0 0 -1
outer loop
vertex 5.513456 76.32535733333333 0
vertex 5.504442666666667 76.23071733333333 0
vertex 3.457965333333333 76.23071733333333 0
endloop
endfacet
facet normal 0 0 -1
outer loop
vertex 5.513456 76.32535733333333 0
vertex 3.457965333333333 76.23071733333333 0
vertex 3.540888 76.32535733333333 0
endloop
endfacet
facet normal 0 0 -1
outer loop
vertex 50.059152 76.32535733333333 0
vertex 50.142074666666666 76.23071733333333 0
vertex 48.09559733333333 76.23071733333333 0
endloop
endfacet
facet normal 0 0 -1
outer loop
vertex 50.059152 76.32535733333333 0
vertex 48.09559733333333 76.23071733333333 0
vertex 48.086584 76.32535733333333 0
endloop
endfacet
facet normal 0 0 -1
outer loop
vertex 5.504442666666667 76.23071733333333 0
vertex 5.503992 76.22576 0
vertex 3.452557333333333 76.22576 0
endloop
endfacet
facet normal 0 0 -1
outer loop
vertex 5.504442666666667 76.23071733333333 0
vertex 3.452557333333333 76.22576 0
vertex 3.457965333333333 76.23071733333333 0
endloop
endfacet
facet normal 0 0 -1
outer loop
vertex 50.142074666666666 76.23071733333333 0
vertex 50.14748266666666 76.22576 0
vertex 48.096047999999996 76.22576 0
endloop
endfacet
facet normal 0 0 -1
outer loop
vertex 50.142074666666666 76.23071733333333 0
vertex 48.096047999999996 76.22576 0
vertex 48.09559733333333 76.23071733333333 0
endloop
endfacet
facet normal 0 0 -1
outer loop
vertex 5.503992 76.22576 0
vertex 5.501288 76.141936 0
vertex 3.3691839999999997 76.141936 0
endloop
endfacet
facet normal 0 0 -1
outer loop
vertex 5.503992 76.22576 0
vertex 3.3691839999999997 76.141936 0
vertex 3.452557333333333 76.22576 0
endloop
endfacet
facet normal 0 0 -0.9999999999999999
outer loop
vertex 50.14748266666666 76.22576 0
vertex 50.230855999999996 76.141936 0
vertex 48.098752 76.141936 0
endloop
endfacet
facet normal 0 0 -1
outer loop
vertex 50.14748266666666 76.22576 0
vertex 48.098752 76.141936 0
vertex 48.096047999999996 76.22576 0
endloop
endfacet
facet normal 0 0 -1
outer loop
vertex 5.501288 76.141936 0
vertex 5.498584 76.05901333333333 0
vertex 3.2749946666666667 76.05901333333333 0
endloop
endfacet
facet normal 0 0 -1
outer loop
vertex 5.501288 76.141936 0
vertex 3.2749946666666667 76.05901333333333 0
vertex 3.3691839999999997 76.141936 0
endloop
endfacet
facet normal 0 0 -1
outer loop
vertex 50.230855999999996 76.141936 0
vertex 50.32504533333333 76.05901333333333 0
vertex 48.101456 76.05901333333333 0
endloop
endfacet
facet normal 0 0 -1
outer loop
vertex 50.230855999999996 76.141936 0
vertex 48.101456 76.05901333333333 0
vertex 48.098752 76.141936 0
endloop
endfacet
facet normal 0 0 -1
outer loop
vertex 5.498584 76.05901333333333 0
vertex 5.496330666666666 75.98194933333333 0
vertex 3.175397333333333 75.98194933333333 0
endloop
endfacet
facet normal 0 0 -1
outer loop
vertex 5.498584 76.05901333333333 0
vertex 3.175397333333333 75.98194933333333 0
vertex 3.2749946666666667 76.05901333333333 0
endloop
endfacet
facet normal 0 0 -1
outer loop
vertex 50.32504533333333 76.05901333333333 0
vertex 50.424642666666664 75.98194933333333 0
vertex 48.103709333333335 75.98194933333333 0
endloop
endfacet
facet normal 0 0 -1
outer loop
vertex 50.32504533333333 76.05901333333333 0
vertex 48.103709333333335 75.98194933333333 0
vertex 48.101456 76.05901333333333 0
endloop
endfacet
facet normal 0 0 -1
outer loop
vertex 4.545874666666666 75.95220533333332 0
vertex 5.496330666666666 75.98194933333333 0
vertex 5.49588 75.974288 0
endloop
endfacet
facet normal 0 0 -0.9999999999999999
outer loop
vertex 4.545874666666666 75.95220533333332 0
vertex 5.49588 75.974288 0
vertex 5.490021333333333 75.91119466666666 0
endloop
endfacet
facet normal 0 0 -1
outer loop
vertex 4.545874666666666 75.95220533333332 0
vertex 5.490021333333333 75.91119466666666 0
vertex 3.071744 75.91119466666666 0
endloop
endfacet
facet normal 0 0 -1
outer loop
vertex 4.545874666666666 75.95220533333332 0
vertex 3.071744 75.91119466666666 0
vertex 3.175397333333333 75.98194933333333 0
endloop
endfacet
facet normal 0 0 -1
outer loop
vertex 4.545874666666666 75.95220533333332 0
vertex 3.175397333333333 75.98194933333333 0
vertex 5.496330666666666 75.98194933333333 0
endloop
endfacet
facet normal 0 0 -1
outer loop
vertex 49.05416533333333 75.95220533333332 0
vertex 50.424642666666664 75.98194933333333 0
vertex 50.528296 75.91119466666666 0
endloop
endfacet
facet normal 0 0 -1
outer loop
vertex 49.05416533333333 75.95220533333332 0
vertex 50.528296 75.91119466666666 0
vertex 48.11001866666666 75.91119466666666 0
endloop
endfacet
facet normal 0 0 -1
outer loop
vertex 49.05416533333333 75.95220533333332 0
vertex 48.11001866666666 75.91119466666666 0
vertex 48.10416 75.974288 0
endloop
endfacet
facet normal 0 0 -1
outer loop
vertex 49.05416533333333 75.95220533333332 0
vertex 48.10416 75.974288 0
vertex 48.103709333333335 75.98194933333333 0
endloop
endfacet
facet normal 0 0 -1
outer loop
vertex 49.05416533333333 75.95220533333332 0
vertex 48.103709333333335 75.98194933333333 0
vertex 50.424642666666664 75.98194933333333 0
endloop
endfacet
facet normal 0 0 -1
outer loop
vertex 4.498554666666666 75.87333866666667 0
vertex 5.490021333333333 75.91119466666666 0
vertex 5.484162666666666 75.84945333333333 0
endloop
endfacet
facet normal 0 0 -1
outer loop
vertex 4.498554666666666 75.87333866666667 0
vertex 5.484162666666666 75.84945333333333 0
vertex 5.483712 75.8472 0
endloop
endfacet
facet normal 0 0 -1
outer loop
vertex 4.498554666666666 75.87333866666667 0
vertex 5.483712 75.8472 0
vertex 2.963584 75.8472 0
endloop
endfacet
facet normal 0 0 -1
outer loop
vertex 4.498554666666666 75.87333866666667 0
vertex 2.963584 75.8472 0
vertex 3.071744 75.91119466666666 0
endloop
endfacet
facet normal 0 0 -1
outer loop
vertex 4.498554666666666 75.87333866666667 0
vertex 3.071744 75.91119466666666 0
vertex 5.490021333333333 75.91119466666666 0
endloop
endfacet
facet normal 0 0 -0.9999999999999999
outer loop
vertex 49.10148533333333 75.87333866666667 0
vertex 50.528296 75.91119466666666 0
vertex 50.636455999999995 75.8472 0
endloop
endfacet
facet normal 0 0 -1
outer loop
vertex 49.10148533333333 75.87333866666667 0
vertex 50.636455999999995 75.8472 0
vertex 48.11587733333333 75.8472 0
endloop
endfacet
facet normal 0 0 -1
outer loop
vertex 49.10148533333333 75.87333866666667 0
vertex 48.11587733333333 75.8472 0
vertex 48.11587733333333 75.84945333333333 0
endloop
endfacet
facet normal 0 0 -1
outer loop
vertex 49.10148533333333 75.87333866666667 0
vertex 48.11587733333333 75.84945333333333 0
vertex 48.11001866666666 75.91119466666666 0
endloop
endfacet
facet normal 0 0 -0.9999999999999999
outer loop
vertex 49.10148533333333 75.87333866666667 0
vertex 48.11001866666666 75.91119466666666 0
vertex 50.528296 75.91119466666666 0
endloop
endfacet
facet normal 0 0 -1
outer loop
vertex 5.483712 75.8472 0
vertex 5.474698666666667 75.790416 0
vertex 2.851368 75.790416 0
endloop
endfacet
facet normal 0 0 -0.9999999999999999
outer loop
vertex 5.483712 75.8472 0
vertex 2.851368 75.790416 0
vertex 2.963584 75.8472 0
endloop
endfacet
facet normal 0 0 -1
outer loop
vertex 50.636455999999995 75.8472 0
vertex 50.74822133333333 75.790416 0
vertex 48.124890666666666 75.790416 0
endloop
endfacet
facet normal 0 0 -1
outer loop
vertex 50.636455999999995 75.8472 0
vertex 48.124890666666666 75.790416 0
vertex 48.11587733333333 75.8472 0
endloop
endfacet
facet normal 0 0 -1
outer loop
vertex 5.474698666666667 75.790416 0
vertex 5.467037333333333 75.740392 0
vertex 2.7364479999999998 75.740392 0
endloop
endfacet
facet normal 0 0 -1
outer loop
vertex 5.474698666666667 75.790416 0
vertex 2.7364479999999998 75.740392 0
vertex 2.851368 75.790416 0
endloop
endfacet
facet normal 0 0 -1
outer loop
vertex 50.74822133333333 75.790416 0
vertex 50.863592 75.740392 0
vertex 48.13300266666666 75.740392 0
endloop
endfacet
facet normal 0 0 -1
outer loop
vertex 50.74822133333333 75.790416 0
vertex 48.13300266666666 75.740392 0
vertex 48.124890666666666 75.790416 0
endloop
endfacet
facet normal 0 0 -1
outer loop
vertex 4.348933333333333 75.72056266666667 0
vertex 5.467037333333333 75.740392 0
vertex 5.464784 75.72506933333334 0
endloop
endfacet
facet normal 0 0 -1
outer loop
vertex 4.348933333333333 75.72056266666667 0
vertex 5.464784 75.72506933333334 0
vertex 5.458474666666667 75.69802933333334 0
endloop
endfacet
facet normal 0 0 -1
outer loop
vertex 4.348933333333333 75.72056266666667 0
vertex 5.458474666666667 75.69802933333334 0
vertex 2.6179226666666664 75.69802933333334 0
endloop
endfacet
facet normal 0 0 -1
outer loop
vertex 4.348933333333333 75.72056266666667 0
vertex 2.6179226666666664 75.69802933333334 0
vertex 2.7364479999999998 75.740392 0
endloop
endfacet
facet normal 0 0 -0.9999999999999999
outer loop
vertex 4.348933333333333 75.72056266666667 0
vertex 2.7364479999999998 75.740392 0
vertex 5.467037333333333 75.740392 0
endloop
endfacet
facet normal 0 0 -1
outer loop
vertex 49.251106666666665 75.72056266666667 0
vertex 50.863592 75.740392 0
vertex 50.982117333333335 75.69802933333334 0
endloop
endfacet
facet normal 0 0 -1
outer loop
vertex 49.251106666666665 75.72056266666667 0
vertex 50.982117333333335 75.69802933333334 0
vertex 48.14156533333333 75.69802933333334 0
endloop
endfacet
facet normal 0 0 -1
outer loop
vertex 49.251106666666665 75.72056266666667 0
vertex 48.14156533333333 75.69802933333334 0
vertex 48.135256 75.72506933333334 0
endloop
endfacet
facet normal 0 0 -1
outer loop
vertex 49.251106666666665 75.72056266666667 0
vertex 48.135256 75.72506933333334 0
vertex 48.13300266666666 75.740392 0
endloop
endfacet
facet normal 0 0 -0.9999999999999999
outer loop
vertex 49.251106666666665 75.72056266666667 0
vertex 48.13300266666666 75.740392 0
vertex 50.863592 75.740392 0
endloop
endfacet
facet normal 0 0 -0.9999999999999999
outer loop
vertex 5.458474666666667 75.69802933333334 0
vertex 5.4508133333333335 75.66287733333333 0
vertex 2.4975946666666666 75.66287733333333 0
endloop
endfacet
facet normal 0 0 -1
outer loop
vertex 5.458474666666667 75.69802933333334 0
vertex 2.4975946666666666 75.66287733333333 0
vertex 2.6179226666666664 75.69802933333334 0
endloop
endfacet
facet normal 0 0 -1
outer loop
vertex 50.982117333333335 75.69802933333334 0
vertex 51.10244533333333 75.66287733333333 0
vertex 48.149226666666664 75.66287733333333 0
endloop
endfacet
facet normal 0 0 -1
outer loop
vertex 50.982117333333335 75.69802933333334 0
vertex 48.149226666666664 75.66287733333333 0
vertex 48.14156533333333 75.69802933333334 0
endloop
endfacet
facet normal 0 0 -1
outer loop
vertex 5.4508133333333335 75.66287733333333 0
vertex 5.444504 75.63538666666666 0
vertex 2.3745626666666664 75.63538666666666 0
endloop
endfacet
facet normal 0 0 -1
outer loop
vertex 5.4508133333333335 75.66287733333333 0
vertex 2.3745626666666664 75.63538666666666 0
vertex 2.4975946666666666 75.66287733333333 0
endloop
endfacet
facet normal 0 0 -1
outer loop
vertex 51.10244533333333 75.66287733333333 0
vertex 51.225026666666665 75.63538666666666 0
vertex 48.155536 75.63538666666666 0
endloop
endfacet
facet normal 0 0 -0.9999999999999999
outer loop
vertex 51.10244533333333 75.66287733333333 0
vertex 48.155536 75.63538666666666 0
vertex 48.149226666666664 75.66287733333333 0
endloop
endfacet
facet normal 0 0 -1
outer loop
vertex 5.444504 75.63538666666666 0
vertex 5.439997333333333 75.61555733333333 0
vertex 2.2506293333333334 75.61555733333333 0
endloop
endfacet
facet normal 0 0 -1
outer loop
vertex 5.444504 75.63538666666666 0
vertex 2.2506293333333334 75.61555733333333 0
vertex 2.3745626666666664 75.63538666666666 0
endloop
endfacet
facet normal 0 0 -1
outer loop
vertex 51.225026666666665 75.63538666666666 0
vertex 51.349410666666664 75.61555733333333 0
vertex 48.16004266666666 75.61555733333333 0
endloop
endfacet
facet normal 0 0 -0.9999999999999999
outer loop
vertex 51.225026666666665 75.63538666666666 0
vertex 48.16004266666666 75.61555733333333 0
vertex 48.155536 75.63538666666666 0
endloop
endfacet
facet normal 0 0 -1
outer loop
vertex 5.439997333333333 75.61555733333333 0
vertex 5.437293333333333 75.60383999999999 0
vertex 2.1257946666666667 75.60383999999999 0
endloop
endfacet
facet normal 0 0 -1
outer loop
vertex 5.439997333333333 75.61555733333333 0
vertex 2.1257946666666667 75.60383999999999 0
vertex 2.2506293333333334 75.61555733333333 0
endloop
endfacet
facet normal 0 0 -1
outer loop
vertex 51.349410666666664 75.61555733333333 0
vertex 51.47424533333333 75.60383999999999 0
vertex 48.16274666666666 75.60383999999999 0
endloop
endfacet
facet normal 0 0 -1
outer loop
vertex 51.349410666666664 75.61555733333333 0
vertex 48.16274666666666 75.60383999999999 0
vertex 48.16004266666666 75.61555733333333 0
endloop
endfacet
facet normal 0 0 -1
outer loop
vertex 2.749968 74.84987466666666 0
vertex 5.437293333333333 75.60383999999999 0
vertex 5.437293333333333 75.602488 0
endloop
endfacet
facet normal 0 0 -1
outer loop
vertex 2.749968 74.84987466666666 0
vertex 5.437293333333333 75.602488 0
vertex 5.402141333333333 75.48216 0
endloop
endfacet
facet normal 0 0 -1
outer loop
vertex 2.749968 74.84987466666666 0
vertex 5.402141333333333 75.48216 0
vertex 5.359328 75.36363466666667 0
endloop
endfacet
facet normal 0 0 -1
outer loop
vertex 2.749968 74.84987466666666 0
vertex 5.359328 75.36363466666667 0
vertex 5.309754666666667 75.24826399999999 0
endloop
endfacet
facet normal 0 0 -1
outer loop
vertex 2.749968 74.84987466666666 0
vertex 5.309754666666667 75.24826399999999 0
vertex 5.25252 75.13649866666667 0
endloop
endfacet
facet normal 0 0 -1
outer loop
vertex 2.749968 74.84987466666666 0
vertex 5.25252 75.13649866666667 0
vertex 5.188525333333333 75.02833866666667 0
endloop
endfacet
facet normal 0 0 -1
outer loop
vertex 2.749968 74.84987466666666 0
vertex 5.188525333333333 75.02833866666667 0
vertex 5.1182213333333335 74.92423466666666 0
endloop
endfacet
facet normal 0 0 -1
outer loop
vertex 2.749968 74.84987466666666 0
vertex 5.1182213333333335 74.92423466666666 0
vertex 5.0411573333333335 74.825088 0
endloop
endfacet
facet normal 0 0 -0.9999999999999999
outer loop
vertex 2.749968 74.84987466666666 0
vertex 5.0411573333333335 74.825088 0
vertex 4.957784 74.73089866666666 0
endloop
endfacet
facet normal 0 0 -1
outer loop
vertex 2.749968 74.84987466666666 0
vertex 4.957784 74.73089866666666 0
vertex 4.869002666666667 74.64211733333333 0
endloop
endfacet
facet normal 0 0 -0.9999999999999999
outer loop
vertex 2.749968 74.84987466666666 0
vertex 4.869002666666667 74.64211733333333 0
vertex 4.774813333333333 74.55919466666667 0
endloop
endfacet
facet normal 0 0 -1
outer loop
vertex 2.749968 74.84987466666666 0
vertex 4.774813333333333 74.55919466666667 0
vertex 4.675666666666666 74.48213066666666 0
endloop
endfacet
facet normal 0 0 -0.9999999999999999
outer loop
vertex 2.749968 74.84987466666666 0
vertex 4.675666666666666 74.48213066666666 0
vertex 4.571562666666667 74.411376 0
endloop
endfacet
facet normal 0 0 -1
outer loop
vertex 2.749968 74.84987466666666 0
vertex 4.571562666666667 74.411376 0
vertex 4.463402666666666 74.34738133333333 0
endloop
endfacet
facet normal 0 0 -1
outer loop
vertex 2.749968 74.84987466666666 0
vertex 4.463402666666666 74.34738133333333 0
vertex 4.351637333333334 74.29014666666666 0
endloop
endfacet
facet normal 0 0 -1
outer loop
vertex 2.749968 74.84987466666666 0
vertex 4.351637333333334 74.29014666666666 0
vertex 4.236266666666666 74.24057333333333 0
endloop
endfacet
facet normal 0 0 -1
outer loop
vertex 2.749968 74.84987466666666 0
vertex 4.236266666666666 74.24057333333333 0
vertex 4.118192 74.19776 0
endloop
endfacet
facet normal 0 0 -1
outer loop
vertex 2.749968 74.84987466666666 0
vertex 4.118192 74.19776 0
vertex 3.9974133333333333 74.16305866666666 0
endloop
endfacet
facet normal 0 0 -1
outer loop
vertex 2.749968 74.84987466666666 0
vertex 3.9974133333333333 74.16305866666666 0
vertex 3.874832 74.13556799999999 0
endloop
endfacet
facet normal 0 0 -1
outer loop
vertex 2.749968 74.84987466666666 0
vertex 3.874832 74.13556799999999 0
vertex 3.750448 74.11573866666666 0
endloop
endfacet
facet normal 0 0 -1
outer loop
vertex 2.749968 74.84987466666666 0
vertex 3.750448 74.11573866666666 0
vertex 3.6256133333333334 74.10402133333334 0
endloop
endfacet
facet normal 0 0 -1
outer loop
vertex 2.749968 74.84987466666666 0
vertex 3.6256133333333334 74.10402133333334 0
vertex 3.374592 74.09590933333332 0
endloop
endfacet
facet normal 0 0 -1
outer loop
vertex 2.749968 74.84987466666666 0
vertex 3.374592 74.09590933333332 0
vertex 0.06264266666666667 74.09590933333332 0
endloop
endfacet
facet normal 0 0 -1
outer loop
vertex 2.749968 74.84987466666666 0
vertex 0.06264266666666667 74.09590933333332 0
vertex 0.06264266666666667 74.09726133333334 0
endloop
endfacet
facet normal 0 0 -1
outer loop
vertex 2.749968 74.84987466666666 0
vertex 0.06264266666666667 74.09726133333334 0
vertex 0.09779466666666667 74.21804 0
endloop
endfacet
facet normal 0 0 -1
outer loop
vertex 2.749968 74.84987466666666 0
vertex 0.09779466666666667 74.21804 0
vertex 0.14060799999999998 74.33611466666666 0
endloop
endfacet
facet normal 0 0 -1
outer loop
vertex 2.749968 74.84987466666666 0
vertex 0.14060799999999998 74.33611466666666 0
vertex 0.19018133333333334 74.45148533333334 0
endloop
endfacet
facet normal 0 0 -1
outer loop
vertex 2.749968 74.84987466666666 0
vertex 0.19018133333333334 74.45148533333334 0
vertex 0.247416 74.56370133333333 0
endloop
endfacet
facet normal 0 0 -1
outer loop
vertex 2.749968 74.84987466666666 0
vertex 0.247416 74.56370133333333 0
vertex 0.31141066666666667 74.67186133333333 0
endloop
endfacet
facet normal 0 0 -1
outer loop
vertex 2.749968 74.84987466666666 0
vertex 0.31141066666666667 74.67186133333333 0
vertex 0.3821653333333333 74.77551466666667 0
endloop
endfacet
facet normal 0 0 -1
outer loop
vertex 2.749968 74.84987466666666 0
vertex 0.3821653333333333 74.77551466666667 0
vertex 0.45877866666666667 74.87466133333334 0
endloop
endfacet
facet normal 0 0 -1
outer loop
vertex 2.749968 74.84987466666666 0
vertex 0.45877866666666667 74.87466133333334 0
vertex 0.542152 74.96930133333333 0
endloop
endfacet
facet normal 0 0 -1
outer loop
vertex 2.749968 74.84987466666666 0
vertex 0.542152 74.96930133333333 0
vertex 0.6309333333333333 75.05808266666666 0
endloop
endfacet
facet normal 0 0 -1
outer loop
vertex 2.749968 74.84987466666666 0
vertex 0.6309333333333333 75.05808266666666 0
vertex 0.7251226666666667 75.14100533333333 0
endloop
endfacet
facet normal 0 0 -1
outer loop
vertex 2.749968 74.84987466666666 0
vertex 0.7251226666666667 75.14100533333333 0
vertex 0.8242693333333333 75.21806933333333 0
endloop
endfacet
facet normal 0 0 -1
outer loop
vertex 2.749968 74.84987466666666 0
vertex 0.8242693333333333 75.21806933333333 0
vertex 0.9283733333333333 75.28882399999999 0
endloop
endfacet
facet normal 0 0 -1
outer loop
vertex 2.749968 74.84987466666666 0
vertex 0.9283733333333333 75.28882399999999 0
vertex 1.0365333333333333 75.35281866666666 0
endloop
endfacet
facet normal 0 0 -1
outer loop
vertex 2.749968 74.84987466666666 0
vertex 1.0365333333333333 75.35281866666666 0
vertex 1.1482986666666666 75.40960266666666 0
endloop
endfacet
facet normal 0 0 -0.9999999999999999
outer loop
vertex 2.749968 74.84987466666666 0
vertex 1.1482986666666666 75.40960266666666 0
vertex 1.2636693333333333 75.45962666666667 0
endloop
endfacet
facet normal 0 0 -1
outer loop
vertex 2.749968 74.84987466666666 0
vertex 1.2636693333333333 75.45962666666667 0
vertex 1.3817439999999999 75.50198933333333 0
endloop
endfacet
facet normal 0 0 -1
outer loop
vertex 2.749968 74.84987466666666 0
vertex 1.3817439999999999 75.50198933333333 0
vertex 1.5025226666666667 75.53714133333334 0
endloop
endfacet
facet normal 0 0 -1
outer loop
vertex 2.749968 74.84987466666666 0
vertex 1.5025226666666667 75.53714133333334 0
vertex 1.6251039999999999 75.564632 0
endloop
endfacet
facet normal 0 0 -1
outer loop
vertex 2.749968 74.84987466666666 0
vertex 1.6251039999999999 75.564632 0
vertex 1.749488 75.58401066666667 0
endloop
endfacet
facet normal 0 0 -1
outer loop
vertex 2.749968 74.84987466666666 0
vertex 1.749488 75.58401066666667 0
vertex 1.8743226666666666 75.59617866666666 0
endloop
endfacet
facet normal 0 0 -1
outer loop
vertex 2.749968 74.84987466666666 0
vertex 1.8743226666666666 75.59617866666666 0
vertex 2.1257946666666667 75.60383999999999 0
endloop
endfacet
facet normal 0 0 -1
outer loop
vertex 2.749968 74.84987466666666 0
vertex 2.1257946666666667 75.60383999999999 0
vertex 5.437293333333333 75.60383999999999 0
endloop
endfacet
facet normal 0 0 -1
outer loop
vertex 50.850072 74.84987466666666 0
vertex 51.47424533333333 75.60383999999999 0
vertex 51.72571733333333 75.59617866666666 0
endloop
endfacet
facet normal 0 0 -1
outer loop
vertex 50.850072 74.84987466666666 0
vertex 51.72571733333333 75.59617866666666 0
vertex 51.850552 75.58401066666667 0
endloop
endfacet
facet normal 0 0 -1
outer loop
vertex 50.850072 74.84987466666666 0
vertex 51.850552 75.58401066666667 0
vertex 51.974936 75.564632 0
endloop
endfacet
facet normal 0 0 -0.9999999999999999
outer loop
vertex 50.850072 74.84987466666666 0
vertex 51.974936 75.564632 0
vertex 52.09751733333333 75.53714133333334 0
endloop
endfacet
facet normal 0 0 -1
outer loop
vertex 50.850072 74.84987466666666 0
vertex 52.09751733333333 75.53714133333334 0
vertex 52.21784533333333 75.50198933333333 0
endloop
endfacet
facet normal 0 0 -1
outer loop
vertex 50.850072 74.84987466666666 0
vertex 52.21784533333333 75.50198933333333 0
vertex 52.33637066666667 75.45962666666667 0
endloop
endfacet
facet normal 0 0 -1
outer loop
vertex 50.850072 74.84987466666666 0
vertex 52.33637066666667 75.45962666666667 0
vertex 52.45174133333333 75.40960266666666 0
endloop
endfacet
facet normal 0 0 -1
outer loop
vertex 50.850072 74.84987466666666 0
vertex 52.45174133333333 75.40960266666666 0
vertex 52.56350666666666 75.35281866666666 0
endloop
endfacet
facet normal 0 0 -1
outer loop
vertex 50.850072 74.84987466666666 0
vertex 52.56350666666666 75.35281866666666 0
vertex 52.67166666666667 75.28882399999999 0
endloop
endfacet
facet normal 0 0 -1
outer loop
vertex 50.850072 74.84987466666666 0
vertex 52.67166666666667 75.28882399999999 0
vertex 52.775770666666666 75.21806933333333 0
endloop
endfacet
facet normal 0 0 -1
outer loop
vertex 50.850072 74.84987466666666 0
vertex 52.775770666666666 75.21806933333333 0
vertex 52.87491733333333 75.14100533333333 0
endloop
endfacet
facet normal 0 0 -1
outer loop
vertex 50.850072 74.84987466666666 0
vertex 52.87491733333333 75.14100533333333 0
vertex 52.96910666666666 75.05808266666666 0
endloop
endfacet
facet normal 0 0 -1
outer loop
vertex 50.850072 74.84987466666666 0
vertex 52.96910666666666 75.05808266666666 0
vertex 53.057888 74.96930133333333 0
endloop
endfacet
facet normal 0 0 -1
outer loop
vertex 50.850072 74.84987466666666 0
vertex 53.057888 74.96930133333333 0
vertex 53.14081066666667 74.87466133333334 0
endloop
endfacet
facet normal 0 0 -1
outer loop
vertex 50.850072 74.84987466666666 0
vertex 53.14081066666667 74.87466133333334 0
vertex 53.21787466666667 74.77551466666667 0
endloop
endfacet
facet normal 0 0 -1
outer loop
vertex 50.850072 74.84987466666666 0
vertex 53.21787466666667 74.77551466666667 0
vertex 53.28862933333333 74.67186133333333 0
endloop
endfacet
facet normal 0 0 -1
outer loop
vertex 50.850072 74.84987466666666 0
vertex 53.28862933333333 74.67186133333333 0
vertex 53.352624 74.56370133333333 0
endloop
endfacet
facet normal 0 0 -1
outer loop
vertex 50.850072 74.84987466666666 0
vertex 53.352624 74.56370133333333 0
vertex 53.409858666666665 74.45148533333334 0
endloop
endfacet
facet normal 0 0 -1
outer loop
vertex 50.850072 74.84987466666666 0
vertex 53.409858666666665 74.45148533333334 0
vertex 53.459432 74.33611466666666 0
endloop
endfacet
facet normal 0 0 -1
outer loop
vertex 50.850072 74.84987466666666 0
vertex 53.459432 74.33611466666666 0
vertex 53.502245333333335 74.21804 0
endloop
endfacet
facet normal 0 0 -1
outer loop
vertex 50.850072 74.84987466666666 0
vertex 53.502245333333335 74.21804 0
vertex 53.536946666666665 74.09726133333334 0
endloop
endfacet
facet normal 0 0 -1
outer loop
vertex 50.850072 74.84987466666666 0
vertex 53.536946666666665 74.09726133333334 0
vertex 53.53739733333333 74.09590933333332 0
endloop
endfacet
facet normal 0 0 -1
outer loop
vertex 50.850072 74.84987466666666 0
vertex 53.53739733333333 74.09590933333332 0
vertex 50.225448 74.09590933333332 0
endloop
endfacet
facet normal 0 0 -1
outer loop
vertex 50.850072 74.84987466666666 0
vertex 50.225448 74.09590933333332 0
vertex 49.974426666666666 74.10402133333334 0
endloop
endfacet
facet normal 0 0 -1
outer loop
vertex 50.850072 74.84987466666666 0
vertex 49.974426666666666 74.10402133333334 0
vertex 49.84914133333333 74.11573866666666 0
endloop
endfacet
facet normal 0 0 -1
outer loop
vertex 50.850072 74.84987466666666 0
vertex 49.84914133333333 74.11573866666666 0
vertex 49.725207999999995 74.13556799999999 0
endloop
endfacet
facet normal 0 0 -1
outer loop
vertex 50.850072 74.84987466666666 0
vertex 49.725207999999995 74.13556799999999 0
vertex 49.602626666666666 74.16305866666666 0
endloop
endfacet
facet normal 0 0 -1
outer loop
vertex 50.850072 74.84987466666666 0
vertex 49.602626666666666 74.16305866666666 0
vertex 49.481848 74.19776 0
endloop
endfacet
facet normal 0 0 -1
outer loop
vertex 50.850072 74.84987466666666 0
vertex 49.481848 74.19776 0
vertex 49.363773333333334 74.24057333333333 0
endloop
endfacet
facet normal 0 0 -1
outer loop
vertex 50.850072 74.84987466666666 0
vertex 49.363773333333334 74.24057333333333 0
vertex 49.248402666666664 74.29014666666666 0
endloop
endfacet
facet normal 0 0 -1
outer loop
vertex 50.850072 74.84987466666666 0
vertex 49.248402666666664 74.29014666666666 0
vertex 49.13663733333333 74.34738133333333 0
endloop
endfacet
facet normal 0 0 -1
outer loop
vertex 50.850072 74.84987466666666 0
vertex 49.13663733333333 74.34738133333333 0
vertex 49.028477333333335 74.411376 0
endloop
endfacet
facet normal 0 0 -1
outer loop
vertex 50.850072 74.84987466666666 0
vertex 49.028477333333335 74.411376 0
vertex 48.924373333333335 74.48213066666666 0
endloop
endfacet
facet normal 0 0 -1
outer loop
vertex 50.850072 74.84987466666666 0
vertex 48.924373333333335 74.48213066666666 0
vertex 48.825226666666666 74.55919466666667 0
endloop
endfacet
facet normal 0 0 -1
outer loop
vertex 50.850072 74.84987466666666 0
vertex 48.825226666666666 74.55919466666667 0
vertex 48.73103733333333 74.64211733333333 0
endloop
endfacet
facet normal 0 0 -1
outer loop
vertex 50.850072 74.84987466666666 0
vertex 48.73103733333333 74.64211733333333 0
vertex 48.642255999999996 74.73089866666666 0
endloop
endfacet
facet normal 0 0 -1
outer loop
vertex 50.850072 74.84987466666666 0
vertex 48.642255999999996 74.73089866666666 0
vertex 48.55888266666666 74.825088 0
endloop
endfacet
facet normal 0 0 -1
outer loop
vertex 50.850072 74.84987466666666 0
vertex 48.55888266666666 74.825088 0
vertex 48.48181866666666 74.92423466666666 0
endloop
endfacet
facet normal 0 0 -1
outer loop
vertex 50.850072 74.84987466666666 0
vertex 48.48181866666666 74.92423466666666 0
vertex 48.41151466666666 75.02833866666667 0
endloop
endfacet
facet normal 0 0 -1
outer loop
vertex 50.850072 74.84987466666666 0
vertex 48.41151466666666 75.02833866666667 0
vertex 48.347519999999996 75.13649866666667 0
endloop
endfacet
facet normal 0 0 -1
outer loop
vertex 50.850072 74.84987466666666 0
vertex 48.347519999999996 75.13649866666667 0
vertex 48.29028533333333 75.24826399999999 0
endloop
endfacet
facet normal 0 0 -1
outer loop
vertex 50.850072 74.84987466666666 0
vertex 48.29028533333333 75.24826399999999 0
vertex 48.24026133333333 75.36363466666667 0
endloop
endfacet
facet normal 0 0 -1
outer loop
vertex 50.850072 74.84987466666666 0
vertex 48.24026133333333 75.36363466666667 0
vertex 48.19789866666667 75.48216 0
endloop
endfacet
facet normal 0 0 -1
outer loop
vertex 50.850072 74.84987466666666 0
vertex 48.19789866666667 75.48216 0
vertex 48.16274666666666 75.602488 0
endloop
endfacet
facet normal 0 0 -1
outer loop
vertex 50.850072 74.84987466666666 0
vertex 48.16274666666666 75.602488 0
vertex 48.16274666666666 75.60383999999999 0
endloop
endfacet
facet normal 0 0 -1
outer loop
vertex 50.850072 74.84987466666666 0
vertex 48.16274666666666 75.60383999999999 0
vertex 51.47424533333333 75.60383999999999 0
endloop
endfacet
facet normal 0 0 -1
outer loop
vertex 3.374592 74.09590933333332 0
vertex 3.2493066666666666 74.084192 0
vertex 0.05993866666666667 74.084192 0
endloop
endfacet
facet normal 0 0 -1
outer loop
vertex 3.374592 74.09590933333332 0
vertex 0.05993866666666667 74.084192 0
vertex 0.06264266666666667 74.09590933333332 0
endloop
endfacet
facet normal 0 0 -1
outer loop
vertex 53.53739733333333 74.09590933333332 0
vertex 53.54010133333333 74.084192 0
vertex 50.35073333333333 74.084192 0
endloop
endfacet
facet normal 0 0 -1
outer loop
vertex 53.53739733333333 74.09590933333332 0
vertex 50.35073333333333 74.084192 0
vertex 50.225448 74.09590933333332 0
endloop
endfacet
facet normal 0 0 -1
outer loop
vertex 3.2493066666666666 74.084192 0
vertex 3.125373333333333 74.06436266666667 0
vertex 0.055431999999999995 74.06436266666667 0
endloop
endfacet
facet normal 0 0 -1
outer loop
vertex 3.2493066666666666 74.084192 0
vertex 0.055431999999999995 74.06436266666667 0
vertex 0.05993866666666667 74.084192 0
endloop
endfacet
facet normal 0 0 -1
outer loop
vertex 53.54010133333333 74.084192 0
vertex 53.544608 74.06436266666667 0
vertex 50.474666666666664 74.06436266666667 0
endloop
endfacet
facet normal 0 0 -1
outer loop
vertex 53.54010133333333 74.084192 0
vertex 50.474666666666664 74.06436266666667 0
vertex 50.35073333333333 74.084192 0
endloop
endfacet
facet normal 0 0 -1
outer loop
vertex 3.125373333333333 74.06436266666667 0
vertex 3.002792 74.03732266666667 0
vertex 0.04957333333333333 74.03732266666667 0
endloop
endfacet
facet normal 0 0 -1
outer loop
vertex 3.125373333333333 74.06436266666667 0
vertex 0.04957333333333333 74.03732266666667 0
vertex 0.055431999999999995 74.06436266666667 0
endloop
endfacet
facet normal 0 0 -1
outer loop
vertex 53.544608 74.06436266666667 0
vertex 53.550466666666665 74.03732266666667 0
vertex 50.597248 74.03732266666667 0
endloop
endfacet
facet normal 0 0 -1
outer loop
vertex 53.544608 74.06436266666667 0
vertex 50.597248 74.03732266666667 0
vertex 50.474666666666664 74.06436266666667 0
endloop
endfacet
facet normal 0 0 -0.9999999999999999
outer loop
vertex 3.002792 74.03732266666667 0
vertex 2.882013333333333 74.00217066666666 0
vertex 0.04146133333333333 74.00217066666666 0
endloop
endfacet
facet normal 0 0 -1
outer loop
vertex 3.002792 74.03732266666667 0
vertex 0.04146133333333333 74.00217066666666 0
vertex 0.04957333333333333 74.03732266666667 0
endloop
endfacet
facet normal 0 0 -1
outer loop
vertex 53.550466666666665 74.03732266666667 0
vertex 53.55857866666666 74.00217066666666 0
vertex 50.71802666666667 74.00217066666666 0
endloop
endfacet
facet normal 0 0 -1
outer loop
vertex 53.550466666666665 74.03732266666667 0
vertex 50.71802666666667 74.00217066666666 0
vertex 50.597248 74.03732266666667 0
endloop
endfacet
facet normal 0 0 -1
outer loop
vertex 1.1510026666666666 73.97963733333333 0
vertex 2.882013333333333 74.00217066666666 0
vertex 2.7639386666666668 73.95935733333333 0
endloop
endfacet
facet normal 0 0 -1
outer loop
vertex 1.1510026666666666 73.97963733333333 0
vertex 2.7639386666666668 73.95935733333333 0
vertex 0.032898666666666666 73.95935733333333 0
endloop
endfacet
facet normal 0 0 -1
outer loop
vertex 1.1510026666666666 73.97963733333333 0
vertex 0.032898666666666666 73.95935733333333 0
vertex 0.035602666666666664 73.97467999999999 0
endloop
endfacet
facet normal 0 0 -1
outer loop
vertex 1.1510026666666666 73.97963733333333 0
vertex 0.035602666666666664 73.97467999999999 0
vertex 0.04146133333333333 74.00217066666666 0
endloop
endfacet
facet normal 0 0 -1
outer loop
vertex 1.1510026666666666 73.97963733333333 0
vertex 0.04146133333333333 74.00217066666666 0
vertex 2.882013333333333 74.00217066666666 0
endloop
endfacet
facet normal 0 0 -1
outer loop
vertex 52.44903733333333 73.97963733333333 0
vertex 53.55857866666666 74.00217066666666 0
vertex 53.56443733333333 73.97467999999999 0
endloop
endfacet
facet normal 0 0 -1
outer loop
vertex 52.44903733333333 73.97963733333333 0
vertex 53.56443733333333 73.97467999999999 0
vertex 53.56714133333333 73.95935733333333 0
endloop
endfacet
facet normal 0 0 -1
outer loop
vertex 52.44903733333333 73.97963733333333 0
vertex 53.56714133333333 73.95935733333333 0
vertex 50.83610133333333 73.95935733333333 0
endloop
endfacet
facet normal 0 0 -1
outer loop
vertex 52.44903733333333 73.97963733333333 0
vertex 50.83610133333333 73.95935733333333 0
vertex 50.71802666666667 74.00217066666666 0
endloop
endfacet
facet normal 0 0 -1
outer loop
vertex 52.44903733333333 73.97963733333333 0
vertex 50.71802666666667 74.00217066666666 0
vertex 53.55857866666666 74.00217066666666 0
endloop
endfacet
facet normal 0 0 -1
outer loop
vertex 2.7639386666666668 73.95935733333333 0
vertex 2.648568 73.909784 0
vertex 0.025237333333333334 73.909784 0
endloop
endfacet
facet normal 0 0 -1
outer loop
vertex 2.7639386666666668 73.95935733333333 0
vertex 0.025237333333333334 73.909784 0
vertex 0.032898666666666666 73.95935733333333 0
endloop
endfacet
facet normal 0 0 -1
outer loop
vertex 53.56714133333333 73.95935733333333 0
vertex 53.57480266666666 73.909784 0
vertex 50.951471999999995 73.909784 0
endloop
endfacet
facet normal 0 0 -1
outer loop
vertex 53.56714133333333 73.95935733333333 0
vertex 50.951471999999995 73.909784 0
vertex 50.83610133333333 73.95935733333333 0
endloop
endfacet
facet normal 0 0 -1
outer loop
vertex 2.648568 73.909784 0
vertex 2.536352 73.85254933333333 0
vertex 0.016224 73.85254933333333 0
endloop
endfacet
facet normal 0 0 -1
outer loop
vertex 2.648568 73.909784 0
vertex 0.016224 73.85254933333333 0
vertex 0.025237333333333334 73.909784 0
endloop
endfacet
facet normal 0 0 -1
outer loop
vertex 53.57480266666666 73.909784 0
vertex 53.583816 73.85254933333333 0
vertex 51.063688 73.85254933333333 0
endloop
endfacet
facet normal 0 0 -1
outer loop
vertex 53.57480266666666 73.909784 0
vertex 51.063688 73.85254933333333 0
vertex 50.951471999999995 73.909784 0
endloop
endfacet
facet normal 0 0 -0.9999999999999999
outer loop
vertex 1.0013813333333332 73.82641066666666 0
vertex 2.536352 73.85254933333333 0
vertex 2.428192 73.78855466666667 0
endloop
endfacet
facet normal 0 0 -1
outer loop
vertex 1.0013813333333332 73.82641066666666 0
vertex 2.428192 73.78855466666667 0
vertex 0.009914666666666667 73.78855466666667 0
endloop
endfacet
facet normal 0 0 -0.9999999999999999
outer loop
vertex 1.0013813333333332 73.82641066666666 0
vertex 0.009914666666666667 73.78855466666667 0
vertex 0.015773333333333334 73.85074666666667 0
endloop
endfacet
facet normal 0 0 -0.9999999999999999
outer loop
vertex 1.0013813333333332 73.82641066666666 0
vertex 0.015773333333333334 73.85074666666667 0
vertex 0.016224 73.85254933333333 0
endloop
endfacet
facet normal 0 0 -1
outer loop
vertex 1.0013813333333332 73.82641066666666 0
vertex 0.016224 73.85254933333333 0
vertex 2.536352 73.85254933333333 0
endloop
endfacet
facet normal 0 0 -1
outer loop
vertex 52.598658666666665 73.82641066666666 0
vertex 53.583816 73.85254933333333 0
vertex 53.584266666666664 73.85074666666667 0
endloop
endfacet
facet normal 0 0 -0.9999999999999999
outer loop
vertex 52.598658666666665 73.82641066666666 0
vertex 53.584266666666664 73.85074666666667 0
vertex 53.59012533333333 73.78855466666667 0
endloop
endfacet
facet normal 0 0 -0.9999999999999999
outer loop
vertex 52.598658666666665 73.82641066666666 0
vertex 53.59012533333333 73.78855466666667 0
vertex 51.171848 73.78855466666667 0
endloop
endfacet
facet normal 0 0 -0.9999999999999999
outer loop
vertex 52.598658666666665 73.82641066666666 0
vertex 51.171848 73.78855466666667 0
vertex 51.063688 73.85254933333333 0
endloop
endfacet
facet normal 0 0 -1
outer loop
vertex 52.598658666666665 73.82641066666666 0
vertex 51.063688 73.85254933333333 0
vertex 53.583816 73.85254933333333 0
endloop
endfacet
facet normal 0 0 -1
outer loop
vertex 0.9540613333333333 73.74799466666667 0
vertex 2.428192 73.78855466666667 0
vertex 2.3245386666666668 73.71825066666666 0
endloop
endfacet
facet normal 0 0 -1
outer loop
vertex 0.9540613333333333 73.74799466666667 0
vertex 2.3245386666666668 73.71825066666666 0
vertex 0.0036053333333333332 73.71825066666666 0
endloop
endfacet
facet normal 0 0 -0.9999999999999999
outer loop
vertex 0.9540613333333333 73.74799466666667 0
vertex 0.0036053333333333332 73.71825066666666 0
vertex 0.004056 73.72546133333333 0
endloop
endfacet
facet normal 0 0 -0.9999999999999999
outer loop
vertex 0.9540613333333333 73.74799466666667 0
vertex 0.004056 73.72546133333333 0
vertex 0.009914666666666667 73.78855466666667 0
endloop
endfacet
facet normal 0 0 -1
outer loop
vertex 0.9540613333333333 73.74799466666667 0
vertex 0.009914666666666667 73.78855466666667 0
vertex 2.428192 73.78855466666667 0
endloop
endfacet
facet normal 0 0 -1
outer loop
vertex 52.645978666666664 73.74799466666667 0
vertex 53.59012533333333 73.78855466666667 0
vertex 53.595984 73.72546133333333 0
endloop
endfacet
facet normal 0 0 -0.9999999999999999
outer loop
vertex 52.645978666666664 73.74799466666667 0
vertex 53.595984 73.72546133333333 0
vertex 53.59643466666667 73.71825066666666 0
endloop
endfacet
facet normal 0 0 -1
outer loop
vertex 52.645978666666664 73.74799466666667 0
vertex 53.59643466666667 73.71825066666666 0
vertex 51.27550133333333 73.71825066666666 0
endloop
endfacet
facet normal 0 0 -1
outer loop
vertex 52.645978666666664 73.74799466666667 0
vertex 51.27550133333333 73.71825066666666 0
vertex 51.171848 73.78855466666667 0
endloop
endfacet
facet normal 0 0 -0.9999999999999999
outer loop
vertex 52.645978666666664 73.74799466666667 0
vertex 51.171848 73.78855466666667 0
vertex 53.59012533333333 73.78855466666667 0
endloop
endfacet
facet normal 0 0 -1
outer loop
vertex 2.3245386666666668 73.71825066666666 0
vertex 2.224941333333333 73.64118666666667 0
vertex 0.001352 73.64118666666667 0
endloop
endfacet
facet normal 0 0 -1
outer loop
vertex 2.3245386666666668 73.71825066666666 0
vertex 0.001352 73.64118666666667 0
vertex 0.0036053333333333332 73.71825066666666 0
endloop
endfacet
facet normal 0 0 -1
outer loop
vertex 53.59643466666667 73.71825066666666 0
vertex 53.598687999999996 73.64118666666667 0
vertex 51.374648 73.64118666666667 0
endloop
endfacet
facet normal 0 0 -1
outer loop
vertex 53.59643466666667 73.71825066666666 0
vertex 51.374648 73.64118666666667 0
vertex 51.27550133333333 73.71825066666666 0
endloop
endfacet
facet normal 0 0 -0.9999999999999999
outer loop
vertex 0.8715893333333333 73.59972533333332 0
vertex 2.224941333333333 73.64118666666667 0
vertex 2.1307519999999998 73.55781333333333 0
endloop
endfacet
facet normal 0 0 -1
outer loop
vertex 0.8715893333333333 73.59972533333332 0
vertex 2.1307519999999998 73.55781333333333 0
vertex 0 73.55781333333333 0
endloop
endfacet
facet normal 0 0 -1
outer loop
vertex 0.8715893333333333 73.59972533333332 0
vertex 0 73.55781333333333 0
vertex 0 73.600176 0
endloop
endfacet
facet normal 0 0 -1
outer loop
vertex 0.8715893333333333 73.59972533333332 0
vertex 0 73.600176 0
vertex 0.001352 73.64118666666667 0
endloop
endfacet
facet normal 0 0 -1
outer loop
vertex 0.8715893333333333 73.59972533333332 0
vertex 0.001352 73.64118666666667 0
vertex 2.224941333333333 73.64118666666667 0
endloop
endfacet
facet normal 0 0 -1
outer loop
vertex 52.72845066666667 73.59972533333332 0
vertex 53.598687999999996 73.64118666666667 0
vertex 53.60004 73.600176 0
endloop
endfacet
facet normal 0 0 -1
outer loop
vertex 52.72845066666667 73.59972533333332 0
vertex 53.60004 73.600176 0
vertex 53.60004 73.55781333333333 0
endloop
endfacet
facet normal 0 0 -1
outer loop
vertex 52.72845066666667 73.59972533333332 0
vertex 53.60004 73.55781333333333 0
vertex 51.469288 73.55781333333333 0
endloop
endfacet
facet normal 0 0 -1
outer loop
vertex 52.72845066666667 73.59972533333332 0
vertex 51.469288 73.55781333333333 0
vertex 51.374648 73.64118666666667 0
endloop
endfacet
facet normal 0 0 -1
outer loop
vertex 52.72845066666667 73.59972533333332 0
vertex 51.374648 73.64118666666667 0
vertex 53.598687999999996 73.64118666666667 0
endloop
endfacet
facet normal 0 0 -1
outer loop
vertex 2.1307519999999998 73.55781333333333 0
vertex 2.041970666666667 73.469032 0
vertex 0 73.469032 0
endloop
endfacet
facet normal 0 0 -1
outer loop
vertex 2.1307519999999998 73.55781333333333 0
vertex 0 73.469032 0
vertex 0 73.55781333333333 0
endloop
endfacet
facet normal 0 0 -1
outer loop
vertex 53.60004 73.55781333333333 0
vertex 53.60004 73.469032 0
vertex 51.55806933333333 73.469032 0
endloop
endfacet
facet normal 0 0 -1
outer loop
vertex 53.60004 73.55781333333333 0
vertex 51.55806933333333 73.469032 0
vertex 51.469288 73.55781333333333 0
endloop
endfacet
facet normal 0 0 -1
outer loop
vertex 2.041970666666667 73.469032 0
vertex 1.959048 73.37484266666667 0
vertex 0 73.37484266666667 0
endloop
endfacet
facet normal 0 0 -1
outer loop
vertex 2.041970666666667 73.469032 0
vertex 0 73.37484266666667 0
vertex 0 73.469032 0
endloop
endfacet
facet normal 0 0 -1
outer loop
vertex 53.60004 73.469032 0
vertex 53.60004 73.37484266666667 0
vertex 51.640992 73.37484266666667 0
endloop
endfacet
facet normal 0 0 -1
outer loop
vertex 53.60004 73.469032 0
vertex 51.640992 73.37484266666667 0
vertex 51.55806933333333 73.469032 0
endloop
endfacet
facet normal 0 0 -1
outer loop
vertex 1.959048 73.37484266666667 0
vertex 1.8819839999999999 73.275696 0
vertex 0 73.275696 0
endloop
endfacet
facet normal 0 0 -1
outer loop
vertex 1.959048 73.37484266666667 0
vertex 0 73.275696 0
vertex 0 73.37484266666667 0
endloop
endfacet
facet normal 0 0 -1
outer loop
vertex 53.60004 73.37484266666667 0
vertex 53.60004 73.275696 0
vertex 51.718056 73.275696 0
endloop
endfacet
facet normal 0 0 -1
outer loop
vertex 53.60004 73.37484266666667 0
vertex 51.718056 73.275696 0
vertex 51.640992 73.37484266666667 0
endloop
endfacet
facet normal 0 0 -1
outer loop
vertex 1.8819839999999999 73.275696 0
vertex 1.8112293333333334 73.171592 0
vertex 0 73.171592 0
endloop
endfacet
facet normal 0 0 -1
outer loop
vertex 1.8819839999999999 73.275696 0
vertex 0 73.171592 0
vertex 0 73.275696 0
endloop
endfacet
facet normal 0 0 -1
outer loop
vertex 53.60004 73.275696 0
vertex 53.60004 73.171592 0
vertex 51.78881066666666 73.171592 0
endloop
endfacet
facet normal 0 0 -1
outer loop
vertex 53.60004 73.275696 0
vertex 51.78881066666666 73.171592 0
vertex 51.718056 73.275696 0
endloop
endfacet
facet normal 0 0 -1
outer loop
vertex 1.8112293333333334 73.171592 0
vertex 1.7472346666666667 73.06343199999999 0
vertex 0 73.06343199999999 0
endloop
endfacet
facet normal 0 0 -1
outer loop
vertex 1.8112293333333334 73.171592 0
vertex 0 73.06343199999999 0
vertex 0 73.171592 0
endloop
endfacet
facet normal 0 0 -1
outer loop
vertex 53.60004 73.171592 0
vertex 53.60004 73.06343199999999 0
vertex 51.85280533333333 73.06343199999999 0
endloop
endfacet
facet normal 0 0 -1
outer loop
vertex 53.60004 73.171592 0
vertex 51.85280533333333 73.06343199999999 0
vertex 51.78881066666666 73.171592 0
endloop
endfacet
facet normal 0 0 -0.9999999999999999
outer loop
vertex 1.7472346666666667 73.06343199999999 0
vertex 1.6904506666666665 72.95166666666667 0
vertex 0 72.95166666666667 0
endloop
endfacet
facet normal 0 0 -1
outer loop
vertex 1.7472346666666667 73.06343199999999 0
vertex 0 72.95166666666667 0
vertex 0 73.06343199999999 0
endloop
endfacet
facet normal 0 0 -0.9999999999999999
outer loop
vertex 53.60004 73.06343199999999 0
vertex 53.60004 72.95166666666667 0
vertex 51.90958933333333 72.95166666666667 0
endloop
endfacet
facet normal 0 0 -0.9999999999999999
outer loop
vertex 53.60004 73.06343199999999 0
vertex 51.90958933333333 72.95166666666667 0
vertex 51.85280533333333 73.06343199999999 0
endloop
endfacet
facet normal 0 0 -1
outer loop
vertex 1.6904506666666665 72.95166666666667 0
vertex 1.6404266666666667 72.836296 0
vertex 0 72.836296 0
endloop
endfacet
facet normal 0 0 -1
outer loop
vertex 1.6904506666666665 72.95166666666667 0
vertex 0 72.836296 0
vertex 0 72.95166666666667 0
endloop
endfacet
facet normal 0 0 -1
outer loop
vertex 53.60004 72.95166666666667 0
vertex 53.60004 72.836296 0
vertex 51.95961333333333 72.836296 0
endloop
endfacet
facet normal 0 0 -0.9999999999999999
outer loop
vertex 53.60004 72.95166666666667 0
vertex 51.95961333333333 72.836296 0
vertex 51.90958933333333 72.95166666666667 0
endloop
endfacet
facet normal 0 0 -0.9999999999999999
outer loop
vertex 1.6404266666666667 72.836296 0
vertex 1.598064 72.71822133333333 0
vertex 0 72.71822133333333 0
endloop
endfacet
facet normal 0 0 -1
outer loop
vertex 1.6404266666666667 72.836296 0
vertex 0 72.71822133333333 0
vertex 0 72.836296 0
endloop
endfacet
facet normal 0 0 -1
outer loop
vertex 53.60004 72.836296 0
vertex 53.60004 72.71822133333333 0
vertex 52.001976 72.71822133333333 0
endloop
endfacet
facet normal 0 0 -1
outer loop
vertex 53.60004 72.836296 0
vertex 52.001976 72.71822133333333 0
vertex 51.95961333333333 72.836296 0
endloop
endfacet
facet normal 0 0 -1
outer loop
vertex 1.598064 72.71822133333333 0
vertex 1.5629119999999999 72.59744266666667 0
vertex 0 72.59744266666667 0
endloop
endfacet
facet normal 0 0 -1
outer loop
vertex 1.598064 72.71822133333333 0
vertex 0 72.59744266666667 0
vertex 0 72.71822133333333 0
endloop
endfacet
facet normal 0 0 -1
outer loop
vertex 53.60004 72.71822133333333 0
vertex 53.60004 72.59744266666667 0
vertex 52.037127999999996 72.59744266666667 0
endloop
endfacet
facet normal 0 0 -0.9999999999999999
outer loop
vertex 53.60004 72.71822133333333 0
vertex 52.037127999999996 72.59744266666667 0
vertex 52.001976 72.71822133333333 0
endloop
endfacet
facet normal 0 0 -1
outer loop
vertex 1.5629119999999999 72.59744266666667 0
vertex 1.5354213333333333 72.47486133333334 0
vertex 0 72.47486133333334 0
endloop
endfacet
facet normal 0 0 -1
outer loop
vertex 1.5629119999999999 72.59744266666667 0
vertex 0 72.47486133333334 0
vertex 0 72.59744266666667 0
endloop
endfacet
facet normal 0 0 -0.9999999999999999
outer loop
vertex 53.60004 72.59744266666667 0
vertex 53.60004 72.47486133333334 0
vertex 52.06461866666667 72.47486133333334 0
endloop
endfacet
facet normal 0 0 -1
outer loop
vertex 53.60004 72.59744266666667 0
vertex 52.06461866666667 72.47486133333334 0
vertex 52.037127999999996 72.59744266666667 0
endloop
endfacet
facet normal 0 0 -1
outer loop
vertex 1.5354213333333333 72.47486133333334 0
vertex 1.515592 72.35047733333333 0
vertex 0 72.35047733333333 0
endloop
endfacet
facet normal 0 0 -0.9999999999999999
outer loop
vertex 1.5354213333333333 72.47486133333334 0
vertex 0 72.35047733333333 0
vertex 0 72.47486133333334 0
endloop
endfacet
facet normal 0 0 -1
outer loop
vertex 53.60004 72.47486133333334 0
vertex 53.60004 72.35047733333333 0
vertex 52.084448 72.35047733333333 0
endloop
endfacet
facet normal 0 0 -1
outer loop
vertex 53.60004 72.47486133333334 0
vertex 52.084448 72.35047733333333 0
vertex 52.06461866666667 72.47486133333334 0
endloop
endfacet
facet normal 0 0 -1
outer loop
vertex 1.515592 72.35047733333333 0
vertex 1.5038746666666667 72.22564266666666 0
vertex 0 72.22564266666666 0
endloop
endfacet
facet normal 0 0 -1
outer loop
vertex 1.515592 72.35047733333333 0
vertex 0 72.22564266666666 0
vertex 0 72.35047733333333 0
endloop
endfacet
facet normal 0 0 -1
outer loop
vertex 53.60004 72.35047733333333 0
vertex 53.60004 72.22564266666666 0
vertex 52.09616533333333 72.22564266666666 0
endloop
endfacet
facet normal 0 0 -1
outer loop
vertex 53.60004 72.35047733333333 0
vertex 52.09616533333333 72.22564266666666 0
vertex 52.084448 72.35047733333333 0
endloop
endfacet
facet normal 0 0 -1
outer loop
vertex 1.5038746666666667 72.22564266666666 0
vertex 1.4998186666666666 72.09990666666667 0
vertex 0 72.09990666666667 0
endloop
endfacet
facet normal 0 0 -1
outer loop
vertex 1.5038746666666667 72.22564266666666 0
vertex 0 72.09990666666667 0
vertex 0 72.22564266666666 0
endloop
endfacet
facet normal 0 0 -1
outer loop
vertex 53.60004 72.22564266666666 0
vertex 53.60004 72.09990666666667 0
vertex 52.10022133333333 72.09990666666667 0
endloop
endfacet
facet normal 0 0 -1
outer loop
vertex 53.60004 72.22564266666666 0
vertex 52.10022133333333 72.09990666666667 0
vertex 52.09616533333333 72.22564266666666 0
endloop
endfacet
facet normal 0 0 -1
outer loop
vertex 1.4998186666666666 72.09990666666667 0
vertex 1.4998186666666666 7.499994666666667 0
vertex 0 7.499994666666667 0
endloop
endfacet
facet normal 0 0 -1
outer loop
vertex 1.4998186666666666 72.09990666666667 0
vertex 0 7.499994666666667 0
vertex 0 72.09990666666667 0
endloop
endfacet
facet normal 0 0 -1
outer loop
vertex 53.60004 72.09990666666667 0
vertex 53.60004 7.499994666666667 0
vertex 52.10022133333333 7.499994666666667 0
endloop
endfacet
facet normal 0 0 -1
outer loop
vertex 53.60004 72.09990666666667 0
vertex 52.10022133333333 7.499994666666667 0
vertex 52.10022133333333 72.09990666666667 0
endloop
endfacet
facet normal 0 0 -1
outer loop
vertex 1.4998186666666666 7.499994666666667 0
vertex 1.5038746666666667 7.374258666666666 0
vertex 0 7.374258666666666 0
endloop
endfacet
facet normal 0 0 -1
outer loop
vertex 1.4998186666666666 7.499994666666667 0
vertex 0 7.374258666666666 0
vertex 0 7.499994666666667 0
endloop
endfacet
facet normal 0 0 -1
outer loop
vertex 53.60004 7.499994666666667 0
vertex 53.60004 7.374258666666666 0
vertex 52.09616533333333 7.374258666666666 0
endloop
endfacet
facet normal 0 0 -1
outer loop
vertex 53.60004 7.499994666666667 0
vertex 52.09616533333333 7.374258666666666 0
vertex 52.10022133333333 7.499994666666667 0
endloop
endfacet
facet normal 0 0 -1
outer loop
vertex 1.5038746666666667 7.374258666666666 0
vertex 1.515592 7.249423999999999 0
vertex 0 7.249423999999999 0
endloop
endfacet
facet normal 0 0 -1
outer loop
vertex 1.5038746666666667 7.374258666666666 0
vertex 0 7.249423999999999 0
vertex 0 7.374258666666666 0
endloop
endfacet
facet normal 0 0 -1
outer loop
vertex 53.60004 7.374258666666666 0
vertex 53.60004 7.249423999999999 0
vertex 52.084448 7.249423999999999 0
endloop
endfacet
facet normal 0 0 -1
outer loop
vertex 53.60004 7.374258666666666 0
vertex 52.084448 7.249423999999999 0
vertex 52.09616533333333 7.374258666666666 0
endloop
endfacet
facet normal 0 0 -1
outer loop
vertex 1.515592 7.249423999999999 0
vertex 1.5354213333333333 7.125039999999999 0
vertex 0 7.125039999999999 0
endloop
endfacet
facet normal 0 0 -1
outer loop
vertex 1.515592 7.249423999999999 0
vertex 0 7.125039999999999 0
vertex 0 7.249423999999999 0
endloop
endfacet
facet normal 0 0 -0.9999999999999999
outer loop
vertex 53.60004 7.249423999999999 0
vertex 53.60004 7.125039999999999 0
vertex 52.06461866666667 7.125039999999999 0
endloop
endfacet
facet normal 0 0 -1
outer loop
vertex 53.60004 7.249423999999999 0
vertex 52.06461866666667 7.125039999999999 0
vertex 52.084448 7.249423999999999 0
endloop
endfacet
facet normal 0 0 -0.9999999999999999
outer loop
vertex 1.5354213333333333 7.125039999999999 0
vertex 1.5629119999999999 7.002458666666667 0
vertex 0 7.002458666666667 0
endloop
endfacet
facet normal 0 0 -1
outer loop
vertex 1.5354213333333333 7.125039999999999 0
vertex 0 7.002458666666667 0
vertex 0 7.125039999999999 0
endloop
endfacet
facet normal 0 0 -1
outer loop
vertex 53.60004 7.125039999999999 0
vertex 53.60004 7.002458666666667 0
vertex 52.037127999999996 7.002458666666667 0
endloop
endfacet
facet normal 0 0 -1
outer loop
vertex 53.60004 7.125039999999999 0
vertex 52.037127999999996 7.002458666666667 0
vertex 52.06461866666667 7.125039999999999 0
endloop
endfacet
facet normal 0 0 -1
outer loop
vertex 1.5629119999999999 7.002458666666667 0
vertex 1.598064 6.882130666666667 0
vertex 0 6.882130666666667 0
endloop
endfacet
facet normal 0 0 -0.9999999999999999
outer loop
vertex 1.5629119999999999 7.002458666666667 0
vertex 0 6.882130666666667 0
vertex 0 7.002458666666667 0
endloop
endfacet
facet normal 0 0 -1
outer loop
vertex 53.60004 7.002458666666667 0
vertex 53.60004 6.882130666666667 0
vertex 52.001976 6.882130666666667 0
endloop
endfacet
facet normal 0 0 -1
outer loop
vertex 53.60004 7.002458666666667 0
vertex 52.001976 6.882130666666667 0
vertex 52.037127999999996 7.002458666666667 0
endloop
endfacet
facet normal 0 0 -1
outer loop
vertex 1.598064 6.882130666666667 0
vertex 1.6404266666666667 6.7636053333333335 0
vertex 0 6.7636053333333335 0
endloop
endfacet
facet normal 0 0 -1
outer loop
vertex 1.598064 6.882130666666667 0
vertex 0 6.7636053333333335 0
vertex 0 6.882130666666667 0
endloop
endfacet
facet normal 0 0 -1
outer loop
vertex 53.60004 6.882130666666667 0
vertex 53.60004 6.7636053333333335 0
vertex 51.95961333333333 6.7636053333333335 0
endloop
endfacet
facet normal 0 0 -1
outer loop
vertex 53.60004 6.882130666666667 0
vertex 51.95961333333333 6.7636053333333335 0
vertex 52.001976 6.882130666666667 0
endloop
endfacet
facet normal 0 0 -1
outer loop
vertex 1.6404266666666667 6.7636053333333335 0
vertex 1.6904506666666665 6.648234666666666 0
vertex 0 6.648234666666666 0
endloop
endfacet
facet normal 0 0 -1
outer loop
vertex 1.6404266666666667 6.7636053333333335 0
vertex 0 6.648234666666666 0
vertex 0 6.7636053333333335 0
endloop
endfacet
facet normal 0 0 -1
outer loop
vertex 53.60004 6.7636053333333335 0
vertex 53.60004 6.648234666666666 0
vertex 51.90958933333333 6.648234666666666 0
endloop
endfacet
facet normal 0 0 -0.9999999999999999
outer loop
vertex 53.60004 6.7636053333333335 0
vertex 51.90958933333333 6.648234666666666 0
vertex 51.95961333333333 6.7636053333333335 0
endloop
endfacet
facet normal 0 0 -1
outer loop
vertex 1.6904506666666665 6.648234666666666 0
vertex 1.7472346666666667 6.536469333333333 0
vertex 0 6.536469333333333 0
endloop
endfacet
facet normal 0 0 -1
outer loop
vertex 1.6904506666666665 6.648234666666666 0
vertex 0 6.536469333333333 0
vertex 0 6.648234666666666 0
endloop
endfacet
facet normal 0 0 -0.9999999999999999
outer loop
vertex 53.60004 6.648234666666666 0
vertex 53.60004 6.536469333333333 0
vertex 51.85280533333333 6.536469333333333 0
endloop
endfacet
facet normal 0 0 -0.9999999999999999
outer loop
vertex 53.60004 6.648234666666666 0
vertex 51.85280533333333 6.536469333333333 0
vertex 51.90958933333333 6.648234666666666 0
endloop
endfacet
facet normal 0 0 -1
outer loop
vertex 1.7472346666666667 6.536469333333333 0
vertex 1.8112293333333334 6.428309333333333 0
vertex 0 6.428309333333333 0
endloop
endfacet
facet normal 0 0 -1
outer loop
vertex 1.7472346666666667 6.536469333333333 0
vertex 0 6.428309333333333 0
vertex 0 6.536469333333333 0
endloop
endfacet
facet normal 0 0 -1
outer loop
vertex 53.60004 6.536469333333333 0
vertex 53.60004 6.428309333333333 0
vertex 51.78881066666666 6.428309333333333 0
endloop
endfacet
facet normal 0 0 -1
outer loop
vertex 53.60004 6.536469333333333 0
vertex 51.78881066666666 6.428309333333333 0
vertex 51.85280533333333 6.536469333333333 0
endloop
endfacet
facet normal 0 0 -1
outer loop
vertex 1.8112293333333334 6.428309333333333 0
vertex 1.8819839999999999 6.3242053333333335 0
vertex 0 6.3242053333333335 0
endloop
endfacet
facet normal 0 0 -1
outer loop
vertex 1.8112293333333334 6.428309333333333 0
vertex 0 6.3242053333333335 0
vertex 0 6.428309333333333 0
endloop
endfacet
facet normal 0 0 -1
outer loop
vertex 53.60004 6.428309333333333 0
vertex 53.60004 6.3242053333333335 0
vertex 51.718056 6.3242053333333335 0
endloop
endfacet
facet normal 0 0 -1
outer loop
vertex 53.60004 6.428309333333333 0
vertex 51.718056 6.3242053333333335 0
vertex 51.78881066666666 6.428309333333333 0
endloop
endfacet
facet normal 0 0 -1
outer loop
vertex 1.8819839999999999 6.3242053333333335 0
vertex 1.959048 6.2250586666666665 0
vertex 0 6.2250586666666665 0
endloop
endfacet
facet normal 0 0 -1
outer loop
vertex 1.8819839999999999 6.3242053333333335 0
vertex 0 6.2250586666666665 0
vertex 0 6.3242053333333335 0
endloop
endfacet
facet normal 0 0 -1
outer loop
vertex 53.60004 6.3242053333333335 0
vertex 53.60004 6.2250586666666665 0
vertex 51.640992 6.2250586666666665 0
endloop
endfacet
facet normal 0 0 -1
outer loop
vertex 53.60004 6.3242053333333335 0
vertex 51.640992 6.2250586666666665 0
vertex 51.718056 6.3242053333333335 0
endloop
endfacet
facet normal 0 0 -1
outer loop
vertex 1.959048 6.2250586666666665 0
vertex 2.041970666666667 6.130869333333333 0
vertex 0 6.130869333333333 0
endloop
endfacet
facet normal 0 0 -1
outer loop
vertex 1.959048 6.2250586666666665 0
vertex 0 6.130869333333333 0
vertex 0 6.2250586666666665 0
endloop
endfacet
facet normal 0 0 -1
outer loop
vertex 53.60004 6.2250586666666665 0
vertex 53.60004 6.130869333333333 0
vertex 51.55806933333333 6.130869333333333 0
endloop
endfacet
facet normal 0 0 -1
outer loop
vertex 53.60004 6.2250586666666665 0
vertex 51.55806933333333 6.130869333333333 0
vertex 51.640992 6.2250586666666665 0
endloop
endfacet
facet normal 0 0 -1
outer loop
vertex 2.041970666666667 6.130869333333333 0
vertex 2.1307519999999998 6.042088 0
vertex 0 6.042088 0
endloop
endfacet
facet normal 0 0 -0.9999999999999999
outer loop
vertex 2.041970666666667 6.130869333333333 0
vertex 0 6.042088 0
vertex 0 6.130869333333333 0
endloop
endfacet
facet normal 0 0 -0.9999999999999999
outer loop
vertex 53.60004 6.130869333333333 0
vertex 53.60004 6.042088 0
vertex 51.469288 6.042088 0
endloop
endfacet
facet normal 0 0 -1
outer loop
vertex 53.60004 6.130869333333333 0
vertex 51.469288 6.042088 0
vertex 51.55806933333333 6.130869333333333 0
endloop
endfacet
facet normal 0 0 -1
outer loop
vertex 0.8715893333333333 6.000626666666666 0
vertex 2.1307519999999998 6.042088 0
vertex 2.224941333333333 5.959165333333333 0
endloop
endfacet
facet normal 0 0 -1
outer loop
vertex 0.8715893333333333 6.000626666666666 0
vertex 2.224941333333333 5.959165333333333 0
vertex 0.001352 5.959165333333333 0
endloop
endfacet
facet normal 0 0 -1
outer loop
vertex 0.8715893333333333 6.000626666666666 0
vertex 0.001352 5.959165333333333 0
vertex 0 6.000176 0
endloop
endfacet
facet normal 0 0 -1
outer loop
vertex 0.8715893333333333 6.000626666666666 0
vertex 0 6.000176 0
vertex 0 6.042088 0
endloop
endfacet
facet normal 0 0 -1
outer loop
vertex 0.8715893333333333 6.000626666666666 0
vertex 0 6.042088 0
vertex 2.1307519999999998 6.042088 0
endloop
endfacet
facet normal 0 0 -1
outer loop
vertex 52.72845066666667 6.000626666666666 0
vertex 53.60004 6.042088 0
vertex 53.60004 6.000176 0
endloop
endfacet
facet normal 0 0 -1
outer loop
vertex 52.72845066666667 6.000626666666666 0
vertex 53.60004 6.000176 0
vertex 53.598687999999996 5.959165333333333 0
endloop
endfacet
facet normal 0 0 -1
outer loop
vertex 52.72845066666667 6.000626666666666 0
vertex 53.598687999999996 5.959165333333333 0
vertex 51.374648 5.959165333333333 0
endloop
endfacet
facet normal 0 0 -1
outer loop
vertex 52.72845066666667 6.000626666666666 0
vertex 51.374648 5.959165333333333 0
vertex 51.469288 6.042088 0
endloop
endfacet
facet normal 0 0 -1
outer loop
vertex 52.72845066666667 6.000626666666666 0
vertex 51.469288 6.042088 0
vertex 53.60004 6.042088 0
endloop
endfacet
facet normal 0 0 -1
outer loop
vertex 2.224941333333333 5.959165333333333 0
vertex 2.3245386666666668 5.882101333333333 0
vertex 0.0036053333333333332 5.882101333333333 0
endloop
endfacet
facet normal 0 0 -1
outer loop
vertex 2.224941333333333 5.959165333333333 0
vertex 0.0036053333333333332 5.882101333333333 0
vertex 0.001352 5.959165333333333 0
endloop
endfacet
facet normal 0 0 -0.9999999999999999
outer loop
vertex 53.598687999999996 5.959165333333333 0
vertex 53.59643466666667 5.882101333333333 0
vertex 51.27550133333333 5.882101333333333 0
endloop
endfacet
facet normal 0 0 -1
outer loop
vertex 53.598687999999996 5.959165333333333 0
vertex 51.27550133333333 5.882101333333333 0
vertex 51.374648 5.959165333333333 0
endloop
endfacet
facet normal 0 0 -1
outer loop
vertex 0.9540613333333333 5.852357333333333 0
vertex 2.3245386666666668 5.882101333333333 0
vertex 2.428192 5.811346666666666 0
endloop
endfacet
facet normal 0 0 -1
outer loop
vertex 0.9540613333333333 5.852357333333333 0
vertex 2.428192 5.811346666666666 0
vertex 0.009914666666666667 5.811346666666666 0
endloop
endfacet
facet normal 0 0 -1
outer loop
vertex 0.9540613333333333 5.852357333333333 0
vertex 0.009914666666666667 5.811346666666666 0
vertex 0.004056 5.87444 0
endloop
endfacet
facet normal 0 0 -1
outer loop
vertex 0.9540613333333333 5.852357333333333 0
vertex 0.004056 5.87444 0
vertex 0.0036053333333333332 5.882101333333333 0
endloop
endfacet
facet normal 0 0 -1
outer loop
vertex 0.9540613333333333 5.852357333333333 0
vertex 0.0036053333333333332 5.882101333333333 0
vertex 2.3245386666666668 5.882101333333333 0
endloop
endfacet
facet normal 0 0 -1
outer loop
vertex 52.645978666666664 5.852357333333333 0
vertex 53.59643466666667 5.882101333333333 0
vertex 53.595984 5.87444 0
endloop
endfacet
facet normal 0 0 -1
outer loop
vertex 52.645978666666664 5.852357333333333 0
vertex 53.595984 5.87444 0
vertex 53.59012533333333 5.811346666666666 0
endloop
endfacet
facet normal 0 0 -1
outer loop
vertex 52.645978666666664 5.852357333333333 0
vertex 53.59012533333333 5.811346666666666 0
vertex 51.171848 5.811346666666666 0
endloop
endfacet
facet normal 0 0 -1
outer loop
vertex 52.645978666666664 5.852357333333333 0
vertex 51.171848 5.811346666666666 0
vertex 51.27550133333333 5.882101333333333 0
endloop
endfacet
facet normal 0 0 -1
outer loop
vertex 52.645978666666664 5.852357333333333 0
vertex 51.27550133333333 5.882101333333333 0
vertex 53.59643466666667 5.882101333333333 0
endloop
endfacet
facet normal 0 0 -1
outer loop
vertex 1.0013813333333332 5.7734906666666665 0
vertex 2.428192 5.811346666666666 0
vertex 2.536352 5.747352 0
endloop
endfacet
facet normal 0 0 -1
outer loop
vertex 1.0013813333333332 5.7734906666666665 0
vertex 2.536352 5.747352 0
vertex 0.016224 5.747352 0
endloop
endfacet
facet normal 0 0 -1
outer loop
vertex 1.0013813333333332 5.7734906666666665 0
vertex 0.016224 5.747352 0
vertex 0.015773333333333334 5.749154666666667 0
endloop
endfacet
facet normal 0 0 -1
outer loop
vertex 1.0013813333333332 5.7734906666666665 0
vertex 0.015773333333333334 5.749154666666667 0
vertex 0.009914666666666667 5.811346666666666 0
endloop
endfacet
facet normal 0 0 -1
outer loop
vertex 1.0013813333333332 5.7734906666666665 0
vertex 0.009914666666666667 5.811346666666666 0
vertex 2.428192 5.811346666666666 0
endloop
endfacet
facet normal 0 0 -1
outer loop
vertex 52.598658666666665 5.7734906666666665 0
vertex 53.59012533333333 5.811346666666666 0
vertex 53.584266666666664 5.749154666666667 0
endloop
endfacet
facet normal 0 0 -1
outer loop
vertex 52.598658666666665 5.7734906666666665 0
vertex 53.584266666666664 5.749154666666667 0
vertex 53.583816 5.747352 0
endloop
endfacet
facet normal 0 0 -1
outer loop
vertex 52.598658666666665 5.7734906666666665 0
vertex 53.583816 5.747352 0
vertex 51.063688 5.747352 0
endloop
endfacet
facet normal 0 0 -1
outer loop
vertex 52.598658666666665 5.7734906666666665 0
vertex 51.063688 5.747352 0
vertex 51.171848 5.811346666666666 0
endloop
endfacet
facet normal 0 0 -1
outer loop
vertex 52.598658666666665 5.7734906666666665 0
vertex 51.171848 5.811346666666666 0
vertex 53.59012533333333 5.811346666666666 0
endloop
endfacet
facet normal 0 0 -1
outer loop
vertex 2.536352 5.747352 0
vertex 2.648568 5.690568 0
vertex 0.025237333333333334 5.690568 0
endloop
endfacet
facet normal 0 0 -1
outer loop
vertex 2.536352 5.747352 0
vertex 0.025237333333333334 5.690568 0
vertex 0.016224 5.747352 0
endloop
endfacet
facet normal 0 0 -1
outer loop
vertex 53.583816 5.747352 0
vertex 53.57480266666666 5.690568 0
vertex 50.951471999999995 5.690568 0
endloop
endfacet
facet normal 0 0 -1
outer loop
vertex 53.583816 5.747352 0
vertex 50.951471999999995 5.690568 0
vertex 51.063688 5.747352 0
endloop
endfacet
facet normal 0 0 -1
outer loop
vertex 2.648568 5.690568 0
vertex 2.7639386666666668 5.640544 0
vertex 0.032898666666666666 5.640544 0
endloop
endfacet
facet normal 0 0 -1
outer loop
vertex 2.648568 5.690568 0
vertex 0.032898666666666666 5.640544 0
vertex 0.025237333333333334 5.690568 0
endloop
endfacet
facet normal 0 0 -1
outer loop
vertex 53.57480266666666 5.690568 0
vertex 53.56714133333333 5.640544 0
vertex 50.83610133333333 5.640544 0
endloop
endfacet
facet normal 0 0 -1
outer loop
vertex 53.57480266666666 5.690568 0
vertex 50.83610133333333 5.640544 0
vertex 50.951471999999995 5.690568 0
endloop
endfacet
facet normal 0 0 -1
outer loop
vertex 1.1510026666666666 5.620264 0
vertex 2.7639386666666668 5.640544 0
vertex 2.882013333333333 5.597730666666666 0
endloop
endfacet
facet normal 0 0 -1
outer loop
vertex 1.1510026666666666 5.620264 0
vertex 2.882013333333333 5.597730666666666 0
vertex 0.04146133333333333 5.597730666666666 0
endloop
endfacet
facet normal 0 0 -1
outer loop
vertex 1.1510026666666666 5.620264 0
vertex 0.04146133333333333 5.597730666666666 0
vertex 0.035602666666666664 5.625221333333333 0
endloop
endfacet
facet normal 0 0 -1
outer loop
vertex 1.1510026666666666 5.620264 0
vertex 0.035602666666666664 5.625221333333333 0
vertex 0.032898666666666666 5.640544 0
endloop
endfacet
facet normal 0 0 -0.9999999999999999
outer loop
vertex 1.1510026666666666 5.620264 0
vertex 0.032898666666666666 5.640544 0
vertex 2.7639386666666668 5.640544 0
endloop
endfacet
facet normal 0 0 -1
outer loop
vertex 52.44903733333333 5.620264 0
vertex 53.56714133333333 5.640544 0
vertex 53.56443733333333 5.625221333333333 0
endloop
endfacet
facet normal 0 0 -0.9999999999999999
outer loop
vertex 52.44903733333333 5.620264 0
vertex 53.56443733333333 5.625221333333333 0
vertex 53.55857866666666 5.597730666666666 0
endloop
endfacet
facet normal 0 0 -1
outer loop
vertex 52.44903733333333 5.620264 0
vertex 53.55857866666666 5.597730666666666 0
vertex 50.71802666666667 5.597730666666666 0
endloop
endfacet
facet normal 0 0 -1
outer loop
vertex 52.44903733333333 5.620264 0
vertex 50.71802666666667 5.597730666666666 0
vertex 50.83610133333333 5.640544 0
endloop
endfacet
facet normal 0 0 -0.9999999999999999
outer loop
vertex 52.44903733333333 5.620264 0
vertex 50.83610133333333 5.640544 0
vertex 53.56714133333333 5.640544 0
endloop
endfacet
facet normal 0 0 -1
outer loop
vertex 2.882013333333333 5.597730666666666 0
vertex 3.002792 5.563029333333333 0
vertex 0.04957333333333333 5.563029333333333 0
endloop
endfacet
facet normal 0 0 -1
outer loop
vertex 2.882013333333333 5.597730666666666 0
vertex 0.04957333333333333 5.563029333333333 0
vertex 0.04146133333333333 5.597730666666666 0
endloop
endfacet
facet normal 0 0 -1
outer loop
vertex 53.55857866666666 5.597730666666666 0
vertex 53.550466666666665 5.563029333333333 0
vertex 50.597248 5.563029333333333 0
endloop
endfacet
facet normal 0 0 -1
outer loop
vertex 53.55857866666666 5.597730666666666 0
vertex 50.597248 5.563029333333333 0
vertex 50.71802666666667 5.597730666666666 0
endloop
endfacet
facet normal 0 0 -1
outer loop
vertex 3.002792 5.563029333333333 0
vertex 3.125373333333333 5.535538666666667 0
vertex 0.055431999999999995 5.535538666666667 0
endloop
endfacet
facet normal 0 0 -1
outer loop
vertex 3.002792 5.563029333333333 0
vertex 0.055431999999999995 5.535538666666667 0
vertex 0.04957333333333333 5.563029333333333 0
endloop
endfacet
facet normal 0 0 -1
outer loop
vertex 53.550466666666665 5.563029333333333 0
vertex 53.544608 5.535538666666667 0
vertex 50.474666666666664 5.535538666666667 0
endloop
endfacet
facet normal 0 0 -1
outer loop
vertex 53.550466666666665 5.563029333333333 0
vertex 50.474666666666664 5.535538666666667 0
vertex 50.597248 5.563029333333333 0
endloop
endfacet
facet normal 0 0 -0.9999999999999999
outer loop
vertex 3.125373333333333 5.535538666666667 0
vertex 3.2493066666666666 5.515709333333334 0
vertex 0.05993866666666667 5.515709333333334 0
endloop
endfacet
facet normal 0 0 -0.9999999999999999
outer loop
vertex 3.125373333333333 5.535538666666667 0
vertex 0.05993866666666667 5.515709333333334 0
vertex 0.055431999999999995 5.535538666666667 0
endloop
endfacet
facet normal 0 0 -1
outer loop
vertex 53.544608 5.535538666666667 0
vertex 53.54010133333333 5.515709333333334 0
vertex 50.35073333333333 5.515709333333334 0
endloop
endfacet
facet normal 0 0 -1
outer loop
vertex 53.544608 5.535538666666667 0
vertex 50.35073333333333 5.515709333333334 0
vertex 50.474666666666664 5.535538666666667 0
endloop
endfacet
facet normal 0 0 -1
outer loop
vertex 3.2493066666666666 5.515709333333334 0
vertex 3.374592 5.503992 0
vertex 0.06264266666666667 5.503992 0
endloop
endfacet
facet normal 0 0 -1
outer loop
vertex 3.2493066666666666 5.515709333333334 0
vertex 0.06264266666666667 5.503992 0
vertex 0.05993866666666667 5.515709333333334 0
endloop
endfacet
facet normal 0 0 -1
outer loop
vertex 53.54010133333333 5.515709333333334 0
vertex 53.53739733333333 5.503992 0
vertex 50.225448 5.503992 0
endloop
endfacet
facet normal 0 0 -1
outer loop
vertex 53.54010133333333 5.515709333333334 0
vertex 50.225448 5.503992 0
vertex 50.35073333333333 5.515709333333334 0
endloop
endfacet
facet normal 0 0 -1
outer loop
vertex 2.749968 4.750026666666667 0
vertex 3.374592 5.503992 0
vertex 3.6256133333333334 5.49588 0
endloop
endfacet
facet normal 0 0 -1
outer loop
vertex 2.749968 4.750026666666667 0
vertex 3.6256133333333334 5.49588 0
vertex 3.750448 5.484162666666666 0
endloop
endfacet
facet normal 0 0 -1
outer loop
vertex 2.749968 4.750026666666667 0
vertex 3.750448 5.484162666666666 0
vertex 3.874832 5.464784 0
endloop
endfacet
facet normal 0 0 -1
outer loop
vertex 2.749968 4.750026666666667 0
vertex 3.874832 5.464784 0
vertex 3.9974133333333333 5.437293333333333 0
endloop
endfacet
facet normal 0 0 -1
outer loop
vertex 2.749968 4.750026666666667 0
vertex 3.9974133333333333 5.437293333333333 0
vertex 4.118192 5.402141333333333 0
endloop
endfacet
facet normal 0 0 -1
outer loop
vertex 2.749968 4.750026666666667 0
vertex 4.118192 5.402141333333333 0
vertex 4.236266666666666 5.359328 0
endloop
endfacet
facet normal 0 0 -1
outer loop
vertex 2.749968 4.750026666666667 0
vertex 4.236266666666666 5.359328 0
vertex 4.351637333333334 5.309754666666667 0
endloop
endfacet
facet normal 0 0 -1
outer loop
vertex 2.749968 4.750026666666667 0
vertex 4.351637333333334 5.309754666666667 0
vertex 4.463402666666666 5.25252 0
endloop
endfacet
facet normal 0 0 -1
outer loop
vertex 2.749968 4.750026666666667 0
vertex 4.463402666666666 5.25252 0
vertex 4.571562666666667 5.188525333333333 0
endloop
endfacet
facet normal 0 0 -0.9999999999999999
outer loop
vertex 2.749968 4.750026666666667 0
vertex 4.571562666666667 5.188525333333333 0
vertex 4.675666666666666 5.1182213333333335 0
endloop
endfacet
facet normal 0 0 -1
outer loop
vertex 2.749968 4.750026666666667 0
vertex 4.675666666666666 5.1182213333333335 0
vertex 4.774813333333333 5.0411573333333335 0
endloop
endfacet
facet normal 0 0 -1
outer loop
vertex 2.749968 4.750026666666667 0
vertex 4.774813333333333 5.0411573333333335 0
vertex 4.869002666666667 4.957784 0
endloop
endfacet
facet normal 0 0 -1
outer loop
vertex 2.749968 4.750026666666667 0
vertex 4.869002666666667 4.957784 0
vertex 4.957784 4.869002666666667 0
endloop
endfacet
facet normal 0 0 -1
outer loop
vertex 2.749968 4.750026666666667 0
vertex 4.957784 4.869002666666667 0
vertex 5.0411573333333335 4.774813333333333 0
endloop
endfacet
facet normal 0 0 -1
outer loop
vertex 2.749968 4.750026666666667 0
vertex 5.0411573333333335 4.774813333333333 0
vertex 5.1182213333333335 4.675666666666666 0
endloop
endfacet
facet normal 0 0 -1
outer loop
vertex 2.749968 4.750026666666667 0
vertex 5.1182213333333335 4.675666666666666 0
vertex 5.188525333333333 4.571562666666667 0
endloop
endfacet
facet normal 0 0 -1
outer loop
vertex 2.749968 4.750026666666667 0
vertex 5.188525333333333 4.571562666666667 0
vertex 5.25252 4.463402666666666 0
endloop
endfacet
facet normal 0 0 -1
outer loop
vertex 2.749968 4.750026666666667 0
vertex 5.25252 4.463402666666666 0
vertex 5.309754666666667 4.351637333333334 0
endloop
endfacet
facet normal 0 0 -1
outer loop
vertex 2.749968 4.750026666666667 0
vertex 5.309754666666667 4.351637333333334 0
vertex 5.359328 4.236266666666666 0
endloop
endfacet
facet normal 0 0 -1
outer loop
vertex 2.749968 4.750026666666667 0
vertex 5.359328 4.236266666666666 0
vertex 5.402141333333333 4.118192 0
endloop
endfacet
facet normal 0 0 -1
outer loop
vertex 2.749968 4.750026666666667 0
vertex 5.402141333333333 4.118192 0
vertex 5.437293333333333 3.9974133333333333 0
endloop
endfacet
facet normal 0 0 -1
outer loop
vertex 2.749968 4.750026666666667 0
vertex 5.437293333333333 3.9974133333333333 0
vertex 5.437293333333333 3.996061333333333 0
endloop
endfacet
facet normal 0 0 -1
outer loop
vertex 2.749968 4.750026666666667 0
vertex 5.437293333333333 3.996061333333333 0
vertex 2.1257946666666667 3.996061333333333 0
endloop
endfacet
facet normal 0 0 -1
outer loop
vertex 2.749968 4.750026666666667 0
vertex 2.1257946666666667 3.996061333333333 0
vertex 1.8743226666666666 4.0037226666666665 0
endloop
endfacet
facet normal 0 0 -1
outer loop
vertex 2.749968 4.750026666666667 0
vertex 1.8743226666666666 4.0037226666666665 0
vertex 1.749488 4.0158906666666665 0
endloop
endfacet
facet normal 0 0 -1
outer loop
vertex 2.749968 4.750026666666667 0
vertex 1.749488 4.0158906666666665 0
vertex 1.6251039999999999 4.035269333333333 0
endloop
endfacet
facet normal 0 0 -1
outer loop
vertex 2.749968 4.750026666666667 0
vertex 1.6251039999999999 4.035269333333333 0
vertex 1.5025226666666667 4.06276 0
endloop
endfacet
facet normal 0 0 -1
outer loop
vertex 2.749968 4.750026666666667 0
vertex 1.5025226666666667 4.06276 0
vertex 1.3817439999999999 4.097912 0
endloop
endfacet
facet normal 0 0 -1
outer loop
vertex 2.749968 4.750026666666667 0
vertex 1.3817439999999999 4.097912 0
vertex 1.2636693333333333 4.1402746666666665 0
endloop
endfacet
facet normal 0 0 -1
outer loop
vertex 2.749968 4.750026666666667 0
vertex 1.2636693333333333 4.1402746666666665 0
vertex 1.1482986666666666 4.190298666666666 0
endloop
endfacet
facet normal 0 0 -1
outer loop
vertex 2.749968 4.750026666666667 0
vertex 1.1482986666666666 4.190298666666666 0
vertex 1.0365333333333333 4.247533333333333 0
endloop
endfacet
facet normal 0 0 -1
outer loop
vertex 2.749968 4.750026666666667 0
vertex 1.0365333333333333 4.247533333333333 0
vertex 0.9283733333333333 4.311528 0
endloop
endfacet
facet normal 0 0 -1
outer loop
vertex 2.749968 4.750026666666667 0
vertex 0.9283733333333333 4.311528 0
vertex 0.8242693333333333 4.381832 0
endloop
endfacet
facet normal 0 0 -1
outer loop
vertex 2.749968 4.750026666666667 0
vertex 0.8242693333333333 4.381832 0
vertex 0.7251226666666667 4.458896 0
endloop
endfacet
facet normal 0 0 -1
outer loop
vertex 2.749968 4.750026666666667 0
vertex 0.7251226666666667 4.458896 0
vertex 0.6309333333333333 4.5422693333333335 0
endloop
endfacet
facet normal 0 0 -1
outer loop
vertex 2.749968 4.750026666666667 0
vertex 0.6309333333333333 4.5422693333333335 0
vertex 0.542152 4.631050666666667 0
endloop
endfacet
facet normal 0 0 -1
outer loop
vertex 2.749968 4.750026666666667 0
vertex 0.542152 4.631050666666667 0
vertex 0.45877866666666667 4.725239999999999 0
endloop
endfacet
facet normal 0 0 -1
outer loop
vertex 2.749968 4.750026666666667 0
vertex 0.45877866666666667 4.725239999999999 0
vertex 0.3821653333333333 4.824386666666666 0
endloop
endfacet
facet normal 0 0 -1
outer loop
vertex 2.749968 4.750026666666667 0
vertex 0.3821653333333333 4.824386666666666 0
vertex 0.31141066666666667 4.928490666666667 0
endloop
endfacet
facet normal 0 0 -1
outer loop
vertex 2.749968 4.750026666666667 0
vertex 0.31141066666666667 4.928490666666667 0
vertex 0.247416 5.036650666666667 0
endloop
endfacet
facet normal 0 0 -1
outer loop
vertex 2.749968 4.750026666666667 0
vertex 0.247416 5.036650666666667 0
vertex 0.19018133333333334 5.148416 0
endloop
endfacet
facet normal 0 0 -1
outer loop
vertex 2.749968 4.750026666666667 0
vertex 0.19018133333333334 5.148416 0
vertex 0.14060799999999998 5.263786666666666 0
endloop
endfacet
facet normal 0 0 -1
outer loop
vertex 2.749968 4.750026666666667 0
vertex 0.14060799999999998 5.263786666666666 0
vertex 0.09779466666666667 5.381861333333333 0
endloop
endfacet
facet normal 0 0 -1
outer loop
vertex 2.749968 4.750026666666667 0
vertex 0.09779466666666667 5.381861333333333 0
vertex 0.06264266666666667 5.5026399999999995 0
endloop
endfacet
facet normal 0 0 -0.9999999999999999
outer loop
vertex 2.749968 4.750026666666667 0
vertex 0.06264266666666667 5.5026399999999995 0
vertex 0.06264266666666667 5.503992 0
endloop
endfacet
facet normal 0 0 -1
outer loop
vertex 2.749968 4.750026666666667 0
vertex 0.06264266666666667 5.503992 0
vertex 3.374592 5.503992 0
endloop
endfacet
facet normal 0 0 -1
outer loop
vertex 50.850072 4.750026666666667 0
vertex 53.53739733333333 5.503992 0
vertex 53.536946666666665 5.5026399999999995 0
endloop
endfacet
facet normal 0 0 -1
outer loop
vertex 50.850072 4.750026666666667 0
vertex 53.536946666666665 5.5026399999999995 0
vertex 53.502245333333335 5.381861333333333 0
endloop
endfacet
facet normal 0 0 -1
outer loop
vertex 50.850072 4.750026666666667 0
vertex 53.502245333333335 5.381861333333333 0
vertex 53.459432 5.263786666666666 0
endloop
endfacet
facet normal 0 0 -1
outer loop
vertex 50.850072 4.750026666666667 0
vertex 53.459432 5.263786666666666 0
vertex 53.409858666666665 5.148416 0
endloop
endfacet
facet normal 0 0 -1
outer loop
vertex 50.850072 4.750026666666667 0
vertex 53.409858666666665 5.148416 0
vertex 53.352624 5.036650666666667 0
endloop
endfacet
facet normal 0 0 -1
outer loop
vertex 50.850072 4.750026666666667 0
vertex 53.352624 5.036650666666667 0
vertex 53.28862933333333 4.928490666666667 0
endloop
endfacet
facet normal 0 0 -1
outer loop
vertex 50.850072 4.750026666666667 0
vertex 53.28862933333333 4.928490666666667 0
vertex 53.21787466666667 4.824386666666666 0
endloop
endfacet
facet normal 0 0 -1
outer loop
vertex 50.850072 4.750026666666667 0
vertex 53.21787466666667 4.824386666666666 0
vertex 53.14081066666667 4.725239999999999 0
endloop
endfacet
facet normal 0 0 -1
outer loop
vertex 50.850072 4.750026666666667 0
vertex 53.14081066666667 4.725239999999999 0
vertex 53.057888 4.631050666666667 0
endloop
endfacet
facet normal 0 0 -1
outer loop
vertex 50.850072 4.750026666666667 0
vertex 53.057888 4.631050666666667 0
vertex 52.96910666666666 4.5422693333333335 0
endloop
endfacet
facet normal 0 0 -1
outer loop
vertex 50.850072 4.750026666666667 0
vertex 52.96910666666666 4.5422693333333335 0
vertex 52.87491733333333 4.458896 0
endloop
endfacet
facet normal 0 0 -1
outer loop
vertex 50.850072 4.750026666666667 0
vertex 52.87491733333333 4.458896 0
vertex 52.775770666666666 4.381832 0
endloop
endfacet
facet normal 0 0 -1
outer loop
vertex 50.850072 4.750026666666667 0
vertex 52.775770666666666 4.381832 0
vertex 52.67166666666667 4.311528 0
endloop
endfacet
facet normal 0 0 -1
outer loop
vertex 50.850072 4.750026666666667 0
vertex 52.67166666666667 4.311528 0
vertex 52.56350666666666 4.247533333333333 0
endloop
endfacet
facet normal 0 0 -1
outer loop
vertex 50.850072 4.750026666666667 0
vertex 52.56350666666666 4.247533333333333 0
vertex 52.45174133333333 4.190298666666666 0
endloop
endfacet
facet normal 0 0 -1
outer loop
vertex 50.850072 4.750026666666667 0
vertex 52.45174133333333 4.190298666666666 0
vertex 52.33637066666667 4.1402746666666665 0
endloop
endfacet
facet normal 0 0 -1
outer loop
vertex 50.850072 4.750026666666667 0
vertex 52.33637066666667 4.1402746666666665 0
vertex 52.21784533333333 4.097912 0
endloop
endfacet
facet normal 0 0 -1
outer loop
vertex 50.850072 4.750026666666667 0
vertex 52.21784533333333 4.097912 0
vertex 52.09751733333333 4.06276 0
endloop
endfacet
facet normal 0 0 -0.9999999999999999
outer loop
vertex 50.850072 4.750026666666667 0
vertex 52.09751733333333 4.06276 0
vertex 51.974936 4.035269333333333 0
endloop
endfacet
facet normal 0 0 -1
outer loop
vertex 50.850072 4.750026666666667 0
vertex 51.974936 4.035269333333333 0
vertex 51.850552 4.0158906666666665 0
endloop
endfacet
facet normal 0 0 -1
outer loop
vertex 50.850072 4.750026666666667 0
vertex 51.850552 4.0158906666666665 0
vertex 51.72571733333333 4.0037226666666665 0
endloop
endfacet
facet normal 0 0 -1
outer loop
vertex 50.850072 4.750026666666667 0
vertex 51.72571733333333 4.0037226666666665 0
vertex 51.47424533333333 3.996061333333333 0
endloop
endfacet
facet normal 0 0 -1
outer loop
vertex 50.850072 4.750026666666667 0
vertex 51.47424533333333 3.996061333333333 0
vertex 48.16274666666666 3.996061333333333 0
endloop
endfacet
facet normal 0 0 -1
outer loop
vertex 50.850072 4.750026666666667 0
vertex 48.16274666666666 3.996061333333333 0
vertex 48.16274666666666 3.9974133333333333 0
endloop
endfacet
facet normal 0 0 -1
outer loop
vertex 50.850072 4.750026666666667 0
vertex 48.16274666666666 3.9974133333333333 0
vertex 48.19789866666667 4.118192 0
endloop
endfacet
facet normal 0 0 -1
outer loop
vertex 50.850072 4.750026666666667 0
vertex 48.19789866666667 4.118192 0
vertex 48.24026133333333 4.236266666666666 0
endloop
endfacet
facet normal 0 0 -1
outer loop
vertex 50.850072 4.750026666666667 0
vertex 48.24026133333333 4.236266666666666 0
vertex 48.29028533333333 4.351637333333334 0
endloop
endfacet
facet normal 0 0 -1
outer loop
vertex 50.850072 4.750026666666667 0
vertex 48.29028533333333 4.351637333333334 0
vertex 48.347519999999996 4.463402666666666 0
endloop
endfacet
facet normal 0 0 -1
outer loop
vertex 50.850072 4.750026666666667 0
vertex 48.347519999999996 4.463402666666666 0
vertex 48.41151466666666 4.571562666666667 0
endloop
endfacet
facet normal 0 0 -1
outer loop
vertex 50.850072 4.750026666666667 0
vertex 48.41151466666666 4.571562666666667 0
vertex 48.48181866666666 4.675666666666666 0
endloop
endfacet
facet normal 0 0 -0.9999999999999999
outer loop
vertex 50.850072 4.750026666666667 0
vertex 48.48181866666666 4.675666666666666 0
vertex 48.55888266666666 4.774813333333333 0
endloop
endfacet
facet normal 0 0 -1
outer loop
vertex 50.850072 4.750026666666667 0
vertex 48.55888266666666 4.774813333333333 0
vertex 48.642255999999996 4.869002666666667 0
endloop
endfacet
facet normal 0 0 -1
outer loop
vertex 50.850072 4.750026666666667 0
vertex 48.642255999999996 4.869002666666667 0
vertex 48.73103733333333 4.957784 0
endloop
endfacet
facet normal 0 0 -1
outer loop
vertex 50.850072 4.750026666666667 0
vertex 48.73103733333333 4.957784 0
vertex 48.825226666666666 5.0411573333333335 0
endloop
endfacet
facet normal 0 0 -1
outer loop
vertex 50.850072 4.750026666666667 0
vertex 48.825226666666666 5.0411573333333335 0
vertex 48.924373333333335 5.1182213333333335 0
endloop
endfacet
facet normal 0 0 -1
outer loop
vertex 50.850072 4.750026666666667 0
vertex 48.924373333333335 5.1182213333333335 0
vertex 49.028477333333335 5.188525333333333 0
endloop
endfacet
facet normal 0 0 -1
outer loop
vertex 50.850072 4.750026666666667 0
vertex 49.028477333333335 5.188525333333333 0
vertex 49.13663733333333 5.25252 0
endloop
endfacet
facet normal 0 0 -1
outer loop
vertex 50.850072 4.750026666666667 0
vertex 49.13663733333333 5.25252 0
vertex 49.248402666666664 5.309754666666667 0
endloop
endfacet
facet normal 0 0 -1
outer loop
vertex 50.850072 4.750026666666667 0
vertex 49.248402666666664 5.309754666666667 0
vertex 49.363773333333334 5.359328 0
endloop
endfacet
facet normal 0 0 -1
outer loop
vertex 50.850072 4.750026666666667 0
vertex 49.363773333333334 5.359328 0
vertex 49.481848 5.402141333333333 0
endloop
endfacet
facet normal 0 0 -1
outer loop
vertex 50.850072 4.750026666666667 0
vertex 49.481848 5.402141333333333 0
vertex 49.602626666666666 5.437293333333333 0
endloop
endfacet
facet normal 0 0 -1
outer loop
vertex 50.850072 4.750026666666667 0
vertex 49.602626666666666 5.437293333333333 0
vertex 49.725207999999995 5.464784 0
endloop
endfacet
facet normal 0 0 -1
outer loop
vertex 50.850072 4.750026666666667 0
vertex 49.725207999999995 5.464784 0
vertex 49.84914133333333 5.484162666666666 0
endloop
endfacet
facet normal 0 0 -1
outer loop
vertex 50.850072 4.750026666666667 0
vertex 49.84914133333333 5.484162666666666 0
vertex 49.974426666666666 5.49588 0
endloop
endfacet
facet normal 0 0 -1
outer loop
vertex 50.850072 4.750026666666667 0
vertex 49.974426666666666 5.49588 0
vertex 50.225448 5.503992 0
endloop
endfacet
facet normal 0 0 -1
outer loop
vertex 50.850072 4.750026666666667 0
vertex 50.225448 5.503992 0
vertex 53.53739733333333 5.503992 0
endloop
endfacet
facet normal 0 0 -1
outer loop
vertex 5.437293333333333 3.996061333333333 0
vertex 5.439997333333333 3.9843439999999997 0
vertex 2.2506293333333334 3.9843439999999997 0
endloop
endfacet
facet normal 0 0 -1
outer loop
vertex 5.437293333333333 3.996061333333333 0
vertex 2.2506293333333334 3.9843439999999997 0
vertex 2.1257946666666667 3.996061333333333 0
endloop
endfacet
facet normal 0 0 -1
outer loop
vertex 51.47424533333333 3.996061333333333 0
vertex 51.349410666666664 3.9843439999999997 0
vertex 48.16004266666666 3.9843439999999997 0
endloop
endfacet
facet normal 0 0 -1
outer loop
vertex 51.47424533333333 3.996061333333333 0
vertex 48.16004266666666 3.9843439999999997 0
vertex 48.16274666666666 3.996061333333333 0
endloop
endfacet
facet normal 0 0 -1
outer loop
vertex 5.439997333333333 3.9843439999999997 0
vertex 5.444504 3.9645146666666666 0
vertex 2.3745626666666664 3.9645146666666666 0
endloop
endfacet
facet normal 0 0 -1
outer loop
vertex 5.439997333333333 3.9843439999999997 0
vertex 2.3745626666666664 3.9645146666666666 0
vertex 2.2506293333333334 3.9843439999999997 0
endloop
endfacet
facet normal 0 0 -1
outer loop
vertex 51.349410666666664 3.9843439999999997 0
vertex 51.225026666666665 3.9645146666666666 0
vertex 48.155536 3.9645146666666666 0
endloop
endfacet
facet normal 0 0 -1
outer loop
vertex 51.349410666666664 3.9843439999999997 0
vertex 48.155536 3.9645146666666666 0
vertex 48.16004266666666 3.9843439999999997 0
endloop
endfacet
facet normal 0 0 -1
outer loop
vertex 5.444504 3.9645146666666666 0
vertex 5.4508133333333335 3.937024 0
vertex 2.4975946666666666 3.937024 0
endloop
endfacet
facet normal 0 0 -1
outer loop
vertex 5.444504 3.9645146666666666 0
vertex 2.4975946666666666 3.937024 0
vertex 2.3745626666666664 3.9645146666666666 0
endloop
endfacet
facet normal 0 0 -1
outer loop
vertex 51.225026666666665 3.9645146666666666 0
vertex 51.10244533333333 3.937024 0
vertex 48.149226666666664 3.937024 0
endloop
endfacet
facet normal 0 0 -1
outer loop
vertex 51.225026666666665 3.9645146666666666 0
vertex 48.149226666666664 3.937024 0
vertex 48.155536 3.9645146666666666 0
endloop
endfacet
facet normal 0 0 -1
outer loop
vertex 5.4508133333333335 3.937024 0
vertex 5.458474666666667 3.9023226666666666 0
vertex 2.6179226666666664 3.9023226666666666 0
endloop
endfacet
facet normal 0 0 -0.9999999999999999
outer loop
vertex 5.4508133333333335 3.937024 0
vertex 2.6179226666666664 3.9023226666666666 0
vertex 2.4975946666666666 3.937024 0
endloop
endfacet
facet normal 0 0 -0.9999999999999999
outer loop
vertex 51.10244533333333 3.937024 0
vertex 50.982117333333335 3.9023226666666666 0
vertex 48.14156533333333 3.9023226666666666 0
endloop
endfacet
facet normal 0 0 -1
outer loop
vertex 51.10244533333333 3.937024 0
vertex 48.14156533333333 3.9023226666666666 0
vertex 48.149226666666664 3.937024 0
endloop
endfacet
facet normal 0 0 -1
outer loop
vertex 4.348933333333333 3.879789333333333 0
vertex 5.458474666666667 3.9023226666666666 0
vertex 5.464784 3.874832 0
endloop
endfacet
facet normal 0 0 -1
outer loop
vertex 4.348933333333333 3.879789333333333 0
vertex 5.464784 3.874832 0
vertex 5.467037333333333 3.859509333333333 0
endloop
endfacet
facet normal 0 0 -1
outer loop
vertex 4.348933333333333 3.879789333333333 0
vertex 5.467037333333333 3.859509333333333 0
vertex 2.7364479999999998 3.859509333333333 0
endloop
endfacet
facet normal 0 0 -1
outer loop
vertex 4.348933333333333 3.879789333333333 0
vertex 2.7364479999999998 3.859509333333333 0
vertex 2.6179226666666664 3.9023226666666666 0
endloop
endfacet
facet normal 0 0 -1
outer loop
vertex 4.348933333333333 3.879789333333333 0
vertex 2.6179226666666664 3.9023226666666666 0
vertex 5.458474666666667 3.9023226666666666 0
endloop
endfacet
facet normal 0 0 -0.9999999999999999
outer loop
vertex 49.251106666666665 3.879789333333333 0
vertex 50.982117333333335 3.9023226666666666 0
vertex 50.863592 3.859509333333333 0
endloop
endfacet
facet normal 0 0 -1
outer loop
vertex 49.251106666666665 3.879789333333333 0
vertex 50.863592 3.859509333333333 0
vertex 48.13300266666666 3.859509333333333 0
endloop
endfacet
facet normal 0 0 -1
outer loop
vertex 49.251106666666665 3.879789333333333 0
vertex 48.13300266666666 3.859509333333333 0
vertex 48.135256 3.874832 0
endloop
endfacet
facet normal 0 0 -1
outer loop
vertex 49.251106666666665 3.879789333333333 0
vertex 48.135256 3.874832 0
vertex 48.14156533333333 3.9023226666666666 0
endloop
endfacet
facet normal 0 0 -1
outer loop
vertex 49.251106666666665 3.879789333333333 0
vertex 48.14156533333333 3.9023226666666666 0
vertex 50.982117333333335 3.9023226666666666 0
endloop
endfacet
facet normal 0 0 -1
outer loop
vertex 5.467037333333333 3.859509333333333 0
vertex 5.474698666666667 3.8094853333333334 0
vertex 2.851368 3.8094853333333334 0
endloop
endfacet
facet normal 0 0 -1
outer loop
vertex 5.467037333333333 3.859509333333333 0
vertex 2.851368 3.8094853333333334 0
vertex 2.7364479999999998 3.859509333333333 0
endloop
endfacet
facet normal 0 0 -1
outer loop
vertex 50.863592 3.859509333333333 0
vertex 50.74822133333333 3.8094853333333334 0
vertex 48.124890666666666 3.8094853333333334 0
endloop
endfacet
facet normal 0 0 -1
outer loop
vertex 50.863592 3.859509333333333 0
vertex 48.124890666666666 3.8094853333333334 0
vertex 48.13300266666666 3.859509333333333 0
endloop
endfacet
facet normal 0 0 -1
outer loop
vertex 5.474698666666667 3.8094853333333334 0
vertex 5.483712 3.752701333333333 0
vertex 2.963584 3.752701333333333 0
endloop
endfacet
facet normal 0 0 -1
outer loop
vertex 5.474698666666667 3.8094853333333334 0
vertex 2.963584 3.752701333333333 0
vertex 2.851368 3.8094853333333334 0
endloop
endfacet
facet normal 0 0 -1
outer loop
vertex 50.74822133333333 3.8094853333333334 0
vertex 50.636455999999995 3.752701333333333 0
vertex 48.11587733333333 3.752701333333333 0
endloop
endfacet
facet normal 0 0 -1
outer loop
vertex 50.74822133333333 3.8094853333333334 0
vertex 48.11587733333333 3.752701333333333 0
vertex 48.124890666666666 3.8094853333333334 0
endloop
endfacet
facet normal 0 0 -1
outer loop
vertex 4.498554666666666 3.7265626666666667 0
vertex 5.483712 3.752701333333333 0
vertex 5.484162666666666 3.750448 0
endloop
endfacet
facet normal 0 0 -1
outer loop
vertex 4.498554666666666 3.7265626666666667 0
vertex 5.484162666666666 3.750448 0
vertex 5.490021333333333 3.6887066666666666 0
endloop
endfacet
facet normal 0 0 -1
outer loop
vertex 4.498554666666666 3.7265626666666667 0
vertex 5.490021333333333 3.6887066666666666 0
vertex 3.071744 3.6887066666666666 0
endloop
endfacet
facet normal 0 0 -1
outer loop
vertex 4.498554666666666 3.7265626666666667 0
vertex 3.071744 3.6887066666666666 0
vertex 2.963584 3.752701333333333 0
endloop
endfacet
facet normal 0 0 -1
outer loop
vertex 4.498554666666666 3.7265626666666667 0
vertex 2.963584 3.752701333333333 0
vertex 5.483712 3.752701333333333 0
endloop
endfacet
facet normal 0 0 -1
outer loop
vertex 49.10148533333333 3.7265626666666667 0
vertex 50.636455999999995 3.752701333333333 0
vertex 50.528296 3.6887066666666666 0
endloop
endfacet
facet normal 0 0 -0.9999999999999999
outer loop
vertex 49.10148533333333 3.7265626666666667 0
vertex 50.528296 3.6887066666666666 0
vertex 48.11001866666666 3.6887066666666666 0
endloop
endfacet
facet normal 0 0 -1
outer loop
vertex 49.10148533333333 3.7265626666666667 0
vertex 48.11001866666666 3.6887066666666666 0
vertex 48.11587733333333 3.750448 0
endloop
endfacet
facet normal 0 0 -1
outer loop
vertex 49.10148533333333 3.7265626666666667 0
vertex 48.11587733333333 3.750448 0
vertex 48.11587733333333 3.752701333333333 0
endloop
endfacet
facet normal 0 0 -1
outer loop
vertex 49.10148533333333 3.7265626666666667 0
vertex 48.11587733333333 3.752701333333333 0
vertex 50.636455999999995 3.752701333333333 0
endloop
endfacet
facet normal 0 0 -1
outer loop
vertex 4.545874666666666 3.647696 0
vertex 5.490021333333333 3.6887066666666666 0
vertex 5.49588 3.6256133333333334 0
endloop
endfacet
facet normal 0 0 -1
outer loop
vertex 4.545874666666666 3.647696 0
vertex 5.49588 3.6256133333333334 0
vertex 5.496330666666666 3.617952 0
endloop
endfacet
facet normal 0 0 -1
outer loop
vertex 4.545874666666666 3.647696 0
vertex 5.496330666666666 3.617952 0
vertex 3.175397333333333 3.617952 0
endloop
endfacet
facet normal 0 0 -0.9999999999999999
outer loop
vertex 4.545874666666666 3.647696 0
vertex 3.175397333333333 3.617952 0
vertex 3.071744 3.6887066666666666 0
endloop
endfacet
facet normal 0 0 -0.9999999999999999
outer loop
vertex 4.545874666666666 3.647696 0
vertex 3.071744 3.6887066666666666 0
vertex 5.490021333333333 3.6887066666666666 0
endloop
endfacet
facet normal 0 0 -1
outer loop
vertex 49.05416533333333 3.647696 0
vertex 50.528296 3.6887066666666666 0
vertex 50.424642666666664 3.617952 0
endloop
endfacet
facet normal 0 0 -1
outer loop
vertex 49.05416533333333 3.647696 0
vertex 50.424642666666664 3.617952 0
vertex 48.103709333333335 3.617952 0
endloop
endfacet
facet normal 0 0 -1
outer loop
vertex 49.05416533333333 3.647696 0
vertex 48.103709333333335 3.617952 0
vertex 48.10416 3.6256133333333334 0
endloop
endfacet
facet normal 0 0 -1
outer loop
vertex 49.05416533333333 3.647696 0
vertex 48.10416 3.6256133333333334 0
vertex 48.11001866666666 3.6887066666666666 0
endloop
endfacet
facet normal 0 0 -1
outer loop
vertex 49.05416533333333 3.647696 0
vertex 48.11001866666666 3.6887066666666666 0
vertex 50.528296 3.6887066666666666 0
endloop
endfacet
facet normal 0 0 -1
outer loop
vertex 5.496330666666666 3.617952 0
vertex 5.498584 3.540888 0
vertex 3.2749946666666667 3.540888 0
endloop
endfacet
facet normal 0 0 -1
outer loop
vertex 5.496330666666666 3.617952 0
vertex 3.2749946666666667 3.540888 0
vertex 3.175397333333333 3.617952 0
endloop
endfacet
facet normal 0 0 -1
outer loop
vertex 50.424642666666664 3.617952 0
vertex 50.32504533333333 3.540888 0
vertex 48.101456 3.540888 0
endloop
endfacet
facet normal 0 0 -1
outer loop
vertex 50.424642666666664 3.617952 0
vertex 48.101456 3.540888 0
vertex 48.103709333333335 3.617952 0
endloop
endfacet
facet normal 0 0 -0.9999999999999999
outer loop
vertex 5.498584 3.540888 0
vertex 5.501288 3.457965333333333 0
vertex 3.3691839999999997 3.457965333333333 0
endloop
endfacet
facet normal 0 0 -1
outer loop
vertex 5.498584 3.540888 0
vertex 3.3691839999999997 3.457965333333333 0
vertex 3.2749946666666667 3.540888 0
endloop
endfacet
facet normal 0 0 -0.9999999999999999
outer loop
vertex 50.32504533333333 3.540888 0
vertex 50.230855999999996 3.457965333333333 0
vertex 48.098752 3.457965333333333 0
endloop
endfacet
facet normal 0 0 -0.9999999999999999
outer loop
vertex 50.32504533333333 3.540888 0
vertex 48.098752 3.457965333333333 0
vertex 48.101456 3.540888 0
endloop
endfacet
facet normal 0 0 -1
outer loop
vertex 5.501288 3.457965333333333 0
vertex 5.503992 3.374592 0
vertex 3.452557333333333 3.374592 0
endloop
endfacet
facet normal 0 0 -0.9999999999999999
outer loop
vertex 5.501288 3.457965333333333 0
vertex 3.452557333333333 3.374592 0
vertex 3.3691839999999997 3.457965333333333 0
endloop
endfacet
facet normal 0 0 -1
outer loop
vertex 50.230855999999996 3.457965333333333 0
vertex 50.14748266666666 3.374592 0
vertex 48.096047999999996 3.374592 0
endloop
endfacet
facet normal 0 0 -1
outer loop
vertex 50.230855999999996 3.457965333333333 0
vertex 48.096047999999996 3.374592 0
vertex 48.098752 3.457965333333333 0
endloop
endfacet
facet normal 0 0 -1
outer loop
vertex 5.503992 3.374592 0
vertex 5.504442666666667 3.3691839999999997 0
vertex 3.457965333333333 3.3691839999999997 0
endloop
endfacet
facet normal 0 0 -1
outer loop
vertex 5.503992 3.374592 0
vertex 3.457965333333333 3.3691839999999997 0
vertex 3.452557333333333 3.374592 0
endloop
endfacet
facet normal 0 0 -1
outer loop
vertex 50.14748266666666 3.374592 0
vertex 50.142074666666666 3.3691839999999997 0
vertex 48.09559733333333 3.3691839999999997 0
endloop
endfacet
facet normal 0 0 -1
outer loop
vertex 50.14748266666666 3.374592 0
vertex 48.09559733333333 3.3691839999999997 0
vertex 48.096047999999996 3.374592 0
endloop
endfacet
facet normal 0 0 -1
outer loop
vertex 5.504442666666667 3.3691839999999997 0
vertex 5.513456 3.2749946666666667 0
vertex 3.540888 3.2749946666666667 0
endloop
endfacet
facet normal 0 0 -1
outer loop
vertex 5.504442666666667 3.3691839999999997 0
vertex 3.540888 3.2749946666666667 0
vertex 3.457965333333333 3.3691839999999997 0
endloop
endfacet
facet normal 0 0 -1
outer loop
vertex 50.142074666666666 3.3691839999999997 0
vertex 50.059152 3.2749946666666667 0
vertex 48.086584 3.2749946666666667 0
endloop
endfacet
facet normal 0 0 -1
outer loop
vertex 50.142074666666666 3.3691839999999997 0
vertex 48.086584 3.2749946666666667 0
vertex 48.09559733333333 3.3691839999999997 0
endloop
endfacet
facet normal 0 0 -1
outer loop
vertex 5.513456 3.2749946666666667 0
vertex 5.515709333333334 3.2493066666666666 0
vertex 3.5607173333333333 3.2493066666666666 0
endloop
endfacet
facet normal 0 0 -1
outer loop
vertex 5.513456 3.2749946666666667 0
vertex 3.5607173333333333 3.2493066666666666 0
vertex 3.540888 3.2749946666666667 0
endloop
endfacet
facet normal 0 0 -1
outer loop
vertex 50.059152 3.2749946666666667 0
vertex 50.03932266666666 3.2493066666666666 0
vertex 48.084330666666666 3.2493066666666666 0
endloop
endfacet
facet normal 0 0 -1
outer loop
vertex 50.059152 3.2749946666666667 0
vertex 48.084330666666666 3.2493066666666666 0
vertex 48.086584 3.2749946666666667 0
endloop
endfacet
facet normal 0 0 -1
outer loop
vertex 5.515709333333334 3.2493066666666666 0
vertex 5.527426666666667 3.175397333333333 0
vertex 3.617952 3.175397333333333 0
endloop
endfacet
facet normal 0 0 -1
outer loop
vertex 5.515709333333334 3.2493066666666666 0
vertex 3.617952 3.175397333333333 0
vertex 3.5607173333333333 3.2493066666666666 0
endloop
endfacet
facet normal 0 0 -1
outer loop
vertex 50.03932266666666 3.2493066666666666 0
vertex 49.982088 3.175397333333333 0
vertex 48.07261333333333 3.175397333333333 0
endloop
endfacet
facet normal 0 0 -1
outer loop
vertex 50.03932266666666 3.2493066666666666 0
vertex 48.07261333333333 3.175397333333333 0
vertex 48.084330666666666 3.2493066666666666 0
endloop
endfacet
facet normal 0 0 -0.9999999999999999
outer loop
vertex 5.527426666666667 3.175397333333333 0
vertex 5.535538666666667 3.125373333333333 0
vertex 3.6522026666666667 3.125373333333333 0
endloop
endfacet
facet normal 0 0 -1
outer loop
vertex 5.527426666666667 3.175397333333333 0
vertex 3.6522026666666667 3.125373333333333 0
vertex 3.617952 3.175397333333333 0
endloop
endfacet
facet normal 0 0 -0.9999999999999999
outer loop
vertex 49.982088 3.175397333333333 0
vertex 49.94783733333333 3.125373333333333 0
vertex 48.06450133333333 3.125373333333333 0
endloop
endfacet
facet normal 0 0 -1
outer loop
vertex 49.982088 3.175397333333333 0
vertex 48.06450133333333 3.125373333333333 0
vertex 48.07261333333333 3.175397333333333 0
endloop
endfacet
facet normal 0 0 -1
outer loop
vertex 5.535538666666667 3.125373333333333 0
vertex 5.547256 3.071744 0
vertex 3.6887066666666666 3.071744 0
endloop
endfacet
facet normal 0 0 -1
outer loop
vertex 5.535538666666667 3.125373333333333 0
vertex 3.6887066666666666 3.071744 0
vertex 3.6522026666666667 3.125373333333333 0
endloop
endfacet
facet normal 0 0 -1
outer loop
vertex 49.94783733333333 3.125373333333333 0
vertex 49.91133333333333 3.071744 0
vertex 48.052783999999996 3.071744 0
endloop
endfacet
facet normal 0 0 -1
outer loop
vertex 49.94783733333333 3.125373333333333 0
vertex 48.052783999999996 3.071744 0
vertex 48.06450133333333 3.125373333333333 0
endloop
endfacet
facet normal 0 0 -1
outer loop
vertex 5.547256 3.071744 0
vertex 5.563029333333333 3.002792 0
vertex 3.7292666666666667 3.002792 0
endloop
endfacet
facet normal 0 0 -1
outer loop
vertex 5.547256 3.071744 0
vertex 3.7292666666666667 3.002792 0
vertex 3.6887066666666666 3.071744 0
endloop
endfacet
facet normal 0 0 -1
outer loop
vertex 49.91133333333333 3.071744 0
vertex 49.87032266666667 3.002792 0
vertex 48.03701066666667 3.002792 0
endloop
endfacet
facet normal 0 0 -1
outer loop
vertex 49.91133333333333 3.071744 0
vertex 48.03701066666667 3.002792 0
vertex 48.052783999999996 3.071744 0
endloop
endfacet
facet normal 0 0 -1
outer loop
vertex 5.563029333333333 3.002792 0
vertex 5.5742959999999995 2.963584 0
vertex 3.752701333333333 2.963584 0
endloop
endfacet
facet normal 0 0 -1
outer loop
vertex 5.563029333333333 3.002792 0
vertex 3.752701333333333 2.963584 0
vertex 3.7292666666666667 3.002792 0
endloop
endfacet
facet normal 0 0 -1
outer loop
vertex 49.87032266666667 3.002792 0
vertex 49.847338666666666 2.963584 0
vertex 48.025743999999996 2.963584 0
endloop
endfacet
facet normal 0 0 -1
outer loop
vertex 49.87032266666667 3.002792 0
vertex 48.025743999999996 2.963584 0
vertex 48.03701066666667 3.002792 0
endloop
endfacet
facet normal 0 0 -1
outer loop
vertex 5.5742959999999995 2.963584 0
vertex 5.597730666666666 2.882013333333333 0
vertex 3.7941626666666664 2.882013333333333 0
endloop
endfacet
facet normal 0 0 -1
outer loop
vertex 5.5742959999999995 2.963584 0
vertex 3.7941626666666664 2.882013333333333 0
vertex 3.752701333333333 2.963584 0
endloop
endfacet
facet normal 0 0 -1
outer loop
vertex 49.847338666666666 2.963584 0
vertex 49.805877333333335 2.882013333333333 0
vertex 48.00230933333333 2.882013333333333 0
endloop
endfacet
facet normal 0 0 -1
outer loop
vertex 49.847338666666666 2.963584 0
vertex 48.00230933333333 2.882013333333333 0
vertex 48.025743999999996 2.963584 0
endloop
endfacet
facet normal 0 0 -1
outer loop
vertex 5.597730666666666 2.882013333333333 0
vertex 5.608997333333333 2.851368 0
vertex 3.8094853333333334 2.851368 0
endloop
endfacet
facet normal 0 0 -0.9999999999999999
outer loop
vertex 5.597730666666666 2.882013333333333 0
vertex 3.8094853333333334 2.851368 0
vertex 3.7941626666666664 2.882013333333333 0
endloop
endfacet
facet normal 0 0 -1
outer loop
vertex 49.805877333333335 2.882013333333333 0
vertex 49.790554666666665 2.851368 0
vertex 47.991042666666665 2.851368 0
endloop
endfacet
facet normal 0 0 -1
outer loop
vertex 49.805877333333335 2.882013333333333 0
vertex 47.991042666666665 2.851368 0
vertex 48.00230933333333 2.882013333333333 0
endloop
endfacet
facet normal 0 0 -1
outer loop
vertex 5.608997333333333 2.851368 0
vertex 5.640544 2.7639386666666668 0
vertex 3.8477919999999997 2.7639386666666668 0
endloop
endfacet
facet normal 0 0 -1
outer loop
vertex 5.608997333333333 2.851368 0
vertex 3.8477919999999997 2.7639386666666668 0
vertex 3.8094853333333334 2.851368 0
endloop
endfacet
facet normal 0 0 -1
outer loop
vertex 49.790554666666665 2.851368 0
vertex 49.752248 2.7639386666666668 0
vertex 47.959496 2.7639386666666668 0
endloop
endfacet
facet normal 0 0 -1
outer loop
vertex 49.790554666666665 2.851368 0
vertex 47.959496 2.7639386666666668 0
vertex 47.991042666666665 2.851368 0
endloop
endfacet
facet normal 0 0 -1
outer loop
vertex 5.640544 2.7639386666666668 0
vertex 5.652261333333334 2.7364479999999998 0
vertex 3.859509333333333 2.7364479999999998 0
endloop
endfacet
facet normal 0 0 -1
outer loop
vertex 5.640544 2.7639386666666668 0
vertex 3.859509333333333 2.7364479999999998 0
vertex 3.8477919999999997 2.7639386666666668 0
endloop
endfacet
facet normal 0 0 -0.9999999999999999
outer loop
vertex 49.752248 2.7639386666666668 0
vertex 49.740530666666665 2.7364479999999998 0
vertex 47.947778666666665 2.7364479999999998 0
endloop
endfacet
facet normal 0 0 -0.9999999999999999
outer loop
vertex 49.752248 2.7639386666666668 0
vertex 47.947778666666665 2.7364479999999998 0
vertex 47.959496 2.7639386666666668 0
endloop
endfacet
facet normal 0 0 -1
outer loop
vertex 5.652261333333334 2.7364479999999998 0
vertex 5.690568 2.648568 0
vertex 3.891056 2.648568 0
endloop
endfacet
facet normal 0 0 -1
outer loop
vertex 5.652261333333334 2.7364479999999998 0
vertex 3.891056 2.648568 0
vertex 3.859509333333333 2.7364479999999998 0
endloop
endfacet
facet normal 0 0 -0.9999999999999999
outer loop
vertex 49.740530666666665 2.7364479999999998 0
vertex 49.708984 2.648568 0
vertex 47.909472 2.648568 0
endloop
endfacet
facet normal 0 0 -1
outer loop
vertex 49.740530666666665 2.7364479999999998 0
vertex 47.909472 2.648568 0
vertex 47.947778666666665 2.7364479999999998 0
endloop
endfacet
facet normal 0 0 -1
outer loop
vertex 5.690568 2.648568 0
vertex 5.705890666666667 2.6179226666666664 0
vertex 3.9023226666666666 2.6179226666666664 0
endloop
endfacet
facet normal 0 0 -1
outer loop
vertex 5.690568 2.648568 0
vertex 3.9023226666666666 2.6179226666666664 0
vertex 3.891056 2.648568 0
endloop
endfacet
facet normal 0 0 -1
outer loop
vertex 49.708984 2.648568 0
vertex 49.69771733333333 2.6179226666666664 0
vertex 47.89414933333333 2.6179226666666664 0
endloop
endfacet
facet normal 0 0 -1
outer loop
vertex 49.708984 2.648568 0
vertex 47.89414933333333 2.6179226666666664 0
vertex 47.909472 2.648568 0
endloop
endfacet
facet normal 0 0 -1
outer loop
vertex 5.705890666666667 2.6179226666666664 0
vertex 5.747352 2.536352 0
vertex 3.9257573333333333 2.536352 0
endloop
endfacet
facet normal 0 0 -1
outer loop
vertex 5.705890666666667 2.6179226666666664 0
vertex 3.9257573333333333 2.536352 0
vertex 3.9023226666666666 2.6179226666666664 0
endloop
endfacet
facet normal 0 0 -1
outer loop
vertex 49.69771733333333 2.6179226666666664 0
vertex 49.67428266666666 2.536352 0
vertex 47.852688 2.536352 0
endloop
endfacet
facet normal 0 0 -1
outer loop
vertex 49.69771733333333 2.6179226666666664 0
vertex 47.852688 2.536352 0
vertex 47.89414933333333 2.6179226666666664 0
endloop
endfacet
facet normal 0 0 -0.9999999999999999
outer loop
vertex 5.747352 2.536352 0
vertex 5.7703359999999995 2.4975946666666666 0
vertex 3.937024 2.4975946666666666 0
endloop
endfacet
facet normal 0 0 -1
outer loop
vertex 5.747352 2.536352 0
vertex 3.937024 2.4975946666666666 0
vertex 3.9257573333333333 2.536352 0
endloop
endfacet
facet normal 0 0 -1
outer loop
vertex 49.67428266666666 2.536352 0
vertex 49.663016 2.4975946666666666 0
vertex 47.829704 2.4975946666666666 0
endloop
endfacet
facet normal 0 0 -1
outer loop
vertex 49.67428266666666 2.536352 0
vertex 47.829704 2.4975946666666666 0
vertex 47.852688 2.536352 0
endloop
endfacet
facet normal 0 0 -1
outer loop
vertex 5.7703359999999995 2.4975946666666666 0
vertex 5.811346666666666 2.428192 0
vertex 3.9527973333333333 2.428192 0
endloop
endfacet
facet normal 0 0 -1
outer loop
vertex 5.7703359999999995 2.4975946666666666 0
vertex 3.9527973333333333 2.428192 0
vertex 3.937024 2.4975946666666666 0
endloop
endfacet
facet normal 0 0 -1
outer loop
vertex 49.663016 2.4975946666666666 0
vertex 49.64724266666666 2.428192 0
vertex 47.788693333333335 2.428192 0
endloop
endfacet
facet normal 0 0 -1
outer loop
vertex 49.663016 2.4975946666666666 0
vertex 47.788693333333335 2.428192 0
vertex 47.829704 2.4975946666666666 0
endloop
endfacet
facet normal 0 0 -1
outer loop
vertex 5.811346666666666 2.428192 0
vertex 5.847850666666666 2.3745626666666664 0
vertex 3.9645146666666666 2.3745626666666664 0
endloop
endfacet
facet normal 0 0 -1
outer loop
vertex 5.811346666666666 2.428192 0
vertex 3.9645146666666666 2.3745626666666664 0
vertex 3.9527973333333333 2.428192 0
endloop
endfacet
facet normal 0 0 -1
outer loop
vertex 49.64724266666666 2.428192 0
vertex 49.635525333333334 2.3745626666666664 0
vertex 47.752189333333334 2.3745626666666664 0
endloop
endfacet
facet normal 0 0 -1
outer loop
vertex 49.64724266666666 2.428192 0
vertex 47.752189333333334 2.3745626666666664 0
vertex 47.788693333333335 2.428192 0
endloop
endfacet
facet normal 0 0 -0.9999999999999999
outer loop
vertex 5.847850666666666 2.3745626666666664 0
vertex 5.882101333333333 2.3245386666666668 0
vertex 3.9726266666666668 2.3245386666666668 0
endloop
endfacet
facet normal 0 0 -1
outer loop
vertex 5.847850666666666 2.3745626666666664 0
vertex 3.9726266666666668 2.3245386666666668 0
vertex 3.9645146666666666 2.3745626666666664 0
endloop
endfacet
facet normal 0 0 -0.9999999999999999
outer loop
vertex 49.635525333333334 2.3745626666666664 0
vertex 49.62741333333333 2.3245386666666668 0
vertex 47.71793866666666 2.3245386666666668 0
endloop
endfacet
facet normal 0 0 -1
outer loop
vertex 49.635525333333334 2.3745626666666664 0
vertex 47.71793866666666 2.3245386666666668 0
vertex 47.752189333333334 2.3745626666666664 0
endloop
endfacet
facet normal 0 0 -1
outer loop
vertex 5.882101333333333 2.3245386666666668 0
vertex 5.939336 2.2506293333333334 0
vertex 3.9843439999999997 2.2506293333333334 0
endloop
endfacet
facet normal 0 0 -1
outer loop
vertex 5.882101333333333 2.3245386666666668 0
vertex 3.9843439999999997 2.2506293333333334 0
vertex 3.9726266666666668 2.3245386666666668 0
endloop
endfacet
facet normal 0 0 -0.9999999999999999
outer loop
vertex 49.62741333333333 2.3245386666666668 0
vertex 49.615696 2.2506293333333334 0
vertex 47.660703999999996 2.2506293333333334 0
endloop
endfacet
facet normal 0 0 -1
outer loop
vertex 49.62741333333333 2.3245386666666668 0
vertex 47.660703999999996 2.2506293333333334 0
vertex 47.71793866666666 2.3245386666666668 0
endloop
endfacet
facet normal 0 0 -1
outer loop
vertex 5.939336 2.2506293333333334 0
vertex 5.959165333333333 2.224941333333333 0
vertex 3.986597333333333 2.224941333333333 0
endloop
endfacet
facet normal 0 0 -1
outer loop
vertex 5.939336 2.2506293333333334 0
vertex 3.986597333333333 2.224941333333333 0
vertex 3.9843439999999997 2.2506293333333334 0
endloop
endfacet
facet normal 0 0 -1
outer loop
vertex 49.615696 2.2506293333333334 0
vertex 49.613442666666664 2.224941333333333 0
vertex 47.64087466666667 2.224941333333333 0
endloop
endfacet
facet normal 0 0 -1
outer loop
vertex 49.615696 2.2506293333333334 0
vertex 47.64087466666667 2.224941333333333 0
vertex 47.660703999999996 2.2506293333333334 0
endloop
endfacet
facet normal 0 0 -1
outer loop
vertex 5.959165333333333 2.224941333333333 0
vertex 6.042088 2.1307519999999998 0
vertex 3.9956106666666664 2.1307519999999998 0
endloop
endfacet
facet normal 0 0 -1
outer loop
vertex 5.959165333333333 2.224941333333333 0
vertex 3.9956106666666664 2.1307519999999998 0
vertex 3.986597333333333 2.224941333333333 0
endloop
endfacet
facet normal 0 0 -1
outer loop
vertex 49.613442666666664 2.224941333333333 0
vertex 49.60442933333333 2.1307519999999998 0
vertex 47.557952 2.1307519999999998 0
endloop
endfacet
facet normal 0 0 -1
outer loop
vertex 49.613442666666664 2.224941333333333 0
vertex 47.557952 2.1307519999999998 0
vertex 47.64087466666667 2.224941333333333 0
endloop
endfacet
facet normal 0 0 -1
outer loop
vertex 6.042088 2.1307519999999998 0
vertex 6.047496 2.1257946666666667 0
vertex 3.996061333333333 2.1257946666666667 0
endloop
endfacet
facet normal 0 0 -1
outer loop
vertex 6.042088 2.1307519999999998 0
vertex 3.996061333333333 2.1257946666666667 0
vertex 3.9956106666666664 2.1307519999999998 0
endloop
endfacet
facet normal 0 0 -1
outer loop
vertex 49.60442933333333 2.1307519999999998 0
vertex 49.60397866666666 2.1257946666666667 0
vertex 47.552544 2.1257946666666667 0
endloop
endfacet
facet normal 0 0 -1
outer loop
vertex 49.60442933333333 2.1307519999999998 0
vertex 47.552544 2.1257946666666667 0
vertex 47.557952 2.1307519999999998 0
endloop
endfacet
facet normal 0 0 -0.9999999999999999
outer loop
vertex 6.047496 2.1257946666666667 0
vertex 6.130869333333333 2.041970666666667 0
vertex 3.998765333333333 2.041970666666667 0
endloop
endfacet
facet normal 0 0 -1
outer loop
vertex 6.047496 2.1257946666666667 0
vertex 3.998765333333333 2.041970666666667 0
vertex 3.996061333333333 2.1257946666666667 0
endloop
endfacet
facet normal 0 0 -1
outer loop
vertex 49.60397866666666 2.1257946666666667 0
vertex 49.60127466666667 2.041970666666667 0
vertex 47.46917066666666 2.041970666666667 0
endloop
endfacet
facet normal 0 0 -0.9999999999999999
outer loop
vertex 49.60397866666666 2.1257946666666667 0
vertex 47.46917066666666 2.041970666666667 0
vertex 47.552544 2.1257946666666667 0
endloop
endfacet
facet normal 0 0 -1
outer loop
vertex 6.130869333333333 2.041970666666667 0
vertex 6.2250586666666665 1.959048 0
vertex 4.0014693333333335 1.959048 0
endloop
endfacet
facet normal 0 0 -0.9999999999999999
outer loop
vertex 6.130869333333333 2.041970666666667 0
vertex 4.0014693333333335 1.959048 0
vertex 3.998765333333333 2.041970666666667 0
endloop
endfacet
facet normal 0 0 -1
outer loop
vertex 49.60127466666667 2.041970666666667 0
vertex 49.59857066666667 1.959048 0
vertex 47.37498133333333 1.959048 0
endloop
endfacet
facet normal 0 0 -0.9999999999999999
outer loop
vertex 49.60127466666667 2.041970666666667 0
vertex 47.37498133333333 1.959048 0
vertex 47.46917066666666 2.041970666666667 0
endloop
endfacet
facet normal 0 0 -1
outer loop
vertex 6.2250586666666665 1.959048 0
vertex 6.3242053333333335 1.8819839999999999 0
vertex 4.0037226666666665 1.8819839999999999 0
endloop
endfacet
facet normal 0 0 -1
outer loop
vertex 6.2250586666666665 1.959048 0
vertex 4.0037226666666665 1.8819839999999999 0
vertex 4.0014693333333335 1.959048 0
endloop
endfacet
facet normal 0 0 -0.9999999999999999
outer loop
vertex 49.59857066666667 1.959048 0
vertex 49.59631733333333 1.8819839999999999 0
vertex 47.275383999999995 1.8819839999999999 0
endloop
endfacet
facet normal 0 0 -1
outer loop
vertex 49.59857066666667 1.959048 0
vertex 47.275383999999995 1.8819839999999999 0
vertex 47.37498133333333 1.959048 0
endloop
endfacet
facet normal 0 0 -0.9999999999999999
outer loop
vertex 4.9541786666666665 1.8522399999999999 0
vertex 6.3242053333333335 1.8819839999999999 0
vertex 6.428309333333333 1.8112293333333334 0
endloop
endfacet
facet normal 0 0 -1
outer loop
vertex 4.9541786666666665 1.8522399999999999 0
vertex 6.428309333333333 1.8112293333333334 0
vertex 4.010032 1.8112293333333334 0
endloop
endfacet
facet normal 0 0 -0.9999999999999999
outer loop
vertex 4.9541786666666665 1.8522399999999999 0
vertex 4.010032 1.8112293333333334 0
vertex 4.0037226666666665 1.8743226666666666 0
endloop
endfacet
facet normal 0 0 -1
outer loop
vertex 4.9541786666666665 1.8522399999999999 0
vertex 4.0037226666666665 1.8743226666666666 0
vertex 4.0037226666666665 1.8819839999999999 0
endloop
endfacet
facet normal 0 0 -0.9999999999999999
outer loop
vertex 4.9541786666666665 1.8522399999999999 0
vertex 4.0037226666666665 1.8819839999999999 0
vertex 6.3242053333333335 1.8819839999999999 0
endloop
endfacet
facet normal 0 0 -1
outer loop
vertex 48.64586133333333 1.8522399999999999 0
vertex 49.59631733333333 1.8819839999999999 0
vertex 49.595866666666666 1.8743226666666666 0
endloop
endfacet
facet normal 0 0 -1
outer loop
vertex 48.64586133333333 1.8522399999999999 0
vertex 49.595866666666666 1.8743226666666666 0
vertex 49.590008 1.8112293333333334 0
endloop
endfacet
facet normal 0 0 -1
outer loop
vertex 48.64586133333333 1.8522399999999999 0
vertex 49.590008 1.8112293333333334 0
vertex 47.17173066666667 1.8112293333333334 0
endloop
endfacet
facet normal 0 0 -1
outer loop
vertex 48.64586133333333 1.8522399999999999 0
vertex 47.17173066666667 1.8112293333333334 0
vertex 47.275383999999995 1.8819839999999999 0
endloop
endfacet
facet normal 0 0 -1
outer loop
vertex 48.64586133333333 1.8522399999999999 0
vertex 47.275383999999995 1.8819839999999999 0
vertex 49.59631733333333 1.8819839999999999 0
endloop
endfacet
facet normal 0 0 -1
outer loop
vertex 5.0014986666666665 1.7733733333333332 0
vertex 6.428309333333333 1.8112293333333334 0
vertex 6.536469333333333 1.7472346666666667 0
endloop
endfacet
facet normal 0 0 -1
outer loop
vertex 5.0014986666666665 1.7733733333333332 0
vertex 6.536469333333333 1.7472346666666667 0
vertex 4.0158906666666665 1.7472346666666667 0
endloop
endfacet
facet normal 0 0 -1
outer loop
vertex 5.0014986666666665 1.7733733333333332 0
vertex 4.0158906666666665 1.7472346666666667 0
vertex 4.0158906666666665 1.749488 0
endloop
endfacet
facet normal 0 0 -1
outer loop
vertex 5.0014986666666665 1.7733733333333332 0
vertex 4.0158906666666665 1.749488 0
vertex 4.010032 1.8112293333333334 0
endloop
endfacet
facet normal 0 0 -1
outer loop
vertex 5.0014986666666665 1.7733733333333332 0
vertex 4.010032 1.8112293333333334 0
vertex 6.428309333333333 1.8112293333333334 0
endloop
endfacet
facet normal 0 0 -1
outer loop
vertex 48.59854133333333 1.7733733333333332 0
vertex 49.590008 1.8112293333333334 0
vertex 49.58414933333333 1.749488 0
endloop
endfacet
facet normal 0 0 -1
outer loop
vertex 48.59854133333333 1.7733733333333332 0
vertex 49.58414933333333 1.749488 0
vertex 49.58369866666666 1.7472346666666667 0
endloop
endfacet
facet normal 0 0 -1
outer loop
vertex 48.59854133333333 1.7733733333333332 0
vertex 49.58369866666666 1.7472346666666667 0
vertex 47.063570666666664 1.7472346666666667 0
endloop
endfacet
facet normal 0 0 -1
outer loop
vertex 48.59854133333333 1.7733733333333332 0
vertex 47.063570666666664 1.7472346666666667 0
vertex 47.17173066666667 1.8112293333333334 0
endloop
endfacet
facet normal 0 0 -1
outer loop
vertex 48.59854133333333 1.7733733333333332 0
vertex 47.17173066666667 1.8112293333333334 0
vertex 49.590008 1.8112293333333334 0
endloop
endfacet
facet normal 0 0 -1
outer loop
vertex 6.536469333333333 1.7472346666666667 0
vertex 6.648234666666666 1.6904506666666665 0
vertex 4.024904 1.6904506666666665 0
endloop
endfacet
facet normal 0 0 -1
outer loop
vertex 6.536469333333333 1.7472346666666667 0
vertex 4.024904 1.6904506666666665 0
vertex 4.0158906666666665 1.7472346666666667 0
endloop
endfacet
facet normal 0 0 -1
outer loop
vertex 49.58369866666666 1.7472346666666667 0
vertex 49.574685333333335 1.6904506666666665 0
vertex 46.95135466666667 1.6904506666666665 0
endloop
endfacet
facet normal 0 0 -1
outer loop
vertex 49.58369866666666 1.7472346666666667 0
vertex 46.95135466666667 1.6904506666666665 0
vertex 47.063570666666664 1.7472346666666667 0
endloop
endfacet
facet normal 0 0 -1
outer loop
vertex 6.648234666666666 1.6904506666666665 0
vertex 6.7636053333333335 1.6404266666666667 0
vertex 4.033016 1.6404266666666667 0
endloop
endfacet
facet normal 0 0 -1
outer loop
vertex 6.648234666666666 1.6904506666666665 0
vertex 4.033016 1.6404266666666667 0
vertex 4.024904 1.6904506666666665 0
endloop
endfacet
facet normal 0 0 -1
outer loop
vertex 49.574685333333335 1.6904506666666665 0
vertex 49.567023999999996 1.6404266666666667 0
vertex 46.83643466666666 1.6404266666666667 0
endloop
endfacet
facet normal 0 0 -1
outer loop
vertex 49.574685333333335 1.6904506666666665 0
vertex 46.83643466666666 1.6404266666666667 0
vertex 46.95135466666667 1.6904506666666665 0
endloop
endfacet
facet normal 0 0 -1
outer loop
vertex 5.15112 1.6205973333333332 0
vertex 6.7636053333333335 1.6404266666666667 0
vertex 6.882130666666667 1.598064 0
endloop
endfacet
facet normal 0 0 -1
outer loop
vertex 5.15112 1.6205973333333332 0
vertex 6.882130666666667 1.598064 0
vertex 4.041578666666666 1.598064 0
endloop
endfacet
facet normal 0 0 -1
outer loop
vertex 5.15112 1.6205973333333332 0
vertex 4.041578666666666 1.598064 0
vertex 4.035269333333333 1.6251039999999999 0
endloop
endfacet
facet normal 0 0 -1
outer loop
vertex 5.15112 1.6205973333333332 0
vertex 4.035269333333333 1.6251039999999999 0
vertex 4.033016 1.6404266666666667 0
endloop
endfacet
facet normal 0 0 -0.9999999999999999
outer loop
vertex 5.15112 1.6205973333333332 0
vertex 4.033016 1.6404266666666667 0
vertex 6.7636053333333335 1.6404266666666667 0
endloop
endfacet
facet normal 0 0 -1
outer loop
vertex 48.44892 1.6205973333333332 0
vertex 49.567023999999996 1.6404266666666667 0
vertex 49.56477066666667 1.6251039999999999 0
endloop
endfacet
facet normal 0 0 -1
outer loop
vertex 48.44892 1.6205973333333332 0
vertex 49.56477066666667 1.6251039999999999 0
vertex 49.558461333333334 1.598064 0
endloop
endfacet
facet normal 0 0 -1
outer loop
vertex 48.44892 1.6205973333333332 0
vertex 49.558461333333334 1.598064 0
vertex 46.71790933333333 1.598064 0
endloop
endfacet
facet normal 0 0 -1
outer loop
vertex 48.44892 1.6205973333333332 0
vertex 46.71790933333333 1.598064 0
vertex 46.83643466666666 1.6404266666666667 0
endloop
endfacet
facet normal 0 0 -0.9999999999999999
outer loop
vertex 48.44892 1.6205973333333332 0
vertex 46.83643466666666 1.6404266666666667 0
vertex 49.567023999999996 1.6404266666666667 0
endloop
endfacet
facet normal 0 0 -1
outer loop
vertex 6.882130666666667 1.598064 0
vertex 7.002458666666667 1.5629119999999999 0
vertex 4.04924 1.5629119999999999 0
endloop
endfacet
facet normal 0 0 -1
outer loop
vertex 6.882130666666667 1.598064 0
vertex 4.04924 1.5629119999999999 0
vertex 4.041578666666666 1.598064 0
endloop
endfacet
facet normal 0 0 -1
outer loop
vertex 49.558461333333334 1.598064 0
vertex 49.550799999999995 1.5629119999999999 0
vertex 46.59758133333333 1.5629119999999999 0
endloop
endfacet
facet normal 0 0 -1
outer loop
vertex 49.558461333333334 1.598064 0
vertex 46.59758133333333 1.5629119999999999 0
vertex 46.71790933333333 1.598064 0
endloop
endfacet
facet normal 0 0 -1
outer loop
vertex 7.002458666666667 1.5629119999999999 0
vertex 7.125039999999999 1.5354213333333333 0
vertex 4.0555493333333335 1.5354213333333333 0
endloop
endfacet
facet normal 0 0 -1
outer loop
vertex 7.002458666666667 1.5629119999999999 0
vertex 4.0555493333333335 1.5354213333333333 0
vertex 4.04924 1.5629119999999999 0
endloop
endfacet
facet normal 0 0 -1
outer loop
vertex 49.550799999999995 1.5629119999999999 0
vertex 49.54449066666667 1.5354213333333333 0
vertex 46.47454933333333 1.5354213333333333 0
endloop
endfacet
facet normal 0 0 -1
outer loop
vertex 49.550799999999995 1.5629119999999999 0
vertex 46.47454933333333 1.5354213333333333 0
vertex 46.59758133333333 1.5629119999999999 0
endloop
endfacet
facet normal 0 0 -1
outer loop
vertex 7.125039999999999 1.5354213333333333 0
vertex 7.249423999999999 1.515592 0
vertex 4.060055999999999 1.515592 0
endloop
endfacet
facet normal 0 0 -1
outer loop
vertex 7.125039999999999 1.5354213333333333 0
vertex 4.060055999999999 1.515592 0
vertex 4.0555493333333335 1.5354213333333333 0
endloop
endfacet
facet normal 0 0 -1
outer loop
vertex 49.54449066666667 1.5354213333333333 0
vertex 49.539984 1.515592 0
vertex 46.350615999999995 1.515592 0
endloop
endfacet
facet normal 0 0 -1
outer loop
vertex 49.54449066666667 1.5354213333333333 0
vertex 46.350615999999995 1.515592 0
vertex 46.47454933333333 1.5354213333333333 0
endloop
endfacet
facet normal 0 0 -1
outer loop
vertex 7.249423999999999 1.515592 0
vertex 7.374258666666666 1.5038746666666667 0
vertex 4.06276 1.5038746666666667 0
endloop
endfacet
facet normal 0 0 -1
outer loop
vertex 7.249423999999999 1.515592 0
vertex 4.06276 1.5038746666666667 0
vertex 4.060055999999999 1.515592 0
endloop
endfacet
facet normal 0 0 -1
outer loop
vertex 49.539984 1.515592 0
vertex 49.537279999999996 1.5038746666666667 0
vertex 46.22578133333333 1.5038746666666667 0
endloop
endfacet
facet normal 0 0 -1
outer loop
vertex 49.539984 1.515592 0
vertex 46.22578133333333 1.5038746666666667 0
vertex 46.350615999999995 1.515592 0
endloop
endfacet
facet normal 0 0 -1
outer loop
vertex 5.412506666666666 1.5020719999999999 0
vertex 7.374258666666666 1.5038746666666667 0
vertex 7.499994666666667 1.4998186666666666 0
endloop
endfacet
facet normal 0 0 -1
outer loop
vertex 5.412506666666666 1.5020719999999999 0
vertex 7.499994666666667 1.4998186666666666 0
vertex 4.063661333333333 1.4998186666666666 0
endloop
endfacet
facet normal 0 0 -1
outer loop
vertex 5.412506666666666 1.5020719999999999 0
vertex 4.063661333333333 1.4998186666666666 0
vertex 4.06276 1.5025226666666667 0
endloop
endfacet
facet normal 0 0 -1
outer loop
vertex 5.412506666666666 1.5020719999999999 0
vertex 4.06276 1.5025226666666667 0
vertex 4.06276 1.5038746666666667 0
endloop
endfacet
facet normal 0 0 -1
outer loop
vertex 5.412506666666666 1.5020719999999999 0
vertex 4.06276 1.5038746666666667 0
vertex 7.374258666666666 1.5038746666666667 0
endloop
endfacet
facet normal 0 0 -1
outer loop
vertex 48.187533333333334 1.5020719999999999 0
vertex 49.537279999999996 1.5038746666666667 0
vertex 49.537279999999996 1.5025226666666667 0
endloop
endfacet
facet normal 0 0 -1
outer loop
vertex 48.187533333333334 1.5020719999999999 0
vertex 49.537279999999996 1.5025226666666667 0
vertex 49.536378666666664 1.4998186666666666 0
endloop
endfacet
facet normal 0 0 -1
outer loop
vertex 48.187533333333334 1.5020719999999999 0
vertex 49.536378666666664 1.4998186666666666 0
vertex 46.100045333333334 1.4998186666666666 0
endloop
endfacet
facet normal 0 0 -1
outer loop
vertex 48.187533333333334 1.5020719999999999 0
vertex 46.100045333333334 1.4998186666666666 0
vertex 46.22578133333333 1.5038746666666667 0
endloop
endfacet
facet normal 0 0 -1
outer loop
vertex 48.187533333333334 1.5020719999999999 0
vertex 46.22578133333333 1.5038746666666667 0
vertex 49.537279999999996 1.5038746666666667 0
endloop
endfacet
facet normal 0 0 -1
outer loop
vertex 26.800245333333333 0.5836133333333333 0
vertex 7.499994666666667 1.4998186666666666 0
vertex 46.100045333333334 1.4998186666666666 0
endloop
endfacet
facet normal 0 0 -1
outer loop
vertex 26.800245333333333 0.5836133333333333 0
vertex 46.100045333333334 1.4998186666666666 0
vertex 49.536378666666664 1.4998186666666666 0
endloop
endfacet
facet normal 0 0 -1
outer loop
vertex 26.800245333333333 0.5836133333333333 0
vertex 49.536378666666664 1.4998186666666666 0
vertex 49.502128 1.3817439999999999 0
endloop
endfacet
facet normal 0 0 -1
outer loop
vertex 26.800245333333333 0.5836133333333333 0
vertex 49.502128 1.3817439999999999 0
vertex 49.45976533333333 1.2636693333333333 0
endloop
endfacet
facet normal 0 0 -1
outer loop
vertex 26.800245333333333 0.5836133333333333 0
vertex 49.45976533333333 1.2636693333333333 0
vertex 49.40974133333333 1.1482986666666666 0
endloop
endfacet
facet normal 0 0 -1
outer loop
vertex 26.800245333333333 0.5836133333333333 0
vertex 49.40974133333333 1.1482986666666666 0
vertex 49.35250666666666 1.0365333333333333 0
endloop
endfacet
facet normal 0 0 -1
outer loop
vertex 26.800245333333333 0.5836133333333333 0
vertex 49.35250666666666 1.0365333333333333 0
vertex 49.288512 0.9283733333333333 0
endloop
endfacet
facet normal 0 0 -1
outer loop
vertex 26.800245333333333 0.5836133333333333 0
vertex 49.288512 0.9283733333333333 0
vertex 49.218208 0.8242693333333333 0
endloop
endfacet
facet normal 0 0 -1
outer loop
vertex 26.800245333333333 0.5836133333333333 0
vertex 49.218208 0.8242693333333333 0
vertex 49.141144 0.7251226666666667 0
endloop
endfacet
facet normal 0 0 -1
outer loop
vertex 26.800245333333333 0.5836133333333333 0
vertex 49.141144 0.7251226666666667 0
vertex 49.05777066666666 0.6309333333333333 0
endloop
endfacet
facet normal 0 0 -1
outer loop
vertex 26.800245333333333 0.5836133333333333 0
vertex 49.05777066666666 0.6309333333333333 0
vertex 48.96898933333333 0.542152 0
endloop
endfacet
facet normal 0 0 -1
outer loop
vertex 26.800245333333333 0.5836133333333333 0
vertex 48.96898933333333 0.542152 0
vertex 48.8748 0.45877866666666667 0
endloop
endfacet
facet normal 0 0 -0.9999999999999999
outer loop
vertex 26.800245333333333 0.5836133333333333 0
vertex 48.8748 0.45877866666666667 0
vertex 48.77565333333333 0.3821653333333333 0
endloop
endfacet
facet normal 0 0 -1
outer loop
vertex 26.800245333333333 0.5836133333333333 0
vertex 48.77565333333333 0.3821653333333333 0
vertex 48.67154933333333 0.31141066666666667 0
endloop
endfacet
facet normal 0 0 -1
outer loop
vertex 26.800245333333333 0.5836133333333333 0
vertex 48.67154933333333 0.31141066666666667 0
vertex 48.56338933333333 0.247416 0
endloop
endfacet
facet normal 0 0 -1
outer loop
vertex 26.800245333333333 0.5836133333333333 0
vertex 48.56338933333333 0.247416 0
vertex 48.451623999999995 0.19018133333333334 0
endloop
endfacet
facet normal 0 0 -1
outer loop
vertex 26.800245333333333 0.5836133333333333 0
vertex 48.451623999999995 0.19018133333333334 0
vertex 48.33625333333333 0.14060799999999998 0
endloop
endfacet
facet normal 0 0 -1
outer loop
vertex 26.800245333333333 0.5836133333333333 0
vertex 48.33625333333333 0.14060799999999998 0
vertex 48.21817866666667 0.09779466666666667 0
endloop
endfacet
facet normal 0 0 -1
outer loop
vertex 26.800245333333333 0.5836133333333333 0
vertex 48.21817866666667 0.09779466666666667 0
vertex 48.0974 0.06264266666666667 0
endloop
endfacet
facet normal 0 0 -1
outer loop
vertex 26.800245333333333 0.5836133333333333 0
vertex 48.0974 0.06264266666666667 0
vertex 47.974818666666664 0.035602666666666664 0
endloop
endfacet
facet normal 0 0 -1
outer loop
vertex 26.800245333333333 0.5836133333333333 0
vertex 47.974818666666664 0.035602666666666664 0
vertex 47.85088533333333 0.015773333333333334 0
endloop
endfacet
facet normal 0 0 -1
outer loop
vertex 26.800245333333333 0.5836133333333333 0
vertex 47.85088533333333 0.015773333333333334 0
vertex 47.7256 0.004056 0
endloop
endfacet
facet normal 0 0 -1
outer loop
vertex 26.800245333333333 0.5836133333333333 0
vertex 47.7256 0.004056 0
vertex 47.599864 0 0
endloop
endfacet
facet normal 0 0 -0.9999999999999999
outer loop
vertex 26.800245333333333 0.5836133333333333 0
vertex 47.599864 0 0
vertex 6.000176 0 0
endloop
endfacet
facet normal 0 0 -1
outer loop
vertex 26.800245333333333 0.5836133333333333 0
vertex 6.000176 0 0
vertex 5.87444 0.004056 0
endloop
endfacet
facet normal 0 0 -1
outer loop
vertex 26.800245333333333 0.5836133333333333 0
vertex 5.87444 0.004056 0
vertex 5.749154666666667 0.015773333333333334 0
endloop
endfacet
facet normal 0 0 -1
outer loop
vertex 26.800245333333333 0.5836133333333333 0
vertex 5.749154666666667 0.015773333333333334 0
vertex 5.625221333333333 0.035602666666666664 0
endloop
endfacet
facet normal 0 0 -1
outer loop
vertex 26.800245333333333 0.5836133333333333 0
vertex 5.625221333333333 0.035602666666666664 0
vertex 5.5026399999999995 0.06264266666666667 0
endloop
endfacet
facet normal 0 0 -1
outer loop
vertex 26.800245333333333 0.5836133333333333 0
vertex 5.5026399999999995 0.06264266666666667 0
vertex 5.381861333333333 0.09779466666666667 0
endloop
endfacet
facet normal 0 0 -0.9999999999999999
outer loop
vertex 26.800245333333333 0.5836133333333333 0
vertex 5.381861333333333 0.09779466666666667 0
vertex 5.263786666666666 0.14060799999999998 0
endloop
endfacet
facet normal 0 0 -1
outer loop
vertex 26.800245333333333 0.5836133333333333 0
vertex 5.263786666666666 0.14060799999999998 0
vertex 5.148416 0.19018133333333334 0
endloop
endfacet
facet normal 0 0 -1
outer loop
vertex 26.800245333333333 0.5836133333333333 0
vertex 5.148416 0.19018133333333334 0
vertex 5.036650666666667 0.247416 0
endloop
endfacet
facet normal 0 0 -1
outer loop
vertex 26.800245333333333 0.5836133333333333 0
vertex 5.036650666666667 0.247416 0
vertex 4.928490666666667 0.31141066666666667 0
endloop
endfacet
facet normal 0 0 -0.9999999999999999
outer loop
vertex 26.800245333333333 0.5836133333333333 0
vertex 4.928490666666667 0.31141066666666667 0
vertex 4.824386666666666 0.3821653333333333 0
endloop
endfacet
facet normal 0 0 -1
outer loop
vertex 26.800245333333333 0.5836133333333333 0
vertex 4.824386666666666 0.3821653333333333 0
vertex 4.725239999999999 0.45877866666666667 0
endloop
endfacet
facet normal 0 0 -1
outer loop
vertex 26.800245333333333 0.5836133333333333 0
vertex 4.725239999999999 0.45877866666666667 0
vertex 4.631050666666667 0.542152 0
endloop
endfacet
facet normal 0 0 -1
outer loop
vertex 26.800245333333333 0.5836133333333333 0
vertex 4.631050666666667 0.542152 0
vertex 4.5422693333333335 0.6309333333333333 0
endloop
endfacet
facet normal 0 0 -1
outer loop
vertex 26.800245333333333 0.5836133333333333 0
vertex 4.5422693333333335 0.6309333333333333 0
vertex 4.458896 0.7251226666666667 0
endloop
endfacet
facet normal 0 0 -1
outer loop
vertex 26.800245333333333 0.5836133333333333 0
vertex 4.458896 0.7251226666666667 0
vertex 4.381832 0.8242693333333333 0
endloop
endfacet
facet normal 0 0 -1
outer loop
vertex 26.800245333333333 0.5836133333333333 0
vertex 4.381832 0.8242693333333333 0
vertex 4.311528 0.9283733333333333 0
endloop
endfacet
facet normal 0 0 -0.9999999999999999
outer loop
vertex 26.800245333333333 0.5836133333333333 0
vertex 4.311528 0.9283733333333333 0
vertex 4.247533333333333 1.0365333333333333 0
endloop
endfacet
facet normal 0 0 -1
outer loop
vertex 26.800245333333333 0.5836133333333333 0
vertex 4.247533333333333 1.0365333333333333 0
vertex 4.190298666666666 1.1482986666666666 0
endloop
endfacet
facet normal 0 0 -1
outer loop
vertex 26.800245333333333 0.5836133333333333 0
vertex 4.190298666666666 1.1482986666666666 0
vertex 4.1402746666666665 1.2636693333333333 0
endloop
endfacet
facet normal 0 0 -1
outer loop
vertex 26.800245333333333 0.5836133333333333 0
vertex 4.1402746666666665 1.2636693333333333 0
vertex 4.097912 1.3817439999999999 0
endloop
endfacet
facet normal 0 0 -1
outer loop
vertex 26.800245333333333 0.5836133333333333 0
vertex 4.097912 1.3817439999999999 0
vertex 4.063661333333333 1.4998186666666666 0
endloop
endfacet
facet normal 0 0 -1
outer loop
vertex 26.800245333333333 0.5836133333333333 0
vertex 4.063661333333333 1.4998186666666666 0
vertex 7.499994666666667 1.4998186666666666 0
endloop
endfacet
endsolid JSCAD
