solid JSCAD
facet normal 1 0 0
outer loop
vertex 56.00016 41.00016 1.6411200000000001
vertex 56.00016 78.99984 2.00016
vertex 56.00016 78.80544 2.00016
endloop
endfacet
facet normal 1 0 0
outer loop
vertex 56.00016 41.00016 1.6411200000000001
vertex 56.00016 78.80544 2.00016
vertex 56.00016 78.61632 2.00016
endloop
endfacet
facet normal 0.9999999999999999 0 0
outer loop
vertex 56.00016 41.00016 1.6411200000000001
vertex 56.00016 78.61632 2.00016
vertex 56.00016 78.4608 2.00016
endloop
endfacet
facet normal 1 0 0
outer loop
vertex 56.00016 41.00016 1.6411200000000001
vertex 56.00016 78.4608 2.00016
vertex 56.00016 78.34512000000001 2.00016
endloop
endfacet
facet normal 1 0 0
outer loop
vertex 56.00016 41.00016 1.6411200000000001
vertex 56.00016 78.34512000000001 2.00016
vertex 56.00016 78.27408 2.00016
endloop
endfacet
facet normal 1 0 0
outer loop
vertex 56.00016 41.00016 1.6411200000000001
vertex 56.00016 78.27408 2.00016
vertex 56.00016 78.25008 2.00016
endloop
endfacet
facet normal 1 0 0
outer loop
vertex 56.00016 41.00016 1.6411200000000001
vertex 56.00016 78.25008 2.00016
vertex 56.00016 76.79616 2.00016
endloop
endfacet
facet normal 1 0 0
outer loop
vertex 56.00016 41.00016 1.6411200000000001
vertex 56.00016 76.79616 2.00016
vertex 56.00016 76.78416 2.00016
endloop
endfacet
facet normal 0.9999999999999999 0 0
outer loop
vertex 56.00016 41.00016 1.6411200000000001
vertex 56.00016 76.78416 2.00016
vertex 56.00016 76.76448 2.00016
endloop
endfacet
facet normal 1 0 0
outer loop
vertex 56.00016 41.00016 1.6411200000000001
vertex 56.00016 76.76448 2.00016
vertex 56.00016 76.73712 2.00016
endloop
endfacet
facet normal 1 0 0
outer loop
vertex 56.00016 41.00016 1.6411200000000001
vertex 56.00016 76.73712 2.00016
vertex 56.00016 76.70208 2.00016
endloop
endfacet
facet normal 1 0 0
outer loop
vertex 56.00016 41.00016 1.6411200000000001
vertex 56.00016 76.70208 2.00016
vertex 56.00016 76.65936 2.00016
endloop
endfacet
facet normal 1 0 0
outer loop
vertex 56.00016 41.00016 1.6411200000000001
vertex 56.00016 76.65936 2.00016
vertex 56.00016 76.60944 2.00016
endloop
endfacet
facet normal 1 0 0
outer loop
vertex 56.00016 41.00016 1.6411200000000001
vertex 56.00016 76.60944 2.00016
vertex 56.00016 76.5528 2.00016
endloop
endfacet
facet normal 1 0 0
outer loop
vertex 56.00016 41.00016 1.6411200000000001
vertex 56.00016 76.5528 2.00016
vertex 56.00016 76.48848 2.00016
endloop
endfacet
facet normal 1 0 0
outer loop
vertex 56.00016 41.00016 1.6411200000000001
vertex 56.00016 76.48848 2.00016
vertex 56.00016 76.41792 2.00016
endloop
endfacet
facet normal 0.9999999999999999 0 0
outer loop
vertex 56.00016 41.00016 1.6411200000000001
vertex 56.00016 76.41792 2.00016
vertex 56.00016 76.34112 2.00016
endloop
endfacet
facet normal 0.9999999999999999 0 0
outer loop
vertex 56.00016 41.00016 1.6411200000000001
vertex 56.00016 76.34112 2.00016
vertex 56.00016 76.25808 2.00016
endloop
endfacet
facet normal 1 0 0
outer loop
vertex 56.00016 41.00016 1.6411200000000001
vertex 56.00016 76.25808 2.00016
vertex 56.00016 76.16928 2.00016
endloop
endfacet
facet normal 1 0 0
outer loop
vertex 56.00016 41.00016 1.6411200000000001
vertex 56.00016 76.16928 2.00016
vertex 56.00016 76.07472 2.00016
endloop
endfacet
facet normal 1 0 0
outer loop
vertex 56.00016 41.00016 1.6411200000000001
vertex 56.00016 76.07472 2.00016
vertex 56.00016 75.97536 2.00016
endloop
endfacet
facet normal 0.9999999999999999 0 0
outer loop
vertex 56.00016 41.00016 1.6411200000000001
vertex 56.00016 75.97536 2.00016
vertex 56.00016 75.87168 2.00016
endloop
endfacet
facet normal 1 0 0
outer loop
vertex 56.00016 41.00016 1.6411200000000001
vertex 56.00016 75.87168 2.00016
vertex 56.00016 75.76368000000001 2.00016
endloop
endfacet
facet normal 1 0 0
outer loop
vertex 56.00016 41.00016 1.6411200000000001
vertex 56.00016 75.76368000000001 2.00016
vertex 56.00016 75.65136 2.00016
endloop
endfacet
facet normal 1 0 0
outer loop
vertex 56.00016 41.00016 1.6411200000000001
vertex 56.00016 75.65136 2.00016
vertex 56.00016 75.53616 2.00016
endloop
endfacet
facet normal 1 0 0
outer loop
vertex 56.00016 41.00016 1.6411200000000001
vertex 56.00016 75.53616 2.00016
vertex 56.00016 75.41808 2.00016
endloop
endfacet
facet normal 1 0 0
outer loop
vertex 56.00016 41.00016 1.6411200000000001
vertex 56.00016 75.41808 2.00016
vertex 56.00016 75.2976 2.00016
endloop
endfacet
facet normal 1 0 0
outer loop
vertex 56.00016 41.00016 1.6411200000000001
vertex 56.00016 75.2976 2.00016
vertex 56.00016 75.17472000000001 2.00016
endloop
endfacet
facet normal 0.9999999999999999 0 0
outer loop
vertex 56.00016 41.00016 1.6411200000000001
vertex 56.00016 75.17472000000001 2.00016
vertex 56.00016 75.05088 2.00016
endloop
endfacet
facet normal 1 0 0
outer loop
vertex 56.00016 41.00016 1.6411200000000001
vertex 56.00016 75.05088 2.00016
vertex 56.00016 74.9256 2.00016
endloop
endfacet
facet normal 1 0 0
outer loop
vertex 56.00016 41.00016 1.6411200000000001
vertex 56.00016 74.9256 2.00016
vertex 56.00016 74.79984 2.00016
endloop
endfacet
facet normal 1 0 0
outer loop
vertex 56.00016 41.00016 1.6411200000000001
vertex 56.00016 74.79984 2.00016
vertex 56.00016 7.2 2.00016
endloop
endfacet
facet normal 1 0 0
outer loop
vertex 56.00016 41.00016 1.6411200000000001
vertex 56.00016 7.2 2.00016
vertex 56.00016 7.0742400000000005 2.00016
endloop
endfacet
facet normal 1 0 0
outer loop
vertex 56.00016 41.00016 1.6411200000000001
vertex 56.00016 7.0742400000000005 2.00016
vertex 56.00016 6.94944 2.00016
endloop
endfacet
facet normal 1 0 0
outer loop
vertex 56.00016 41.00016 1.6411200000000001
vertex 56.00016 6.94944 2.00016
vertex 56.00016 6.82512 2.00016
endloop
endfacet
facet normal 1 0 0
outer loop
vertex 56.00016 41.00016 1.6411200000000001
vertex 56.00016 6.82512 2.00016
vertex 56.00016 6.70272 2.00016
endloop
endfacet
facet normal 1 0 0
outer loop
vertex 56.00016 41.00016 1.6411200000000001
vertex 56.00016 6.70272 2.00016
vertex 56.00016 6.58176 2.00016
endloop
endfacet
facet normal 1 0 0
outer loop
vertex 56.00016 41.00016 1.6411200000000001
vertex 56.00016 6.58176 2.00016
vertex 56.00016 6.46368 2.00016
endloop
endfacet
facet normal 1 0 0
outer loop
vertex 56.00016 41.00016 1.6411200000000001
vertex 56.00016 6.46368 2.00016
vertex 56.00016 6.34848 2.00016
endloop
endfacet
facet normal 1 0 0
outer loop
vertex 56.00016 41.00016 1.6411200000000001
vertex 56.00016 6.34848 2.00016
vertex 56.00016 6.23664 2.00016
endloop
endfacet
facet normal 1 0 0
outer loop
vertex 56.00016 41.00016 1.6411200000000001
vertex 56.00016 6.23664 2.00016
vertex 56.00016 6.12816 2.00016
endloop
endfacet
facet normal 0.9999999999999999 0 0
outer loop
vertex 56.00016 41.00016 1.6411200000000001
vertex 56.00016 6.12816 2.00016
vertex 56.00016 6.0244800000000005 2.00016
endloop
endfacet
facet normal 1 0 0
outer loop
vertex 56.00016 41.00016 1.6411200000000001
vertex 56.00016 6.0244800000000005 2.00016
vertex 56.00016 5.92512 2.00016
endloop
endfacet
facet normal 1 0 0
outer loop
vertex 56.00016 41.00016 1.6411200000000001
vertex 56.00016 5.92512 2.00016
vertex 56.00016 5.83104 2.00016
endloop
endfacet
facet normal 1 0 0
outer loop
vertex 56.00016 41.00016 1.6411200000000001
vertex 56.00016 5.83104 2.00016
vertex 56.00016 5.74224 2.00016
endloop
endfacet
facet normal 1 0 0
outer loop
vertex 56.00016 41.00016 1.6411200000000001
vertex 56.00016 5.74224 2.00016
vertex 56.00016 5.6592 2.00016
endloop
endfacet
facet normal 0.9999999999999999 0 0
outer loop
vertex 56.00016 41.00016 1.6411200000000001
vertex 56.00016 5.6592 2.00016
vertex 56.00016 5.58192 2.00016
endloop
endfacet
facet normal 1 0 0
outer loop
vertex 56.00016 41.00016 1.6411200000000001
vertex 56.00016 5.58192 2.00016
vertex 56.00016 5.51136 2.00016
endloop
endfacet
facet normal 1 0 0
outer loop
vertex 56.00016 41.00016 1.6411200000000001
vertex 56.00016 5.51136 2.00016
vertex 56.00016 5.44752 2.00016
endloop
endfacet
facet normal 1 0 0
outer loop
vertex 56.00016 41.00016 1.6411200000000001
vertex 56.00016 5.44752 2.00016
vertex 56.00016 5.3904000000000005 2.00016
endloop
endfacet
facet normal 1 0 0
outer loop
vertex 56.00016 41.00016 1.6411200000000001
vertex 56.00016 5.3904000000000005 2.00016
vertex 56.00016 5.34048 2.00016
endloop
endfacet
facet normal 0.9999999999999999 0 0
outer loop
vertex 56.00016 41.00016 1.6411200000000001
vertex 56.00016 5.34048 2.00016
vertex 56.00016 5.29776 2.00016
endloop
endfacet
facet normal 0.9999999999999999 0 0
outer loop
vertex 56.00016 41.00016 1.6411200000000001
vertex 56.00016 5.29776 2.00016
vertex 56.00016 5.26272 2.00016
endloop
endfacet
facet normal 1 0 0
outer loop
vertex 56.00016 41.00016 1.6411200000000001
vertex 56.00016 5.26272 2.00016
vertex 56.00016 5.23536 2.00016
endloop
endfacet
facet normal 1 0 0
outer loop
vertex 56.00016 41.00016 1.6411200000000001
vertex 56.00016 5.23536 2.00016
vertex 56.00016 5.21568 2.00016
endloop
endfacet
facet normal 1 0 0
outer loop
vertex 56.00016 41.00016 1.6411200000000001
vertex 56.00016 5.21568 2.00016
vertex 56.00016 5.20416 2.00016
endloop
endfacet
facet normal 1 0 0
outer loop
vertex 56.00016 41.00016 1.6411200000000001
vertex 56.00016 5.20416 2.00016
vertex 56.00016 3.7502400000000002 2.00016
endloop
endfacet
facet normal 1 0 0
outer loop
vertex 56.00016 41.00016 1.6411200000000001
vertex 56.00016 3.7502400000000002 2.00016
vertex 56.00016 3.72576 2.00016
endloop
endfacet
facet normal 1 0 0
outer loop
vertex 56.00016 41.00016 1.6411200000000001
vertex 56.00016 3.72576 2.00016
vertex 56.00016 3.65472 2.00016
endloop
endfacet
facet normal 1 0 0
outer loop
vertex 56.00016 41.00016 1.6411200000000001
vertex 56.00016 3.65472 2.00016
vertex 56.00016 3.53952 2.00016
endloop
endfacet
facet normal 1 0 0
outer loop
vertex 56.00016 41.00016 1.6411200000000001
vertex 56.00016 3.53952 2.00016
vertex 56.00016 3.384 2.00016
endloop
endfacet
facet normal 1 0 0
outer loop
vertex 56.00016 41.00016 1.6411200000000001
vertex 56.00016 3.384 2.00016
vertex 56.00016 3.1944 2.00016
endloop
endfacet
facet normal 1 0 0
outer loop
vertex 56.00016 41.00016 1.6411200000000001
vertex 56.00016 3.1944 2.00016
vertex 56.00016 3 2.00016
endloop
endfacet
facet normal 1 0 0
outer loop
vertex 56.00016 41.00016 1.6411200000000001
vertex 56.00016 3 2.00016
vertex 56.00016 3 0
endloop
endfacet
facet normal 1 0 0
outer loop
vertex 56.00016 41.00016 1.6411200000000001
vertex 56.00016 3 0
vertex 56.00016 3.1944 0
endloop
endfacet
facet normal 1 0 0
outer loop
vertex 56.00016 41.00016 1.6411200000000001
vertex 56.00016 3.1944 0
vertex 56.00016 3.384 0
endloop
endfacet
facet normal 1 0 0
outer loop
vertex 56.00016 41.00016 1.6411200000000001
vertex 56.00016 3.384 0
vertex 56.00016 3.53952 0
endloop
endfacet
facet normal 0.9999999999999999 0 0
outer loop
vertex 56.00016 41.00016 1.6411200000000001
vertex 56.00016 3.53952 0
vertex 56.00016 3.65472 0
endloop
endfacet
facet normal 1 0 0
outer loop
vertex 56.00016 41.00016 1.6411200000000001
vertex 56.00016 3.65472 0
vertex 56.00016 3.72576 0
endloop
endfacet
facet normal 1 0 0
outer loop
vertex 56.00016 41.00016 1.6411200000000001
vertex 56.00016 3.72576 0
vertex 56.00016 3.7502400000000002 0
endloop
endfacet
facet normal 1 0 0
outer loop
vertex 56.00016 41.00016 1.6411200000000001
vertex 56.00016 3.7502400000000002 0
vertex 56.00016 78.25008 0
endloop
endfacet
facet normal 1 0 0
outer loop
vertex 56.00016 41.00016 1.6411200000000001
vertex 56.00016 78.25008 0
vertex 56.00016 78.27408 0
endloop
endfacet
facet normal 1 0 0
outer loop
vertex 56.00016 41.00016 1.6411200000000001
vertex 56.00016 78.27408 0
vertex 56.00016 78.34512000000001 0
endloop
endfacet
facet normal 1 0 0
outer loop
vertex 56.00016 41.00016 1.6411200000000001
vertex 56.00016 78.34512000000001 0
vertex 56.00016 78.4608 0
endloop
endfacet
facet normal 1 0 0
outer loop
vertex 56.00016 41.00016 1.6411200000000001
vertex 56.00016 78.4608 0
vertex 56.00016 78.61632 0
endloop
endfacet
facet normal 1 0 0
outer loop
vertex 56.00016 41.00016 1.6411200000000001
vertex 56.00016 78.61632 0
vertex 56.00016 78.80544 0
endloop
endfacet
facet normal 1 0 0
outer loop
vertex 56.00016 41.00016 1.6411200000000001
vertex 56.00016 78.80544 0
vertex 56.00016 78.99984 0
endloop
endfacet
facet normal 1 0 0
outer loop
vertex 56.00016 41.00016 1.6411200000000001
vertex 56.00016 78.99984 0
vertex 56.00016 78.99984 2.00016
endloop
endfacet
facet normal -1 0 0
outer loop
vertex 0 41.00016 1.6411200000000001
vertex 0 3.1944 2.00016
vertex 0 3.384 2.00016
endloop
endfacet
facet normal -1 0 0
outer loop
vertex 0 41.00016 1.6411200000000001
vertex 0 3.384 2.00016
vertex 0 3.53952 2.00016
endloop
endfacet
facet normal -1 0 0
outer loop
vertex 0 41.00016 1.6411200000000001
vertex 0 3.53952 2.00016
vertex 0 3.65472 2.00016
endloop
endfacet
facet normal -1 0 0
outer loop
vertex 0 41.00016 1.6411200000000001
vertex 0 3.65472 2.00016
vertex 0 3.72576 2.00016
endloop
endfacet
facet normal -1 0 0
outer loop
vertex 0 41.00016 1.6411200000000001
vertex 0 3.72576 2.00016
vertex 0 3.7502400000000002 2.00016
endloop
endfacet
facet normal -1 0 0
outer loop
vertex 0 41.00016 1.6411200000000001
vertex 0 3.7502400000000002 2.00016
vertex 0 5.20416 2.00016
endloop
endfacet
facet normal -1 0 0
outer loop
vertex 0 41.00016 1.6411200000000001
vertex 0 5.20416 2.00016
vertex 0 5.21568 2.00016
endloop
endfacet
facet normal -1 0 0
outer loop
vertex 0 41.00016 1.6411200000000001
vertex 0 5.21568 2.00016
vertex 0 5.23536 2.00016
endloop
endfacet
facet normal -1 0 0
outer loop
vertex 0 41.00016 1.6411200000000001
vertex 0 5.23536 2.00016
vertex 0 5.26272 2.00016
endloop
endfacet
facet normal -0.9999999999999999 0 0
outer loop
vertex 0 41.00016 1.6411200000000001
vertex 0 5.26272 2.00016
vertex 0 5.29776 2.00016
endloop
endfacet
facet normal -0.9999999999999999 0 0
outer loop
vertex 0 41.00016 1.6411200000000001
vertex 0 5.29776 2.00016
vertex 0 5.34048 2.00016
endloop
endfacet
facet normal -1 0 0
outer loop
vertex 0 41.00016 1.6411200000000001
vertex 0 5.34048 2.00016
vertex 0 5.3904000000000005 2.00016
endloop
endfacet
facet normal -1 0 0
outer loop
vertex 0 41.00016 1.6411200000000001
vertex 0 5.3904000000000005 2.00016
vertex 0 5.44752 2.00016
endloop
endfacet
facet normal -1 0 0
outer loop
vertex 0 41.00016 1.6411200000000001
vertex 0 5.44752 2.00016
vertex 0 5.51136 2.00016
endloop
endfacet
facet normal -1 0 0
outer loop
vertex 0 41.00016 1.6411200000000001
vertex 0 5.51136 2.00016
vertex 0 5.58192 2.00016
endloop
endfacet
facet normal -0.9999999999999999 0 0
outer loop
vertex 0 41.00016 1.6411200000000001
vertex 0 5.58192 2.00016
vertex 0 5.6592 2.00016
endloop
endfacet
facet normal -1 0 0
outer loop
vertex 0 41.00016 1.6411200000000001
vertex 0 5.6592 2.00016
vertex 0 5.74224 2.00016
endloop
endfacet
facet normal -1 0 0
outer loop
vertex 0 41.00016 1.6411200000000001
vertex 0 5.74224 2.00016
vertex 0 5.83104 2.00016
endloop
endfacet
facet normal -1 0 0
outer loop
vertex 0 41.00016 1.6411200000000001
vertex 0 5.83104 2.00016
vertex 0 5.92512 2.00016
endloop
endfacet
facet normal -1 0 0
outer loop
vertex 0 41.00016 1.6411200000000001
vertex 0 5.92512 2.00016
vertex 0 6.0244800000000005 2.00016
endloop
endfacet
facet normal -0.9999999999999999 0 0
outer loop
vertex 0 41.00016 1.6411200000000001
vertex 0 6.0244800000000005 2.00016
vertex 0 6.12816 2.00016
endloop
endfacet
facet normal -1 0 0
outer loop
vertex 0 41.00016 1.6411200000000001
vertex 0 6.12816 2.00016
vertex 0 6.23664 2.00016
endloop
endfacet
facet normal -1 0 0
outer loop
vertex 0 41.00016 1.6411200000000001
vertex 0 6.23664 2.00016
vertex 0 6.34848 2.00016
endloop
endfacet
facet normal -1 0 0
outer loop
vertex 0 41.00016 1.6411200000000001
vertex 0 6.34848 2.00016
vertex 0 6.46368 2.00016
endloop
endfacet
facet normal -1 0 0
outer loop
vertex 0 41.00016 1.6411200000000001
vertex 0 6.46368 2.00016
vertex 0 6.58176 2.00016
endloop
endfacet
facet normal -1 0 0
outer loop
vertex 0 41.00016 1.6411200000000001
vertex 0 6.58176 2.00016
vertex 0 6.70272 2.00016
endloop
endfacet
facet normal -1 0 0
outer loop
vertex 0 41.00016 1.6411200000000001
vertex 0 6.70272 2.00016
vertex 0 6.82512 2.00016
endloop
endfacet
facet normal -1 0 0
outer loop
vertex 0 41.00016 1.6411200000000001
vertex 0 6.82512 2.00016
vertex 0 6.94944 2.00016
endloop
endfacet
facet normal -1 0 0
outer loop
vertex 0 41.00016 1.6411200000000001
vertex 0 6.94944 2.00016
vertex 0 7.0742400000000005 2.00016
endloop
endfacet
facet normal -1 0 0
outer loop
vertex 0 41.00016 1.6411200000000001
vertex 0 7.0742400000000005 2.00016
vertex 0 7.2 2.00016
endloop
endfacet
facet normal -1 0 0
outer loop
vertex 0 41.00016 1.6411200000000001
vertex 0 7.2 2.00016
vertex 0 74.79984 2.00016
endloop
endfacet
facet normal -1 0 0
outer loop
vertex 0 41.00016 1.6411200000000001
vertex 0 74.79984 2.00016
vertex 0 74.9256 2.00016
endloop
endfacet
facet normal -1 0 0
outer loop
vertex 0 41.00016 1.6411200000000001
vertex 0 74.9256 2.00016
vertex 0 75.05088 2.00016
endloop
endfacet
facet normal -0.9999999999999999 0 0
outer loop
vertex 0 41.00016 1.6411200000000001
vertex 0 75.05088 2.00016
vertex 0 75.17472000000001 2.00016
endloop
endfacet
facet normal -1 0 0
outer loop
vertex 0 41.00016 1.6411200000000001
vertex 0 75.17472000000001 2.00016
vertex 0 75.2976 2.00016
endloop
endfacet
facet normal -1 0 0
outer loop
vertex 0 41.00016 1.6411200000000001
vertex 0 75.2976 2.00016
vertex 0 75.41808 2.00016
endloop
endfacet
facet normal -1 0 0
outer loop
vertex 0 41.00016 1.6411200000000001
vertex 0 75.41808 2.00016
vertex 0 75.53616 2.00016
endloop
endfacet
facet normal -1 0 0
outer loop
vertex 0 41.00016 1.6411200000000001
vertex 0 75.53616 2.00016
vertex 0 75.65136 2.00016
endloop
endfacet
facet normal -1 0 0
outer loop
vertex 0 41.00016 1.6411200000000001
vertex 0 75.65136 2.00016
vertex 0 75.76368000000001 2.00016
endloop
endfacet
facet normal -1 0 0
outer loop
vertex 0 41.00016 1.6411200000000001
vertex 0 75.76368000000001 2.00016
vertex 0 75.87168 2.00016
endloop
endfacet
facet normal -0.9999999999999999 0 0
outer loop
vertex 0 41.00016 1.6411200000000001
vertex 0 75.87168 2.00016
vertex 0 75.97536 2.00016
endloop
endfacet
facet normal -1 0 0
outer loop
vertex 0 41.00016 1.6411200000000001
vertex 0 75.97536 2.00016
vertex 0 76.07472 2.00016
endloop
endfacet
facet normal -1 0 0
outer loop
vertex 0 41.00016 1.6411200000000001
vertex 0 76.07472 2.00016
vertex 0 76.16928 2.00016
endloop
endfacet
facet normal -1 0 0
outer loop
vertex 0 41.00016 1.6411200000000001
vertex 0 76.16928 2.00016
vertex 0 76.25808 2.00016
endloop
endfacet
facet normal -0.9999999999999999 0 0
outer loop
vertex 0 41.00016 1.6411200000000001
vertex 0 76.25808 2.00016
vertex 0 76.34112 2.00016
endloop
endfacet
facet normal -0.9999999999999999 0 0
outer loop
vertex 0 41.00016 1.6411200000000001
vertex 0 76.34112 2.00016
vertex 0 76.41792 2.00016
endloop
endfacet
facet normal -1 0 0
outer loop
vertex 0 41.00016 1.6411200000000001
vertex 0 76.41792 2.00016
vertex 0 76.48848 2.00016
endloop
endfacet
facet normal -1 0 0
outer loop
vertex 0 41.00016 1.6411200000000001
vertex 0 76.48848 2.00016
vertex 0 76.5528 2.00016
endloop
endfacet
facet normal -1 0 0
outer loop
vertex 0 41.00016 1.6411200000000001
vertex 0 76.5528 2.00016
vertex 0 76.60944 2.00016
endloop
endfacet
facet normal -1 0 0
outer loop
vertex 0 41.00016 1.6411200000000001
vertex 0 76.60944 2.00016
vertex 0 76.65936 2.00016
endloop
endfacet
facet normal -1 0 0
outer loop
vertex 0 41.00016 1.6411200000000001
vertex 0 76.65936 2.00016
vertex 0 76.70208 2.00016
endloop
endfacet
facet normal -1 0 0
outer loop
vertex 0 41.00016 1.6411200000000001
vertex 0 76.70208 2.00016
vertex 0 76.73712 2.00016
endloop
endfacet
facet normal -1 0 0
outer loop
vertex 0 41.00016 1.6411200000000001
vertex 0 76.73712 2.00016
vertex 0 76.76448 2.00016
endloop
endfacet
facet normal -0.9999999999999999 0 0
outer loop
vertex 0 41.00016 1.6411200000000001
vertex 0 76.76448 2.00016
vertex 0 76.78416 2.00016
endloop
endfacet
facet normal -1 0 0
outer loop
vertex 0 41.00016 1.6411200000000001
vertex 0 76.78416 2.00016
vertex 0 76.79616 2.00016
endloop
endfacet
facet normal -1 0 0
outer loop
vertex 0 41.00016 1.6411200000000001
vertex 0 76.79616 2.00016
vertex 0 78.25008 2.00016
endloop
endfacet
facet normal -1 0 0
outer loop
vertex 0 41.00016 1.6411200000000001
vertex 0 78.25008 2.00016
vertex 0 78.27408 2.00016
endloop
endfacet
facet normal -1 0 0
outer loop
vertex 0 41.00016 1.6411200000000001
vertex 0 78.27408 2.00016
vertex 0 78.34512000000001 2.00016
endloop
endfacet
facet normal -1 0 0
outer loop
vertex 0 41.00016 1.6411200000000001
vertex 0 78.34512000000001 2.00016
vertex 0 78.4608 2.00016
endloop
endfacet
facet normal -0.9999999999999999 0 0
outer loop
vertex 0 41.00016 1.6411200000000001
vertex 0 78.4608 2.00016
vertex 0 78.61632 2.00016
endloop
endfacet
facet normal -1 0 0
outer loop
vertex 0 41.00016 1.6411200000000001
vertex 0 78.61632 2.00016
vertex 0 78.80544 2.00016
endloop
endfacet
facet normal -1 0 0
outer loop
vertex 0 41.00016 1.6411200000000001
vertex 0 78.80544 2.00016
vertex 0 78.99984 2.00016
endloop
endfacet
facet normal -1 0 0
outer loop
vertex 0 41.00016 1.6411200000000001
vertex 0 78.99984 2.00016
vertex 0 78.99984 0
endloop
endfacet
facet normal -1 0 0
outer loop
vertex 0 41.00016 1.6411200000000001
vertex 0 78.99984 0
vertex 0 78.80544 0
endloop
endfacet
facet normal -1 0 0
outer loop
vertex 0 41.00016 1.6411200000000001
vertex 0 78.80544 0
vertex 0 78.61632 0
endloop
endfacet
facet normal -1 0 0
outer loop
vertex 0 41.00016 1.6411200000000001
vertex 0 78.61632 0
vertex 0 78.4608 0
endloop
endfacet
facet normal -1 0 0
outer loop
vertex 0 41.00016 1.6411200000000001
vertex 0 78.4608 0
vertex 0 78.34512000000001 0
endloop
endfacet
facet normal -1 0 0
outer loop
vertex 0 41.00016 1.6411200000000001
vertex 0 78.34512000000001 0
vertex 0 78.27408 0
endloop
endfacet
facet normal -1 0 0
outer loop
vertex 0 41.00016 1.6411200000000001
vertex 0 78.27408 0
vertex 0 78.25008 0
endloop
endfacet
facet normal -1 0 0
outer loop
vertex 0 41.00016 1.6411200000000001
vertex 0 78.25008 0
vertex 0 3.7502400000000002 0
endloop
endfacet
facet normal -1 0 0
outer loop
vertex 0 41.00016 1.6411200000000001
vertex 0 3.7502400000000002 0
vertex 0 3.72576 0
endloop
endfacet
facet normal -1 0 0
outer loop
vertex 0 41.00016 1.6411200000000001
vertex 0 3.72576 0
vertex 0 3.65472 0
endloop
endfacet
facet normal -0.9999999999999999 0 0
outer loop
vertex 0 41.00016 1.6411200000000001
vertex 0 3.65472 0
vertex 0 3.53952 0
endloop
endfacet
facet normal -1 0 0
outer loop
vertex 0 41.00016 1.6411200000000001
vertex 0 3.53952 0
vertex 0 3.384 0
endloop
endfacet
facet normal -1 0 0
outer loop
vertex 0 41.00016 1.6411200000000001
vertex 0 3.384 0
vertex 0 3.1944 0
endloop
endfacet
facet normal -1 0 0
outer loop
vertex 0 41.00016 1.6411200000000001
vertex 0 3.1944 0
vertex 0 3 0
endloop
endfacet
facet normal -1 0 0
outer loop
vertex 0 41.00016 1.6411200000000001
vertex 0 3 0
vertex 0 3 2.00016
endloop
endfacet
facet normal -1 0 0
outer loop
vertex 0 41.00016 1.6411200000000001
vertex 0 3 2.00016
vertex 0 3.1944 2.00016
endloop
endfacet
facet normal 0 1 0
outer loop
vertex 3 81.99984 2.00016
vertex 53.00016 81.99984 2.00016
vertex 53.00016 81.99984 0
endloop
endfacet
facet normal 0 1 0
outer loop
vertex 3 81.99984 2.00016
vertex 53.00016 81.99984 0
vertex 3 81.99984 0
endloop
endfacet
facet normal 0 -1 0
outer loop
vertex 3 0 2.00016
vertex 3 0 0
vertex 53.00016 0 0
endloop
endfacet
facet normal 0 -1 0
outer loop
vertex 3 0 2.00016
vertex 53.00016 0 0
vertex 53.00016 0 2.00016
endloop
endfacet
facet normal 0.9994533424142238 0.03306079758621319 0
outer loop
vertex 55.99392 79.18848 0
vertex 55.99392 79.18848 2.00016
vertex 56.00016 78.99984 2.00016
endloop
endfacet
facet normal 0.9994533424142238 0.03306079758621319 0
outer loop
vertex 55.99392 79.18848 0
vertex 56.00016 78.99984 2.00016
vertex 56.00016 78.99984 0
endloop
endfacet
facet normal 0.03059791145789226 0.9995317742895494 0
outer loop
vertex 53.188320000000004 81.99408 2.00016
vertex 53.188320000000004 81.99408 0
vertex 53.00016 81.99984 0
endloop
endfacet
facet normal 0.03059791145789226 0.9995317742895494 0
outer loop
vertex 53.188320000000004 81.99408 2.00016
vertex 53.00016 81.99984 0
vertex 53.00016 81.99984 2.00016
endloop
endfacet
facet normal -0.9955525086135875 0.09420829365397104 0
outer loop
vertex 0.00576 79.18848 2.00016
vertex 0.02352 79.37616 2.00016
vertex 0.02352 79.37616 0
endloop
endfacet
facet normal -0.9955525086135875 0.09420829365397104 0
outer loop
vertex 0.00576 79.18848 2.00016
vertex 0.02352 79.37616 0
vertex 0.00576 79.18848 0
endloop
endfacet
facet normal -0.9995341524233314 0.03052012679155334 0
outer loop
vertex 0.00576 79.18848 2.00016
vertex 0.00576 79.18848 0
vertex 0 78.99984 0
endloop
endfacet
facet normal -0.9995341524233314 0.03052012679155334 0
outer loop
vertex 0.00576 79.18848 2.00016
vertex 0 78.99984 0
vertex 0 78.99984 2.00016
endloop
endfacet
facet normal -0.9995317742895511 -0.03059791145784342 0
outer loop
vertex 0.00576 2.81184 2.00016
vertex 0 3 2.00016
vertex 0 3 0
endloop
endfacet
facet normal -0.9995317742895511 -0.03059791145784342 0
outer loop
vertex 0.00576 2.81184 2.00016
vertex 0 3 0
vertex 0.00576 2.81184 0
endloop
endfacet
facet normal -0.9955525086135874 -0.09420829365397125 0
outer loop
vertex 0.02352 2.6241600000000003 0
vertex 0.02352 2.6241600000000003 2.00016
vertex 0.00576 2.81184 2.00016
endloop
endfacet
facet normal -0.9955525086135874 -0.09420829365397125 0
outer loop
vertex 0.02352 2.6241600000000003 0
vertex 0.00576 2.81184 2.00016
vertex 0.00576 2.81184 0
endloop
endfacet
facet normal 0.8606850895701568 -0.509137658618892 0.0001454911810573761
outer loop
vertex 55.578720000000004 1.4692800000000001 1.00032
vertex 55.57344 1.46064 2.00016
vertex 55.533120000000004 1.39248 2.00016
endloop
endfacet
facet normal 0.8598547438407336 -0.5105387541554377 0
outer loop
vertex 55.578720000000004 1.4692800000000001 1.00032
vertex 55.533120000000004 1.39248 2.00016
vertex 55.533120000000004 1.39248 0
endloop
endfacet
facet normal 0.860685089578897 -0.5091376586240622 -0.0001454213676322418
outer loop
vertex 55.578720000000004 1.4692800000000001 1.00032
vertex 55.533120000000004 1.39248 0
vertex 55.57344 1.46064 0
endloop
endfacet
facet normal 0.860576673992195 -0.5093208886892792 -0.00014326651512378187
outer loop
vertex 55.578720000000004 1.4692800000000001 1.00032
vertex 55.57344 1.46064 0
vertex 55.62912 1.55472 0
endloop
endfacet
facet normal 0.8613116091607854 -0.5080770728195266 0
outer loop
vertex 55.578720000000004 1.4692800000000001 1.00032
vertex 55.62912 1.55472 0
vertex 55.62912 1.55472 2.00016
endloop
endfacet
facet normal 0.8605766739837131 -0.5093208886842593 0.0001433352940542577
outer loop
vertex 55.578720000000004 1.4692800000000001 1.00032
vertex 55.62912 1.55472 2.00016
vertex 55.57344 1.46064 2.00016
endloop
endfacet
facet normal 0.15779197748512352 -0.9874723752294717 0
outer loop
vertex 53.376000000000005 0.02352 2.00016
vertex 53.376000000000005 0.02352 0
vertex 53.56224 0.05328 0
endloop
endfacet
facet normal 0.15779197748512352 -0.9874723752294717 0
outer loop
vertex 53.376000000000005 0.02352 2.00016
vertex 53.56224 0.05328 0
vertex 53.56224 0.05328 2.00016
endloop
endfacet
facet normal 0.6624639225454719 -0.7490938201091147 0
outer loop
vertex 54.91248 0.68832 2.00016
vertex 54.91248 0.68832 0
vertex 55.0536 0.8131200000000001 0
endloop
endfacet
facet normal 0.6624639225454719 -0.7490938201091147 0
outer loop
vertex 54.91248 0.68832 2.00016
vertex 55.0536 0.8131200000000001 0
vertex 55.0536 0.8131200000000001 2.00016
endloop
endfacet
facet normal 0.610940234507575 -0.7916767205493851 0
outer loop
vertex 54.763200000000005 0.57312 0
vertex 54.91248 0.68832 0
vertex 54.91248 0.68832 2.00016
endloop
endfacet
facet normal 0.610940234507575 -0.7916767205493851 0
outer loop
vertex 54.763200000000005 0.57312 0
vertex 54.91248 0.68832 2.00016
vertex 54.763200000000005 0.57312 2.00016
endloop
endfacet
facet normal 0.3966795460476885 -0.9179571546359883 0
outer loop
vertex 54.27744 0.2856 2.00016
vertex 54.10416 0.21072000000000002 2.00016
vertex 54.10416 0.21072000000000002 0
endloop
endfacet
facet normal 0.3966795460476885 -0.9179571546359883 0
outer loop
vertex 54.27744 0.2856 2.00016
vertex 54.10416 0.21072000000000002 0
vertex 54.27744 0.2856 0
endloop
endfacet
facet normal 0.5617511590540339 0.8273062524249707 0
outer loop
vertex 54.763200000000005 81.4272 2.00016
vertex 54.763200000000005 81.4272 0
vertex 54.60768 81.53280000000001 0
endloop
endfacet
facet normal 0.5617511590540339 0.8273062524249707 0
outer loop
vertex 54.763200000000005 81.4272 2.00016
vertex 54.60768 81.53280000000001 0
vertex 54.60768 81.53280000000001 2.00016
endloop
endfacet
facet normal 0.6125319672572215 0.7904458166680358 0
outer loop
vertex 54.91248 81.31152 0
vertex 54.763200000000005 81.4272 0
vertex 54.763200000000005 81.4272 2.00016
endloop
endfacet
facet normal 0.6125319672572215 0.7904458166680358 0
outer loop
vertex 54.91248 81.31152 0
vertex 54.763200000000005 81.4272 2.00016
vertex 54.91248 81.31152 2.00016
endloop
endfacet
facet normal 0.662463922545452 0.7490938201091323 0
outer loop
vertex 54.91248 81.31152 0
vertex 54.91248 81.31152 2.00016
vertex 55.0536 81.18672000000001 2.00016
endloop
endfacet
facet normal 0.662463922545452 0.7490938201091323 0
outer loop
vertex 54.91248 81.31152 0
vertex 55.0536 81.18672000000001 2.00016
vertex 55.0536 81.18672000000001 0
endloop
endfacet
facet normal 0.9758269653045474 0.21854458077133365 0
outer loop
vertex 55.9056 79.74624 0
vertex 55.9056 79.74624 2.00016
vertex 55.94688 79.56192 2.00016
endloop
endfacet
facet normal 0.9758269653045474 0.21854458077133365 0
outer loop
vertex 55.9056 79.74624 0
vertex 55.94688 79.56192 2.00016
vertex 55.94688 79.56192 0
endloop
endfacet
facet normal -0.7502088095203637 0.6612009846620304 0
outer loop
vertex 0.68832 80.91216 0
vertex 0.68832 80.91216 2.00016
vertex 0.8131200000000001 81.05376 2.00016
endloop
endfacet
facet normal -0.7502088095203637 0.6612009846620304 0
outer loop
vertex 0.68832 80.91216 0
vertex 0.8131200000000001 81.05376 2.00016
vertex 0.8131200000000001 81.05376 0
endloop
endfacet
facet normal -0.7907237076139016 0.6121731929914318 0
outer loop
vertex 0.57312 80.76336 2.00016
vertex 0.68832 80.91216 2.00016
vertex 0.68832 80.91216 0
endloop
endfacet
facet normal -0.7907237076139016 0.6121731929914318 0
outer loop
vertex 0.57312 80.76336 2.00016
vertex 0.68832 80.91216 0
vertex 0.57312 80.76336 0
endloop
endfacet
facet normal -0.7058315691776281 0.7083796975861514 0
outer loop
vertex 0.9465600000000001 81.18672000000001 0
vertex 0.8131200000000001 81.05376 0
vertex 0.8131200000000001 81.05376 2.00016
endloop
endfacet
facet normal -0.7058315691776281 0.7083796975861514 0
outer loop
vertex 0.9465600000000001 81.18672000000001 0
vertex 0.8131200000000001 81.05376 2.00016
vertex 0.9465600000000001 81.18672000000001 2.00016
endloop
endfacet
facet normal -0.09420829365394792 0.9955525086135897 0
outer loop
vertex 2.81184 81.99408 2.00016
vertex 2.81184 81.99408 0
vertex 2.6241600000000003 81.97632 0
endloop
endfacet
facet normal -0.09420829365394792 0.9955525086135897 0
outer loop
vertex 2.81184 81.99408 2.00016
vertex 2.6241600000000003 81.97632 0
vertex 2.6241600000000003 81.97632 2.00016
endloop
endfacet
facet normal -0.030597911457892847 0.9995317742895496 0
outer loop
vertex 2.81184 81.99408 2.00016
vertex 3 81.99984 2.00016
vertex 3 81.99984 0
endloop
endfacet
facet normal -0.030597911457892847 0.9995317742895496 0
outer loop
vertex 2.81184 81.99408 2.00016
vertex 3 81.99984 0
vertex 2.81184 81.99408 0
endloop
endfacet
facet normal -0.03059791145784342 -0.9995317742895511 0
outer loop
vertex 2.81184 0.00576 0
vertex 3 0 0
vertex 3 0 2.00016
endloop
endfacet
facet normal -0.03059791145784342 -0.9995317742895511 0
outer loop
vertex 2.81184 0.00576 0
vertex 3 0 2.00016
vertex 2.81184 0.00576 2.00016
endloop
endfacet
facet normal -0.09420829365397125 -0.9955525086135874 0
outer loop
vertex 2.6241600000000003 0.02352 2.00016
vertex 2.6241600000000003 0.02352 0
vertex 2.81184 0.00576 0
endloop
endfacet
facet normal -0.09420829365397125 -0.9955525086135874 0
outer loop
vertex 2.6241600000000003 0.02352 2.00016
vertex 2.81184 0.00576 0
vertex 2.81184 0.00576 2.00016
endloop
endfacet
facet normal -0.9874723752294718 -0.15779197748512166 0
outer loop
vertex 0.05328 2.43792 0
vertex 0.05328 2.43792 2.00016
vertex 0.02352 2.6241600000000003 2.00016
endloop
endfacet
facet normal -0.9874723752294718 -0.15779197748512166 0
outer loop
vertex 0.05328 2.43792 0
vertex 0.02352 2.6241600000000003 2.00016
vertex 0.02352 2.6241600000000003 0
endloop
endfacet
facet normal -0.9762469981173882 -0.2166605609398903 0
outer loop
vertex 0.05328 2.43792 0
vertex 0.09408 2.25408 0
vertex 0.09408 2.25408 2.00016
endloop
endfacet
facet normal -0.9762469981173882 -0.2166605609398903 0
outer loop
vertex 0.05328 2.43792 0
vertex 0.09408 2.25408 2.00016
vertex 0.05328 2.43792 2.00016
endloop
endfacet
facet normal -0.9599714759738907 -0.28009777813561765 0
outer loop
vertex 0.14688 2.07312 2.00016
vertex 0.09408 2.25408 2.00016
vertex 0.09408 2.25408 0
endloop
endfacet
facet normal -0.9599714759738907 -0.28009777813561765 0
outer loop
vertex 0.14688 2.07312 2.00016
vertex 0.09408 2.25408 0
vertex 0.14688 2.07312 0
endloop
endfacet
facet normal -0.9410494173593922 -0.3382691148886469 0
outer loop
vertex 0.14688 2.07312 2.00016
vertex 0.14688 2.07312 0
vertex 0.21072000000000002 1.89552 0
endloop
endfacet
facet normal -0.9410494173593922 -0.3382691148886469 0
outer loop
vertex 0.14688 2.07312 2.00016
vertex 0.21072000000000002 1.89552 0
vertex 0.21072000000000002 1.89552 2.00016
endloop
endfacet
facet normal 0.9955525086135862 -0.09420829365398528 0
outer loop
vertex 55.99392 2.81184 2.00016
vertex 55.97616 2.6241600000000003 2.00016
vertex 55.97616 2.6241600000000003 0
endloop
endfacet
facet normal 0.9955525086135862 -0.09420829365398528 0
outer loop
vertex 55.99392 2.81184 2.00016
vertex 55.97616 2.6241600000000003 0
vertex 55.99392 2.81184 0
endloop
endfacet
facet normal 0.9994505520886061 -0.033145043819255704 0
outer loop
vertex 55.99392 2.81184 2.00016
vertex 55.99392 2.81184 0
vertex 56.00016 3 0
endloop
endfacet
facet normal 0.9994505520886061 -0.033145043819255704 0
outer loop
vertex 55.99392 2.81184 2.00016
vertex 56.00016 3 0
vertex 56.00016 3 2.00016
endloop
endfacet
facet normal 0.9878659671040904 -0.15530882472512733 0
outer loop
vertex 55.94688 2.43792 0
vertex 55.97616 2.6241600000000003 0
vertex 55.97616 2.6241600000000003 2.00016
endloop
endfacet
facet normal 0.9878659671040904 -0.15530882472512733 0
outer loop
vertex 55.94688 2.43792 0
vertex 55.97616 2.6241600000000003 2.00016
vertex 55.94688 2.43792 2.00016
endloop
endfacet
facet normal 0.9606537663088898 -0.2777487016649131 0
outer loop
vertex 55.9056 2.25408 2.00016
vertex 55.85328 2.07312 2.00016
vertex 55.85328 2.07312 0
endloop
endfacet
facet normal 0.9606537663088898 -0.2777487016649131 0
outer loop
vertex 55.9056 2.25408 2.00016
vertex 55.85328 2.07312 0
vertex 55.9056 2.25408 0
endloop
endfacet
facet normal 0.9757051394729611 -0.2190878381062024 0
outer loop
vertex 55.9056 2.25408 2.00016
vertex 55.9056 2.25408 0
vertex 55.94688 2.43792 0
endloop
endfacet
facet normal 0.9757051394729611 -0.2190878381062024 0
outer loop
vertex 55.9056 2.25408 2.00016
vertex 55.94688 2.43792 0
vertex 55.94688 2.43792 2.00016
endloop
endfacet
facet normal 0.7894893298270416 -0.6137642854461709 0
outer loop
vertex 55.42704 1.23648 0
vertex 55.42704 1.23648 2.00016
vertex 55.31136 1.08768 2.00016
endloop
endfacet
facet normal 0.7894893298270416 -0.6137642854461709 0
outer loop
vertex 55.42704 1.23648 0
vertex 55.31136 1.08768 2.00016
vertex 55.31136 1.08768 0
endloop
endfacet
facet normal 0.8269265020695138 -0.5623100214073 0
outer loop
vertex 55.42704 1.23648 0
vertex 55.533120000000004 1.39248 0
vertex 55.533120000000004 1.39248 2.00016
endloop
endfacet
facet normal 0.8269265020695138 -0.5623100214073 0
outer loop
vertex 55.42704 1.23648 0
vertex 55.533120000000004 1.39248 2.00016
vertex 55.42704 1.23648 2.00016
endloop
endfacet
facet normal 0.09420829365397104 -0.9955525086135875 0
outer loop
vertex 53.188320000000004 0.00576 2.00016
vertex 53.188320000000004 0.00576 0
vertex 53.376000000000005 0.02352 0
endloop
endfacet
facet normal 0.09420829365397104 -0.9955525086135875 0
outer loop
vertex 53.188320000000004 0.00576 2.00016
vertex 53.376000000000005 0.02352 0
vertex 53.376000000000005 0.02352 2.00016
endloop
endfacet
facet normal 0.030597911457842835 -0.999531774289551 0
outer loop
vertex 53.188320000000004 0.00576 2.00016
vertex 53.00016 0 2.00016
vertex 53.00016 0 0
endloop
endfacet
facet normal 0.030597911457842835 -0.999531774289551 0
outer loop
vertex 53.188320000000004 0.00576 2.00016
vertex 53.00016 0 0
vertex 53.188320000000004 0.00576 0
endloop
endfacet
facet normal 0.45331526950356815 -0.8913502490238657 0
outer loop
vertex 54.44544 0.37104000000000004 2.00016
vertex 54.27744 0.2856 2.00016
vertex 54.27744 0.2856 0
endloop
endfacet
facet normal 0.45331526950356815 -0.8913502490238657 0
outer loop
vertex 54.44544 0.37104000000000004 2.00016
vertex 54.27744 0.2856 0
vertex 54.44544 0.37104000000000004 0
endloop
endfacet
facet normal 0.21666056093989433 -0.9762469981173875 0
outer loop
vertex 53.74608 0.09408 0
vertex 53.74608 0.09408 2.00016
vertex 53.56224 0.05328 2.00016
endloop
endfacet
facet normal 0.21666056093989433 -0.9762469981173875 0
outer loop
vertex 53.74608 0.09408 0
vertex 53.56224 0.05328 2.00016
vertex 53.56224 0.05328 0
endloop
endfacet
facet normal 0.9878043218830521 0.1557004228291098 0
outer loop
vertex 55.97616 79.37616 2.00016
vertex 55.97616 79.37616 0
vertex 55.94688 79.56192 0
endloop
endfacet
facet normal 0.9878043218830521 0.1557004228291098 0
outer loop
vertex 55.97616 79.37616 2.00016
vertex 55.94688 79.56192 0
vertex 55.94688 79.56192 2.00016
endloop
endfacet
facet normal 0.9955525086135862 0.09420829365398506 0
outer loop
vertex 55.97616 79.37616 2.00016
vertex 55.99392 79.18848 2.00016
vertex 55.99392 79.18848 0
endloop
endfacet
facet normal 0.9955525086135862 0.09420829365398506 0
outer loop
vertex 55.97616 79.37616 2.00016
vertex 55.99392 79.18848 0
vertex 55.97616 79.37616 0
endloop
endfacet
facet normal 0.78948932982703 0.6137642854461857 0
outer loop
vertex 55.42704 80.76336 0
vertex 55.31136 80.91216 0
vertex 55.31136 80.91216 2.00016
endloop
endfacet
facet normal 0.78948932982703 0.6137642854461857 0
outer loop
vertex 55.42704 80.76336 0
vertex 55.31136 80.91216 2.00016
vertex 55.42704 80.76336 2.00016
endloop
endfacet
facet normal 0.15530882472512914 0.9878659671040902 0
outer loop
vertex 53.376000000000005 81.97632 2.00016
vertex 53.56224 81.94704 2.00016
vertex 53.56224 81.94704 0
endloop
endfacet
facet normal 0.15530882472512914 0.9878659671040902 0
outer loop
vertex 53.376000000000005 81.97632 2.00016
vertex 53.56224 81.94704 0
vertex 53.376000000000005 81.97632 0
endloop
endfacet
facet normal 0.0942082936539477 0.9955525086135898 0
outer loop
vertex 53.376000000000005 81.97632 2.00016
vertex 53.376000000000005 81.97632 0
vertex 53.188320000000004 81.99408 0
endloop
endfacet
facet normal 0.0942082936539477 0.9955525086135898 0
outer loop
vertex 53.376000000000005 81.97632 2.00016
vertex 53.188320000000004 81.99408 0
vertex 53.188320000000004 81.99408 2.00016
endloop
endfacet
facet normal 0.21908783810620644 0.9757051394729602 0
outer loop
vertex 53.74608 81.90576 0
vertex 53.56224 81.94704 0
vertex 53.56224 81.94704 2.00016
endloop
endfacet
facet normal 0.21908783810620644 0.9757051394729602 0
outer loop
vertex 53.74608 81.90576 0
vertex 53.56224 81.94704 2.00016
vertex 53.74608 81.90576 2.00016
endloop
endfacet
facet normal 0.2800977781356432 0.9599714759738833 0
outer loop
vertex 53.74608 81.90576 0
vertex 53.74608 81.90576 2.00016
vertex 53.92704 81.85296 2.00016
endloop
endfacet
facet normal 0.2800977781356432 0.9599714759738833 0
outer loop
vertex 53.74608 81.90576 0
vertex 53.92704 81.85296 2.00016
vertex 53.92704 81.85296 0
endloop
endfacet
facet normal 0.45533514429716276 0.8903201145475049 0
outer loop
vertex 54.44544 81.6288 2.00016
vertex 54.44544 81.6288 0
vertex 54.27744 81.71472 0
endloop
endfacet
facet normal 0.45533514429716276 0.8903201145475049 0
outer loop
vertex 54.44544 81.6288 2.00016
vertex 54.27744 81.71472 0
vertex 54.27744 81.71472 2.00016
endloop
endfacet
facet normal 0.5092439241053033 0.8606222317380793 0
outer loop
vertex 54.44544 81.6288 2.00016
vertex 54.60768 81.53280000000001 2.00016
vertex 54.60768 81.53280000000001 0
endloop
endfacet
facet normal 0.5092439241053033 0.8606222317380793 0
outer loop
vertex 54.44544 81.6288 2.00016
vertex 54.60768 81.53280000000001 0
vertex 54.44544 81.6288 0
endloop
endfacet
facet normal 0.9175556253099196 0.397607437634311 0
outer loop
vertex 55.78944 80.10432 0
vertex 55.71456 80.27712 0
vertex 55.71456 80.27712 2.00016
endloop
endfacet
facet normal 0.9175556253099196 0.397607437634311 0
outer loop
vertex 55.78944 80.10432 0
vertex 55.71456 80.27712 2.00016
vertex 55.78944 80.10432 2.00016
endloop
endfacet
facet normal 0.9407573408646068 0.33908055917341257 0
outer loop
vertex 55.85328 79.9272 2.00016
vertex 55.85328 79.9272 0
vertex 55.78944 80.10432 0
endloop
endfacet
facet normal 0.9407573408646068 0.33908055917341257 0
outer loop
vertex 55.85328 79.9272 2.00016
vertex 55.78944 80.10432 0
vertex 55.78944 80.10432 2.00016
endloop
endfacet
facet normal 0.9606537663088892 0.277748701664915 0
outer loop
vertex 55.85328 79.9272 2.00016
vertex 55.9056 79.74624 2.00016
vertex 55.9056 79.74624 0
endloop
endfacet
facet normal 0.9606537663088892 0.277748701664915 0
outer loop
vertex 55.85328 79.9272 2.00016
vertex 55.9056 79.74624 0
vertex 55.85328 79.9272 0
endloop
endfacet
facet normal -0.940757340864605 0.3390805591734173 0
outer loop
vertex 0.21072000000000002 80.10432 0
vertex 0.14688 79.9272 0
vertex 0.14688 79.9272 2.00016
endloop
endfacet
facet normal -0.940757340864605 0.3390805591734173 0
outer loop
vertex 0.21072000000000002 80.10432 0
vertex 0.14688 79.9272 2.00016
vertex 0.21072000000000002 80.10432 2.00016
endloop
endfacet
facet normal -0.9175556253099202 0.39760743763430983 0
outer loop
vertex 0.21072000000000002 80.10432 0
vertex 0.21072000000000002 80.10432 2.00016
vertex 0.2856 80.27712 2.00016
endloop
endfacet
facet normal -0.9175556253099202 0.39760743763430983 0
outer loop
vertex 0.21072000000000002 80.10432 0
vertex 0.2856 80.27712 2.00016
vertex 0.2856 80.27712 0
endloop
endfacet
facet normal -0.8913502490238734 0.4533152695035529 0
outer loop
vertex 0.37104000000000004 80.44512 0
vertex 0.2856 80.27712 0
vertex 0.2856 80.27712 2.00016
endloop
endfacet
facet normal -0.8913502490238734 0.4533152695035529 0
outer loop
vertex 0.37104000000000004 80.44512 0
vertex 0.2856 80.27712 2.00016
vertex 0.37104000000000004 80.44512 2.00016
endloop
endfacet
facet normal -0.6624639225454545 0.7490938201091303 0
outer loop
vertex 1.08768 81.31152 2.00016
vertex 1.08768 81.31152 0
vertex 0.9465600000000001 81.18672000000001 0
endloop
endfacet
facet normal -0.6624639225454545 0.7490938201091303 0
outer loop
vertex 1.08768 81.31152 2.00016
vertex 0.9465600000000001 81.18672000000001 0
vertex 0.9465600000000001 81.18672000000001 2.00016
endloop
endfacet
facet normal -0.2800977781356413 0.9599714759738838 0
outer loop
vertex 2.07312 81.85296 2.00016
vertex 2.25408 81.90576 2.00016
vertex 2.25408 81.90576 0
endloop
endfacet
facet normal -0.2800977781356413 0.9599714759738838 0
outer loop
vertex 2.07312 81.85296 2.00016
vertex 2.25408 81.90576 0
vertex 2.07312 81.85296 0
endloop
endfacet
facet normal -0.4553351442971613 0.8903201145475056 0
outer loop
vertex 1.72272 81.71472 0
vertex 1.55472 81.6288 0
vertex 1.55472 81.6288 2.00016
endloop
endfacet
facet normal -0.4553351442971613 0.8903201145475056 0
outer loop
vertex 1.72272 81.71472 0
vertex 1.55472 81.6288 2.00016
vertex 1.72272 81.71472 2.00016
endloop
endfacet
facet normal -0.2190878381062024 0.9757051394729611 0
outer loop
vertex 2.43792 81.94704 0
vertex 2.25408 81.90576 0
vertex 2.25408 81.90576 2.00016
endloop
endfacet
facet normal -0.2190878381062024 0.9757051394729611 0
outer loop
vertex 2.43792 81.94704 0
vertex 2.25408 81.90576 2.00016
vertex 2.43792 81.94704 2.00016
endloop
endfacet
facet normal -0.15530882472512733 0.9878659671040904 0
outer loop
vertex 2.43792 81.94704 0
vertex 2.43792 81.94704 2.00016
vertex 2.6241600000000003 81.97632 2.00016
endloop
endfacet
facet normal -0.15530882472512733 0.9878659671040904 0
outer loop
vertex 2.43792 81.94704 0
vertex 2.6241600000000003 81.97632 2.00016
vertex 2.6241600000000003 81.97632 0
endloop
endfacet
facet normal -0.7071067811865476 -0.7071067811865476 0
outer loop
vertex 0.9465600000000001 0.8131200000000001 2.00016
vertex 0.8131200000000001 0.9465600000000001 2.00016
vertex 0.8131200000000001 0.9465600000000001 0
endloop
endfacet
facet normal -0.7071067811865476 -0.7071067811865476 0
outer loop
vertex 0.9465600000000001 0.8131200000000001 2.00016
vertex 0.8131200000000001 0.9465600000000001 0
vertex 0.9465600000000001 0.8131200000000001 0
endloop
endfacet
facet normal -0.15779197748512166 -0.9874723752294718 0
outer loop
vertex 2.43792 0.05328 2.00016
vertex 2.43792 0.05328 0
vertex 2.6241600000000003 0.02352 0
endloop
endfacet
facet normal -0.15779197748512166 -0.9874723752294718 0
outer loop
vertex 2.43792 0.05328 2.00016
vertex 2.6241600000000003 0.02352 0
vertex 2.6241600000000003 0.02352 2.00016
endloop
endfacet
facet normal -0.2166605609398903 -0.9762469981173882 0
outer loop
vertex 2.25408 0.09408 0
vertex 2.43792 0.05328 0
vertex 2.43792 0.05328 2.00016
endloop
endfacet
facet normal -0.2166605609398903 -0.9762469981173882 0
outer loop
vertex 2.25408 0.09408 0
vertex 2.43792 0.05328 2.00016
vertex 2.25408 0.09408 2.00016
endloop
endfacet
facet normal -0.3382691148886469 -0.9410494173593922 0
outer loop
vertex 2.07312 0.14688 2.00016
vertex 1.89552 0.21072000000000002 2.00016
vertex 1.89552 0.21072000000000002 0
endloop
endfacet
facet normal -0.3382691148886469 -0.9410494173593922 0
outer loop
vertex 2.07312 0.14688 2.00016
vertex 1.89552 0.21072000000000002 0
vertex 2.07312 0.14688 0
endloop
endfacet
facet normal -0.28009777813561765 -0.9599714759738907 0
outer loop
vertex 2.07312 0.14688 2.00016
vertex 2.07312 0.14688 0
vertex 2.25408 0.09408 0
endloop
endfacet
facet normal -0.28009777813561765 -0.9599714759738907 0
outer loop
vertex 2.07312 0.14688 2.00016
vertex 2.25408 0.09408 0
vertex 2.25408 0.09408 2.00016
endloop
endfacet
facet normal -0.8913502490238664 -0.4533152695035667 0
outer loop
vertex 0.2856 1.72272 2.00016
vertex 0.2856 1.72272 0
vertex 0.37104000000000004 1.55472 0
endloop
endfacet
facet normal -0.8913502490238664 -0.4533152695035667 0
outer loop
vertex 0.2856 1.72272 2.00016
vertex 0.37104000000000004 1.55472 0
vertex 0.37104000000000004 1.55472 2.00016
endloop
endfacet
facet normal -0.9175556253099242 -0.3976074376343003 0
outer loop
vertex 0.2856 1.72272 2.00016
vertex 0.21072000000000002 1.89552 2.00016
vertex 0.21072000000000002 1.89552 0
endloop
endfacet
facet normal -0.9175556253099242 -0.3976074376343003 0
outer loop
vertex 0.2856 1.72272 2.00016
vertex 0.21072000000000002 1.89552 0
vertex 0.2856 1.72272 0
endloop
endfacet
facet normal 0.8913502490238698 -0.4533152695035599 0
outer loop
vertex 55.71456 1.72272 2.00016
vertex 55.62912 1.55472 2.00016
vertex 55.62912 1.55472 0
endloop
endfacet
facet normal 0.8913502490238698 -0.4533152695035599 0
outer loop
vertex 55.71456 1.72272 2.00016
vertex 55.62912 1.55472 0
vertex 55.71456 1.72272 0
endloop
endfacet
facet normal 0.9175556253099237 -0.39760743763430156 0
outer loop
vertex 55.78944 1.89552 0
vertex 55.78944 1.89552 2.00016
vertex 55.71456 1.72272 2.00016
endloop
endfacet
facet normal 0.9175556253099237 -0.39760743763430156 0
outer loop
vertex 55.78944 1.89552 0
vertex 55.71456 1.72272 2.00016
vertex 55.71456 1.72272 0
endloop
endfacet
facet normal 0.9410494173593938 -0.3382691148886422 0
outer loop
vertex 55.78944 1.89552 0
vertex 55.85328 2.07312 0
vertex 55.85328 2.07312 2.00016
endloop
endfacet
facet normal 0.9410494173593938 -0.3382691148886422 0
outer loop
vertex 55.78944 1.89552 0
vertex 55.85328 2.07312 2.00016
vertex 55.78944 1.89552 2.00016
endloop
endfacet
facet normal 0.7503589948350842 -0.6610305430689888 0
outer loop
vertex 55.18704 0.9465600000000001 2.00016
vertex 55.18704 0.9465600000000001 0
vertex 55.31136 1.08768 0
endloop
endfacet
facet normal 0.7503589948350842 -0.6610305430689888 0
outer loop
vertex 55.18704 0.9465600000000001 2.00016
vertex 55.31136 1.08768 0
vertex 55.31136 1.08768 2.00016
endloop
endfacet
facet normal 0.7071067811865469 -0.7071067811865481 0
outer loop
vertex 55.18704 0.9465600000000001 2.00016
vertex 55.0536 0.8131200000000001 2.00016
vertex 55.0536 0.8131200000000001 0
endloop
endfacet
facet normal 0.7071067811865469 -0.7071067811865481 0
outer loop
vertex 55.18704 0.9465600000000001 2.00016
vertex 55.0536 0.8131200000000001 0
vertex 55.18704 0.9465600000000001 0
endloop
endfacet
facet normal 0.5092439241053446 -0.8606222317380546 0
outer loop
vertex 54.60768 0.46704 2.00016
vertex 54.44544 0.37104000000000004 2.00016
vertex 54.44544 0.37104000000000004 0
endloop
endfacet
facet normal 0.5092439241053446 -0.8606222317380546 0
outer loop
vertex 54.60768 0.46704 2.00016
vertex 54.44544 0.37104000000000004 0
vertex 54.60768 0.46704 0
endloop
endfacet
facet normal 0.563495049937623 -0.8261194397275711 0
outer loop
vertex 54.60768 0.46704 2.00016
vertex 54.60768 0.46704 0
vertex 54.763200000000005 0.57312 0
endloop
endfacet
facet normal 0.563495049937623 -0.8261194397275711 0
outer loop
vertex 54.60768 0.46704 2.00016
vertex 54.763200000000005 0.57312 0
vertex 54.763200000000005 0.57312 2.00016
endloop
endfacet
facet normal 0.2800977781356196 -0.9599714759738902 0
outer loop
vertex 53.92704 0.14688 0
vertex 53.92704 0.14688 2.00016
vertex 53.74608 0.09408 2.00016
endloop
endfacet
facet normal 0.2800977781356196 -0.9599714759738902 0
outer loop
vertex 53.92704 0.14688 0
vertex 53.74608 0.09408 2.00016
vertex 53.74608 0.09408 0
endloop
endfacet
facet normal 0.3390805591734173 -0.940757340864605 0
outer loop
vertex 53.92704 0.14688 0
vertex 54.10416 0.21072000000000002 0
vertex 54.10416 0.21072000000000002 2.00016
endloop
endfacet
facet normal 0.3390805591734173 -0.940757340864605 0
outer loop
vertex 53.92704 0.14688 0
vertex 54.10416 0.21072000000000002 2.00016
vertex 53.92704 0.14688 2.00016
endloop
endfacet
facet normal 0.7514710287122766 0.6597660896151857 0
outer loop
vertex 55.18704 81.05376 2.00016
vertex 55.31136 80.91216 2.00016
vertex 55.31136 80.91216 0
endloop
endfacet
facet normal 0.7514710287122766 0.6597660896151857 0
outer loop
vertex 55.18704 81.05376 2.00016
vertex 55.31136 80.91216 0
vertex 55.18704 81.05376 0
endloop
endfacet
facet normal 0.7058315691776275 0.7083796975861519 0
outer loop
vertex 55.18704 81.05376 2.00016
vertex 55.18704 81.05376 0
vertex 55.0536 81.18672000000001 0
endloop
endfacet
facet normal 0.7058315691776275 0.7083796975861519 0
outer loop
vertex 55.18704 81.05376 2.00016
vertex 55.0536 81.18672000000001 0
vertex 55.0536 81.18672000000001 2.00016
endloop
endfacet
facet normal 0.8269265020695239 0.5623100214072854 0
outer loop
vertex 55.533120000000004 80.60736 2.00016
vertex 55.533120000000004 80.60736 0
vertex 55.42704 80.76336 0
endloop
endfacet
facet normal 0.8269265020695239 0.5623100214072854 0
outer loop
vertex 55.533120000000004 80.60736 2.00016
vertex 55.42704 80.76336 0
vertex 55.42704 80.76336 2.00016
endloop
endfacet
facet normal 0.3945336121935929 0.9188815096896202 0
outer loop
vertex 54.10416 81.78912 0
vertex 54.10416 81.78912 2.00016
vertex 54.27744 81.71472 2.00016
endloop
endfacet
facet normal 0.3945336121935929 0.9188815096896202 0
outer loop
vertex 54.10416 81.78912 0
vertex 54.27744 81.71472 2.00016
vertex 54.27744 81.71472 0
endloop
endfacet
facet normal 0.33908055917341257 0.9407573408646068 0
outer loop
vertex 54.10416 81.78912 0
vertex 53.92704 81.85296 0
vertex 53.92704 81.85296 2.00016
endloop
endfacet
facet normal 0.33908055917341257 0.9407573408646068 0
outer loop
vertex 54.10416 81.78912 0
vertex 53.92704 81.85296 2.00016
vertex 54.10416 81.78912 2.00016
endloop
endfacet
facet normal -0.9874087685672776 0.15818951847847695 0
outer loop
vertex 0.05328 79.56192 0
vertex 0.02352 79.37616 0
vertex 0.02352 79.37616 2.00016
endloop
endfacet
facet normal -0.9874087685672776 0.15818951847847695 0
outer loop
vertex 0.05328 79.56192 0
vertex 0.02352 79.37616 2.00016
vertex 0.05328 79.56192 2.00016
endloop
endfacet
facet normal -0.97636620515558 0.21612272770370958 0
outer loop
vertex 0.09408 79.74624 2.00016
vertex 0.09408 79.74624 0
vertex 0.05328 79.56192 0
endloop
endfacet
facet normal -0.97636620515558 0.21612272770370958 0
outer loop
vertex 0.09408 79.74624 2.00016
vertex 0.05328 79.56192 0
vertex 0.05328 79.56192 2.00016
endloop
endfacet
facet normal -0.9599714759738902 0.2800977781356196 0
outer loop
vertex 0.09408 79.74624 2.00016
vertex 0.14688 79.9272 2.00016
vertex 0.14688 79.9272 0
endloop
endfacet
facet normal -0.9599714759738902 0.2800977781356196 0
outer loop
vertex 0.09408 79.74624 2.00016
vertex 0.14688 79.9272 0
vertex 0.09408 79.74624 0
endloop
endfacet
facet normal -0.8606850895788374 0.5091376586241627 -0.00014542136762593646
outer loop
vertex 0.42144000000000004 80.53056000000001 1.00032
vertex 0.46704 80.60736 0
vertex 0.42672 80.53920000000001 0
endloop
endfacet
facet normal -0.8605766739922168 0.5093208886892422 -0.0001432665151190952
outer loop
vertex 0.42144000000000004 80.53056000000001 1.00032
vertex 0.42672 80.53920000000001 0
vertex 0.37104000000000004 80.44512 0
endloop
endfacet
facet normal -0.8613116091607832 0.5080770728195304 0
outer loop
vertex 0.42144000000000004 80.53056000000001 1.00032
vertex 0.37104000000000004 80.44512 0
vertex 0.37104000000000004 80.44512 2.00016
endloop
endfacet
facet normal -0.8605766739837348 0.5093208886842223 0.00014333529404956873
outer loop
vertex 0.42144000000000004 80.53056000000001 1.00032
vertex 0.37104000000000004 80.44512 2.00016
vertex 0.42672 80.53920000000001 2.00016
endloop
endfacet
facet normal -0.8606850895700973 0.5091376586189924 0.00014549118105106775
outer loop
vertex 0.42144000000000004 80.53056000000001 1.00032
vertex 0.42672 80.53920000000001 2.00016
vertex 0.46704 80.60736 2.00016
endloop
endfacet
facet normal -0.8598547438407098 0.5105387541554776 0
outer loop
vertex 0.42144000000000004 80.53056000000001 1.00032
vertex 0.46704 80.60736 2.00016
vertex 0.46704 80.60736 0
endloop
endfacet
facet normal -0.8269265020695381 0.5623100214072644 0
outer loop
vertex 0.46704 80.60736 0
vertex 0.46704 80.60736 2.00016
vertex 0.57312 80.76336 2.00016
endloop
endfacet
facet normal -0.8269265020695381 0.5623100214072644 0
outer loop
vertex 0.46704 80.60736 0
vertex 0.57312 80.76336 2.00016
vertex 0.57312 80.76336 0
endloop
endfacet
facet normal -0.5092439241053125 0.8606222317380737 0
outer loop
vertex 1.39248 81.53280000000001 2.00016
vertex 1.55472 81.6288 2.00016
vertex 1.55472 81.6288 0
endloop
endfacet
facet normal -0.5092439241053125 0.8606222317380737 0
outer loop
vertex 1.39248 81.53280000000001 2.00016
vertex 1.55472 81.6288 0
vertex 1.39248 81.53280000000001 0
endloop
endfacet
facet normal -0.5605664119074387 0.8281094721359126 0
outer loop
vertex 1.23648 81.4272 0
vertex 1.23648 81.4272 2.00016
vertex 1.39248 81.53280000000001 2.00016
endloop
endfacet
facet normal -0.5605664119074387 0.8281094721359126 0
outer loop
vertex 1.23648 81.4272 0
vertex 1.39248 81.53280000000001 2.00016
vertex 1.39248 81.53280000000001 0
endloop
endfacet
facet normal -0.6137642854461709 0.7894893298270416 0
outer loop
vertex 1.23648 81.4272 0
vertex 1.08768 81.31152 0
vertex 1.08768 81.31152 2.00016
endloop
endfacet
facet normal -0.6137642854461709 0.7894893298270416 0
outer loop
vertex 1.23648 81.4272 0
vertex 1.08768 81.31152 2.00016
vertex 1.23648 81.4272 2.00016
endloop
endfacet
facet normal -0.3954583502133288 0.9184839101729285 0
outer loop
vertex 1.89552 81.78912 0
vertex 1.72272 81.71472 0
vertex 1.72272 81.71472 2.00016
endloop
endfacet
facet normal -0.3954583502133288 0.9184839101729285 0
outer loop
vertex 1.89552 81.78912 0
vertex 1.72272 81.71472 2.00016
vertex 1.89552 81.78912 2.00016
endloop
endfacet
facet normal -0.3382691148886422 0.9410494173593938 0
outer loop
vertex 1.89552 81.78912 0
vertex 1.89552 81.78912 2.00016
vertex 2.07312 81.85296 2.00016
endloop
endfacet
facet normal -0.3382691148886422 0.9410494173593938 0
outer loop
vertex 1.89552 81.78912 0
vertex 2.07312 81.85296 2.00016
vertex 2.07312 81.85296 0
endloop
endfacet
facet normal -0.5623100214072791 -0.826926502069528 0
outer loop
vertex 1.39248 0.46704 2.00016
vertex 1.23648 0.57312 2.00016
vertex 1.23648 0.57312 0
endloop
endfacet
facet normal -0.5623100214072791 -0.826926502069528 0
outer loop
vertex 1.39248 0.46704 2.00016
vertex 1.23648 0.57312 0
vertex 1.39248 0.46704 0
endloop
endfacet
facet normal -0.3976074376343003 -0.9175556253099242 0
outer loop
vertex 1.72272 0.2856 0
vertex 1.89552 0.21072000000000002 0
vertex 1.89552 0.21072000000000002 2.00016
endloop
endfacet
facet normal -0.3976074376343003 -0.9175556253099242 0
outer loop
vertex 1.72272 0.2856 0
vertex 1.89552 0.21072000000000002 2.00016
vertex 1.72272 0.2856 2.00016
endloop
endfacet
facet normal -0.612173192991417 -0.7907237076139133 0
outer loop
vertex 1.08768 0.68832 0
vertex 1.23648 0.57312 0
vertex 1.23648 0.57312 2.00016
endloop
endfacet
facet normal -0.612173192991417 -0.7907237076139133 0
outer loop
vertex 1.08768 0.68832 0
vertex 1.23648 0.57312 2.00016
vertex 1.08768 0.68832 2.00016
endloop
endfacet
facet normal -0.6624639225454744 -0.7490938201091127 0
outer loop
vertex 1.08768 0.68832 0
vertex 1.08768 0.68832 2.00016
vertex 0.9465600000000001 0.8131200000000001 2.00016
endloop
endfacet
facet normal -0.6624639225454744 -0.7490938201091127 0
outer loop
vertex 1.08768 0.68832 0
vertex 0.9465600000000001 0.8131200000000001 2.00016
vertex 0.9465600000000001 0.8131200000000001 0
endloop
endfacet
facet normal -0.8606850895788644 -0.5091376586241172 -0.0001454213676262451
outer loop
vertex 0.42144000000000004 1.4692800000000001 1.00032
vertex 0.42672 1.46064 0
vertex 0.46704 1.39248 0
endloop
endfacet
facet normal -0.8598547438407352 -0.5105387541554349 0
outer loop
vertex 0.42144000000000004 1.4692800000000001 1.00032
vertex 0.46704 1.39248 0
vertex 0.46704 1.39248 2.00016
endloop
endfacet
facet normal -0.8606850895701242 -0.509137658618947 0.00014549118105137656
outer loop
vertex 0.42144000000000004 1.4692800000000001 1.00032
vertex 0.46704 1.39248 2.00016
vertex 0.42672 1.46064 2.00016
endloop
endfacet
facet normal -0.8605766739837227 -0.5093208886842427 0.00014333529404910136
outer loop
vertex 0.42144000000000004 1.4692800000000001 1.00032
vertex 0.42672 1.46064 2.00016
vertex 0.37104000000000004 1.55472 2.00016
endloop
endfacet
facet normal -0.8613116091607688 -0.5080770728195548 0
outer loop
vertex 0.42144000000000004 1.4692800000000001 1.00032
vertex 0.37104000000000004 1.55472 2.00016
vertex 0.37104000000000004 1.55472 0
endloop
endfacet
facet normal -0.8605766739922046 -0.5093208886892626 -0.00014326651511862803
outer loop
vertex 0.42144000000000004 1.4692800000000001 1.00032
vertex 0.37104000000000004 1.55472 0
vertex 0.42672 1.46064 0
endloop
endfacet
facet normal -0.826926502069528 -0.5623100214072791 0
outer loop
vertex 0.46704 1.39248 0
vertex 0.57312 1.23648 0
vertex 0.57312 1.23648 2.00016
endloop
endfacet
facet normal -0.826926502069528 -0.5623100214072791 0
outer loop
vertex 0.46704 1.39248 0
vertex 0.57312 1.23648 2.00016
vertex 0.46704 1.39248 2.00016
endloop
endfacet
facet normal -0.7490938201091127 -0.6624639225454744 0
outer loop
vertex 0.68832 1.08768 0
vertex 0.8131200000000001 0.9465600000000001 0
vertex 0.8131200000000001 0.9465600000000001 2.00016
endloop
endfacet
facet normal -0.7490938201091127 -0.6624639225454744 0
outer loop
vertex 0.68832 1.08768 0
vertex 0.8131200000000001 0.9465600000000001 2.00016
vertex 0.68832 1.08768 2.00016
endloop
endfacet
facet normal -0.7907237076139133 -0.612173192991417 0
outer loop
vertex 0.68832 1.08768 0
vertex 0.68832 1.08768 2.00016
vertex 0.57312 1.23648 2.00016
endloop
endfacet
facet normal -0.7907237076139133 -0.612173192991417 0
outer loop
vertex 0.68832 1.08768 0
vertex 0.57312 1.23648 2.00016
vertex 0.57312 1.23648 0
endloop
endfacet
facet normal 0.860576673983725 0.5093208886842387 0.00014333529405472504
outer loop
vertex 55.578720000000004 80.53056000000001 1.00032
vertex 55.57344 80.53920000000001 2.00016
vertex 55.62912 80.44512 2.00016
endloop
endfacet
facet normal 0.8613116091607997 0.5080770728195021 0
outer loop
vertex 55.578720000000004 80.53056000000001 1.00032
vertex 55.62912 80.44512 2.00016
vertex 55.62912 80.44512 0
endloop
endfacet
facet normal 0.860576673992207 0.5093208886892587 -0.00014326651512424902
outer loop
vertex 55.578720000000004 80.53056000000001 1.00032
vertex 55.62912 80.44512 0
vertex 55.57344 80.53920000000001 0
endloop
endfacet
facet normal 0.86068508957887 0.5091376586241078 -0.00014542136763193316
outer loop
vertex 55.578720000000004 80.53056000000001 1.00032
vertex 55.57344 80.53920000000001 0
vertex 55.533120000000004 80.60736 0
endloop
endfacet
facet normal 0.8598547438407084 0.5105387541554803 0
outer loop
vertex 55.578720000000004 80.53056000000001 1.00032
vertex 55.533120000000004 80.60736 0
vertex 55.533120000000004 80.60736 2.00016
endloop
endfacet
facet normal 0.8606850895701299 0.5091376586189376 0.00014549118105706732
outer loop
vertex 55.578720000000004 80.53056000000001 1.00032
vertex 55.533120000000004 80.60736 2.00016
vertex 55.57344 80.53920000000001 2.00016
endloop
endfacet
facet normal 0.8913502490238768 0.45331526950354606 0
outer loop
vertex 55.62912 80.44512 2.00016
vertex 55.71456 80.27712 2.00016
vertex 55.71456 80.27712 0
endloop
endfacet
facet normal 0.8913502490238768 0.45331526950354606 0
outer loop
vertex 55.62912 80.44512 2.00016
vertex 55.71456 80.27712 0
vertex 55.62912 80.44512 0
endloop
endfacet
facet normal -0.509243924105354 -0.8606222317380493 0
outer loop
vertex 1.55472 0.37104000000000004 2.00016
vertex 1.39248 0.46704 2.00016
vertex 1.39248 0.46704 0
endloop
endfacet
facet normal -0.509243924105354 -0.8606222317380493 0
outer loop
vertex 1.55472 0.37104000000000004 2.00016
vertex 1.39248 0.46704 0
vertex 1.55472 0.37104000000000004 0
endloop
endfacet
facet normal -0.4533152695035667 -0.8913502490238664 0
outer loop
vertex 1.55472 0.37104000000000004 2.00016
vertex 1.55472 0.37104000000000004 0
vertex 1.72272 0.2856 0
endloop
endfacet
facet normal -0.4533152695035667 -0.8913502490238664 0
outer loop
vertex 1.55472 0.37104000000000004 2.00016
vertex 1.72272 0.2856 0
vertex 1.72272 0.2856 2.00016
endloop
endfacet
facet normal 0 0 1
outer loop
vertex 27.99984 81.51936 2.00016
vertex 3 81.99984 2.00016
vertex 2.81184 81.99408 2.00016
endloop
endfacet
facet normal 0 0 1
outer loop
vertex 27.99984 81.51936 2.00016
vertex 2.81184 81.99408 2.00016
vertex 2.6241600000000003 81.97632 2.00016
endloop
endfacet
facet normal 0 0 1
outer loop
vertex 27.99984 81.51936 2.00016
vertex 2.6241600000000003 81.97632 2.00016
vertex 2.43792 81.94704 2.00016
endloop
endfacet
facet normal 0 0 1
outer loop
vertex 27.99984 81.51936 2.00016
vertex 2.43792 81.94704 2.00016
vertex 2.25408 81.90576 2.00016
endloop
endfacet
facet normal 0 0 1
outer loop
vertex 27.99984 81.51936 2.00016
vertex 2.25408 81.90576 2.00016
vertex 2.07312 81.85296 2.00016
endloop
endfacet
facet normal 0 0 1
outer loop
vertex 27.99984 81.51936 2.00016
vertex 2.07312 81.85296 2.00016
vertex 1.89552 81.78912 2.00016
endloop
endfacet
facet normal 0 0 1
outer loop
vertex 27.99984 81.51936 2.00016
vertex 1.89552 81.78912 2.00016
vertex 1.72272 81.71472 2.00016
endloop
endfacet
facet normal 0 0 1
outer loop
vertex 27.99984 81.51936 2.00016
vertex 1.72272 81.71472 2.00016
vertex 1.55472 81.6288 2.00016
endloop
endfacet
facet normal 0 0 1
outer loop
vertex 27.99984 81.51936 2.00016
vertex 1.55472 81.6288 2.00016
vertex 1.39248 81.53280000000001 2.00016
endloop
endfacet
facet normal 0 0 1
outer loop
vertex 27.99984 81.51936 2.00016
vertex 1.39248 81.53280000000001 2.00016
vertex 1.23648 81.4272 2.00016
endloop
endfacet
facet normal 0 0 1
outer loop
vertex 27.99984 81.51936 2.00016
vertex 1.23648 81.4272 2.00016
vertex 1.08768 81.31152 2.00016
endloop
endfacet
facet normal 0 0 1
outer loop
vertex 27.99984 81.51936 2.00016
vertex 1.08768 81.31152 2.00016
vertex 0.9465600000000001 81.18672000000001 2.00016
endloop
endfacet
facet normal 0 0 1
outer loop
vertex 27.99984 81.51936 2.00016
vertex 0.9465600000000001 81.18672000000001 2.00016
vertex 0.8131200000000001 81.05376 2.00016
endloop
endfacet
facet normal 0 0 1
outer loop
vertex 27.99984 81.51936 2.00016
vertex 0.8131200000000001 81.05376 2.00016
vertex 0.68832 80.91216 2.00016
endloop
endfacet
facet normal 0 0 1
outer loop
vertex 27.99984 81.51936 2.00016
vertex 0.68832 80.91216 2.00016
vertex 0.60144 80.79984 2.00016
endloop
endfacet
facet normal 0 0 1
outer loop
vertex 27.99984 81.51936 2.00016
vertex 0.60144 80.79984 2.00016
vertex 7.2 80.79984 2.00016
endloop
endfacet
facet normal 0 0 1
outer loop
vertex 27.99984 81.51936 2.00016
vertex 7.2 80.79984 2.00016
vertex 48.80016 80.79984 2.00016
endloop
endfacet
facet normal 0 0 1
outer loop
vertex 27.99984 81.51936 2.00016
vertex 48.80016 80.79984 2.00016
vertex 55.398720000000004 80.79984 2.00016
endloop
endfacet
facet normal 0 0 0.9999999999999999
outer loop
vertex 27.99984 81.51936 2.00016
vertex 55.398720000000004 80.79984 2.00016
vertex 55.31136 80.91216 2.00016
endloop
endfacet
facet normal 0 0 1
outer loop
vertex 27.99984 81.51936 2.00016
vertex 55.31136 80.91216 2.00016
vertex 55.18704 81.05376 2.00016
endloop
endfacet
facet normal 0 0 1
outer loop
vertex 27.99984 81.51936 2.00016
vertex 55.18704 81.05376 2.00016
vertex 55.0536 81.18672000000001 2.00016
endloop
endfacet
facet normal 0 0 0.9999999999999999
outer loop
vertex 27.99984 81.51936 2.00016
vertex 55.0536 81.18672000000001 2.00016
vertex 54.91248 81.31152 2.00016
endloop
endfacet
facet normal 0 0 1
outer loop
vertex 27.99984 81.51936 2.00016
vertex 54.91248 81.31152 2.00016
vertex 54.763200000000005 81.4272 2.00016
endloop
endfacet
facet normal 0 0 1
outer loop
vertex 27.99984 81.51936 2.00016
vertex 54.763200000000005 81.4272 2.00016
vertex 54.60768 81.53280000000001 2.00016
endloop
endfacet
facet normal 0 0 1
outer loop
vertex 27.99984 81.51936 2.00016
vertex 54.60768 81.53280000000001 2.00016
vertex 54.44544 81.6288 2.00016
endloop
endfacet
facet normal 0 0 1
outer loop
vertex 27.99984 81.51936 2.00016
vertex 54.44544 81.6288 2.00016
vertex 54.27744 81.71472 2.00016
endloop
endfacet
facet normal 0 0 1
outer loop
vertex 27.99984 81.51936 2.00016
vertex 54.27744 81.71472 2.00016
vertex 54.10416 81.78912 2.00016
endloop
endfacet
facet normal 0 0 1
outer loop
vertex 27.99984 81.51936 2.00016
vertex 54.10416 81.78912 2.00016
vertex 53.92704 81.85296 2.00016
endloop
endfacet
facet normal 0 0 1
outer loop
vertex 27.99984 81.51936 2.00016
vertex 53.92704 81.85296 2.00016
vertex 53.74608 81.90576 2.00016
endloop
endfacet
facet normal 0 0 1
outer loop
vertex 27.99984 81.51936 2.00016
vertex 53.74608 81.90576 2.00016
vertex 53.56224 81.94704 2.00016
endloop
endfacet
facet normal 0 0 1
outer loop
vertex 27.99984 81.51936 2.00016
vertex 53.56224 81.94704 2.00016
vertex 53.376000000000005 81.97632 2.00016
endloop
endfacet
facet normal 0 0 1
outer loop
vertex 27.99984 81.51936 2.00016
vertex 53.376000000000005 81.97632 2.00016
vertex 53.188320000000004 81.99408 2.00016
endloop
endfacet
facet normal 0 0 1
outer loop
vertex 27.99984 81.51936 2.00016
vertex 53.188320000000004 81.99408 2.00016
vertex 53.00016 81.99984 2.00016
endloop
endfacet
facet normal 0 0 1
outer loop
vertex 27.99984 81.51936 2.00016
vertex 53.00016 81.99984 2.00016
vertex 3 81.99984 2.00016
endloop
endfacet
facet normal 0 0 1
outer loop
vertex 48.80016 80.79984 2.00016
vertex 48.92544 80.796 2.00016
vertex 55.4016 80.796 2.00016
endloop
endfacet
facet normal 0 0 1
outer loop
vertex 48.80016 80.79984 2.00016
vertex 55.4016 80.796 2.00016
vertex 55.398720000000004 80.79984 2.00016
endloop
endfacet
facet normal 0 0 1
outer loop
vertex 0.60144 80.79984 2.00016
vertex 0.5980800000000001 80.796 2.00016
vertex 7.0742400000000005 80.796 2.00016
endloop
endfacet
facet normal 0 0 1
outer loop
vertex 0.60144 80.79984 2.00016
vertex 7.0742400000000005 80.796 2.00016
vertex 7.2 80.79984 2.00016
endloop
endfacet
facet normal 0 0 1
outer loop
vertex 48.92544 80.796 2.00016
vertex 49.05072 80.784 2.00016
vertex 55.410720000000005 80.784 2.00016
endloop
endfacet
facet normal 0 0 1
outer loop
vertex 48.92544 80.796 2.00016
vertex 55.410720000000005 80.784 2.00016
vertex 55.4016 80.796 2.00016
endloop
endfacet
facet normal 0 0 1
outer loop
vertex 0.5980800000000001 80.796 2.00016
vertex 0.58896 80.784 2.00016
vertex 6.94944 80.784 2.00016
endloop
endfacet
facet normal 0 0 1
outer loop
vertex 0.5980800000000001 80.796 2.00016
vertex 6.94944 80.784 2.00016
vertex 7.0742400000000005 80.796 2.00016
endloop
endfacet
facet normal 0 0 1
outer loop
vertex 49.05072 80.784 2.00016
vertex 49.17456 80.76480000000001 2.00016
vertex 55.42608 80.76480000000001 2.00016
endloop
endfacet
facet normal 0 0 1
outer loop
vertex 49.05072 80.784 2.00016
vertex 55.42608 80.76480000000001 2.00016
vertex 55.410720000000005 80.784 2.00016
endloop
endfacet
facet normal 0 0 1
outer loop
vertex 0.58896 80.784 2.00016
vertex 0.57408 80.76480000000001 2.00016
vertex 6.82512 80.76480000000001 2.00016
endloop
endfacet
facet normal 0 0 1
outer loop
vertex 0.58896 80.784 2.00016
vertex 6.82512 80.76480000000001 2.00016
vertex 6.94944 80.784 2.00016
endloop
endfacet
facet normal 0 0 0.9999999999999999
outer loop
vertex 53.03376 80.75712 2.00016
vertex 49.17456 80.76480000000001 2.00016
vertex 49.23984 80.74992 2.00016
endloop
endfacet
facet normal 0 0 1
outer loop
vertex 53.03376 80.75712 2.00016
vertex 49.23984 80.74992 2.00016
vertex 53.49984 80.74992 2.00016
endloop
endfacet
facet normal 0 0 1
outer loop
vertex 53.03376 80.75712 2.00016
vertex 53.49984 80.74992 2.00016
vertex 55.43616 80.74992 2.00016
endloop
endfacet
facet normal 0 0 1
outer loop
vertex 53.03376 80.75712 2.00016
vertex 55.43616 80.74992 2.00016
vertex 55.42704 80.76336 2.00016
endloop
endfacet
facet normal 0 0 1
outer loop
vertex 53.03376 80.75712 2.00016
vertex 55.42704 80.76336 2.00016
vertex 55.42608 80.76480000000001 2.00016
endloop
endfacet
facet normal 0 0 1
outer loop
vertex 53.03376 80.75712 2.00016
vertex 55.42608 80.76480000000001 2.00016
vertex 49.17456 80.76480000000001 2.00016
endloop
endfacet
facet normal 0 0 0.9999999999999999
outer loop
vertex 2.96592 80.75712 2.00016
vertex 0.57408 80.76480000000001 2.00016
vertex 0.57312 80.76336 2.00016
endloop
endfacet
facet normal 0 0 1
outer loop
vertex 2.96592 80.75712 2.00016
vertex 0.57312 80.76336 2.00016
vertex 0.5640000000000001 80.74992 2.00016
endloop
endfacet
facet normal 0 0 0.9999999999999999
outer loop
vertex 2.96592 80.75712 2.00016
vertex 0.5640000000000001 80.74992 2.00016
vertex 2.4998400000000003 80.74992 2.00016
endloop
endfacet
facet normal 0 0 0.9999999999999999
outer loop
vertex 2.96592 80.75712 2.00016
vertex 2.4998400000000003 80.74992 2.00016
vertex 6.7598400000000005 80.74992 2.00016
endloop
endfacet
facet normal 0 0 1
outer loop
vertex 2.96592 80.75712 2.00016
vertex 6.7598400000000005 80.74992 2.00016
vertex 6.82512 80.76480000000001 2.00016
endloop
endfacet
facet normal 0 0 1
outer loop
vertex 2.96592 80.75712 2.00016
vertex 6.82512 80.76480000000001 2.00016
vertex 0.57408 80.76480000000001 2.00016
endloop
endfacet
facet normal 0 0 1
outer loop
vertex 49.23984 80.74992 2.00016
vertex 49.29744 80.73696 2.00016
vertex 53.36976 80.73696 2.00016
endloop
endfacet
facet normal 0 0 1
outer loop
vertex 49.23984 80.74992 2.00016
vertex 53.36976 80.73696 2.00016
vertex 53.49984 80.74992 2.00016
endloop
endfacet
facet normal 0 0 1
outer loop
vertex 2.4998400000000003 80.74992 2.00016
vertex 2.6304 80.73696 2.00016
vertex 6.70272 80.73696 2.00016
endloop
endfacet
facet normal 0 0 1
outer loop
vertex 2.4998400000000003 80.74992 2.00016
vertex 6.70272 80.73696 2.00016
vertex 6.7598400000000005 80.74992 2.00016
endloop
endfacet
facet normal 0 0 1
outer loop
vertex 53.49984 80.74992 2.00016
vertex 53.743680000000005 80.72592 2.00016
vertex 55.45248 80.72592 2.00016
endloop
endfacet
facet normal 0 0 1
outer loop
vertex 53.49984 80.74992 2.00016
vertex 55.45248 80.72592 2.00016
vertex 55.43616 80.74992 2.00016
endloop
endfacet
facet normal 0 0 1
outer loop
vertex 49.29744 80.73696 2.00016
vertex 49.335840000000005 80.72592 2.00016
vertex 53.256 80.72592 2.00016
endloop
endfacet
facet normal 0 0 1
outer loop
vertex 49.29744 80.73696 2.00016
vertex 53.256 80.72592 2.00016
vertex 53.36976 80.73696 2.00016
endloop
endfacet
facet normal 0 0 1
outer loop
vertex 2.6304 80.73696 2.00016
vertex 2.74368 80.72592 2.00016
vertex 6.66432 80.72592 2.00016
endloop
endfacet
facet normal 0 0 1
outer loop
vertex 2.6304 80.73696 2.00016
vertex 6.66432 80.72592 2.00016
vertex 6.70272 80.73696 2.00016
endloop
endfacet
facet normal 0 0 1
outer loop
vertex 0.5640000000000001 80.74992 2.00016
vertex 0.5476800000000001 80.72592 2.00016
vertex 2.2560000000000002 80.72592 2.00016
endloop
endfacet
facet normal 0 0 1
outer loop
vertex 0.5640000000000001 80.74992 2.00016
vertex 2.2560000000000002 80.72592 2.00016
vertex 2.4998400000000003 80.74992 2.00016
endloop
endfacet
facet normal 0 0 1
outer loop
vertex 49.335840000000005 80.72592 2.00016
vertex 49.41792 80.70192 2.00016
vertex 53.17728 80.70192 2.00016
endloop
endfacet
facet normal 0 0 1
outer loop
vertex 49.335840000000005 80.72592 2.00016
vertex 53.17728 80.70192 2.00016
vertex 53.256 80.72592 2.00016
endloop
endfacet
facet normal 0 0 1
outer loop
vertex 2.74368 80.72592 2.00016
vertex 2.8224 80.70192 2.00016
vertex 6.58176 80.70192 2.00016
endloop
endfacet
facet normal 0 0 1
outer loop
vertex 2.74368 80.72592 2.00016
vertex 6.58176 80.70192 2.00016
vertex 6.66432 80.72592 2.00016
endloop
endfacet
facet normal 0 0 1
outer loop
vertex 49.41792 80.70192 2.00016
vertex 49.536480000000005 80.65968000000001 2.00016
vertex 53.03712 80.65968000000001 2.00016
endloop
endfacet
facet normal 0 0 1
outer loop
vertex 49.41792 80.70192 2.00016
vertex 53.03712 80.65968000000001 2.00016
vertex 53.17728 80.70192 2.00016
endloop
endfacet
facet normal 0 0 1
outer loop
vertex 2.8224 80.70192 2.00016
vertex 2.96304 80.65968000000001 2.00016
vertex 6.46368 80.65968000000001 2.00016
endloop
endfacet
facet normal 0 0 1
outer loop
vertex 2.8224 80.70192 2.00016
vertex 6.46368 80.65968000000001 2.00016
vertex 6.58176 80.70192 2.00016
endloop
endfacet
facet normal 0 0 1
outer loop
vertex 53.743680000000005 80.72592 2.00016
vertex 53.9784 80.65488 2.00016
vertex 55.50096 80.65488 2.00016
endloop
endfacet
facet normal 0 0 0.9999999999999999
outer loop
vertex 53.743680000000005 80.72592 2.00016
vertex 55.50096 80.65488 2.00016
vertex 55.45248 80.72592 2.00016
endloop
endfacet
facet normal 0 0 1
outer loop
vertex 49.536480000000005 80.65968000000001 2.00016
vertex 49.54704 80.65488 2.00016
vertex 53.02176 80.65488 2.00016
endloop
endfacet
facet normal 0 0 1
outer loop
vertex 49.536480000000005 80.65968000000001 2.00016
vertex 53.02176 80.65488 2.00016
vertex 53.03712 80.65968000000001 2.00016
endloop
endfacet
facet normal 0 0 1
outer loop
vertex 2.96304 80.65968000000001 2.00016
vertex 2.9784 80.65488 2.00016
vertex 6.45312 80.65488 2.00016
endloop
endfacet
facet normal 0 0 1
outer loop
vertex 2.96304 80.65968000000001 2.00016
vertex 6.45312 80.65488 2.00016
vertex 6.46368 80.65968000000001 2.00016
endloop
endfacet
facet normal 0 0 1
outer loop
vertex 0.5476800000000001 80.72592 2.00016
vertex 0.49920000000000003 80.65488 2.00016
vertex 2.02176 80.65488 2.00016
endloop
endfacet
facet normal 0 0 1
outer loop
vertex 0.5476800000000001 80.72592 2.00016
vertex 2.02176 80.65488 2.00016
vertex 2.2560000000000002 80.72592 2.00016
endloop
endfacet
facet normal 0 0 1
outer loop
vertex 49.54704 80.65488 2.00016
vertex 49.65168 80.60976000000001 2.00016
vertex 52.93728 80.60976000000001 2.00016
endloop
endfacet
facet normal 0 0 1
outer loop
vertex 49.54704 80.65488 2.00016
vertex 52.93728 80.60976000000001 2.00016
vertex 53.02176 80.65488 2.00016
endloop
endfacet
facet normal 0 0 1
outer loop
vertex 2.9784 80.65488 2.00016
vertex 3.0628800000000003 80.60976000000001 2.00016
vertex 6.34848 80.60976000000001 2.00016
endloop
endfacet
facet normal 0 0 0.9999999999999999
outer loop
vertex 2.9784 80.65488 2.00016
vertex 6.34848 80.60976000000001 2.00016
vertex 6.45312 80.65488 2.00016
endloop
endfacet
facet normal 0 0 1
outer loop
vertex 49.65168 80.60976000000001 2.00016
vertex 49.76352 80.55264 2.00016
vertex 52.83024 80.55264 2.00016
endloop
endfacet
facet normal 0 0 1
outer loop
vertex 49.65168 80.60976000000001 2.00016
vertex 52.83024 80.55264 2.00016
vertex 52.93728 80.60976000000001 2.00016
endloop
endfacet
facet normal 0 0 1
outer loop
vertex 3.0628800000000003 80.60976000000001 2.00016
vertex 3.1694400000000003 80.55264 2.00016
vertex 6.23664 80.55264 2.00016
endloop
endfacet
facet normal 0 0 1
outer loop
vertex 3.0628800000000003 80.60976000000001 2.00016
vertex 6.23664 80.55264 2.00016
vertex 6.34848 80.60976000000001 2.00016
endloop
endfacet
facet normal 0 0 1
outer loop
vertex 54.956160000000004 80.5992 2.00016
vertex 53.9784 80.65488 2.00016
vertex 54.1944 80.53920000000001 2.00016
endloop
endfacet
facet normal 0 0 1
outer loop
vertex 54.956160000000004 80.5992 2.00016
vertex 54.1944 80.53920000000001 2.00016
vertex 55.57344 80.53920000000001 2.00016
endloop
endfacet
facet normal 0 0 1
outer loop
vertex 54.956160000000004 80.5992 2.00016
vertex 55.57344 80.53920000000001 2.00016
vertex 55.533120000000004 80.60736 2.00016
endloop
endfacet
facet normal 0 0 1
outer loop
vertex 54.956160000000004 80.5992 2.00016
vertex 55.533120000000004 80.60736 2.00016
vertex 55.50096 80.65488 2.00016
endloop
endfacet
facet normal 0 0 1
outer loop
vertex 54.956160000000004 80.5992 2.00016
vertex 55.50096 80.65488 2.00016
vertex 53.9784 80.65488 2.00016
endloop
endfacet
facet normal 0 0 1
outer loop
vertex 49.76352 80.55264 2.00016
vertex 49.78608 80.53920000000001 2.00016
vertex 52.80576 80.53920000000001 2.00016
endloop
endfacet
facet normal 0 0 1
outer loop
vertex 49.76352 80.55264 2.00016
vertex 52.80576 80.53920000000001 2.00016
vertex 52.83024 80.55264 2.00016
endloop
endfacet
facet normal 0 0 0.9999999999999999
outer loop
vertex 3.1694400000000003 80.55264 2.00016
vertex 3.1944 80.53920000000001 2.00016
vertex 6.21408 80.53920000000001 2.00016
endloop
endfacet
facet normal 0 0 0.9999999999999999
outer loop
vertex 3.1694400000000003 80.55264 2.00016
vertex 6.21408 80.53920000000001 2.00016
vertex 6.23664 80.55264 2.00016
endloop
endfacet
facet normal 0 0 1
outer loop
vertex 1.044 80.5992 2.00016
vertex 0.49920000000000003 80.65488 2.00016
vertex 0.46704 80.60736 2.00016
endloop
endfacet
facet normal 0 0 1
outer loop
vertex 1.044 80.5992 2.00016
vertex 0.46704 80.60736 2.00016
vertex 0.42672 80.53920000000001 2.00016
endloop
endfacet
facet normal 0 0 1
outer loop
vertex 1.044 80.5992 2.00016
vertex 0.42672 80.53920000000001 2.00016
vertex 1.80576 80.53920000000001 2.00016
endloop
endfacet
facet normal 0 0 1
outer loop
vertex 1.044 80.5992 2.00016
vertex 1.80576 80.53920000000001 2.00016
vertex 2.02176 80.65488 2.00016
endloop
endfacet
facet normal 0 0 0.9999999999999999
outer loop
vertex 1.044 80.5992 2.00016
vertex 2.02176 80.65488 2.00016
vertex 0.49920000000000003 80.65488 2.00016
endloop
endfacet
facet normal 0 0 1
outer loop
vertex 49.78608 80.53920000000001 2.00016
vertex 49.871520000000004 80.4888 2.00016
vertex 52.74384 80.4888 2.00016
endloop
endfacet
facet normal 0 0 1
outer loop
vertex 49.78608 80.53920000000001 2.00016
vertex 52.74384 80.4888 2.00016
vertex 52.80576 80.53920000000001 2.00016
endloop
endfacet
facet normal 0 0 1
outer loop
vertex 3.1944 80.53920000000001 2.00016
vertex 3.25632 80.4888 2.00016
vertex 6.12816 80.4888 2.00016
endloop
endfacet
facet normal 0 0 1
outer loop
vertex 3.1944 80.53920000000001 2.00016
vertex 6.12816 80.4888 2.00016
vertex 6.21408 80.53920000000001 2.00016
endloop
endfacet
facet normal 0 0 0.9999999999999999
outer loop
vertex 49.871520000000004 80.4888 2.00016
vertex 49.975680000000004 80.41824 2.00016
vertex 52.657920000000004 80.41824 2.00016
endloop
endfacet
facet normal 0 0 1
outer loop
vertex 49.871520000000004 80.4888 2.00016
vertex 52.657920000000004 80.41824 2.00016
vertex 52.74384 80.4888 2.00016
endloop
endfacet
facet normal 0 0 1
outer loop
vertex 3.25632 80.4888 2.00016
vertex 3.34224 80.41824 2.00016
vertex 6.0244800000000005 80.41824 2.00016
endloop
endfacet
facet normal 0 0 1
outer loop
vertex 3.25632 80.4888 2.00016
vertex 6.0244800000000005 80.41824 2.00016
vertex 6.12816 80.4888 2.00016
endloop
endfacet
facet normal 0 0 1
outer loop
vertex 55.08816 80.45808 2.00016
vertex 54.1944 80.53920000000001 2.00016
vertex 54.384 80.38368 2.00016
endloop
endfacet
facet normal 0 0 1
outer loop
vertex 55.08816 80.45808 2.00016
vertex 54.384 80.38368 2.00016
vertex 55.66032 80.38368 2.00016
endloop
endfacet
facet normal 0 0 1
outer loop
vertex 55.08816 80.45808 2.00016
vertex 55.66032 80.38368 2.00016
vertex 55.62912 80.44512 2.00016
endloop
endfacet
facet normal 0 0 1
outer loop
vertex 55.08816 80.45808 2.00016
vertex 55.62912 80.44512 2.00016
vertex 55.57344 80.53920000000001 2.00016
endloop
endfacet
facet normal 0 0 1
outer loop
vertex 55.08816 80.45808 2.00016
vertex 55.57344 80.53920000000001 2.00016
vertex 54.1944 80.53920000000001 2.00016
endloop
endfacet
facet normal 0 0 1
outer loop
vertex 49.975680000000004 80.41824 2.00016
vertex 50.01936 80.38368 2.00016
vertex 52.61616 80.38368 2.00016
endloop
endfacet
facet normal 0 0 1
outer loop
vertex 49.975680000000004 80.41824 2.00016
vertex 52.61616 80.38368 2.00016
vertex 52.657920000000004 80.41824 2.00016
endloop
endfacet
facet normal 0 0 0.9999999999999999
outer loop
vertex 3.34224 80.41824 2.00016
vertex 3.384 80.38368 2.00016
vertex 5.98032 80.38368 2.00016
endloop
endfacet
facet normal 0 0 1
outer loop
vertex 3.34224 80.41824 2.00016
vertex 5.98032 80.38368 2.00016
vertex 6.0244800000000005 80.41824 2.00016
endloop
endfacet
facet normal 0 0 0.9999999999999999
outer loop
vertex 0.912 80.45808 2.00016
vertex 0.42672 80.53920000000001 2.00016
vertex 0.37104000000000004 80.44512 2.00016
endloop
endfacet
facet normal 0 0 1
outer loop
vertex 0.912 80.45808 2.00016
vertex 0.37104000000000004 80.44512 2.00016
vertex 0.33984000000000003 80.38368 2.00016
endloop
endfacet
facet normal 0 0 1
outer loop
vertex 0.912 80.45808 2.00016
vertex 0.33984000000000003 80.38368 2.00016
vertex 1.61616 80.38368 2.00016
endloop
endfacet
facet normal 0 0 1
outer loop
vertex 0.912 80.45808 2.00016
vertex 1.61616 80.38368 2.00016
vertex 1.80576 80.53920000000001 2.00016
endloop
endfacet
facet normal 0 0 1
outer loop
vertex 0.912 80.45808 2.00016
vertex 1.80576 80.53920000000001 2.00016
vertex 0.42672 80.53920000000001 2.00016
endloop
endfacet
facet normal 0 0 1
outer loop
vertex 50.01936 80.38368 2.00016
vertex 50.07504 80.34096 2.00016
vertex 52.58112 80.34096 2.00016
endloop
endfacet
facet normal 0 0 1
outer loop
vertex 50.01936 80.38368 2.00016
vertex 52.58112 80.34096 2.00016
vertex 52.61616 80.38368 2.00016
endloop
endfacet
facet normal 0 0 1
outer loop
vertex 3.384 80.38368 2.00016
vertex 3.4190400000000003 80.34096 2.00016
vertex 5.92512 80.34096 2.00016
endloop
endfacet
facet normal 0 0 1
outer loop
vertex 3.384 80.38368 2.00016
vertex 5.92512 80.34096 2.00016
vertex 5.98032 80.38368 2.00016
endloop
endfacet
facet normal 0 0 0.9999999999999999
outer loop
vertex 50.07504 80.34096 2.00016
vertex 50.16912 80.25792 2.00016
vertex 52.51296 80.25792 2.00016
endloop
endfacet
facet normal 0 0 1
outer loop
vertex 50.07504 80.34096 2.00016
vertex 52.51296 80.25792 2.00016
vertex 52.58112 80.34096 2.00016
endloop
endfacet
facet normal 0 0 1
outer loop
vertex 3.4190400000000003 80.34096 2.00016
vertex 3.4872 80.25792 2.00016
vertex 5.83104 80.25792 2.00016
endloop
endfacet
facet normal 0 0 1
outer loop
vertex 3.4190400000000003 80.34096 2.00016
vertex 5.83104 80.25792 2.00016
vertex 5.92512 80.34096 2.00016
endloop
endfacet
facet normal 0 0 1
outer loop
vertex 55.2096 80.28672 2.00016
vertex 54.384 80.38368 2.00016
vertex 54.53952 80.19456 2.00016
endloop
endfacet
facet normal 0 0 1
outer loop
vertex 55.2096 80.28672 2.00016
vertex 54.53952 80.19456 2.00016
vertex 55.75056 80.19456 2.00016
endloop
endfacet
facet normal 0 0 1
outer loop
vertex 55.2096 80.28672 2.00016
vertex 55.75056 80.19456 2.00016
vertex 55.71456 80.27712 2.00016
endloop
endfacet
facet normal 0 0 1
outer loop
vertex 55.2096 80.28672 2.00016
vertex 55.71456 80.27712 2.00016
vertex 55.66032 80.38368 2.00016
endloop
endfacet
facet normal 0 0 1
outer loop
vertex 55.2096 80.28672 2.00016
vertex 55.66032 80.38368 2.00016
vertex 54.384 80.38368 2.00016
endloop
endfacet
facet normal 0 0 1
outer loop
vertex 50.16912 80.25792 2.00016
vertex 50.23248 80.19456 2.00016
vertex 52.46064 80.19456 2.00016
endloop
endfacet
facet normal 0 0 1
outer loop
vertex 50.16912 80.25792 2.00016
vertex 52.46064 80.19456 2.00016
vertex 52.51296 80.25792 2.00016
endloop
endfacet
facet normal 0 0 1
outer loop
vertex 3.4872 80.25792 2.00016
vertex 3.53952 80.19456 2.00016
vertex 5.7672 80.19456 2.00016
endloop
endfacet
facet normal 0 0 0.9999999999999999
outer loop
vertex 3.4872 80.25792 2.00016
vertex 5.7672 80.19456 2.00016
vertex 5.83104 80.25792 2.00016
endloop
endfacet
facet normal 0 0 1
outer loop
vertex 0.79056 80.28672 2.00016
vertex 0.33984000000000003 80.38368 2.00016
vertex 0.2856 80.27712 2.00016
endloop
endfacet
facet normal 0 0 1
outer loop
vertex 0.79056 80.28672 2.00016
vertex 0.2856 80.27712 2.00016
vertex 0.24960000000000002 80.19456 2.00016
endloop
endfacet
facet normal 0 0 1
outer loop
vertex 0.79056 80.28672 2.00016
vertex 0.24960000000000002 80.19456 2.00016
vertex 1.46064 80.19456 2.00016
endloop
endfacet
facet normal 0 0 1
outer loop
vertex 0.79056 80.28672 2.00016
vertex 1.46064 80.19456 2.00016
vertex 1.61616 80.38368 2.00016
endloop
endfacet
facet normal 0 0 1
outer loop
vertex 0.79056 80.28672 2.00016
vertex 1.61616 80.38368 2.00016
vertex 0.33984000000000003 80.38368 2.00016
endloop
endfacet
facet normal 0 0 0.9999999999999999
outer loop
vertex 50.23248 80.19456 2.00016
vertex 50.25792 80.16912 2.00016
vertex 52.4472 80.16912 2.00016
endloop
endfacet
facet normal 0 0 0.9999999999999999
outer loop
vertex 50.23248 80.19456 2.00016
vertex 52.4472 80.16912 2.00016
vertex 52.46064 80.19456 2.00016
endloop
endfacet
facet normal 0 0 1
outer loop
vertex 3.53952 80.19456 2.00016
vertex 3.55296 80.16912 2.00016
vertex 5.74224 80.16912 2.00016
endloop
endfacet
facet normal 0 0 1
outer loop
vertex 3.53952 80.19456 2.00016
vertex 5.74224 80.16912 2.00016
vertex 5.7672 80.19456 2.00016
endloop
endfacet
facet normal 0 0 1
outer loop
vertex 50.25792 80.16912 2.00016
vertex 50.34096 80.07504 2.00016
vertex 52.3968 80.07504 2.00016
endloop
endfacet
facet normal 0 0 1
outer loop
vertex 50.25792 80.16912 2.00016
vertex 52.3968 80.07504 2.00016
vertex 52.4472 80.16912 2.00016
endloop
endfacet
facet normal 0 0 1
outer loop
vertex 3.55296 80.16912 2.00016
vertex 3.60336 80.07504 2.00016
vertex 5.6592 80.07504 2.00016
endloop
endfacet
facet normal 0 0 1
outer loop
vertex 3.55296 80.16912 2.00016
vertex 5.6592 80.07504 2.00016
vertex 5.74224 80.16912 2.00016
endloop
endfacet
facet normal 0 0 1
outer loop
vertex 55.31376 80.08992 2.00016
vertex 54.53952 80.19456 2.00016
vertex 54.654720000000005 79.97856 2.00016
endloop
endfacet
facet normal 0 0 1
outer loop
vertex 55.31376 80.08992 2.00016
vertex 54.654720000000005 79.97856 2.00016
vertex 55.83456 79.97856 2.00016
endloop
endfacet
facet normal 0 0 1
outer loop
vertex 55.31376 80.08992 2.00016
vertex 55.83456 79.97856 2.00016
vertex 55.78944 80.10432 2.00016
endloop
endfacet
facet normal 0 0 1
outer loop
vertex 55.31376 80.08992 2.00016
vertex 55.78944 80.10432 2.00016
vertex 55.75056 80.19456 2.00016
endloop
endfacet
facet normal 0 0 1
outer loop
vertex 55.31376 80.08992 2.00016
vertex 55.75056 80.19456 2.00016
vertex 54.53952 80.19456 2.00016
endloop
endfacet
facet normal 0 0 1
outer loop
vertex 50.34096 80.07504 2.00016
vertex 50.41584 79.97856 2.00016
vertex 52.34496 79.97856 2.00016
endloop
endfacet
facet normal 0 0 1
outer loop
vertex 50.34096 80.07504 2.00016
vertex 52.34496 79.97856 2.00016
vertex 52.3968 80.07504 2.00016
endloop
endfacet
facet normal 0 0 1
outer loop
vertex 3.60336 80.07504 2.00016
vertex 3.65472 79.97856 2.00016
vertex 5.58432 79.97856 2.00016
endloop
endfacet
facet normal 0 0 1
outer loop
vertex 3.60336 80.07504 2.00016
vertex 5.58432 79.97856 2.00016
vertex 5.6592 80.07504 2.00016
endloop
endfacet
facet normal 0 0 1
outer loop
vertex 0.6864 80.08992 2.00016
vertex 0.24960000000000002 80.19456 2.00016
vertex 0.21072000000000002 80.10432 2.00016
endloop
endfacet
facet normal 0 0 1
outer loop
vertex 0.6864 80.08992 2.00016
vertex 0.21072000000000002 80.10432 2.00016
vertex 0.16512000000000002 79.97856 2.00016
endloop
endfacet
facet normal 0 0 1
outer loop
vertex 0.6864 80.08992 2.00016
vertex 0.16512000000000002 79.97856 2.00016
vertex 1.34496 79.97856 2.00016
endloop
endfacet
facet normal 0 0 1
outer loop
vertex 0.6864 80.08992 2.00016
vertex 1.34496 79.97856 2.00016
vertex 1.46064 80.19456 2.00016
endloop
endfacet
facet normal 0 0 1
outer loop
vertex 0.6864 80.08992 2.00016
vertex 1.46064 80.19456 2.00016
vertex 0.24960000000000002 80.19456 2.00016
endloop
endfacet
facet normal 0 0 1
outer loop
vertex 50.41584 79.97856 2.00016
vertex 50.418240000000004 79.97568 2.00016
vertex 52.344480000000004 79.97568 2.00016
endloop
endfacet
facet normal 0 0 1
outer loop
vertex 50.41584 79.97856 2.00016
vertex 52.344480000000004 79.97568 2.00016
vertex 52.34496 79.97856 2.00016
endloop
endfacet
facet normal 0 0 1
outer loop
vertex 3.65472 79.97856 2.00016
vertex 3.6556800000000003 79.97568 2.00016
vertex 5.58192 79.97568 2.00016
endloop
endfacet
facet normal 0 0 0.9999999999999999
outer loop
vertex 3.65472 79.97856 2.00016
vertex 5.58192 79.97568 2.00016
vertex 5.58432 79.97856 2.00016
endloop
endfacet
facet normal 0 0 1
outer loop
vertex 50.418240000000004 79.97568 2.00016
vertex 50.488800000000005 79.87152 2.00016
vertex 52.3128 79.87152 2.00016
endloop
endfacet
facet normal 0 0 1
outer loop
vertex 50.418240000000004 79.97568 2.00016
vertex 52.3128 79.87152 2.00016
vertex 52.344480000000004 79.97568 2.00016
endloop
endfacet
facet normal 0 0 1
outer loop
vertex 3.6556800000000003 79.97568 2.00016
vertex 3.68736 79.87152 2.00016
vertex 5.51136 79.87152 2.00016
endloop
endfacet
facet normal 0 0 1
outer loop
vertex 3.6556800000000003 79.97568 2.00016
vertex 5.51136 79.87152 2.00016
vertex 5.58192 79.97568 2.00016
endloop
endfacet
facet normal 0 0 1
outer loop
vertex 50.488800000000005 79.87152 2.00016
vertex 50.552640000000004 79.76352 2.00016
vertex 52.28016 79.76352 2.00016
endloop
endfacet
facet normal 0 0 1
outer loop
vertex 50.488800000000005 79.87152 2.00016
vertex 52.28016 79.76352 2.00016
vertex 52.3128 79.87152 2.00016
endloop
endfacet
facet normal 0 0 0.9999999999999999
outer loop
vertex 3.68736 79.87152 2.00016
vertex 3.72 79.76352 2.00016
vertex 5.44752 79.76352 2.00016
endloop
endfacet
facet normal 0 0 0.9999999999999999
outer loop
vertex 3.68736 79.87152 2.00016
vertex 5.44752 79.76352 2.00016
vertex 5.51136 79.87152 2.00016
endloop
endfacet
facet normal 0 0 1
outer loop
vertex 55.47984 79.85328 2.00016
vertex 54.654720000000005 79.97856 2.00016
vertex 54.72576 79.74384 2.00016
endloop
endfacet
facet normal 0 0 1
outer loop
vertex 55.47984 79.85328 2.00016
vertex 54.72576 79.74384 2.00016
vertex 55.90608 79.74384 2.00016
endloop
endfacet
facet normal 0 0 1
outer loop
vertex 55.47984 79.85328 2.00016
vertex 55.90608 79.74384 2.00016
vertex 55.9056 79.74624 2.00016
endloop
endfacet
facet normal 0 0 1
outer loop
vertex 55.47984 79.85328 2.00016
vertex 55.9056 79.74624 2.00016
vertex 55.85328 79.9272 2.00016
endloop
endfacet
facet normal 0 0 1
outer loop
vertex 55.47984 79.85328 2.00016
vertex 55.85328 79.9272 2.00016
vertex 55.83456 79.97856 2.00016
endloop
endfacet
facet normal 0 0 1
outer loop
vertex 55.47984 79.85328 2.00016
vertex 55.83456 79.97856 2.00016
vertex 54.654720000000005 79.97856 2.00016
endloop
endfacet
facet normal 0 0 1
outer loop
vertex 50.552640000000004 79.76352 2.00016
vertex 50.56272 79.74384 2.00016
vertex 52.273920000000004 79.74384 2.00016
endloop
endfacet
facet normal 0 0 1
outer loop
vertex 50.552640000000004 79.76352 2.00016
vertex 52.273920000000004 79.74384 2.00016
vertex 52.28016 79.76352 2.00016
endloop
endfacet
facet normal 0 0 1
outer loop
vertex 3.72 79.76352 2.00016
vertex 3.72576 79.74384 2.00016
vertex 5.4374400000000005 79.74384 2.00016
endloop
endfacet
facet normal 0 0 1
outer loop
vertex 3.72 79.76352 2.00016
vertex 5.4374400000000005 79.74384 2.00016
vertex 5.44752 79.76352 2.00016
endloop
endfacet
facet normal 0 0 1
outer loop
vertex 0.51984 79.85328 2.00016
vertex 0.16512000000000002 79.97856 2.00016
vertex 0.14688 79.9272 2.00016
endloop
endfacet
facet normal 0 0 1
outer loop
vertex 0.51984 79.85328 2.00016
vertex 0.14688 79.9272 2.00016
vertex 0.09408 79.74624 2.00016
endloop
endfacet
facet normal 0 0 0.9999999999999999
outer loop
vertex 0.51984 79.85328 2.00016
vertex 0.09408 79.74624 2.00016
vertex 0.0936 79.74384 2.00016
endloop
endfacet
facet normal 0 0 1
outer loop
vertex 0.51984 79.85328 2.00016
vertex 0.0936 79.74384 2.00016
vertex 1.27392 79.74384 2.00016
endloop
endfacet
facet normal 0 0 0.9999999999999999
outer loop
vertex 0.51984 79.85328 2.00016
vertex 1.27392 79.74384 2.00016
vertex 1.34496 79.97856 2.00016
endloop
endfacet
facet normal 0 0 1
outer loop
vertex 0.51984 79.85328 2.00016
vertex 1.34496 79.97856 2.00016
vertex 0.16512000000000002 79.97856 2.00016
endloop
endfacet
facet normal 0 0 1
outer loop
vertex 50.56272 79.74384 2.00016
vertex 50.60976 79.65168 2.00016
vertex 52.2648 79.65168 2.00016
endloop
endfacet
facet normal 0 0 1
outer loop
vertex 50.56272 79.74384 2.00016
vertex 52.2648 79.65168 2.00016
vertex 52.273920000000004 79.74384 2.00016
endloop
endfacet
facet normal 0 0 1
outer loop
vertex 3.72576 79.74384 2.00016
vertex 3.73488 79.65168 2.00016
vertex 5.3904000000000005 79.65168 2.00016
endloop
endfacet
facet normal 0 0 1
outer loop
vertex 3.72576 79.74384 2.00016
vertex 5.3904000000000005 79.65168 2.00016
vertex 5.4374400000000005 79.74384 2.00016
endloop
endfacet
facet normal 0 0 1
outer loop
vertex 50.60976 79.65168 2.00016
vertex 50.65968 79.53648 2.00016
vertex 52.25376 79.53648 2.00016
endloop
endfacet
facet normal 0 0 0.9999999999999999
outer loop
vertex 50.60976 79.65168 2.00016
vertex 52.25376 79.53648 2.00016
vertex 52.2648 79.65168 2.00016
endloop
endfacet
facet normal 0 0 1
outer loop
vertex 3.73488 79.65168 2.00016
vertex 3.7464 79.53648 2.00016
vertex 5.34048 79.53648 2.00016
endloop
endfacet
facet normal 0 0 0.9999999999999999
outer loop
vertex 3.73488 79.65168 2.00016
vertex 5.34048 79.53648 2.00016
vertex 5.3904000000000005 79.65168 2.00016
endloop
endfacet
facet normal 0 0 1
outer loop
vertex 55.457280000000004 79.60992 2.00016
vertex 54.72576 79.74384 2.00016
vertex 54.75024 79.5 2.00016
endloop
endfacet
facet normal 0 0 1
outer loop
vertex 55.457280000000004 79.60992 2.00016
vertex 54.75024 79.5 2.00016
vertex 55.95648 79.5 2.00016
endloop
endfacet
facet normal 0 0 1
outer loop
vertex 55.457280000000004 79.60992 2.00016
vertex 55.95648 79.5 2.00016
vertex 55.94688 79.56192 2.00016
endloop
endfacet
facet normal 0 0 1
outer loop
vertex 55.457280000000004 79.60992 2.00016
vertex 55.94688 79.56192 2.00016
vertex 55.90608 79.74384 2.00016
endloop
endfacet
facet normal 0 0 1
outer loop
vertex 55.457280000000004 79.60992 2.00016
vertex 55.90608 79.74384 2.00016
vertex 54.72576 79.74384 2.00016
endloop
endfacet
facet normal 0 0 1
outer loop
vertex 50.65968 79.53648 2.00016
vertex 50.67264 79.5 2.00016
vertex 52.24992 79.5 2.00016
endloop
endfacet
facet normal 0 0 1
outer loop
vertex 50.65968 79.53648 2.00016
vertex 52.24992 79.5 2.00016
vertex 52.25376 79.53648 2.00016
endloop
endfacet
facet normal 0 0 1
outer loop
vertex 3.7464 79.53648 2.00016
vertex 3.7502400000000002 79.5 2.00016
vertex 5.32752 79.5 2.00016
endloop
endfacet
facet normal 0 0 1
outer loop
vertex 3.7464 79.53648 2.00016
vertex 5.32752 79.5 2.00016
vertex 5.34048 79.53648 2.00016
endloop
endfacet
facet normal 0 0 1
outer loop
vertex 0.54288 79.60992 2.00016
vertex 0.0936 79.74384 2.00016
vertex 0.05328 79.56192 2.00016
endloop
endfacet
facet normal 0 0 1
outer loop
vertex 0.54288 79.60992 2.00016
vertex 0.05328 79.56192 2.00016
vertex 0.0432 79.5 2.00016
endloop
endfacet
facet normal 0 0 1
outer loop
vertex 0.54288 79.60992 2.00016
vertex 0.0432 79.5 2.00016
vertex 1.2499200000000001 79.5 2.00016
endloop
endfacet
facet normal 0 0 0.9999999999999999
outer loop
vertex 0.54288 79.60992 2.00016
vertex 1.2499200000000001 79.5 2.00016
vertex 1.27392 79.74384 2.00016
endloop
endfacet
facet normal 0 0 1
outer loop
vertex 0.54288 79.60992 2.00016
vertex 1.27392 79.74384 2.00016
vertex 0.0936 79.74384 2.00016
endloop
endfacet
facet normal 0 0 1
outer loop
vertex 50.67264 79.5 2.00016
vertex 50.70192 79.41792 2.00016
vertex 52.25808 79.41792 2.00016
endloop
endfacet
facet normal 0 0 1
outer loop
vertex 50.67264 79.5 2.00016
vertex 52.25808 79.41792 2.00016
vertex 52.24992 79.5 2.00016
endloop
endfacet
facet normal 0 0 1
outer loop
vertex 4.37328 79.46736 2.00016
vertex 3.7502400000000002 79.5 2.00016
vertex 3.74976 79.5 2.00016
endloop
endfacet
facet normal 0 0 1
outer loop
vertex 4.37328 79.46736 2.00016
vertex 3.74976 79.5 2.00016
vertex 3.74208 79.41792 2.00016
endloop
endfacet
facet normal 0 0 1
outer loop
vertex 4.37328 79.46736 2.00016
vertex 3.74208 79.41792 2.00016
vertex 5.29776 79.41792 2.00016
endloop
endfacet
facet normal 0 0 1
outer loop
vertex 4.37328 79.46736 2.00016
vertex 5.29776 79.41792 2.00016
vertex 5.32752 79.5 2.00016
endloop
endfacet
facet normal 0 0 0.9999999999999999
outer loop
vertex 4.37328 79.46736 2.00016
vertex 5.32752 79.5 2.00016
vertex 3.7502400000000002 79.5 2.00016
endloop
endfacet
facet normal 0 0 1
outer loop
vertex 50.70192 79.41792 2.00016
vertex 50.73696 79.29744000000001 2.00016
vertex 52.27008 79.29744000000001 2.00016
endloop
endfacet
facet normal 0 0 1
outer loop
vertex 50.70192 79.41792 2.00016
vertex 52.27008 79.29744000000001 2.00016
vertex 52.25808 79.41792 2.00016
endloop
endfacet
facet normal 0 0 1
outer loop
vertex 3.74208 79.41792 2.00016
vertex 3.73008 79.29744000000001 2.00016
vertex 5.26272 79.29744000000001 2.00016
endloop
endfacet
facet normal 0 0 1
outer loop
vertex 3.74208 79.41792 2.00016
vertex 5.26272 79.29744000000001 2.00016
vertex 5.29776 79.41792 2.00016
endloop
endfacet
facet normal 0 0 0.9999999999999999
outer loop
vertex 55.47936 79.3776 2.00016
vertex 54.75024 79.5 2.00016
vertex 54.72576 79.25616000000001 2.00016
endloop
endfacet
facet normal 0 0 0.9999999999999999
outer loop
vertex 55.47936 79.3776 2.00016
vertex 54.72576 79.25616000000001 2.00016
vertex 55.987680000000005 79.25616000000001 2.00016
endloop
endfacet
facet normal 0 0 1
outer loop
vertex 55.47936 79.3776 2.00016
vertex 55.987680000000005 79.25616000000001 2.00016
vertex 55.97616 79.37616 2.00016
endloop
endfacet
facet normal 0 0 0.9999999999999999
outer loop
vertex 55.47936 79.3776 2.00016
vertex 55.97616 79.37616 2.00016
vertex 55.95648 79.5 2.00016
endloop
endfacet
facet normal 0 0 1
outer loop
vertex 55.47936 79.3776 2.00016
vertex 55.95648 79.5 2.00016
vertex 54.75024 79.5 2.00016
endloop
endfacet
facet normal 0 0 1
outer loop
vertex 50.73696 79.29744000000001 2.00016
vertex 50.74656 79.25616000000001 2.00016
vertex 52.273920000000004 79.25616000000001 2.00016
endloop
endfacet
facet normal 0 0 1
outer loop
vertex 50.73696 79.29744000000001 2.00016
vertex 52.273920000000004 79.25616000000001 2.00016
vertex 52.27008 79.29744000000001 2.00016
endloop
endfacet
facet normal 0 0 1
outer loop
vertex 3.73008 79.29744000000001 2.00016
vertex 3.72576 79.25616000000001 2.00016
vertex 5.2536000000000005 79.25616000000001 2.00016
endloop
endfacet
facet normal 0 0 1
outer loop
vertex 3.73008 79.29744000000001 2.00016
vertex 5.2536000000000005 79.25616000000001 2.00016
vertex 5.26272 79.29744000000001 2.00016
endloop
endfacet
facet normal 0 0 0.9999999999999999
outer loop
vertex 0.5208 79.3776 2.00016
vertex 0.0432 79.5 2.00016
vertex 0.02352 79.37616 2.00016
endloop
endfacet
facet normal 0 0 0.9999999999999999
outer loop
vertex 0.5208 79.3776 2.00016
vertex 0.02352 79.37616 2.00016
vertex 0.01248 79.25616000000001 2.00016
endloop
endfacet
facet normal 0 0 1
outer loop
vertex 0.5208 79.3776 2.00016
vertex 0.01248 79.25616000000001 2.00016
vertex 1.27392 79.25616000000001 2.00016
endloop
endfacet
facet normal 0 0 1
outer loop
vertex 0.5208 79.3776 2.00016
vertex 1.27392 79.25616000000001 2.00016
vertex 1.2499200000000001 79.5 2.00016
endloop
endfacet
facet normal 0 0 0.9999999999999999
outer loop
vertex 0.5208 79.3776 2.00016
vertex 1.2499200000000001 79.5 2.00016
vertex 0.0432 79.5 2.00016
endloop
endfacet
facet normal 0 0 1
outer loop
vertex 50.74656 79.25616000000001 2.00016
vertex 50.7648 79.17456 2.00016
vertex 52.298880000000004 79.17456 2.00016
endloop
endfacet
facet normal 0 0 1
outer loop
vertex 50.74656 79.25616000000001 2.00016
vertex 52.298880000000004 79.17456 2.00016
vertex 52.273920000000004 79.25616000000001 2.00016
endloop
endfacet
facet normal 0 0 1
outer loop
vertex 3.72576 79.25616000000001 2.00016
vertex 3.70128 79.17456 2.00016
vertex 5.23536 79.17456 2.00016
endloop
endfacet
facet normal 0 0 1
outer loop
vertex 3.72576 79.25616000000001 2.00016
vertex 5.23536 79.17456 2.00016
vertex 5.2536000000000005 79.25616000000001 2.00016
endloop
endfacet
facet normal 0 0 1
outer loop
vertex 50.7648 79.17456 2.00016
vertex 50.784 79.05072 2.00016
vertex 52.33632 79.05072 2.00016
endloop
endfacet
facet normal 0 0 1
outer loop
vertex 50.7648 79.17456 2.00016
vertex 52.33632 79.05072 2.00016
vertex 52.298880000000004 79.17456 2.00016
endloop
endfacet
facet normal 0 0 1
outer loop
vertex 3.70128 79.17456 2.00016
vertex 3.66384 79.05072 2.00016
vertex 5.21568 79.05072 2.00016
endloop
endfacet
facet normal 0 0 1
outer loop
vertex 3.70128 79.17456 2.00016
vertex 5.21568 79.05072 2.00016
vertex 5.23536 79.17456 2.00016
endloop
endfacet
facet normal 0 0 1
outer loop
vertex 55.47216 79.14864 2.00016
vertex 54.72576 79.25616000000001 2.00016
vertex 54.654720000000005 79.02144 2.00016
endloop
endfacet
facet normal 0 0 1
outer loop
vertex 55.47216 79.14864 2.00016
vertex 54.654720000000005 79.02144 2.00016
vertex 55.9992 79.02144 2.00016
endloop
endfacet
facet normal 0 0 1
outer loop
vertex 55.47216 79.14864 2.00016
vertex 55.9992 79.02144 2.00016
vertex 55.99392 79.18848 2.00016
endloop
endfacet
facet normal 0 0 1
outer loop
vertex 55.47216 79.14864 2.00016
vertex 55.99392 79.18848 2.00016
vertex 55.987680000000005 79.25616000000001 2.00016
endloop
endfacet
facet normal 0 0 1
outer loop
vertex 55.47216 79.14864 2.00016
vertex 55.987680000000005 79.25616000000001 2.00016
vertex 54.72576 79.25616000000001 2.00016
endloop
endfacet
facet normal 0 0 1
outer loop
vertex 50.784 79.05072 2.00016
vertex 50.786880000000004 79.02144 2.00016
vertex 52.34496 79.02144 2.00016
endloop
endfacet
facet normal 0 0 1
outer loop
vertex 50.784 79.05072 2.00016
vertex 52.34496 79.02144 2.00016
vertex 52.33632 79.05072 2.00016
endloop
endfacet
facet normal 0 0 1
outer loop
vertex 3.66384 79.05072 2.00016
vertex 3.65472 79.02144 2.00016
vertex 5.2128000000000005 79.02144 2.00016
endloop
endfacet
facet normal 0 0 0.9999999999999999
outer loop
vertex 3.66384 79.05072 2.00016
vertex 5.2128000000000005 79.02144 2.00016
vertex 5.21568 79.05072 2.00016
endloop
endfacet
facet normal 0 0 1
outer loop
vertex 0.52752 79.14864 2.00016
vertex 0.01248 79.25616000000001 2.00016
vertex 0.00576 79.18848 2.00016
endloop
endfacet
facet normal 0 0 1
outer loop
vertex 0.52752 79.14864 2.00016
vertex 0.00576 79.18848 2.00016
vertex 0.00048 79.02144 2.00016
endloop
endfacet
facet normal 0 0 1
outer loop
vertex 0.52752 79.14864 2.00016
vertex 0.00048 79.02144 2.00016
vertex 1.34496 79.02144 2.00016
endloop
endfacet
facet normal 0 0 1
outer loop
vertex 0.52752 79.14864 2.00016
vertex 1.34496 79.02144 2.00016
vertex 1.27392 79.25616000000001 2.00016
endloop
endfacet
facet normal 0 0 1
outer loop
vertex 0.52752 79.14864 2.00016
vertex 1.27392 79.25616000000001 2.00016
vertex 0.01248 79.25616000000001 2.00016
endloop
endfacet
facet normal 0 0 1
outer loop
vertex 50.786880000000004 79.02144 2.00016
vertex 50.796 78.92544000000001 2.00016
vertex 52.39632 78.92544000000001 2.00016
endloop
endfacet
facet normal 0 0 1
outer loop
vertex 50.786880000000004 79.02144 2.00016
vertex 52.39632 78.92544000000001 2.00016
vertex 52.34496 79.02144 2.00016
endloop
endfacet
facet normal 0 0 1
outer loop
vertex 3.65472 79.02144 2.00016
vertex 3.60336 78.92544000000001 2.00016
vertex 5.20416 78.92544000000001 2.00016
endloop
endfacet
facet normal 0 0 1
outer loop
vertex 3.65472 79.02144 2.00016
vertex 5.20416 78.92544000000001 2.00016
vertex 5.2128000000000005 79.02144 2.00016
endloop
endfacet
facet normal 0 0 1
outer loop
vertex 55.43856 78.93072000000001 2.00016
vertex 54.654720000000005 79.02144 2.00016
vertex 54.53952 78.80544 2.00016
endloop
endfacet
facet normal 0 0 1
outer loop
vertex 55.43856 78.93072000000001 2.00016
vertex 54.53952 78.80544 2.00016
vertex 56.00016 78.80544 2.00016
endloop
endfacet
facet normal 0 0 1
outer loop
vertex 55.43856 78.93072000000001 2.00016
vertex 56.00016 78.80544 2.00016
vertex 56.00016 78.99984 2.00016
endloop
endfacet
facet normal 0 0 0.9999999999999999
outer loop
vertex 55.43856 78.93072000000001 2.00016
vertex 56.00016 78.99984 2.00016
vertex 55.9992 79.02144 2.00016
endloop
endfacet
facet normal 0 0 1
outer loop
vertex 55.43856 78.93072000000001 2.00016
vertex 55.9992 79.02144 2.00016
vertex 54.654720000000005 79.02144 2.00016
endloop
endfacet
facet normal 0 0 1
outer loop
vertex 50.796 78.92544000000001 2.00016
vertex 50.79984 78.80544 2.00016
vertex 52.46064 78.80544 2.00016
endloop
endfacet
facet normal 0 0 1
outer loop
vertex 50.796 78.92544000000001 2.00016
vertex 52.46064 78.80544 2.00016
vertex 52.39632 78.92544000000001 2.00016
endloop
endfacet
facet normal 0 0 1
outer loop
vertex 3.60336 78.92544000000001 2.00016
vertex 3.53952 78.80544 2.00016
vertex 5.2003200000000005 78.80544 2.00016
endloop
endfacet
facet normal 0 0 1
outer loop
vertex 3.60336 78.92544000000001 2.00016
vertex 5.2003200000000005 78.80544 2.00016
vertex 5.20416 78.92544000000001 2.00016
endloop
endfacet
facet normal 0 0 1
outer loop
vertex 0.5611200000000001 78.93072000000001 2.00016
vertex 0.00048 79.02144 2.00016
vertex 0 78.99984 2.00016
endloop
endfacet
facet normal 0 0 0.9999999999999999
outer loop
vertex 0.5611200000000001 78.93072000000001 2.00016
vertex 0 78.99984 2.00016
vertex 0 78.80544 2.00016
endloop
endfacet
facet normal 0 0 1
outer loop
vertex 0.5611200000000001 78.93072000000001 2.00016
vertex 0 78.80544 2.00016
vertex 1.46064 78.80544 2.00016
endloop
endfacet
facet normal 0 0 1
outer loop
vertex 0.5611200000000001 78.93072000000001 2.00016
vertex 1.46064 78.80544 2.00016
vertex 1.34496 79.02144 2.00016
endloop
endfacet
facet normal 0 0 1
outer loop
vertex 0.5611200000000001 78.93072000000001 2.00016
vertex 1.34496 79.02144 2.00016
vertex 0.00048 79.02144 2.00016
endloop
endfacet
facet normal 0 0 0.9999999999999999
outer loop
vertex 54.53952 78.80544 2.00016
vertex 54.384 78.61632 2.00016
vertex 56.00016 78.61632 2.00016
endloop
endfacet
facet normal 0 0 1
outer loop
vertex 54.53952 78.80544 2.00016
vertex 56.00016 78.61632 2.00016
vertex 56.00016 78.80544 2.00016
endloop
endfacet
facet normal 0 0 0.9999999999999999
outer loop
vertex 51.49824 78.70368 2.00016
vertex 50.79984 78.80544 2.00016
vertex 50.80416 78.6744 2.00016
endloop
endfacet
facet normal 0 0 1
outer loop
vertex 51.49824 78.70368 2.00016
vertex 50.80416 78.6744 2.00016
vertex 50.80944 78.61632 2.00016
endloop
endfacet
facet normal 0 0 1
outer loop
vertex 51.49824 78.70368 2.00016
vertex 50.80944 78.61632 2.00016
vertex 52.61616 78.61632 2.00016
endloop
endfacet
facet normal 0 0 1
outer loop
vertex 51.49824 78.70368 2.00016
vertex 52.61616 78.61632 2.00016
vertex 52.46064 78.80544 2.00016
endloop
endfacet
facet normal 0 0 1
outer loop
vertex 51.49824 78.70368 2.00016
vertex 52.46064 78.80544 2.00016
vertex 50.79984 78.80544 2.00016
endloop
endfacet
facet normal 0 0 1
outer loop
vertex 4.50192 78.70368 2.00016
vertex 3.53952 78.80544 2.00016
vertex 3.384 78.61632 2.00016
endloop
endfacet
facet normal 0 0 1
outer loop
vertex 4.50192 78.70368 2.00016
vertex 3.384 78.61632 2.00016
vertex 5.19072 78.61632 2.00016
endloop
endfacet
facet normal 0 0 1
outer loop
vertex 4.50192 78.70368 2.00016
vertex 5.19072 78.61632 2.00016
vertex 5.196 78.6744 2.00016
endloop
endfacet
facet normal 0 0 1
outer loop
vertex 4.50192 78.70368 2.00016
vertex 5.196 78.6744 2.00016
vertex 5.2003200000000005 78.80544 2.00016
endloop
endfacet
facet normal 0 0 1
outer loop
vertex 4.50192 78.70368 2.00016
vertex 5.2003200000000005 78.80544 2.00016
vertex 3.53952 78.80544 2.00016
endloop
endfacet
facet normal 0 0 1
outer loop
vertex 0 78.80544 2.00016
vertex 0 78.61632 2.00016
vertex 1.61616 78.61632 2.00016
endloop
endfacet
facet normal 0 0 1
outer loop
vertex 0 78.80544 2.00016
vertex 1.61616 78.61632 2.00016
vertex 1.46064 78.80544 2.00016
endloop
endfacet
facet normal 0 0 1
outer loop
vertex 54.384 78.61632 2.00016
vertex 54.1944 78.4608 2.00016
vertex 56.00016 78.4608 2.00016
endloop
endfacet
facet normal 0 0 1
outer loop
vertex 54.384 78.61632 2.00016
vertex 56.00016 78.4608 2.00016
vertex 56.00016 78.61632 2.00016
endloop
endfacet
facet normal 0 0 1
outer loop
vertex 51.575520000000004 78.54048 2.00016
vertex 50.80944 78.61632 2.00016
vertex 50.81568 78.54912 2.00016
endloop
endfacet
facet normal 0 0 1
outer loop
vertex 51.575520000000004 78.54048 2.00016
vertex 50.81568 78.54912 2.00016
vertex 50.8296 78.4608 2.00016
endloop
endfacet
facet normal 0 0 1
outer loop
vertex 51.575520000000004 78.54048 2.00016
vertex 50.8296 78.4608 2.00016
vertex 52.80576 78.4608 2.00016
endloop
endfacet
facet normal 0 0 1
outer loop
vertex 51.575520000000004 78.54048 2.00016
vertex 52.80576 78.4608 2.00016
vertex 52.61616 78.61632 2.00016
endloop
endfacet
facet normal 0 0 1
outer loop
vertex 51.575520000000004 78.54048 2.00016
vertex 52.61616 78.61632 2.00016
vertex 50.80944 78.61632 2.00016
endloop
endfacet
facet normal 0 0 1
outer loop
vertex 4.42464 78.54048 2.00016
vertex 3.384 78.61632 2.00016
vertex 3.1944 78.4608 2.00016
endloop
endfacet
facet normal 0 0 1
outer loop
vertex 4.42464 78.54048 2.00016
vertex 3.1944 78.4608 2.00016
vertex 5.1700800000000005 78.4608 2.00016
endloop
endfacet
facet normal 0 0 1
outer loop
vertex 4.42464 78.54048 2.00016
vertex 5.1700800000000005 78.4608 2.00016
vertex 5.184 78.54912 2.00016
endloop
endfacet
facet normal 0 0 1
outer loop
vertex 4.42464 78.54048 2.00016
vertex 5.184 78.54912 2.00016
vertex 5.19072 78.61632 2.00016
endloop
endfacet
facet normal 0 0 1
outer loop
vertex 4.42464 78.54048 2.00016
vertex 5.19072 78.61632 2.00016
vertex 3.384 78.61632 2.00016
endloop
endfacet
facet normal 0 0 1
outer loop
vertex 0 78.61632 2.00016
vertex 0 78.4608 2.00016
vertex 1.80576 78.4608 2.00016
endloop
endfacet
facet normal 0 0 1
outer loop
vertex 0 78.61632 2.00016
vertex 1.80576 78.4608 2.00016
vertex 1.61616 78.61632 2.00016
endloop
endfacet
facet normal 0 0 1
outer loop
vertex 54.1944 78.4608 2.00016
vertex 53.9784 78.34512000000001 2.00016
vertex 56.00016 78.34512000000001 2.00016
endloop
endfacet
facet normal 0 0 0.9999999999999999
outer loop
vertex 54.1944 78.4608 2.00016
vertex 56.00016 78.34512000000001 2.00016
vertex 56.00016 78.4608 2.00016
endloop
endfacet
facet normal 0 0 0.9999999999999999
outer loop
vertex 51.66912 78.40752 2.00016
vertex 50.8296 78.4608 2.00016
vertex 50.83536 78.42528 2.00016
endloop
endfacet
facet normal 0 0 1
outer loop
vertex 51.66912 78.40752 2.00016
vertex 50.83536 78.42528 2.00016
vertex 50.853120000000004 78.34512000000001 2.00016
endloop
endfacet
facet normal 0 0 1
outer loop
vertex 51.66912 78.40752 2.00016
vertex 50.853120000000004 78.34512000000001 2.00016
vertex 53.02176 78.34512000000001 2.00016
endloop
endfacet
facet normal 0 0 1
outer loop
vertex 51.66912 78.40752 2.00016
vertex 53.02176 78.34512000000001 2.00016
vertex 52.80576 78.4608 2.00016
endloop
endfacet
facet normal 0 0 1
outer loop
vertex 51.66912 78.40752 2.00016
vertex 52.80576 78.4608 2.00016
vertex 50.8296 78.4608 2.00016
endloop
endfacet
facet normal 0 0 1
outer loop
vertex 4.33104 78.40752 2.00016
vertex 3.1944 78.4608 2.00016
vertex 2.9784 78.34512000000001 2.00016
endloop
endfacet
facet normal 0 0 1
outer loop
vertex 4.33104 78.40752 2.00016
vertex 2.9784 78.34512000000001 2.00016
vertex 5.14656 78.34512000000001 2.00016
endloop
endfacet
facet normal 0 0 1
outer loop
vertex 4.33104 78.40752 2.00016
vertex 5.14656 78.34512000000001 2.00016
vertex 5.1648000000000005 78.42528 2.00016
endloop
endfacet
facet normal 0 0 1
outer loop
vertex 4.33104 78.40752 2.00016
vertex 5.1648000000000005 78.42528 2.00016
vertex 5.1700800000000005 78.4608 2.00016
endloop
endfacet
facet normal 0 0 1
outer loop
vertex 4.33104 78.40752 2.00016
vertex 5.1700800000000005 78.4608 2.00016
vertex 3.1944 78.4608 2.00016
endloop
endfacet
facet normal 0 0 1
outer loop
vertex 0 78.4608 2.00016
vertex 0 78.34512000000001 2.00016
vertex 2.02176 78.34512000000001 2.00016
endloop
endfacet
facet normal 0 0 1
outer loop
vertex 0 78.4608 2.00016
vertex 2.02176 78.34512000000001 2.00016
vertex 1.80576 78.4608 2.00016
endloop
endfacet
facet normal 0 0 1
outer loop
vertex 53.9784 78.34512000000001 2.00016
vertex 53.743680000000005 78.27408 2.00016
vertex 56.00016 78.27408 2.00016
endloop
endfacet
facet normal 0 0 1
outer loop
vertex 53.9784 78.34512000000001 2.00016
vertex 56.00016 78.27408 2.00016
vertex 56.00016 78.34512000000001 2.00016
endloop
endfacet
facet normal 0 0 1
outer loop
vertex 51.772800000000004 78.30816 2.00016
vertex 50.853120000000004 78.34512000000001 2.00016
vertex 50.86272 78.3024 2.00016
endloop
endfacet
facet normal 0 0 1
outer loop
vertex 51.772800000000004 78.30816 2.00016
vertex 50.86272 78.3024 2.00016
vertex 50.87136 78.27408 2.00016
endloop
endfacet
facet normal 0 0 1
outer loop
vertex 51.772800000000004 78.30816 2.00016
vertex 50.87136 78.27408 2.00016
vertex 53.256 78.27408 2.00016
endloop
endfacet
facet normal 0 0 1
outer loop
vertex 51.772800000000004 78.30816 2.00016
vertex 53.256 78.27408 2.00016
vertex 53.02176 78.34512000000001 2.00016
endloop
endfacet
facet normal 0 0 1
outer loop
vertex 51.772800000000004 78.30816 2.00016
vertex 53.02176 78.34512000000001 2.00016
vertex 50.853120000000004 78.34512000000001 2.00016
endloop
endfacet
facet normal 0 0 1
outer loop
vertex 4.22688 78.30816 2.00016
vertex 2.9784 78.34512000000001 2.00016
vertex 2.74368 78.27408 2.00016
endloop
endfacet
facet normal 0 0 1
outer loop
vertex 4.22688 78.30816 2.00016
vertex 2.74368 78.27408 2.00016
vertex 5.1288 78.27408 2.00016
endloop
endfacet
facet normal 0 0 1
outer loop
vertex 4.22688 78.30816 2.00016
vertex 5.1288 78.27408 2.00016
vertex 5.13696 78.3024 2.00016
endloop
endfacet
facet normal 0 0 1
outer loop
vertex 4.22688 78.30816 2.00016
vertex 5.13696 78.3024 2.00016
vertex 5.14656 78.34512000000001 2.00016
endloop
endfacet
facet normal 0 0 1
outer loop
vertex 4.22688 78.30816 2.00016
vertex 5.14656 78.34512000000001 2.00016
vertex 2.9784 78.34512000000001 2.00016
endloop
endfacet
facet normal 0 0 1
outer loop
vertex 0 78.34512000000001 2.00016
vertex 0 78.27408 2.00016
vertex 2.2560000000000002 78.27408 2.00016
endloop
endfacet
facet normal 0 0 1
outer loop
vertex 0 78.34512000000001 2.00016
vertex 2.2560000000000002 78.27408 2.00016
vertex 2.02176 78.34512000000001 2.00016
endloop
endfacet
facet normal 0 0 0.9999999999999999
outer loop
vertex 53.743680000000005 78.27408 2.00016
vertex 53.49984 78.25008 2.00016
vertex 56.00016 78.25008 2.00016
endloop
endfacet
facet normal 0 0 1
outer loop
vertex 53.743680000000005 78.27408 2.00016
vertex 56.00016 78.25008 2.00016
vertex 56.00016 78.27408 2.00016
endloop
endfacet
facet normal 0 0 1
outer loop
vertex 50.87136 78.27408 2.00016
vertex 50.878080000000004 78.25008 2.00016
vertex 53.49984 78.25008 2.00016
endloop
endfacet
facet normal 0 0 1
outer loop
vertex 50.87136 78.27408 2.00016
vertex 53.49984 78.25008 2.00016
vertex 53.256 78.27408 2.00016
endloop
endfacet
facet normal 0 0 1
outer loop
vertex 2.74368 78.27408 2.00016
vertex 2.4998400000000003 78.25008 2.00016
vertex 5.12208 78.25008 2.00016
endloop
endfacet
facet normal 0 0 1
outer loop
vertex 2.74368 78.27408 2.00016
vertex 5.12208 78.25008 2.00016
vertex 5.1288 78.27408 2.00016
endloop
endfacet
facet normal 0 0 0.9999999999999999
outer loop
vertex 0 78.27408 2.00016
vertex 0 78.25008 2.00016
vertex 2.4998400000000003 78.25008 2.00016
endloop
endfacet
facet normal 0 0 1
outer loop
vertex 0 78.27408 2.00016
vertex 2.4998400000000003 78.25008 2.00016
vertex 2.2560000000000002 78.27408 2.00016
endloop
endfacet
facet normal 0 0 1
outer loop
vertex 27.99984 78.55728 2.00016
vertex 8.700000000000001 79.29984 2.00016
vertex 8.57424 79.296 2.00016
endloop
endfacet
facet normal 0 0 1
outer loop
vertex 27.99984 78.55728 2.00016
vertex 8.57424 79.296 2.00016
vertex 8.449440000000001 79.284 2.00016
endloop
endfacet
facet normal 0 0 1
outer loop
vertex 27.99984 78.55728 2.00016
vertex 8.449440000000001 79.284 2.00016
vertex 8.32512 79.26480000000001 2.00016
endloop
endfacet
facet normal 0 0 1
outer loop
vertex 27.99984 78.55728 2.00016
vertex 8.32512 79.26480000000001 2.00016
vertex 8.20272 79.23696 2.00016
endloop
endfacet
facet normal 0 0 1
outer loop
vertex 27.99984 78.55728 2.00016
vertex 8.20272 79.23696 2.00016
vertex 8.081760000000001 79.20192 2.00016
endloop
endfacet
facet normal 0 0 1
outer loop
vertex 27.99984 78.55728 2.00016
vertex 8.081760000000001 79.20192 2.00016
vertex 7.96368 79.15968000000001 2.00016
endloop
endfacet
facet normal 0 0 1
outer loop
vertex 27.99984 78.55728 2.00016
vertex 7.96368 79.15968000000001 2.00016
vertex 7.84848 79.10976000000001 2.00016
endloop
endfacet
facet normal 0 0 1
outer loop
vertex 27.99984 78.55728 2.00016
vertex 7.84848 79.10976000000001 2.00016
vertex 7.73664 79.05264 2.00016
endloop
endfacet
facet normal 0 0 1
outer loop
vertex 27.99984 78.55728 2.00016
vertex 7.73664 79.05264 2.00016
vertex 7.62816 78.9888 2.00016
endloop
endfacet
facet normal 0 0 1
outer loop
vertex 27.99984 78.55728 2.00016
vertex 7.62816 78.9888 2.00016
vertex 7.5244800000000005 78.91824 2.00016
endloop
endfacet
facet normal 0 0 1
outer loop
vertex 27.99984 78.55728 2.00016
vertex 7.5244800000000005 78.91824 2.00016
vertex 7.425120000000001 78.84096 2.00016
endloop
endfacet
facet normal 0 0 1
outer loop
vertex 27.99984 78.55728 2.00016
vertex 7.425120000000001 78.84096 2.00016
vertex 7.33104 78.75792 2.00016
endloop
endfacet
facet normal 0 0 0.9999999999999999
outer loop
vertex 27.99984 78.55728 2.00016
vertex 7.33104 78.75792 2.00016
vertex 7.24224 78.66912 2.00016
endloop
endfacet
facet normal 0 0 1
outer loop
vertex 27.99984 78.55728 2.00016
vertex 7.24224 78.66912 2.00016
vertex 7.1592 78.57504 2.00016
endloop
endfacet
facet normal 0 0 1
outer loop
vertex 27.99984 78.55728 2.00016
vertex 7.1592 78.57504 2.00016
vertex 7.08192 78.47568 2.00016
endloop
endfacet
facet normal 0 0 1
outer loop
vertex 27.99984 78.55728 2.00016
vertex 7.08192 78.47568 2.00016
vertex 7.01136 78.37152 2.00016
endloop
endfacet
facet normal 0 0 1
outer loop
vertex 27.99984 78.55728 2.00016
vertex 7.01136 78.37152 2.00016
vertex 6.94752 78.26352 2.00016
endloop
endfacet
facet normal 0 0 1
outer loop
vertex 27.99984 78.55728 2.00016
vertex 6.94752 78.26352 2.00016
vertex 6.8904000000000005 78.15168 2.00016
endloop
endfacet
facet normal 0 0 1
outer loop
vertex 27.99984 78.55728 2.00016
vertex 6.8904000000000005 78.15168 2.00016
vertex 6.84048 78.03648 2.00016
endloop
endfacet
facet normal 0 0 1
outer loop
vertex 27.99984 78.55728 2.00016
vertex 6.84048 78.03648 2.00016
vertex 6.79776 77.91792 2.00016
endloop
endfacet
facet normal 0 0 1
outer loop
vertex 27.99984 78.55728 2.00016
vertex 6.79776 77.91792 2.00016
vertex 6.76272 77.79744000000001 2.00016
endloop
endfacet
facet normal 0 0 1
outer loop
vertex 27.99984 78.55728 2.00016
vertex 6.76272 77.79744000000001 2.00016
vertex 6.73536 77.67456 2.00016
endloop
endfacet
facet normal 0 0 1
outer loop
vertex 27.99984 78.55728 2.00016
vertex 6.73536 77.67456 2.00016
vertex 6.71568 77.55072 2.00016
endloop
endfacet
facet normal 0 0 0.9999999999999999
outer loop
vertex 27.99984 78.55728 2.00016
vertex 6.71568 77.55072 2.00016
vertex 6.70416 77.42544000000001 2.00016
endloop
endfacet
facet normal 0 0 1
outer loop
vertex 27.99984 78.55728 2.00016
vertex 6.70416 77.42544000000001 2.00016
vertex 6.696 77.1744 2.00016
endloop
endfacet
facet normal 0 0 1
outer loop
vertex 27.99984 78.55728 2.00016
vertex 6.696 77.1744 2.00016
vertex 49.30416 77.1744 2.00016
endloop
endfacet
facet normal 0 0 1
outer loop
vertex 27.99984 78.55728 2.00016
vertex 49.30416 77.1744 2.00016
vertex 49.296 77.42544000000001 2.00016
endloop
endfacet
facet normal 0 0 0.9999999999999999
outer loop
vertex 27.99984 78.55728 2.00016
vertex 49.296 77.42544000000001 2.00016
vertex 49.284 77.55072 2.00016
endloop
endfacet
facet normal 0 0 1
outer loop
vertex 27.99984 78.55728 2.00016
vertex 49.284 77.55072 2.00016
vertex 49.2648 77.67456 2.00016
endloop
endfacet
facet normal 0 0 1
outer loop
vertex 27.99984 78.55728 2.00016
vertex 49.2648 77.67456 2.00016
vertex 49.23696 77.79744000000001 2.00016
endloop
endfacet
facet normal 0 0 1
outer loop
vertex 27.99984 78.55728 2.00016
vertex 49.23696 77.79744000000001 2.00016
vertex 49.20192 77.91792 2.00016
endloop
endfacet
facet normal 0 0 1
outer loop
vertex 27.99984 78.55728 2.00016
vertex 49.20192 77.91792 2.00016
vertex 49.15968 78.03648 2.00016
endloop
endfacet
facet normal 0 0 1
outer loop
vertex 27.99984 78.55728 2.00016
vertex 49.15968 78.03648 2.00016
vertex 49.10976 78.15168 2.00016
endloop
endfacet
facet normal 0 0 1
outer loop
vertex 27.99984 78.55728 2.00016
vertex 49.10976 78.15168 2.00016
vertex 49.052640000000004 78.26352 2.00016
endloop
endfacet
facet normal 0 0 1
outer loop
vertex 27.99984 78.55728 2.00016
vertex 49.052640000000004 78.26352 2.00016
vertex 48.988800000000005 78.37152 2.00016
endloop
endfacet
facet normal 0 0 1
outer loop
vertex 27.99984 78.55728 2.00016
vertex 48.988800000000005 78.37152 2.00016
vertex 48.918240000000004 78.47568 2.00016
endloop
endfacet
facet normal 0 0 1
outer loop
vertex 27.99984 78.55728 2.00016
vertex 48.918240000000004 78.47568 2.00016
vertex 48.84096 78.57504 2.00016
endloop
endfacet
facet normal 0 0 1
outer loop
vertex 27.99984 78.55728 2.00016
vertex 48.84096 78.57504 2.00016
vertex 48.75792 78.66912 2.00016
endloop
endfacet
facet normal 0 0 1
outer loop
vertex 27.99984 78.55728 2.00016
vertex 48.75792 78.66912 2.00016
vertex 48.66912 78.75792 2.00016
endloop
endfacet
facet normal 0 0 1
outer loop
vertex 27.99984 78.55728 2.00016
vertex 48.66912 78.75792 2.00016
vertex 48.57504 78.84096 2.00016
endloop
endfacet
facet normal 0 0 1
outer loop
vertex 27.99984 78.55728 2.00016
vertex 48.57504 78.84096 2.00016
vertex 48.475680000000004 78.91824 2.00016
endloop
endfacet
facet normal 0 0 0.9999999999999999
outer loop
vertex 27.99984 78.55728 2.00016
vertex 48.475680000000004 78.91824 2.00016
vertex 48.371520000000004 78.9888 2.00016
endloop
endfacet
facet normal 0 0 0.9999999999999999
outer loop
vertex 27.99984 78.55728 2.00016
vertex 48.371520000000004 78.9888 2.00016
vertex 48.26352 79.05264 2.00016
endloop
endfacet
facet normal 0 0 1
outer loop
vertex 27.99984 78.55728 2.00016
vertex 48.26352 79.05264 2.00016
vertex 48.15168 79.10976000000001 2.00016
endloop
endfacet
facet normal 0 0 1
outer loop
vertex 27.99984 78.55728 2.00016
vertex 48.15168 79.10976000000001 2.00016
vertex 48.036480000000005 79.15968000000001 2.00016
endloop
endfacet
facet normal 0 0 1
outer loop
vertex 27.99984 78.55728 2.00016
vertex 48.036480000000005 79.15968000000001 2.00016
vertex 47.91792 79.20192 2.00016
endloop
endfacet
facet normal 0 0 1
outer loop
vertex 27.99984 78.55728 2.00016
vertex 47.91792 79.20192 2.00016
vertex 47.79744 79.23696 2.00016
endloop
endfacet
facet normal 0 0 1
outer loop
vertex 27.99984 78.55728 2.00016
vertex 47.79744 79.23696 2.00016
vertex 47.67456 79.26480000000001 2.00016
endloop
endfacet
facet normal 0 0 1
outer loop
vertex 27.99984 78.55728 2.00016
vertex 47.67456 79.26480000000001 2.00016
vertex 47.55072 79.284 2.00016
endloop
endfacet
facet normal 0 0 1
outer loop
vertex 27.99984 78.55728 2.00016
vertex 47.55072 79.284 2.00016
vertex 47.42544 79.296 2.00016
endloop
endfacet
facet normal 0 0 1
outer loop
vertex 27.99984 78.55728 2.00016
vertex 47.42544 79.296 2.00016
vertex 47.30016 79.29984 2.00016
endloop
endfacet
facet normal 0 0 1
outer loop
vertex 27.99984 78.55728 2.00016
vertex 47.30016 79.29984 2.00016
vertex 8.700000000000001 79.29984 2.00016
endloop
endfacet
facet normal 0 0 1
outer loop
vertex 6.696 77.1744 2.00016
vertex 6.684 77.04912 2.00016
vertex 49.31568 77.04912 2.00016
endloop
endfacet
facet normal 0 0 1
outer loop
vertex 6.696 77.1744 2.00016
vertex 49.31568 77.04912 2.00016
vertex 49.30416 77.1744 2.00016
endloop
endfacet
facet normal 0 0 1
outer loop
vertex 6.684 77.04912 2.00016
vertex 6.6648000000000005 76.92528 2.00016
vertex 49.33536 76.92528 2.00016
endloop
endfacet
facet normal 0 0 1
outer loop
vertex 6.684 77.04912 2.00016
vertex 49.33536 76.92528 2.00016
vertex 49.31568 77.04912 2.00016
endloop
endfacet
facet normal 0 0 1
outer loop
vertex 6.6648000000000005 76.92528 2.00016
vertex 6.63696 76.8024 2.00016
vertex 49.36272 76.8024 2.00016
endloop
endfacet
facet normal 0 0 1
outer loop
vertex 6.6648000000000005 76.92528 2.00016
vertex 49.36272 76.8024 2.00016
vertex 49.33536 76.92528 2.00016
endloop
endfacet
facet normal 0 0 1
outer loop
vertex 52.0944 77.39088 2.00016
vertex 53.49984 78.25008 2.00016
vertex 50.878080000000004 78.25008 2.00016
endloop
endfacet
facet normal 0 0 1
outer loop
vertex 52.0944 77.39088 2.00016
vertex 50.878080000000004 78.25008 2.00016
vertex 50.89776 78.18192 2.00016
endloop
endfacet
facet normal 0 0 0.9999999999999999
outer loop
vertex 52.0944 77.39088 2.00016
vertex 50.89776 78.18192 2.00016
vertex 50.94048 78.06384 2.00016
endloop
endfacet
facet normal 0 0 1
outer loop
vertex 52.0944 77.39088 2.00016
vertex 50.94048 78.06384 2.00016
vertex 50.9904 77.94864 2.00016
endloop
endfacet
facet normal 0 0 0.9999999999999999
outer loop
vertex 52.0944 77.39088 2.00016
vertex 50.9904 77.94864 2.00016
vertex 51.04752 77.83632 2.00016
endloop
endfacet
facet normal 0 0 1
outer loop
vertex 52.0944 77.39088 2.00016
vertex 51.04752 77.83632 2.00016
vertex 51.111360000000005 77.72832 2.00016
endloop
endfacet
facet normal 0 0 1
outer loop
vertex 52.0944 77.39088 2.00016
vertex 51.111360000000005 77.72832 2.00016
vertex 51.18192 77.62464 2.00016
endloop
endfacet
facet normal 0 0 1
outer loop
vertex 52.0944 77.39088 2.00016
vertex 51.18192 77.62464 2.00016
vertex 51.2592 77.52528 2.00016
endloop
endfacet
facet normal 0 0 1
outer loop
vertex 52.0944 77.39088 2.00016
vertex 51.2592 77.52528 2.00016
vertex 51.342240000000004 77.43072000000001 2.00016
endloop
endfacet
facet normal 0 0 1
outer loop
vertex 52.0944 77.39088 2.00016
vertex 51.342240000000004 77.43072000000001 2.00016
vertex 51.43104 77.34192 2.00016
endloop
endfacet
facet normal 0 0 0.9999999999999999
outer loop
vertex 52.0944 77.39088 2.00016
vertex 51.43104 77.34192 2.00016
vertex 51.52512 77.25888 2.00016
endloop
endfacet
facet normal 0 0 1
outer loop
vertex 52.0944 77.39088 2.00016
vertex 51.52512 77.25888 2.00016
vertex 51.62448 77.18208 2.00016
endloop
endfacet
facet normal 0 0 1
outer loop
vertex 52.0944 77.39088 2.00016
vertex 51.62448 77.18208 2.00016
vertex 51.72816 77.11152 2.00016
endloop
endfacet
facet normal 0 0 1
outer loop
vertex 52.0944 77.39088 2.00016
vertex 51.72816 77.11152 2.00016
vertex 51.83664 77.0472 2.00016
endloop
endfacet
facet normal 0 0 0.9999999999999999
outer loop
vertex 52.0944 77.39088 2.00016
vertex 51.83664 77.0472 2.00016
vertex 51.94848 76.99056 2.00016
endloop
endfacet
facet normal 0 0 1
outer loop
vertex 52.0944 77.39088 2.00016
vertex 51.94848 76.99056 2.00016
vertex 52.06368 76.94064 2.00016
endloop
endfacet
facet normal 0 0 1
outer loop
vertex 52.0944 77.39088 2.00016
vertex 52.06368 76.94064 2.00016
vertex 52.181760000000004 76.89792 2.00016
endloop
endfacet
facet normal 0 0 1
outer loop
vertex 52.0944 77.39088 2.00016
vertex 52.181760000000004 76.89792 2.00016
vertex 52.30272 76.86288 2.00016
endloop
endfacet
facet normal 0 0 1
outer loop
vertex 52.0944 77.39088 2.00016
vertex 52.30272 76.86288 2.00016
vertex 52.42512 76.83552 2.00016
endloop
endfacet
facet normal 0 0 1
outer loop
vertex 52.0944 77.39088 2.00016
vertex 52.42512 76.83552 2.00016
vertex 52.549440000000004 76.81584000000001 2.00016
endloop
endfacet
facet normal 0 0 1
outer loop
vertex 52.0944 77.39088 2.00016
vertex 52.549440000000004 76.81584000000001 2.00016
vertex 52.674240000000005 76.80384000000001 2.00016
endloop
endfacet
facet normal 0 0 1
outer loop
vertex 52.0944 77.39088 2.00016
vertex 52.674240000000005 76.80384000000001 2.00016
vertex 52.925760000000004 76.79616 2.00016
endloop
endfacet
facet normal 0 0 1
outer loop
vertex 52.0944 77.39088 2.00016
vertex 52.925760000000004 76.79616 2.00016
vertex 56.00016 76.79616 2.00016
endloop
endfacet
facet normal 0 0 1
outer loop
vertex 52.0944 77.39088 2.00016
vertex 56.00016 76.79616 2.00016
vertex 56.00016 78.25008 2.00016
endloop
endfacet
facet normal 0 0 1
outer loop
vertex 52.0944 77.39088 2.00016
vertex 56.00016 78.25008 2.00016
vertex 53.49984 78.25008 2.00016
endloop
endfacet
facet normal 0 0 1
outer loop
vertex 3.9052800000000003 77.39088 2.00016
vertex 2.4998400000000003 78.25008 2.00016
vertex 0 78.25008 2.00016
endloop
endfacet
facet normal 0 0 0.9999999999999999
outer loop
vertex 3.9052800000000003 77.39088 2.00016
vertex 0 78.25008 2.00016
vertex 0 76.79616 2.00016
endloop
endfacet
facet normal 0 0 0.9999999999999999
outer loop
vertex 3.9052800000000003 77.39088 2.00016
vertex 0 76.79616 2.00016
vertex 3.0744000000000002 76.79616 2.00016
endloop
endfacet
facet normal 0 0 1
outer loop
vertex 3.9052800000000003 77.39088 2.00016
vertex 3.0744000000000002 76.79616 2.00016
vertex 3.32544 76.80384000000001 2.00016
endloop
endfacet
facet normal 0 0 1
outer loop
vertex 3.9052800000000003 77.39088 2.00016
vertex 3.32544 76.80384000000001 2.00016
vertex 3.45072 76.81584000000001 2.00016
endloop
endfacet
facet normal 0 0 1
outer loop
vertex 3.9052800000000003 77.39088 2.00016
vertex 3.45072 76.81584000000001 2.00016
vertex 3.57456 76.83552 2.00016
endloop
endfacet
facet normal 0 0 1
outer loop
vertex 3.9052800000000003 77.39088 2.00016
vertex 3.57456 76.83552 2.00016
vertex 3.6974400000000003 76.86288 2.00016
endloop
endfacet
facet normal 0 0 1
outer loop
vertex 3.9052800000000003 77.39088 2.00016
vertex 3.6974400000000003 76.86288 2.00016
vertex 3.81792 76.89792 2.00016
endloop
endfacet
facet normal 0 0 1
outer loop
vertex 3.9052800000000003 77.39088 2.00016
vertex 3.81792 76.89792 2.00016
vertex 3.93648 76.94064 2.00016
endloop
endfacet
facet normal 0 0 1
outer loop
vertex 3.9052800000000003 77.39088 2.00016
vertex 3.93648 76.94064 2.00016
vertex 4.05168 76.99056 2.00016
endloop
endfacet
facet normal 0 0 1
outer loop
vertex 3.9052800000000003 77.39088 2.00016
vertex 4.05168 76.99056 2.00016
vertex 4.16352 77.0472 2.00016
endloop
endfacet
facet normal 0 0 1
outer loop
vertex 3.9052800000000003 77.39088 2.00016
vertex 4.16352 77.0472 2.00016
vertex 4.27152 77.11152 2.00016
endloop
endfacet
facet normal 0 0 0.9999999999999999
outer loop
vertex 3.9052800000000003 77.39088 2.00016
vertex 4.27152 77.11152 2.00016
vertex 4.37568 77.18208 2.00016
endloop
endfacet
facet normal 0 0 0.9999999999999999
outer loop
vertex 3.9052800000000003 77.39088 2.00016
vertex 4.37568 77.18208 2.00016
vertex 4.47504 77.25888 2.00016
endloop
endfacet
facet normal 0 0 1
outer loop
vertex 3.9052800000000003 77.39088 2.00016
vertex 4.47504 77.25888 2.00016
vertex 4.56912 77.34192 2.00016
endloop
endfacet
facet normal 0 0 1
outer loop
vertex 3.9052800000000003 77.39088 2.00016
vertex 4.56912 77.34192 2.00016
vertex 4.65792 77.43072000000001 2.00016
endloop
endfacet
facet normal 0 0 1
outer loop
vertex 3.9052800000000003 77.39088 2.00016
vertex 4.65792 77.43072000000001 2.00016
vertex 4.74096 77.52528 2.00016
endloop
endfacet
facet normal 0 0 1
outer loop
vertex 3.9052800000000003 77.39088 2.00016
vertex 4.74096 77.52528 2.00016
vertex 4.81824 77.62464 2.00016
endloop
endfacet
facet normal 0 0 0.9999999999999999
outer loop
vertex 3.9052800000000003 77.39088 2.00016
vertex 4.81824 77.62464 2.00016
vertex 4.8888 77.72832 2.00016
endloop
endfacet
facet normal 0 0 1
outer loop
vertex 3.9052800000000003 77.39088 2.00016
vertex 4.8888 77.72832 2.00016
vertex 4.95264 77.83632 2.00016
endloop
endfacet
facet normal 0 0 0.9999999999999999
outer loop
vertex 3.9052800000000003 77.39088 2.00016
vertex 4.95264 77.83632 2.00016
vertex 5.00976 77.94864 2.00016
endloop
endfacet
facet normal 0 0 1
outer loop
vertex 3.9052800000000003 77.39088 2.00016
vertex 5.00976 77.94864 2.00016
vertex 5.05968 78.06384 2.00016
endloop
endfacet
facet normal 0 0 0.9999999999999999
outer loop
vertex 3.9052800000000003 77.39088 2.00016
vertex 5.05968 78.06384 2.00016
vertex 5.10192 78.18192 2.00016
endloop
endfacet
facet normal 0 0 1
outer loop
vertex 3.9052800000000003 77.39088 2.00016
vertex 5.10192 78.18192 2.00016
vertex 5.12208 78.25008 2.00016
endloop
endfacet
facet normal 0 0 1
outer loop
vertex 3.9052800000000003 77.39088 2.00016
vertex 5.12208 78.25008 2.00016
vertex 2.4998400000000003 78.25008 2.00016
endloop
endfacet
facet normal 0 0 1
outer loop
vertex 52.925760000000004 76.79616 2.00016
vertex 53.050560000000004 76.78416 2.00016
vertex 56.00016 76.78416 2.00016
endloop
endfacet
facet normal 0 0 1
outer loop
vertex 52.925760000000004 76.79616 2.00016
vertex 56.00016 76.78416 2.00016
vertex 56.00016 76.79616 2.00016
endloop
endfacet
facet normal 0 0 0.9999999999999999
outer loop
vertex 0 76.79616 2.00016
vertex 0 76.78416 2.00016
vertex 2.94912 76.78416 2.00016
endloop
endfacet
facet normal 0 0 1
outer loop
vertex 0 76.79616 2.00016
vertex 2.94912 76.78416 2.00016
vertex 3.0744000000000002 76.79616 2.00016
endloop
endfacet
facet normal 0 0 1
outer loop
vertex 53.050560000000004 76.78416 2.00016
vertex 53.17488 76.76448 2.00016
vertex 56.00016 76.76448 2.00016
endloop
endfacet
facet normal 0 0 1
outer loop
vertex 53.050560000000004 76.78416 2.00016
vertex 56.00016 76.76448 2.00016
vertex 56.00016 76.78416 2.00016
endloop
endfacet
facet normal 0 0 1
outer loop
vertex 0 76.78416 2.00016
vertex 0 76.76448 2.00016
vertex 2.8252800000000002 76.76448 2.00016
endloop
endfacet
facet normal 0 0 0.9999999999999999
outer loop
vertex 0 76.78416 2.00016
vertex 2.8252800000000002 76.76448 2.00016
vertex 2.94912 76.78416 2.00016
endloop
endfacet
facet normal 0 0 1
outer loop
vertex 53.17488 76.76448 2.00016
vertex 53.29728 76.73712 2.00016
vertex 56.00016 76.73712 2.00016
endloop
endfacet
facet normal 0 0 1
outer loop
vertex 53.17488 76.76448 2.00016
vertex 56.00016 76.73712 2.00016
vertex 56.00016 76.76448 2.00016
endloop
endfacet
facet normal 0 0 1
outer loop
vertex 0 76.76448 2.00016
vertex 0 76.73712 2.00016
vertex 2.7024 76.73712 2.00016
endloop
endfacet
facet normal 0 0 1
outer loop
vertex 0 76.76448 2.00016
vertex 2.7024 76.73712 2.00016
vertex 2.8252800000000002 76.76448 2.00016
endloop
endfacet
facet normal 0 0 1
outer loop
vertex 53.29728 76.73712 2.00016
vertex 53.418240000000004 76.70208 2.00016
vertex 56.00016 76.70208 2.00016
endloop
endfacet
facet normal 0 0 1
outer loop
vertex 53.29728 76.73712 2.00016
vertex 56.00016 76.70208 2.00016
vertex 56.00016 76.73712 2.00016
endloop
endfacet
facet normal 0 0 1
outer loop
vertex 0 76.73712 2.00016
vertex 0 76.70208 2.00016
vertex 2.58192 76.70208 2.00016
endloop
endfacet
facet normal 0 0 1
outer loop
vertex 0 76.73712 2.00016
vertex 2.58192 76.70208 2.00016
vertex 2.7024 76.73712 2.00016
endloop
endfacet
facet normal 0 0 1
outer loop
vertex 6.63696 76.8024 2.00016
vertex 6.60192 76.68192 2.00016
vertex 49.39776 76.68192 2.00016
endloop
endfacet
facet normal 0 0 1
outer loop
vertex 6.63696 76.8024 2.00016
vertex 49.39776 76.68192 2.00016
vertex 49.36272 76.8024 2.00016
endloop
endfacet
facet normal 0 0 0.9999999999999999
outer loop
vertex 53.418240000000004 76.70208 2.00016
vertex 53.53632 76.65936 2.00016
vertex 56.00016 76.65936 2.00016
endloop
endfacet
facet normal 0 0 1
outer loop
vertex 53.418240000000004 76.70208 2.00016
vertex 56.00016 76.65936 2.00016
vertex 56.00016 76.70208 2.00016
endloop
endfacet
facet normal 0 0 1
outer loop
vertex 0 76.70208 2.00016
vertex 0 76.65936 2.00016
vertex 2.4638400000000003 76.65936 2.00016
endloop
endfacet
facet normal 0 0 1
outer loop
vertex 0 76.70208 2.00016
vertex 2.4638400000000003 76.65936 2.00016
vertex 2.58192 76.70208 2.00016
endloop
endfacet
facet normal 0 0 1
outer loop
vertex 53.53632 76.65936 2.00016
vertex 53.65152 76.60944 2.00016
vertex 56.00016 76.60944 2.00016
endloop
endfacet
facet normal 0 0 0.9999999999999999
outer loop
vertex 53.53632 76.65936 2.00016
vertex 56.00016 76.60944 2.00016
vertex 56.00016 76.65936 2.00016
endloop
endfacet
facet normal 0 0 1
outer loop
vertex 0 76.65936 2.00016
vertex 0 76.60944 2.00016
vertex 2.34864 76.60944 2.00016
endloop
endfacet
facet normal 0 0 1
outer loop
vertex 0 76.65936 2.00016
vertex 2.34864 76.60944 2.00016
vertex 2.4638400000000003 76.65936 2.00016
endloop
endfacet
facet normal 0 0 1
outer loop
vertex 6.60192 76.68192 2.00016
vertex 6.55968 76.56384 2.00016
vertex 49.44048 76.56384 2.00016
endloop
endfacet
facet normal 0 0 1
outer loop
vertex 6.60192 76.68192 2.00016
vertex 49.44048 76.56384 2.00016
vertex 49.39776 76.68192 2.00016
endloop
endfacet
facet normal 0 0 1
outer loop
vertex 53.65152 76.60944 2.00016
vertex 53.76336 76.5528 2.00016
vertex 56.00016 76.5528 2.00016
endloop
endfacet
facet normal 0 0 1
outer loop
vertex 53.65152 76.60944 2.00016
vertex 56.00016 76.5528 2.00016
vertex 56.00016 76.60944 2.00016
endloop
endfacet
facet normal 0 0 1
outer loop
vertex 0 76.60944 2.00016
vertex 0 76.5528 2.00016
vertex 2.23632 76.5528 2.00016
endloop
endfacet
facet normal 0 0 1
outer loop
vertex 0 76.60944 2.00016
vertex 2.23632 76.5528 2.00016
vertex 2.34864 76.60944 2.00016
endloop
endfacet
facet normal 0 0 1
outer loop
vertex 53.76336 76.5528 2.00016
vertex 53.87184 76.48848 2.00016
vertex 56.00016 76.48848 2.00016
endloop
endfacet
facet normal 0 0 1
outer loop
vertex 53.76336 76.5528 2.00016
vertex 56.00016 76.48848 2.00016
vertex 56.00016 76.5528 2.00016
endloop
endfacet
facet normal 0 0 1
outer loop
vertex 0 76.5528 2.00016
vertex 0 76.48848 2.00016
vertex 2.12832 76.48848 2.00016
endloop
endfacet
facet normal 0 0 1
outer loop
vertex 0 76.5528 2.00016
vertex 2.12832 76.48848 2.00016
vertex 2.23632 76.5528 2.00016
endloop
endfacet
facet normal 0 0 1
outer loop
vertex 6.55968 76.56384 2.00016
vertex 6.50976 76.44864 2.00016
vertex 49.4904 76.44864 2.00016
endloop
endfacet
facet normal 0 0 1
outer loop
vertex 6.55968 76.56384 2.00016
vertex 49.4904 76.44864 2.00016
vertex 49.44048 76.56384 2.00016
endloop
endfacet
facet normal 0 0 1
outer loop
vertex 53.87184 76.48848 2.00016
vertex 53.97552 76.41792 2.00016
vertex 56.00016 76.41792 2.00016
endloop
endfacet
facet normal 0 0 1
outer loop
vertex 53.87184 76.48848 2.00016
vertex 56.00016 76.41792 2.00016
vertex 56.00016 76.48848 2.00016
endloop
endfacet
facet normal 0 0 1
outer loop
vertex 0 76.48848 2.00016
vertex 0 76.41792 2.00016
vertex 2.02464 76.41792 2.00016
endloop
endfacet
facet normal 0 0 1
outer loop
vertex 0 76.48848 2.00016
vertex 2.02464 76.41792 2.00016
vertex 2.12832 76.48848 2.00016
endloop
endfacet
facet normal 0 0 1
outer loop
vertex 53.97552 76.41792 2.00016
vertex 54.07488 76.34112 2.00016
vertex 56.00016 76.34112 2.00016
endloop
endfacet
facet normal 0 0 1
outer loop
vertex 53.97552 76.41792 2.00016
vertex 56.00016 76.34112 2.00016
vertex 56.00016 76.41792 2.00016
endloop
endfacet
facet normal 0 0 1
outer loop
vertex 0 76.41792 2.00016
vertex 0 76.34112 2.00016
vertex 1.92528 76.34112 2.00016
endloop
endfacet
facet normal 0 0 1
outer loop
vertex 0 76.41792 2.00016
vertex 1.92528 76.34112 2.00016
vertex 2.02464 76.41792 2.00016
endloop
endfacet
facet normal 0 0 1
outer loop
vertex 6.50976 76.44864 2.00016
vertex 6.452640000000001 76.33632 2.00016
vertex 49.54752 76.33632 2.00016
endloop
endfacet
facet normal 0 0 1
outer loop
vertex 6.50976 76.44864 2.00016
vertex 49.54752 76.33632 2.00016
vertex 49.4904 76.44864 2.00016
endloop
endfacet
facet normal 0 0 1
outer loop
vertex 54.07488 76.34112 2.00016
vertex 54.16896 76.25808 2.00016
vertex 56.00016 76.25808 2.00016
endloop
endfacet
facet normal 0 0 1
outer loop
vertex 54.07488 76.34112 2.00016
vertex 56.00016 76.25808 2.00016
vertex 56.00016 76.34112 2.00016
endloop
endfacet
facet normal 0 0 1
outer loop
vertex 0 76.34112 2.00016
vertex 0 76.25808 2.00016
vertex 1.8307200000000001 76.25808 2.00016
endloop
endfacet
facet normal 0 0 1
outer loop
vertex 0 76.34112 2.00016
vertex 1.8307200000000001 76.25808 2.00016
vertex 1.92528 76.34112 2.00016
endloop
endfacet
facet normal 0 0 1
outer loop
vertex 6.452640000000001 76.33632 2.00016
vertex 6.3888 76.22832 2.00016
vertex 49.611360000000005 76.22832 2.00016
endloop
endfacet
facet normal 0 0 1
outer loop
vertex 6.452640000000001 76.33632 2.00016
vertex 49.611360000000005 76.22832 2.00016
vertex 49.54752 76.33632 2.00016
endloop
endfacet
facet normal 0 0 1
outer loop
vertex 54.16896 76.25808 2.00016
vertex 54.257760000000005 76.16928 2.00016
vertex 56.00016 76.16928 2.00016
endloop
endfacet
facet normal 0 0 1
outer loop
vertex 54.16896 76.25808 2.00016
vertex 56.00016 76.16928 2.00016
vertex 56.00016 76.25808 2.00016
endloop
endfacet
facet normal 0 0 1
outer loop
vertex 0 76.25808 2.00016
vertex 0 76.16928 2.00016
vertex 1.7419200000000001 76.16928 2.00016
endloop
endfacet
facet normal 0 0 1
outer loop
vertex 0 76.25808 2.00016
vertex 1.7419200000000001 76.16928 2.00016
vertex 1.8307200000000001 76.25808 2.00016
endloop
endfacet
facet normal 0 0 1
outer loop
vertex 6.3888 76.22832 2.00016
vertex 6.31824 76.12464 2.00016
vertex 49.68192 76.12464 2.00016
endloop
endfacet
facet normal 0 0 1
outer loop
vertex 6.3888 76.22832 2.00016
vertex 49.68192 76.12464 2.00016
vertex 49.611360000000005 76.22832 2.00016
endloop
endfacet
facet normal 0 0 1
outer loop
vertex 54.257760000000005 76.16928 2.00016
vertex 54.3408 76.07472 2.00016
vertex 56.00016 76.07472 2.00016
endloop
endfacet
facet normal 0 0 1
outer loop
vertex 54.257760000000005 76.16928 2.00016
vertex 56.00016 76.07472 2.00016
vertex 56.00016 76.16928 2.00016
endloop
endfacet
facet normal 0 0 0.9999999999999999
outer loop
vertex 0 76.16928 2.00016
vertex 0 76.07472 2.00016
vertex 1.6588800000000001 76.07472 2.00016
endloop
endfacet
facet normal 0 0 1
outer loop
vertex 0 76.16928 2.00016
vertex 1.6588800000000001 76.07472 2.00016
vertex 1.7419200000000001 76.16928 2.00016
endloop
endfacet
facet normal 0 0 1
outer loop
vertex 6.31824 76.12464 2.00016
vertex 6.24096 76.02528 2.00016
vertex 49.7592 76.02528 2.00016
endloop
endfacet
facet normal 0 0 1
outer loop
vertex 6.31824 76.12464 2.00016
vertex 49.7592 76.02528 2.00016
vertex 49.68192 76.12464 2.00016
endloop
endfacet
facet normal 0 0 1
outer loop
vertex 54.3408 76.07472 2.00016
vertex 54.41808 75.97536 2.00016
vertex 56.00016 75.97536 2.00016
endloop
endfacet
facet normal 0 0 1
outer loop
vertex 54.3408 76.07472 2.00016
vertex 56.00016 75.97536 2.00016
vertex 56.00016 76.07472 2.00016
endloop
endfacet
facet normal 0 0 1
outer loop
vertex 0 76.07472 2.00016
vertex 0 75.97536 2.00016
vertex 1.58208 75.97536 2.00016
endloop
endfacet
facet normal 0 0 1
outer loop
vertex 0 76.07472 2.00016
vertex 1.58208 75.97536 2.00016
vertex 1.6588800000000001 76.07472 2.00016
endloop
endfacet
facet normal 0 0 1
outer loop
vertex 6.24096 76.02528 2.00016
vertex 6.15792 75.93072000000001 2.00016
vertex 49.842240000000004 75.93072000000001 2.00016
endloop
endfacet
facet normal 0 0 1
outer loop
vertex 6.24096 76.02528 2.00016
vertex 49.842240000000004 75.93072000000001 2.00016
vertex 49.7592 76.02528 2.00016
endloop
endfacet
facet normal 0 0 1
outer loop
vertex 54.41808 75.97536 2.00016
vertex 54.488640000000004 75.87168 2.00016
vertex 56.00016 75.87168 2.00016
endloop
endfacet
facet normal 0 0 1
outer loop
vertex 54.41808 75.97536 2.00016
vertex 56.00016 75.87168 2.00016
vertex 56.00016 75.97536 2.00016
endloop
endfacet
facet normal 0 0 0.9999999999999999
outer loop
vertex 0 75.97536 2.00016
vertex 0 75.87168 2.00016
vertex 1.51152 75.87168 2.00016
endloop
endfacet
facet normal 0 0 0.9999999999999999
outer loop
vertex 0 75.97536 2.00016
vertex 1.51152 75.87168 2.00016
vertex 1.58208 75.97536 2.00016
endloop
endfacet
facet normal 0 0 0.9999999999999999
outer loop
vertex 6.15792 75.93072000000001 2.00016
vertex 6.06912 75.84192 2.00016
vertex 49.93104 75.84192 2.00016
endloop
endfacet
facet normal 0 0 1
outer loop
vertex 6.15792 75.93072000000001 2.00016
vertex 49.93104 75.84192 2.00016
vertex 49.842240000000004 75.93072000000001 2.00016
endloop
endfacet
facet normal 0 0 1
outer loop
vertex 54.488640000000004 75.87168 2.00016
vertex 54.55248 75.76368000000001 2.00016
vertex 56.00016 75.76368000000001 2.00016
endloop
endfacet
facet normal 0 0 1
outer loop
vertex 54.488640000000004 75.87168 2.00016
vertex 56.00016 75.76368000000001 2.00016
vertex 56.00016 75.87168 2.00016
endloop
endfacet
facet normal 0 0 1
outer loop
vertex 0 75.87168 2.00016
vertex 0 75.76368000000001 2.00016
vertex 1.4472 75.76368000000001 2.00016
endloop
endfacet
facet normal 0 0 1
outer loop
vertex 0 75.87168 2.00016
vertex 1.4472 75.76368000000001 2.00016
vertex 1.51152 75.87168 2.00016
endloop
endfacet
facet normal 0 0 1
outer loop
vertex 6.06912 75.84192 2.00016
vertex 5.97504 75.75888 2.00016
vertex 50.02512 75.75888 2.00016
endloop
endfacet
facet normal 0 0 1
outer loop
vertex 6.06912 75.84192 2.00016
vertex 50.02512 75.75888 2.00016
vertex 49.93104 75.84192 2.00016
endloop
endfacet
facet normal 0 0 1
outer loop
vertex 5.97504 75.75888 2.00016
vertex 5.87568 75.68208 2.00016
vertex 50.12448 75.68208 2.00016
endloop
endfacet
facet normal 0 0 1
outer loop
vertex 5.97504 75.75888 2.00016
vertex 50.12448 75.68208 2.00016
vertex 50.02512 75.75888 2.00016
endloop
endfacet
facet normal 0 0 1
outer loop
vertex 54.55248 75.76368000000001 2.00016
vertex 54.6096 75.65136 2.00016
vertex 56.00016 75.65136 2.00016
endloop
endfacet
facet normal 0 0 1
outer loop
vertex 54.55248 75.76368000000001 2.00016
vertex 56.00016 75.65136 2.00016
vertex 56.00016 75.76368000000001 2.00016
endloop
endfacet
facet normal 0 0 1
outer loop
vertex 0 75.76368000000001 2.00016
vertex 0 75.65136 2.00016
vertex 1.39056 75.65136 2.00016
endloop
endfacet
facet normal 0 0 1
outer loop
vertex 0 75.76368000000001 2.00016
vertex 1.39056 75.65136 2.00016
vertex 1.4472 75.76368000000001 2.00016
endloop
endfacet
facet normal 0 0 1
outer loop
vertex 5.87568 75.68208 2.00016
vertex 5.77152 75.61152 2.00016
vertex 50.22816 75.61152 2.00016
endloop
endfacet
facet normal 0 0 0.9999999999999999
outer loop
vertex 5.87568 75.68208 2.00016
vertex 50.22816 75.61152 2.00016
vertex 50.12448 75.68208 2.00016
endloop
endfacet
facet normal 0 0 1
outer loop
vertex 5.77152 75.61152 2.00016
vertex 5.66352 75.5472 2.00016
vertex 50.33664 75.5472 2.00016
endloop
endfacet
facet normal 0 0 1
outer loop
vertex 5.77152 75.61152 2.00016
vertex 50.33664 75.5472 2.00016
vertex 50.22816 75.61152 2.00016
endloop
endfacet
facet normal 0 0 1
outer loop
vertex 54.6096 75.65136 2.00016
vertex 54.65952 75.53616 2.00016
vertex 56.00016 75.53616 2.00016
endloop
endfacet
facet normal 0 0 0.9999999999999999
outer loop
vertex 54.6096 75.65136 2.00016
vertex 56.00016 75.53616 2.00016
vertex 56.00016 75.65136 2.00016
endloop
endfacet
facet normal 0 0 1
outer loop
vertex 0 75.65136 2.00016
vertex 0 75.53616 2.00016
vertex 1.34064 75.53616 2.00016
endloop
endfacet
facet normal 0 0 1
outer loop
vertex 0 75.65136 2.00016
vertex 1.34064 75.53616 2.00016
vertex 1.39056 75.65136 2.00016
endloop
endfacet
facet normal 0 0 1
outer loop
vertex 5.66352 75.5472 2.00016
vertex 5.55168 75.49056 2.00016
vertex 50.44848 75.49056 2.00016
endloop
endfacet
facet normal 0 0 1
outer loop
vertex 5.66352 75.5472 2.00016
vertex 50.44848 75.49056 2.00016
vertex 50.33664 75.5472 2.00016
endloop
endfacet
facet normal 0 0 1
outer loop
vertex 5.55168 75.49056 2.00016
vertex 5.43648 75.44064 2.00016
vertex 50.56368 75.44064 2.00016
endloop
endfacet
facet normal 0 0 1
outer loop
vertex 5.55168 75.49056 2.00016
vertex 50.56368 75.44064 2.00016
vertex 50.44848 75.49056 2.00016
endloop
endfacet
facet normal 0 0 1
outer loop
vertex 54.65952 75.53616 2.00016
vertex 54.70224 75.41808 2.00016
vertex 56.00016 75.41808 2.00016
endloop
endfacet
facet normal 0 0 1
outer loop
vertex 54.65952 75.53616 2.00016
vertex 56.00016 75.41808 2.00016
vertex 56.00016 75.53616 2.00016
endloop
endfacet
facet normal 0 0 1
outer loop
vertex 0 75.53616 2.00016
vertex 0 75.41808 2.00016
vertex 1.29792 75.41808 2.00016
endloop
endfacet
facet normal 0 0 1
outer loop
vertex 0 75.53616 2.00016
vertex 1.29792 75.41808 2.00016
vertex 1.34064 75.53616 2.00016
endloop
endfacet
facet normal 0 0 1
outer loop
vertex 5.43648 75.44064 2.00016
vertex 5.31792 75.39792 2.00016
vertex 50.681760000000004 75.39792 2.00016
endloop
endfacet
facet normal 0 0 1
outer loop
vertex 5.43648 75.44064 2.00016
vertex 50.681760000000004 75.39792 2.00016
vertex 50.56368 75.44064 2.00016
endloop
endfacet
facet normal 0 0 1
outer loop
vertex 5.31792 75.39792 2.00016
vertex 5.19744 75.36288 2.00016
vertex 50.80272 75.36288 2.00016
endloop
endfacet
facet normal 0 0 1
outer loop
vertex 5.31792 75.39792 2.00016
vertex 50.80272 75.36288 2.00016
vertex 50.681760000000004 75.39792 2.00016
endloop
endfacet
facet normal 0 0 1
outer loop
vertex 5.19744 75.36288 2.00016
vertex 5.07456 75.33552 2.00016
vertex 50.92512 75.33552 2.00016
endloop
endfacet
facet normal 0 0 1
outer loop
vertex 5.19744 75.36288 2.00016
vertex 50.92512 75.33552 2.00016
vertex 50.80272 75.36288 2.00016
endloop
endfacet
facet normal 0 0 1
outer loop
vertex 5.07456 75.33552 2.00016
vertex 4.9507200000000005 75.31584000000001 2.00016
vertex 51.049440000000004 75.31584000000001 2.00016
endloop
endfacet
facet normal 0 0 1
outer loop
vertex 5.07456 75.33552 2.00016
vertex 51.049440000000004 75.31584000000001 2.00016
vertex 50.92512 75.33552 2.00016
endloop
endfacet
facet normal 0 0 1
outer loop
vertex 4.9507200000000005 75.31584000000001 2.00016
vertex 4.82544 75.30384000000001 2.00016
vertex 51.174240000000005 75.30384000000001 2.00016
endloop
endfacet
facet normal 0 0 1
outer loop
vertex 4.9507200000000005 75.31584000000001 2.00016
vertex 51.174240000000005 75.30384000000001 2.00016
vertex 51.049440000000004 75.31584000000001 2.00016
endloop
endfacet
facet normal 0 0 1
outer loop
vertex 54.70224 75.41808 2.00016
vertex 54.73728 75.2976 2.00016
vertex 56.00016 75.2976 2.00016
endloop
endfacet
facet normal 0 0 1
outer loop
vertex 54.70224 75.41808 2.00016
vertex 56.00016 75.2976 2.00016
vertex 56.00016 75.41808 2.00016
endloop
endfacet
facet normal 0 0 0.9999999999999999
outer loop
vertex 0 75.41808 2.00016
vertex 0 75.2976 2.00016
vertex 1.26288 75.2976 2.00016
endloop
endfacet
facet normal 0 0 1
outer loop
vertex 0 75.41808 2.00016
vertex 1.26288 75.2976 2.00016
vertex 1.29792 75.41808 2.00016
endloop
endfacet
facet normal 0 0 1
outer loop
vertex 54.73728 75.2976 2.00016
vertex 54.76464 75.17472000000001 2.00016
vertex 56.00016 75.17472000000001 2.00016
endloop
endfacet
facet normal 0 0 0.9999999999999999
outer loop
vertex 54.73728 75.2976 2.00016
vertex 56.00016 75.17472000000001 2.00016
vertex 56.00016 75.2976 2.00016
endloop
endfacet
facet normal 0 0 0.9999999999999999
outer loop
vertex 0 75.2976 2.00016
vertex 0 75.17472000000001 2.00016
vertex 1.23552 75.17472000000001 2.00016
endloop
endfacet
facet normal 0 0 1
outer loop
vertex 0 75.2976 2.00016
vertex 1.23552 75.17472000000001 2.00016
vertex 1.26288 75.2976 2.00016
endloop
endfacet
facet normal 0 0 1
outer loop
vertex 54.76464 75.17472000000001 2.00016
vertex 54.78432 75.05088 2.00016
vertex 56.00016 75.05088 2.00016
endloop
endfacet
facet normal 0 0 1
outer loop
vertex 54.76464 75.17472000000001 2.00016
vertex 56.00016 75.05088 2.00016
vertex 56.00016 75.17472000000001 2.00016
endloop
endfacet
facet normal 0 0 1
outer loop
vertex 0 75.17472000000001 2.00016
vertex 0 75.05088 2.00016
vertex 1.21584 75.05088 2.00016
endloop
endfacet
facet normal 0 0 1
outer loop
vertex 0 75.17472000000001 2.00016
vertex 1.21584 75.05088 2.00016
vertex 1.23552 75.17472000000001 2.00016
endloop
endfacet
facet normal 0 0 1
outer loop
vertex 54.78432 75.05088 2.00016
vertex 54.79584 74.9256 2.00016
vertex 56.00016 74.9256 2.00016
endloop
endfacet
facet normal 0 0 1
outer loop
vertex 54.78432 75.05088 2.00016
vertex 56.00016 74.9256 2.00016
vertex 56.00016 75.05088 2.00016
endloop
endfacet
facet normal 0 0 1
outer loop
vertex 0 75.05088 2.00016
vertex 0 74.9256 2.00016
vertex 1.20384 74.9256 2.00016
endloop
endfacet
facet normal 0 0 1
outer loop
vertex 0 75.05088 2.00016
vertex 1.20384 74.9256 2.00016
vertex 1.21584 75.05088 2.00016
endloop
endfacet
facet normal 0 0 1
outer loop
vertex 54.79584 74.9256 2.00016
vertex 54.80016 74.79984 2.00016
vertex 56.00016 74.79984 2.00016
endloop
endfacet
facet normal 0 0 1
outer loop
vertex 54.79584 74.9256 2.00016
vertex 56.00016 74.79984 2.00016
vertex 56.00016 74.9256 2.00016
endloop
endfacet
facet normal 0 0 1
outer loop
vertex 0 74.9256 2.00016
vertex 0 74.79984 2.00016
vertex 1.2 74.79984 2.00016
endloop
endfacet
facet normal 0 0 1
outer loop
vertex 0 74.9256 2.00016
vertex 1.2 74.79984 2.00016
vertex 1.20384 74.9256 2.00016
endloop
endfacet
facet normal 0 0 0.9999999999999999
outer loop
vertex 54.80016 74.79984 2.00016
vertex 54.80016 7.2 2.00016
vertex 56.00016 7.2 2.00016
endloop
endfacet
facet normal 0 0 0.9999999999999999
outer loop
vertex 54.80016 74.79984 2.00016
vertex 56.00016 7.2 2.00016
vertex 56.00016 74.79984 2.00016
endloop
endfacet
facet normal 0 0 1
outer loop
vertex 0 74.79984 2.00016
vertex 0 7.2 2.00016
vertex 1.2 7.2 2.00016
endloop
endfacet
facet normal 0 0 1
outer loop
vertex 0 74.79984 2.00016
vertex 1.2 7.2 2.00016
vertex 1.2 74.79984 2.00016
endloop
endfacet
facet normal 0 0 1
outer loop
vertex 54.80016 7.2 2.00016
vertex 54.79584 7.0742400000000005 2.00016
vertex 56.00016 7.0742400000000005 2.00016
endloop
endfacet
facet normal 0 0 1
outer loop
vertex 54.80016 7.2 2.00016
vertex 56.00016 7.0742400000000005 2.00016
vertex 56.00016 7.2 2.00016
endloop
endfacet
facet normal 0 0 1
outer loop
vertex 0 7.2 2.00016
vertex 0 7.0742400000000005 2.00016
vertex 1.20384 7.0742400000000005 2.00016
endloop
endfacet
facet normal 0 0 1
outer loop
vertex 0 7.2 2.00016
vertex 1.20384 7.0742400000000005 2.00016
vertex 1.2 7.2 2.00016
endloop
endfacet
facet normal 0 0 0.9999999999999999
outer loop
vertex 54.79584 7.0742400000000005 2.00016
vertex 54.78432 6.94944 2.00016
vertex 56.00016 6.94944 2.00016
endloop
endfacet
facet normal 0 0 1
outer loop
vertex 54.79584 7.0742400000000005 2.00016
vertex 56.00016 6.94944 2.00016
vertex 56.00016 7.0742400000000005 2.00016
endloop
endfacet
facet normal 0 0 0.9999999999999999
outer loop
vertex 0 7.0742400000000005 2.00016
vertex 0 6.94944 2.00016
vertex 1.21584 6.94944 2.00016
endloop
endfacet
facet normal 0 0 1
outer loop
vertex 0 7.0742400000000005 2.00016
vertex 1.21584 6.94944 2.00016
vertex 1.20384 7.0742400000000005 2.00016
endloop
endfacet
facet normal 0 0 0.9999999999999999
outer loop
vertex 54.78432 6.94944 2.00016
vertex 54.76464 6.82512 2.00016
vertex 56.00016 6.82512 2.00016
endloop
endfacet
facet normal 0 0 1
outer loop
vertex 54.78432 6.94944 2.00016
vertex 56.00016 6.82512 2.00016
vertex 56.00016 6.94944 2.00016
endloop
endfacet
facet normal 0 0 1
outer loop
vertex 0 6.94944 2.00016
vertex 0 6.82512 2.00016
vertex 1.23552 6.82512 2.00016
endloop
endfacet
facet normal 0 0 1
outer loop
vertex 0 6.94944 2.00016
vertex 1.23552 6.82512 2.00016
vertex 1.21584 6.94944 2.00016
endloop
endfacet
facet normal 0 0 1
outer loop
vertex 54.76464 6.82512 2.00016
vertex 54.73728 6.70272 2.00016
vertex 56.00016 6.70272 2.00016
endloop
endfacet
facet normal 0 0 1
outer loop
vertex 54.76464 6.82512 2.00016
vertex 56.00016 6.70272 2.00016
vertex 56.00016 6.82512 2.00016
endloop
endfacet
facet normal 0 0 1
outer loop
vertex 0 6.82512 2.00016
vertex 0 6.70272 2.00016
vertex 1.26288 6.70272 2.00016
endloop
endfacet
facet normal 0 0 1
outer loop
vertex 0 6.82512 2.00016
vertex 1.26288 6.70272 2.00016
vertex 1.23552 6.82512 2.00016
endloop
endfacet
facet normal 0 0 1
outer loop
vertex 27.99984 41.00016 2.00016
vertex 4.82544 75.30384000000001 2.00016
vertex 4.5744 75.29616 2.00016
endloop
endfacet
facet normal 0 0 1
outer loop
vertex 27.99984 41.00016 2.00016
vertex 4.5744 75.29616 2.00016
vertex 4.44912 75.28416 2.00016
endloop
endfacet
facet normal 0 0 0.9999999999999999
outer loop
vertex 27.99984 41.00016 2.00016
vertex 4.44912 75.28416 2.00016
vertex 4.32528 75.26448 2.00016
endloop
endfacet
facet normal 0 0 1
outer loop
vertex 27.99984 41.00016 2.00016
vertex 4.32528 75.26448 2.00016
vertex 4.2024 75.23712 2.00016
endloop
endfacet
facet normal 0 0 1
outer loop
vertex 27.99984 41.00016 2.00016
vertex 4.2024 75.23712 2.00016
vertex 4.08192 75.20208 2.00016
endloop
endfacet
facet normal 0 0 1
outer loop
vertex 27.99984 41.00016 2.00016
vertex 4.08192 75.20208 2.00016
vertex 3.9638400000000003 75.15936 2.00016
endloop
endfacet
facet normal 0 0 1
outer loop
vertex 27.99984 41.00016 2.00016
vertex 3.9638400000000003 75.15936 2.00016
vertex 3.84864 75.10944 2.00016
endloop
endfacet
facet normal 0 0 1
outer loop
vertex 27.99984 41.00016 2.00016
vertex 3.84864 75.10944 2.00016
vertex 3.73632 75.0528 2.00016
endloop
endfacet
facet normal 0 0 1
outer loop
vertex 27.99984 41.00016 2.00016
vertex 3.73632 75.0528 2.00016
vertex 3.62832 74.98848 2.00016
endloop
endfacet
facet normal 0 0 1
outer loop
vertex 27.99984 41.00016 2.00016
vertex 3.62832 74.98848 2.00016
vertex 3.52464 74.91792 2.00016
endloop
endfacet
facet normal 0 0 1
outer loop
vertex 27.99984 41.00016 2.00016
vertex 3.52464 74.91792 2.00016
vertex 3.42528 74.84112 2.00016
endloop
endfacet
facet normal 0 0 1
outer loop
vertex 27.99984 41.00016 2.00016
vertex 3.42528 74.84112 2.00016
vertex 3.33072 74.75808 2.00016
endloop
endfacet
facet normal 0 0 1
outer loop
vertex 27.99984 41.00016 2.00016
vertex 3.33072 74.75808 2.00016
vertex 3.24192 74.66928 2.00016
endloop
endfacet
facet normal 0 0 1
outer loop
vertex 27.99984 41.00016 2.00016
vertex 3.24192 74.66928 2.00016
vertex 3.15888 74.57472 2.00016
endloop
endfacet
facet normal 0 0 1
outer loop
vertex 27.99984 41.00016 2.00016
vertex 3.15888 74.57472 2.00016
vertex 3.08208 74.47536 2.00016
endloop
endfacet
facet normal 0 0 1
outer loop
vertex 27.99984 41.00016 2.00016
vertex 3.08208 74.47536 2.00016
vertex 3.01152 74.37168 2.00016
endloop
endfacet
facet normal 0 0 1
outer loop
vertex 27.99984 41.00016 2.00016
vertex 3.01152 74.37168 2.00016
vertex 2.9472 74.26368000000001 2.00016
endloop
endfacet
facet normal 0 0 1
outer loop
vertex 27.99984 41.00016 2.00016
vertex 2.9472 74.26368000000001 2.00016
vertex 2.8905600000000002 74.15136 2.00016
endloop
endfacet
facet normal 0 0 1
outer loop
vertex 27.99984 41.00016 2.00016
vertex 2.8905600000000002 74.15136 2.00016
vertex 2.84064 74.03616 2.00016
endloop
endfacet
facet normal 0 0 1
outer loop
vertex 27.99984 41.00016 2.00016
vertex 2.84064 74.03616 2.00016
vertex 2.79792 73.91808 2.00016
endloop
endfacet
facet normal 0 0 1
outer loop
vertex 27.99984 41.00016 2.00016
vertex 2.79792 73.91808 2.00016
vertex 2.76288 73.7976 2.00016
endloop
endfacet
facet normal 0 0 1
outer loop
vertex 27.99984 41.00016 2.00016
vertex 2.76288 73.7976 2.00016
vertex 2.73552 73.67472000000001 2.00016
endloop
endfacet
facet normal 0 0 1
outer loop
vertex 27.99984 41.00016 2.00016
vertex 2.73552 73.67472000000001 2.00016
vertex 2.71584 73.55088 2.00016
endloop
endfacet
facet normal 0 0 1
outer loop
vertex 27.99984 41.00016 2.00016
vertex 2.71584 73.55088 2.00016
vertex 2.70384 73.4256 2.00016
endloop
endfacet
facet normal 0 0 1
outer loop
vertex 27.99984 41.00016 2.00016
vertex 2.70384 73.4256 2.00016
vertex 2.7 73.29984 2.00016
endloop
endfacet
facet normal 0 0 1
outer loop
vertex 27.99984 41.00016 2.00016
vertex 2.7 73.29984 2.00016
vertex 2.7 8.700000000000001 2.00016
endloop
endfacet
facet normal 0 0 1
outer loop
vertex 27.99984 41.00016 2.00016
vertex 2.7 8.700000000000001 2.00016
vertex 2.70384 8.57424 2.00016
endloop
endfacet
facet normal 0 0 1
outer loop
vertex 27.99984 41.00016 2.00016
vertex 2.70384 8.57424 2.00016
vertex 2.71584 8.449440000000001 2.00016
endloop
endfacet
facet normal 0 0 1
outer loop
vertex 27.99984 41.00016 2.00016
vertex 2.71584 8.449440000000001 2.00016
vertex 2.73552 8.32512 2.00016
endloop
endfacet
facet normal 0 0 1
outer loop
vertex 27.99984 41.00016 2.00016
vertex 2.73552 8.32512 2.00016
vertex 2.76288 8.20272 2.00016
endloop
endfacet
facet normal 0 0 1
outer loop
vertex 27.99984 41.00016 2.00016
vertex 2.76288 8.20272 2.00016
vertex 2.79792 8.081760000000001 2.00016
endloop
endfacet
facet normal 0 0 1
outer loop
vertex 27.99984 41.00016 2.00016
vertex 2.79792 8.081760000000001 2.00016
vertex 2.84064 7.96368 2.00016
endloop
endfacet
facet normal 0 0 0.9999999999999999
outer loop
vertex 27.99984 41.00016 2.00016
vertex 2.84064 7.96368 2.00016
vertex 2.8905600000000002 7.84848 2.00016
endloop
endfacet
facet normal 0 0 1
outer loop
vertex 27.99984 41.00016 2.00016
vertex 2.8905600000000002 7.84848 2.00016
vertex 2.9472 7.73664 2.00016
endloop
endfacet
facet normal 0 0 1
outer loop
vertex 27.99984 41.00016 2.00016
vertex 2.9472 7.73664 2.00016
vertex 3.01152 7.62816 2.00016
endloop
endfacet
facet normal 0 0 1
outer loop
vertex 27.99984 41.00016 2.00016
vertex 3.01152 7.62816 2.00016
vertex 3.08208 7.5244800000000005 2.00016
endloop
endfacet
facet normal 0 0 1
outer loop
vertex 27.99984 41.00016 2.00016
vertex 3.08208 7.5244800000000005 2.00016
vertex 3.15888 7.425120000000001 2.00016
endloop
endfacet
facet normal 0 0 1
outer loop
vertex 27.99984 41.00016 2.00016
vertex 3.15888 7.425120000000001 2.00016
vertex 3.24192 7.33104 2.00016
endloop
endfacet
facet normal 0 0 1
outer loop
vertex 27.99984 41.00016 2.00016
vertex 3.24192 7.33104 2.00016
vertex 3.33072 7.24224 2.00016
endloop
endfacet
facet normal 0 0 1
outer loop
vertex 27.99984 41.00016 2.00016
vertex 3.33072 7.24224 2.00016
vertex 3.42528 7.1592 2.00016
endloop
endfacet
facet normal 0 0 1
outer loop
vertex 27.99984 41.00016 2.00016
vertex 3.42528 7.1592 2.00016
vertex 3.52464 7.08192 2.00016
endloop
endfacet
facet normal 0 0 1
outer loop
vertex 27.99984 41.00016 2.00016
vertex 3.52464 7.08192 2.00016
vertex 3.62832 7.01136 2.00016
endloop
endfacet
facet normal 0 0 1
outer loop
vertex 27.99984 41.00016 2.00016
vertex 3.62832 7.01136 2.00016
vertex 3.73632 6.94752 2.00016
endloop
endfacet
facet normal 0 0 1
outer loop
vertex 27.99984 41.00016 2.00016
vertex 3.73632 6.94752 2.00016
vertex 3.84864 6.8904000000000005 2.00016
endloop
endfacet
facet normal 0 0 0.9999999999999999
outer loop
vertex 27.99984 41.00016 2.00016
vertex 3.84864 6.8904000000000005 2.00016
vertex 3.9638400000000003 6.84048 2.00016
endloop
endfacet
facet normal 0 0 1
outer loop
vertex 27.99984 41.00016 2.00016
vertex 3.9638400000000003 6.84048 2.00016
vertex 4.08192 6.79776 2.00016
endloop
endfacet
facet normal 0 0 0.9999999999999999
outer loop
vertex 27.99984 41.00016 2.00016
vertex 4.08192 6.79776 2.00016
vertex 4.2024 6.76272 2.00016
endloop
endfacet
facet normal 0 0 1
outer loop
vertex 27.99984 41.00016 2.00016
vertex 4.2024 6.76272 2.00016
vertex 4.32528 6.73536 2.00016
endloop
endfacet
facet normal 0 0 1
outer loop
vertex 27.99984 41.00016 2.00016
vertex 4.32528 6.73536 2.00016
vertex 4.44912 6.71568 2.00016
endloop
endfacet
facet normal 0 0 1
outer loop
vertex 27.99984 41.00016 2.00016
vertex 4.44912 6.71568 2.00016
vertex 4.5744 6.70416 2.00016
endloop
endfacet
facet normal 0 0 1
outer loop
vertex 27.99984 41.00016 2.00016
vertex 4.5744 6.70416 2.00016
vertex 4.82544 6.696 2.00016
endloop
endfacet
facet normal 0 0 1
outer loop
vertex 27.99984 41.00016 2.00016
vertex 4.82544 6.696 2.00016
vertex 51.174240000000005 6.696 2.00016
endloop
endfacet
facet normal 0 0 1
outer loop
vertex 27.99984 41.00016 2.00016
vertex 51.174240000000005 6.696 2.00016
vertex 51.425760000000004 6.70416 2.00016
endloop
endfacet
facet normal 0 0 1
outer loop
vertex 27.99984 41.00016 2.00016
vertex 51.425760000000004 6.70416 2.00016
vertex 51.550560000000004 6.71568 2.00016
endloop
endfacet
facet normal 0 0 1
outer loop
vertex 27.99984 41.00016 2.00016
vertex 51.550560000000004 6.71568 2.00016
vertex 51.67488 6.73536 2.00016
endloop
endfacet
facet normal 0 0 1
outer loop
vertex 27.99984 41.00016 2.00016
vertex 51.67488 6.73536 2.00016
vertex 51.79728 6.76272 2.00016
endloop
endfacet
facet normal 0 0 1
outer loop
vertex 27.99984 41.00016 2.00016
vertex 51.79728 6.76272 2.00016
vertex 51.918240000000004 6.79776 2.00016
endloop
endfacet
facet normal 0 0 1
outer loop
vertex 27.99984 41.00016 2.00016
vertex 51.918240000000004 6.79776 2.00016
vertex 52.03632 6.84048 2.00016
endloop
endfacet
facet normal 0 0 0.9999999999999999
outer loop
vertex 27.99984 41.00016 2.00016
vertex 52.03632 6.84048 2.00016
vertex 52.15152 6.8904000000000005 2.00016
endloop
endfacet
facet normal 0 0 1
outer loop
vertex 27.99984 41.00016 2.00016
vertex 52.15152 6.8904000000000005 2.00016
vertex 52.26336 6.94752 2.00016
endloop
endfacet
facet normal 0 0 1
outer loop
vertex 27.99984 41.00016 2.00016
vertex 52.26336 6.94752 2.00016
vertex 52.37184 7.01136 2.00016
endloop
endfacet
facet normal 0 0 1
outer loop
vertex 27.99984 41.00016 2.00016
vertex 52.37184 7.01136 2.00016
vertex 52.47552 7.08192 2.00016
endloop
endfacet
facet normal 0 0 0.9999999999999999
outer loop
vertex 27.99984 41.00016 2.00016
vertex 52.47552 7.08192 2.00016
vertex 52.57488 7.1592 2.00016
endloop
endfacet
facet normal 0 0 0.9999999999999999
outer loop
vertex 27.99984 41.00016 2.00016
vertex 52.57488 7.1592 2.00016
vertex 52.66896 7.24224 2.00016
endloop
endfacet
facet normal 0 0 1
outer loop
vertex 27.99984 41.00016 2.00016
vertex 52.66896 7.24224 2.00016
vertex 52.757760000000005 7.33104 2.00016
endloop
endfacet
facet normal 0 0 1
outer loop
vertex 27.99984 41.00016 2.00016
vertex 52.757760000000005 7.33104 2.00016
vertex 52.8408 7.425120000000001 2.00016
endloop
endfacet
facet normal 0 0 1
outer loop
vertex 27.99984 41.00016 2.00016
vertex 52.8408 7.425120000000001 2.00016
vertex 52.91808 7.5244800000000005 2.00016
endloop
endfacet
facet normal 0 0 1
outer loop
vertex 27.99984 41.00016 2.00016
vertex 52.91808 7.5244800000000005 2.00016
vertex 52.988640000000004 7.62816 2.00016
endloop
endfacet
facet normal 0 0 1
outer loop
vertex 27.99984 41.00016 2.00016
vertex 52.988640000000004 7.62816 2.00016
vertex 53.05248 7.73664 2.00016
endloop
endfacet
facet normal 0 0 1
outer loop
vertex 27.99984 41.00016 2.00016
vertex 53.05248 7.73664 2.00016
vertex 53.1096 7.84848 2.00016
endloop
endfacet
facet normal 0 0 1
outer loop
vertex 27.99984 41.00016 2.00016
vertex 53.1096 7.84848 2.00016
vertex 53.15952 7.96368 2.00016
endloop
endfacet
facet normal 0 0 1
outer loop
vertex 27.99984 41.00016 2.00016
vertex 53.15952 7.96368 2.00016
vertex 53.20224 8.081760000000001 2.00016
endloop
endfacet
facet normal 0 0 1
outer loop
vertex 27.99984 41.00016 2.00016
vertex 53.20224 8.081760000000001 2.00016
vertex 53.23728 8.20272 2.00016
endloop
endfacet
facet normal 0 0 1
outer loop
vertex 27.99984 41.00016 2.00016
vertex 53.23728 8.20272 2.00016
vertex 53.26464 8.32512 2.00016
endloop
endfacet
facet normal 0 0 1
outer loop
vertex 27.99984 41.00016 2.00016
vertex 53.26464 8.32512 2.00016
vertex 53.28432 8.449440000000001 2.00016
endloop
endfacet
facet normal 0 0 1
outer loop
vertex 27.99984 41.00016 2.00016
vertex 53.28432 8.449440000000001 2.00016
vertex 53.29584 8.57424 2.00016
endloop
endfacet
facet normal 0 0 1
outer loop
vertex 27.99984 41.00016 2.00016
vertex 53.29584 8.57424 2.00016
vertex 53.30016 8.700000000000001 2.00016
endloop
endfacet
facet normal 0 0 1
outer loop
vertex 27.99984 41.00016 2.00016
vertex 53.30016 8.700000000000001 2.00016
vertex 53.30016 73.29984 2.00016
endloop
endfacet
facet normal 0 0 1
outer loop
vertex 27.99984 41.00016 2.00016
vertex 53.30016 73.29984 2.00016
vertex 53.29584 73.4256 2.00016
endloop
endfacet
facet normal 0 0 1
outer loop
vertex 27.99984 41.00016 2.00016
vertex 53.29584 73.4256 2.00016
vertex 53.28432 73.55088 2.00016
endloop
endfacet
facet normal 0 0 0.9999999999999999
outer loop
vertex 27.99984 41.00016 2.00016
vertex 53.28432 73.55088 2.00016
vertex 53.26464 73.67472000000001 2.00016
endloop
endfacet
facet normal 0 0 1
outer loop
vertex 27.99984 41.00016 2.00016
vertex 53.26464 73.67472000000001 2.00016
vertex 53.23728 73.7976 2.00016
endloop
endfacet
facet normal 0 0 1
outer loop
vertex 27.99984 41.00016 2.00016
vertex 53.23728 73.7976 2.00016
vertex 53.20224 73.91808 2.00016
endloop
endfacet
facet normal 0 0 1
outer loop
vertex 27.99984 41.00016 2.00016
vertex 53.20224 73.91808 2.00016
vertex 53.15952 74.03616 2.00016
endloop
endfacet
facet normal 0 0 1
outer loop
vertex 27.99984 41.00016 2.00016
vertex 53.15952 74.03616 2.00016
vertex 53.1096 74.15136 2.00016
endloop
endfacet
facet normal 0 0 1
outer loop
vertex 27.99984 41.00016 2.00016
vertex 53.1096 74.15136 2.00016
vertex 53.05248 74.26368000000001 2.00016
endloop
endfacet
facet normal 0 0 1
outer loop
vertex 27.99984 41.00016 2.00016
vertex 53.05248 74.26368000000001 2.00016
vertex 52.988640000000004 74.37168 2.00016
endloop
endfacet
facet normal 0 0 1
outer loop
vertex 27.99984 41.00016 2.00016
vertex 52.988640000000004 74.37168 2.00016
vertex 52.91808 74.47536 2.00016
endloop
endfacet
facet normal 0 0 1
outer loop
vertex 27.99984 41.00016 2.00016
vertex 52.91808 74.47536 2.00016
vertex 52.8408 74.57472 2.00016
endloop
endfacet
facet normal 0 0 1
outer loop
vertex 27.99984 41.00016 2.00016
vertex 52.8408 74.57472 2.00016
vertex 52.757760000000005 74.66928 2.00016
endloop
endfacet
facet normal 0 0 1
outer loop
vertex 27.99984 41.00016 2.00016
vertex 52.757760000000005 74.66928 2.00016
vertex 52.66896 74.75808 2.00016
endloop
endfacet
facet normal 0 0 0.9999999999999999
outer loop
vertex 27.99984 41.00016 2.00016
vertex 52.66896 74.75808 2.00016
vertex 52.57488 74.84112 2.00016
endloop
endfacet
facet normal 0 0 1
outer loop
vertex 27.99984 41.00016 2.00016
vertex 52.57488 74.84112 2.00016
vertex 52.47552 74.91792 2.00016
endloop
endfacet
facet normal 0 0 1
outer loop
vertex 27.99984 41.00016 2.00016
vertex 52.47552 74.91792 2.00016
vertex 52.37184 74.98848 2.00016
endloop
endfacet
facet normal 0 0 1
outer loop
vertex 27.99984 41.00016 2.00016
vertex 52.37184 74.98848 2.00016
vertex 52.26336 75.0528 2.00016
endloop
endfacet
facet normal 0 0 1
outer loop
vertex 27.99984 41.00016 2.00016
vertex 52.26336 75.0528 2.00016
vertex 52.15152 75.10944 2.00016
endloop
endfacet
facet normal 0 0 1
outer loop
vertex 27.99984 41.00016 2.00016
vertex 52.15152 75.10944 2.00016
vertex 52.03632 75.15936 2.00016
endloop
endfacet
facet normal 0 0 1
outer loop
vertex 27.99984 41.00016 2.00016
vertex 52.03632 75.15936 2.00016
vertex 51.918240000000004 75.20208 2.00016
endloop
endfacet
facet normal 0 0 1
outer loop
vertex 27.99984 41.00016 2.00016
vertex 51.918240000000004 75.20208 2.00016
vertex 51.79728 75.23712 2.00016
endloop
endfacet
facet normal 0 0 1
outer loop
vertex 27.99984 41.00016 2.00016
vertex 51.79728 75.23712 2.00016
vertex 51.67488 75.26448 2.00016
endloop
endfacet
facet normal 0 0 1
outer loop
vertex 27.99984 41.00016 2.00016
vertex 51.67488 75.26448 2.00016
vertex 51.550560000000004 75.28416 2.00016
endloop
endfacet
facet normal 0 0 1
outer loop
vertex 27.99984 41.00016 2.00016
vertex 51.550560000000004 75.28416 2.00016
vertex 51.425760000000004 75.29616 2.00016
endloop
endfacet
facet normal 0 0 1
outer loop
vertex 27.99984 41.00016 2.00016
vertex 51.425760000000004 75.29616 2.00016
vertex 51.174240000000005 75.30384000000001 2.00016
endloop
endfacet
facet normal 0 0 1
outer loop
vertex 27.99984 41.00016 2.00016
vertex 51.174240000000005 75.30384000000001 2.00016
vertex 4.82544 75.30384000000001 2.00016
endloop
endfacet
facet normal 0 0 1
outer loop
vertex 4.82544 6.696 2.00016
vertex 4.9507200000000005 6.684 2.00016
vertex 51.049440000000004 6.684 2.00016
endloop
endfacet
facet normal 0 0 1
outer loop
vertex 4.82544 6.696 2.00016
vertex 51.049440000000004 6.684 2.00016
vertex 51.174240000000005 6.696 2.00016
endloop
endfacet
facet normal 0 0 1
outer loop
vertex 4.9507200000000005 6.684 2.00016
vertex 5.07456 6.6648000000000005 2.00016
vertex 50.92512 6.6648000000000005 2.00016
endloop
endfacet
facet normal 0 0 0.9999999999999999
outer loop
vertex 4.9507200000000005 6.684 2.00016
vertex 50.92512 6.6648000000000005 2.00016
vertex 51.049440000000004 6.684 2.00016
endloop
endfacet
facet normal 0 0 1
outer loop
vertex 5.07456 6.6648000000000005 2.00016
vertex 5.19744 6.63696 2.00016
vertex 50.80272 6.63696 2.00016
endloop
endfacet
facet normal 0 0 1
outer loop
vertex 5.07456 6.6648000000000005 2.00016
vertex 50.80272 6.63696 2.00016
vertex 50.92512 6.6648000000000005 2.00016
endloop
endfacet
facet normal 0 0 1
outer loop
vertex 5.19744 6.63696 2.00016
vertex 5.31792 6.60192 2.00016
vertex 50.681760000000004 6.60192 2.00016
endloop
endfacet
facet normal 0 0 1
outer loop
vertex 5.19744 6.63696 2.00016
vertex 50.681760000000004 6.60192 2.00016
vertex 50.80272 6.63696 2.00016
endloop
endfacet
facet normal 0 0 1
outer loop
vertex 54.73728 6.70272 2.00016
vertex 54.70224 6.58176 2.00016
vertex 56.00016 6.58176 2.00016
endloop
endfacet
facet normal 0 0 1
outer loop
vertex 54.73728 6.70272 2.00016
vertex 56.00016 6.58176 2.00016
vertex 56.00016 6.70272 2.00016
endloop
endfacet
facet normal 0 0 1
outer loop
vertex 0 6.70272 2.00016
vertex 0 6.58176 2.00016
vertex 1.29792 6.58176 2.00016
endloop
endfacet
facet normal 0 0 0.9999999999999999
outer loop
vertex 0 6.70272 2.00016
vertex 1.29792 6.58176 2.00016
vertex 1.26288 6.70272 2.00016
endloop
endfacet
facet normal 0 0 1
outer loop
vertex 5.31792 6.60192 2.00016
vertex 5.43648 6.55968 2.00016
vertex 50.56368 6.55968 2.00016
endloop
endfacet
facet normal 0 0 1
outer loop
vertex 5.31792 6.60192 2.00016
vertex 50.56368 6.55968 2.00016
vertex 50.681760000000004 6.60192 2.00016
endloop
endfacet
facet normal 0 0 1
outer loop
vertex 5.43648 6.55968 2.00016
vertex 5.55168 6.50976 2.00016
vertex 50.44848 6.50976 2.00016
endloop
endfacet
facet normal 0 0 1
outer loop
vertex 5.43648 6.55968 2.00016
vertex 50.44848 6.50976 2.00016
vertex 50.56368 6.55968 2.00016
endloop
endfacet
facet normal 0 0 1
outer loop
vertex 54.70224 6.58176 2.00016
vertex 54.65952 6.46368 2.00016
vertex 56.00016 6.46368 2.00016
endloop
endfacet
facet normal 0 0 1
outer loop
vertex 54.70224 6.58176 2.00016
vertex 56.00016 6.46368 2.00016
vertex 56.00016 6.58176 2.00016
endloop
endfacet
facet normal 0 0 1
outer loop
vertex 0 6.58176 2.00016
vertex 0 6.46368 2.00016
vertex 1.34064 6.46368 2.00016
endloop
endfacet
facet normal 0 0 1
outer loop
vertex 0 6.58176 2.00016
vertex 1.34064 6.46368 2.00016
vertex 1.29792 6.58176 2.00016
endloop
endfacet
facet normal 0 0 1
outer loop
vertex 5.55168 6.50976 2.00016
vertex 5.66352 6.452640000000001 2.00016
vertex 50.33664 6.452640000000001 2.00016
endloop
endfacet
facet normal 0 0 1
outer loop
vertex 5.55168 6.50976 2.00016
vertex 50.33664 6.452640000000001 2.00016
vertex 50.44848 6.50976 2.00016
endloop
endfacet
facet normal 0 0 1
outer loop
vertex 5.66352 6.452640000000001 2.00016
vertex 5.77152 6.3888 2.00016
vertex 50.22816 6.3888 2.00016
endloop
endfacet
facet normal 0 0 1
outer loop
vertex 5.66352 6.452640000000001 2.00016
vertex 50.22816 6.3888 2.00016
vertex 50.33664 6.452640000000001 2.00016
endloop
endfacet
facet normal 0 0 1
outer loop
vertex 54.65952 6.46368 2.00016
vertex 54.6096 6.34848 2.00016
vertex 56.00016 6.34848 2.00016
endloop
endfacet
facet normal 0 0 0.9999999999999999
outer loop
vertex 54.65952 6.46368 2.00016
vertex 56.00016 6.34848 2.00016
vertex 56.00016 6.46368 2.00016
endloop
endfacet
facet normal 0 0 0.9999999999999999
outer loop
vertex 0 6.46368 2.00016
vertex 0 6.34848 2.00016
vertex 1.39056 6.34848 2.00016
endloop
endfacet
facet normal 0 0 1
outer loop
vertex 0 6.46368 2.00016
vertex 1.39056 6.34848 2.00016
vertex 1.34064 6.46368 2.00016
endloop
endfacet
facet normal 0 0 1
outer loop
vertex 5.77152 6.3888 2.00016
vertex 5.87568 6.31824 2.00016
vertex 50.12448 6.31824 2.00016
endloop
endfacet
facet normal 0 0 1
outer loop
vertex 5.77152 6.3888 2.00016
vertex 50.12448 6.31824 2.00016
vertex 50.22816 6.3888 2.00016
endloop
endfacet
facet normal 0 0 1
outer loop
vertex 5.87568 6.31824 2.00016
vertex 5.97504 6.24096 2.00016
vertex 50.02512 6.24096 2.00016
endloop
endfacet
facet normal 0 0 0.9999999999999999
outer loop
vertex 5.87568 6.31824 2.00016
vertex 50.02512 6.24096 2.00016
vertex 50.12448 6.31824 2.00016
endloop
endfacet
facet normal 0 0 1
outer loop
vertex 54.6096 6.34848 2.00016
vertex 54.55248 6.23664 2.00016
vertex 56.00016 6.23664 2.00016
endloop
endfacet
facet normal 0 0 1
outer loop
vertex 54.6096 6.34848 2.00016
vertex 56.00016 6.23664 2.00016
vertex 56.00016 6.34848 2.00016
endloop
endfacet
facet normal 0 0 1
outer loop
vertex 0 6.34848 2.00016
vertex 0 6.23664 2.00016
vertex 1.4472 6.23664 2.00016
endloop
endfacet
facet normal 0 0 1
outer loop
vertex 0 6.34848 2.00016
vertex 1.4472 6.23664 2.00016
vertex 1.39056 6.34848 2.00016
endloop
endfacet
facet normal 0 0 0.9999999999999999
outer loop
vertex 5.97504 6.24096 2.00016
vertex 6.06912 6.15792 2.00016
vertex 49.93104 6.15792 2.00016
endloop
endfacet
facet normal 0 0 1
outer loop
vertex 5.97504 6.24096 2.00016
vertex 49.93104 6.15792 2.00016
vertex 50.02512 6.24096 2.00016
endloop
endfacet
facet normal 0 0 1
outer loop
vertex 54.55248 6.23664 2.00016
vertex 54.488640000000004 6.12816 2.00016
vertex 56.00016 6.12816 2.00016
endloop
endfacet
facet normal 0 0 1
outer loop
vertex 54.55248 6.23664 2.00016
vertex 56.00016 6.12816 2.00016
vertex 56.00016 6.23664 2.00016
endloop
endfacet
facet normal 0 0 1
outer loop
vertex 0 6.23664 2.00016
vertex 0 6.12816 2.00016
vertex 1.51152 6.12816 2.00016
endloop
endfacet
facet normal 0 0 1
outer loop
vertex 0 6.23664 2.00016
vertex 1.51152 6.12816 2.00016
vertex 1.4472 6.23664 2.00016
endloop
endfacet
facet normal 0 0 1
outer loop
vertex 6.06912 6.15792 2.00016
vertex 6.15792 6.06912 2.00016
vertex 49.842240000000004 6.06912 2.00016
endloop
endfacet
facet normal 0 0 1
outer loop
vertex 6.06912 6.15792 2.00016
vertex 49.842240000000004 6.06912 2.00016
vertex 49.93104 6.15792 2.00016
endloop
endfacet
facet normal 0 0 1
outer loop
vertex 54.488640000000004 6.12816 2.00016
vertex 54.41808 6.0244800000000005 2.00016
vertex 56.00016 6.0244800000000005 2.00016
endloop
endfacet
facet normal 0 0 1
outer loop
vertex 54.488640000000004 6.12816 2.00016
vertex 56.00016 6.0244800000000005 2.00016
vertex 56.00016 6.12816 2.00016
endloop
endfacet
facet normal 0 0 1
outer loop
vertex 0 6.12816 2.00016
vertex 0 6.0244800000000005 2.00016
vertex 1.58208 6.0244800000000005 2.00016
endloop
endfacet
facet normal 0 0 1
outer loop
vertex 0 6.12816 2.00016
vertex 1.58208 6.0244800000000005 2.00016
vertex 1.51152 6.12816 2.00016
endloop
endfacet
facet normal 0 0 1
outer loop
vertex 6.15792 6.06912 2.00016
vertex 6.24096 5.97504 2.00016
vertex 49.7592 5.97504 2.00016
endloop
endfacet
facet normal 0 0 1
outer loop
vertex 6.15792 6.06912 2.00016
vertex 49.7592 5.97504 2.00016
vertex 49.842240000000004 6.06912 2.00016
endloop
endfacet
facet normal 0 0 0.9999999999999999
outer loop
vertex 54.41808 6.0244800000000005 2.00016
vertex 54.3408 5.92512 2.00016
vertex 56.00016 5.92512 2.00016
endloop
endfacet
facet normal 0 0 0.9999999999999999
outer loop
vertex 54.41808 6.0244800000000005 2.00016
vertex 56.00016 5.92512 2.00016
vertex 56.00016 6.0244800000000005 2.00016
endloop
endfacet
facet normal 0 0 1
outer loop
vertex 0 6.0244800000000005 2.00016
vertex 0 5.92512 2.00016
vertex 1.6588800000000001 5.92512 2.00016
endloop
endfacet
facet normal 0 0 1
outer loop
vertex 0 6.0244800000000005 2.00016
vertex 1.6588800000000001 5.92512 2.00016
vertex 1.58208 6.0244800000000005 2.00016
endloop
endfacet
facet normal 0 0 1
outer loop
vertex 6.24096 5.97504 2.00016
vertex 6.31824 5.87568 2.00016
vertex 49.68192 5.87568 2.00016
endloop
endfacet
facet normal 0 0 1
outer loop
vertex 6.24096 5.97504 2.00016
vertex 49.68192 5.87568 2.00016
vertex 49.7592 5.97504 2.00016
endloop
endfacet
facet normal 0 0 1
outer loop
vertex 54.3408 5.92512 2.00016
vertex 54.257760000000005 5.83104 2.00016
vertex 56.00016 5.83104 2.00016
endloop
endfacet
facet normal 0 0 1
outer loop
vertex 54.3408 5.92512 2.00016
vertex 56.00016 5.83104 2.00016
vertex 56.00016 5.92512 2.00016
endloop
endfacet
facet normal 0 0 1
outer loop
vertex 0 5.92512 2.00016
vertex 0 5.83104 2.00016
vertex 1.7419200000000001 5.83104 2.00016
endloop
endfacet
facet normal 0 0 1
outer loop
vertex 0 5.92512 2.00016
vertex 1.7419200000000001 5.83104 2.00016
vertex 1.6588800000000001 5.92512 2.00016
endloop
endfacet
facet normal 0 0 1
outer loop
vertex 6.31824 5.87568 2.00016
vertex 6.3888 5.77152 2.00016
vertex 49.611360000000005 5.77152 2.00016
endloop
endfacet
facet normal 0 0 1
outer loop
vertex 6.31824 5.87568 2.00016
vertex 49.611360000000005 5.77152 2.00016
vertex 49.68192 5.87568 2.00016
endloop
endfacet
facet normal 0 0 1
outer loop
vertex 54.257760000000005 5.83104 2.00016
vertex 54.16896 5.74224 2.00016
vertex 56.00016 5.74224 2.00016
endloop
endfacet
facet normal 0 0 1
outer loop
vertex 54.257760000000005 5.83104 2.00016
vertex 56.00016 5.74224 2.00016
vertex 56.00016 5.83104 2.00016
endloop
endfacet
facet normal 0 0 1
outer loop
vertex 0 5.83104 2.00016
vertex 0 5.74224 2.00016
vertex 1.8307200000000001 5.74224 2.00016
endloop
endfacet
facet normal 0 0 1
outer loop
vertex 0 5.83104 2.00016
vertex 1.8307200000000001 5.74224 2.00016
vertex 1.7419200000000001 5.83104 2.00016
endloop
endfacet
facet normal 0 0 1
outer loop
vertex 6.3888 5.77152 2.00016
vertex 6.452640000000001 5.66352 2.00016
vertex 49.54752 5.66352 2.00016
endloop
endfacet
facet normal 0 0 1
outer loop
vertex 6.3888 5.77152 2.00016
vertex 49.54752 5.66352 2.00016
vertex 49.611360000000005 5.77152 2.00016
endloop
endfacet
facet normal 0 0 0.9999999999999999
outer loop
vertex 54.16896 5.74224 2.00016
vertex 54.07488 5.6592 2.00016
vertex 56.00016 5.6592 2.00016
endloop
endfacet
facet normal 0 0 1
outer loop
vertex 54.16896 5.74224 2.00016
vertex 56.00016 5.6592 2.00016
vertex 56.00016 5.74224 2.00016
endloop
endfacet
facet normal 0 0 1
outer loop
vertex 0 5.74224 2.00016
vertex 0 5.6592 2.00016
vertex 1.92528 5.6592 2.00016
endloop
endfacet
facet normal 0 0 1
outer loop
vertex 0 5.74224 2.00016
vertex 1.92528 5.6592 2.00016
vertex 1.8307200000000001 5.74224 2.00016
endloop
endfacet
facet normal 0 0 1
outer loop
vertex 54.07488 5.6592 2.00016
vertex 53.97552 5.58192 2.00016
vertex 56.00016 5.58192 2.00016
endloop
endfacet
facet normal 0 0 1
outer loop
vertex 54.07488 5.6592 2.00016
vertex 56.00016 5.58192 2.00016
vertex 56.00016 5.6592 2.00016
endloop
endfacet
facet normal 0 0 1
outer loop
vertex 0 5.6592 2.00016
vertex 0 5.58192 2.00016
vertex 2.02464 5.58192 2.00016
endloop
endfacet
facet normal 0 0 1
outer loop
vertex 0 5.6592 2.00016
vertex 2.02464 5.58192 2.00016
vertex 1.92528 5.6592 2.00016
endloop
endfacet
facet normal 0 0 0.9999999999999999
outer loop
vertex 6.452640000000001 5.66352 2.00016
vertex 6.50976 5.55168 2.00016
vertex 49.4904 5.55168 2.00016
endloop
endfacet
facet normal 0 0 1
outer loop
vertex 6.452640000000001 5.66352 2.00016
vertex 49.4904 5.55168 2.00016
vertex 49.54752 5.66352 2.00016
endloop
endfacet
facet normal 0 0 1
outer loop
vertex 53.97552 5.58192 2.00016
vertex 53.87184 5.51136 2.00016
vertex 56.00016 5.51136 2.00016
endloop
endfacet
facet normal 0 0 1
outer loop
vertex 53.97552 5.58192 2.00016
vertex 56.00016 5.51136 2.00016
vertex 56.00016 5.58192 2.00016
endloop
endfacet
facet normal 0 0 1
outer loop
vertex 0 5.58192 2.00016
vertex 0 5.51136 2.00016
vertex 2.12832 5.51136 2.00016
endloop
endfacet
facet normal 0 0 1
outer loop
vertex 0 5.58192 2.00016
vertex 2.12832 5.51136 2.00016
vertex 2.02464 5.58192 2.00016
endloop
endfacet
facet normal 0 0 1
outer loop
vertex 53.87184 5.51136 2.00016
vertex 53.76336 5.44752 2.00016
vertex 56.00016 5.44752 2.00016
endloop
endfacet
facet normal 0 0 1
outer loop
vertex 53.87184 5.51136 2.00016
vertex 56.00016 5.44752 2.00016
vertex 56.00016 5.51136 2.00016
endloop
endfacet
facet normal 0 0 1
outer loop
vertex 0 5.51136 2.00016
vertex 0 5.44752 2.00016
vertex 2.23632 5.44752 2.00016
endloop
endfacet
facet normal 0 0 1
outer loop
vertex 0 5.51136 2.00016
vertex 2.23632 5.44752 2.00016
vertex 2.12832 5.51136 2.00016
endloop
endfacet
facet normal 0 0 1
outer loop
vertex 6.50976 5.55168 2.00016
vertex 6.55968 5.43648 2.00016
vertex 49.44048 5.43648 2.00016
endloop
endfacet
facet normal 0 0 1
outer loop
vertex 6.50976 5.55168 2.00016
vertex 49.44048 5.43648 2.00016
vertex 49.4904 5.55168 2.00016
endloop
endfacet
facet normal 0 0 1
outer loop
vertex 53.76336 5.44752 2.00016
vertex 53.65152 5.3904000000000005 2.00016
vertex 56.00016 5.3904000000000005 2.00016
endloop
endfacet
facet normal 0 0 1
outer loop
vertex 53.76336 5.44752 2.00016
vertex 56.00016 5.3904000000000005 2.00016
vertex 56.00016 5.44752 2.00016
endloop
endfacet
facet normal 0 0 1
outer loop
vertex 0 5.44752 2.00016
vertex 0 5.3904000000000005 2.00016
vertex 2.34864 5.3904000000000005 2.00016
endloop
endfacet
facet normal 0 0 1
outer loop
vertex 0 5.44752 2.00016
vertex 2.34864 5.3904000000000005 2.00016
vertex 2.23632 5.44752 2.00016
endloop
endfacet
facet normal 0 0 0.9999999999999999
outer loop
vertex 53.65152 5.3904000000000005 2.00016
vertex 53.53632 5.34048 2.00016
vertex 56.00016 5.34048 2.00016
endloop
endfacet
facet normal 0 0 1
outer loop
vertex 53.65152 5.3904000000000005 2.00016
vertex 56.00016 5.34048 2.00016
vertex 56.00016 5.3904000000000005 2.00016
endloop
endfacet
facet normal 0 0 1
outer loop
vertex 0 5.3904000000000005 2.00016
vertex 0 5.34048 2.00016
vertex 2.4638400000000003 5.34048 2.00016
endloop
endfacet
facet normal 0 0 1
outer loop
vertex 0 5.3904000000000005 2.00016
vertex 2.4638400000000003 5.34048 2.00016
vertex 2.34864 5.3904000000000005 2.00016
endloop
endfacet
facet normal 0 0 1
outer loop
vertex 6.55968 5.43648 2.00016
vertex 6.60192 5.31792 2.00016
vertex 49.39776 5.31792 2.00016
endloop
endfacet
facet normal 0 0 1
outer loop
vertex 6.55968 5.43648 2.00016
vertex 49.39776 5.31792 2.00016
vertex 49.44048 5.43648 2.00016
endloop
endfacet
facet normal 0 0 1
outer loop
vertex 53.53632 5.34048 2.00016
vertex 53.418240000000004 5.29776 2.00016
vertex 56.00016 5.29776 2.00016
endloop
endfacet
facet normal 0 0 1
outer loop
vertex 53.53632 5.34048 2.00016
vertex 56.00016 5.29776 2.00016
vertex 56.00016 5.34048 2.00016
endloop
endfacet
facet normal 0 0 0.9999999999999999
outer loop
vertex 0 5.34048 2.00016
vertex 0 5.29776 2.00016
vertex 2.58192 5.29776 2.00016
endloop
endfacet
facet normal 0 0 1
outer loop
vertex 0 5.34048 2.00016
vertex 2.58192 5.29776 2.00016
vertex 2.4638400000000003 5.34048 2.00016
endloop
endfacet
facet normal 0 0 1
outer loop
vertex 53.418240000000004 5.29776 2.00016
vertex 53.29728 5.26272 2.00016
vertex 56.00016 5.26272 2.00016
endloop
endfacet
facet normal 0 0 1
outer loop
vertex 53.418240000000004 5.29776 2.00016
vertex 56.00016 5.26272 2.00016
vertex 56.00016 5.29776 2.00016
endloop
endfacet
facet normal 0 0 1
outer loop
vertex 0 5.29776 2.00016
vertex 0 5.26272 2.00016
vertex 2.7024 5.26272 2.00016
endloop
endfacet
facet normal 0 0 0.9999999999999999
outer loop
vertex 0 5.29776 2.00016
vertex 2.7024 5.26272 2.00016
vertex 2.58192 5.29776 2.00016
endloop
endfacet
facet normal 0 0 1
outer loop
vertex 53.29728 5.26272 2.00016
vertex 53.17488 5.23536 2.00016
vertex 56.00016 5.23536 2.00016
endloop
endfacet
facet normal 0 0 1
outer loop
vertex 53.29728 5.26272 2.00016
vertex 56.00016 5.23536 2.00016
vertex 56.00016 5.26272 2.00016
endloop
endfacet
facet normal 0 0 1
outer loop
vertex 0 5.26272 2.00016
vertex 0 5.23536 2.00016
vertex 2.8252800000000002 5.23536 2.00016
endloop
endfacet
facet normal 0 0 1
outer loop
vertex 0 5.26272 2.00016
vertex 2.8252800000000002 5.23536 2.00016
vertex 2.7024 5.26272 2.00016
endloop
endfacet
facet normal 0 0 1
outer loop
vertex 53.17488 5.23536 2.00016
vertex 53.050560000000004 5.21568 2.00016
vertex 56.00016 5.21568 2.00016
endloop
endfacet
facet normal 0 0 1
outer loop
vertex 53.17488 5.23536 2.00016
vertex 56.00016 5.21568 2.00016
vertex 56.00016 5.23536 2.00016
endloop
endfacet
facet normal 0 0 1
outer loop
vertex 0 5.23536 2.00016
vertex 0 5.21568 2.00016
vertex 2.94912 5.21568 2.00016
endloop
endfacet
facet normal 0 0 1
outer loop
vertex 0 5.23536 2.00016
vertex 2.94912 5.21568 2.00016
vertex 2.8252800000000002 5.23536 2.00016
endloop
endfacet
facet normal 0 0 1
outer loop
vertex 53.050560000000004 5.21568 2.00016
vertex 52.925760000000004 5.20416 2.00016
vertex 56.00016 5.20416 2.00016
endloop
endfacet
facet normal 0 0 1
outer loop
vertex 53.050560000000004 5.21568 2.00016
vertex 56.00016 5.20416 2.00016
vertex 56.00016 5.21568 2.00016
endloop
endfacet
facet normal 0 0 1
outer loop
vertex 0 5.21568 2.00016
vertex 0 5.20416 2.00016
vertex 3.0744000000000002 5.20416 2.00016
endloop
endfacet
facet normal 0 0 1
outer loop
vertex 0 5.21568 2.00016
vertex 3.0744000000000002 5.20416 2.00016
vertex 2.94912 5.21568 2.00016
endloop
endfacet
facet normal 0 0 1
outer loop
vertex 6.60192 5.31792 2.00016
vertex 6.63696 5.19744 2.00016
vertex 49.36272 5.19744 2.00016
endloop
endfacet
facet normal 0 0 1
outer loop
vertex 6.60192 5.31792 2.00016
vertex 49.36272 5.19744 2.00016
vertex 49.39776 5.31792 2.00016
endloop
endfacet
facet normal 0 0 1
outer loop
vertex 6.63696 5.19744 2.00016
vertex 6.6648000000000005 5.07456 2.00016
vertex 49.33536 5.07456 2.00016
endloop
endfacet
facet normal 0 0 1
outer loop
vertex 6.63696 5.19744 2.00016
vertex 49.33536 5.07456 2.00016
vertex 49.36272 5.19744 2.00016
endloop
endfacet
facet normal 0 0 1
outer loop
vertex 6.6648000000000005 5.07456 2.00016
vertex 6.684 4.9507200000000005 2.00016
vertex 49.31568 4.9507200000000005 2.00016
endloop
endfacet
facet normal 0 0 1
outer loop
vertex 6.6648000000000005 5.07456 2.00016
vertex 49.31568 4.9507200000000005 2.00016
vertex 49.33536 5.07456 2.00016
endloop
endfacet
facet normal 0 0 1
outer loop
vertex 6.684 4.9507200000000005 2.00016
vertex 6.696 4.82544 2.00016
vertex 49.30416 4.82544 2.00016
endloop
endfacet
facet normal 0 0 0.9999999999999999
outer loop
vertex 6.684 4.9507200000000005 2.00016
vertex 49.30416 4.82544 2.00016
vertex 49.31568 4.9507200000000005 2.00016
endloop
endfacet
facet normal 0 0 1
outer loop
vertex 52.0944 4.60944 2.00016
vertex 52.925760000000004 5.20416 2.00016
vertex 52.674240000000005 5.196 2.00016
endloop
endfacet
facet normal 0 0 1
outer loop
vertex 52.0944 4.60944 2.00016
vertex 52.674240000000005 5.196 2.00016
vertex 52.549440000000004 5.184 2.00016
endloop
endfacet
facet normal 0 0 1
outer loop
vertex 52.0944 4.60944 2.00016
vertex 52.549440000000004 5.184 2.00016
vertex 52.42512 5.1648000000000005 2.00016
endloop
endfacet
facet normal 0 0 1
outer loop
vertex 52.0944 4.60944 2.00016
vertex 52.42512 5.1648000000000005 2.00016
vertex 52.30272 5.13696 2.00016
endloop
endfacet
facet normal 0 0 1
outer loop
vertex 52.0944 4.60944 2.00016
vertex 52.30272 5.13696 2.00016
vertex 52.181760000000004 5.10192 2.00016
endloop
endfacet
facet normal 0 0 1
outer loop
vertex 52.0944 4.60944 2.00016
vertex 52.181760000000004 5.10192 2.00016
vertex 52.06368 5.05968 2.00016
endloop
endfacet
facet normal 0 0 1
outer loop
vertex 52.0944 4.60944 2.00016
vertex 52.06368 5.05968 2.00016
vertex 51.94848 5.00976 2.00016
endloop
endfacet
facet normal 0 0 1
outer loop
vertex 52.0944 4.60944 2.00016
vertex 51.94848 5.00976 2.00016
vertex 51.83664 4.95264 2.00016
endloop
endfacet
facet normal 0 0 1
outer loop
vertex 52.0944 4.60944 2.00016
vertex 51.83664 4.95264 2.00016
vertex 51.72816 4.8888 2.00016
endloop
endfacet
facet normal 0 0 1
outer loop
vertex 52.0944 4.60944 2.00016
vertex 51.72816 4.8888 2.00016
vertex 51.62448 4.81824 2.00016
endloop
endfacet
facet normal 0 0 1
outer loop
vertex 52.0944 4.60944 2.00016
vertex 51.62448 4.81824 2.00016
vertex 51.52512 4.74096 2.00016
endloop
endfacet
facet normal 0 0 1
outer loop
vertex 52.0944 4.60944 2.00016
vertex 51.52512 4.74096 2.00016
vertex 51.43104 4.65792 2.00016
endloop
endfacet
facet normal 0 0 1
outer loop
vertex 52.0944 4.60944 2.00016
vertex 51.43104 4.65792 2.00016
vertex 51.342240000000004 4.56912 2.00016
endloop
endfacet
facet normal 0 0 1
outer loop
vertex 52.0944 4.60944 2.00016
vertex 51.342240000000004 4.56912 2.00016
vertex 51.2592 4.47504 2.00016
endloop
endfacet
facet normal 0 0 1
outer loop
vertex 52.0944 4.60944 2.00016
vertex 51.2592 4.47504 2.00016
vertex 51.18192 4.37568 2.00016
endloop
endfacet
facet normal 0 0 1
outer loop
vertex 52.0944 4.60944 2.00016
vertex 51.18192 4.37568 2.00016
vertex 51.111360000000005 4.27152 2.00016
endloop
endfacet
facet normal 0 0 1
outer loop
vertex 52.0944 4.60944 2.00016
vertex 51.111360000000005 4.27152 2.00016
vertex 51.04752 4.16352 2.00016
endloop
endfacet
facet normal 0 0 1
outer loop
vertex 52.0944 4.60944 2.00016
vertex 51.04752 4.16352 2.00016
vertex 50.9904 4.05168 2.00016
endloop
endfacet
facet normal 0 0 1
outer loop
vertex 52.0944 4.60944 2.00016
vertex 50.9904 4.05168 2.00016
vertex 50.94048 3.93648 2.00016
endloop
endfacet
facet normal 0 0 1
outer loop
vertex 52.0944 4.60944 2.00016
vertex 50.94048 3.93648 2.00016
vertex 50.89776 3.81792 2.00016
endloop
endfacet
facet normal 0 0 1
outer loop
vertex 52.0944 4.60944 2.00016
vertex 50.89776 3.81792 2.00016
vertex 50.878080000000004 3.7502400000000002 2.00016
endloop
endfacet
facet normal 0 0 1
outer loop
vertex 52.0944 4.60944 2.00016
vertex 50.878080000000004 3.7502400000000002 2.00016
vertex 53.49984 3.7502400000000002 2.00016
endloop
endfacet
facet normal 0 0 1
outer loop
vertex 52.0944 4.60944 2.00016
vertex 53.49984 3.7502400000000002 2.00016
vertex 56.00016 3.7502400000000002 2.00016
endloop
endfacet
facet normal 0 0 1
outer loop
vertex 52.0944 4.60944 2.00016
vertex 56.00016 3.7502400000000002 2.00016
vertex 56.00016 5.20416 2.00016
endloop
endfacet
facet normal 0 0 0.9999999999999999
outer loop
vertex 52.0944 4.60944 2.00016
vertex 56.00016 5.20416 2.00016
vertex 52.925760000000004 5.20416 2.00016
endloop
endfacet
facet normal 0 0 0.9999999999999999
outer loop
vertex 3.9052800000000003 4.60944 2.00016
vertex 0 5.20416 2.00016
vertex 0 3.7502400000000002 2.00016
endloop
endfacet
facet normal 0 0 1
outer loop
vertex 3.9052800000000003 4.60944 2.00016
vertex 0 3.7502400000000002 2.00016
vertex 2.4998400000000003 3.7502400000000002 2.00016
endloop
endfacet
facet normal 0 0 1
outer loop
vertex 3.9052800000000003 4.60944 2.00016
vertex 2.4998400000000003 3.7502400000000002 2.00016
vertex 5.12208 3.7502400000000002 2.00016
endloop
endfacet
facet normal 0 0 1
outer loop
vertex 3.9052800000000003 4.60944 2.00016
vertex 5.12208 3.7502400000000002 2.00016
vertex 5.10192 3.81792 2.00016
endloop
endfacet
facet normal 0 0 0.9999999999999999
outer loop
vertex 3.9052800000000003 4.60944 2.00016
vertex 5.10192 3.81792 2.00016
vertex 5.05968 3.93648 2.00016
endloop
endfacet
facet normal 0 0 0.9999999999999999
outer loop
vertex 3.9052800000000003 4.60944 2.00016
vertex 5.05968 3.93648 2.00016
vertex 5.00976 4.05168 2.00016
endloop
endfacet
facet normal 0 0 1
outer loop
vertex 3.9052800000000003 4.60944 2.00016
vertex 5.00976 4.05168 2.00016
vertex 4.95264 4.16352 2.00016
endloop
endfacet
facet normal 0 0 1
outer loop
vertex 3.9052800000000003 4.60944 2.00016
vertex 4.95264 4.16352 2.00016
vertex 4.8888 4.27152 2.00016
endloop
endfacet
facet normal 0 0 1
outer loop
vertex 3.9052800000000003 4.60944 2.00016
vertex 4.8888 4.27152 2.00016
vertex 4.81824 4.37568 2.00016
endloop
endfacet
facet normal 0 0 1
outer loop
vertex 3.9052800000000003 4.60944 2.00016
vertex 4.81824 4.37568 2.00016
vertex 4.74096 4.47504 2.00016
endloop
endfacet
facet normal 0 0 1
outer loop
vertex 3.9052800000000003 4.60944 2.00016
vertex 4.74096 4.47504 2.00016
vertex 4.65792 4.56912 2.00016
endloop
endfacet
facet normal 0 0 1
outer loop
vertex 3.9052800000000003 4.60944 2.00016
vertex 4.65792 4.56912 2.00016
vertex 4.56912 4.65792 2.00016
endloop
endfacet
facet normal 0 0 1
outer loop
vertex 3.9052800000000003 4.60944 2.00016
vertex 4.56912 4.65792 2.00016
vertex 4.47504 4.74096 2.00016
endloop
endfacet
facet normal 0 0 1
outer loop
vertex 3.9052800000000003 4.60944 2.00016
vertex 4.47504 4.74096 2.00016
vertex 4.37568 4.81824 2.00016
endloop
endfacet
facet normal 0 0 1
outer loop
vertex 3.9052800000000003 4.60944 2.00016
vertex 4.37568 4.81824 2.00016
vertex 4.27152 4.8888 2.00016
endloop
endfacet
facet normal 0 0 1
outer loop
vertex 3.9052800000000003 4.60944 2.00016
vertex 4.27152 4.8888 2.00016
vertex 4.16352 4.95264 2.00016
endloop
endfacet
facet normal 0 0 1
outer loop
vertex 3.9052800000000003 4.60944 2.00016
vertex 4.16352 4.95264 2.00016
vertex 4.05168 5.00976 2.00016
endloop
endfacet
facet normal 0 0 1
outer loop
vertex 3.9052800000000003 4.60944 2.00016
vertex 4.05168 5.00976 2.00016
vertex 3.93648 5.05968 2.00016
endloop
endfacet
facet normal 0 0 1
outer loop
vertex 3.9052800000000003 4.60944 2.00016
vertex 3.93648 5.05968 2.00016
vertex 3.81792 5.10192 2.00016
endloop
endfacet
facet normal 0 0 1
outer loop
vertex 3.9052800000000003 4.60944 2.00016
vertex 3.81792 5.10192 2.00016
vertex 3.6974400000000003 5.13696 2.00016
endloop
endfacet
facet normal 0 0 1
outer loop
vertex 3.9052800000000003 4.60944 2.00016
vertex 3.6974400000000003 5.13696 2.00016
vertex 3.57456 5.1648000000000005 2.00016
endloop
endfacet
facet normal 0 0 1
outer loop
vertex 3.9052800000000003 4.60944 2.00016
vertex 3.57456 5.1648000000000005 2.00016
vertex 3.45072 5.184 2.00016
endloop
endfacet
facet normal 0 0 1
outer loop
vertex 3.9052800000000003 4.60944 2.00016
vertex 3.45072 5.184 2.00016
vertex 3.32544 5.196 2.00016
endloop
endfacet
facet normal 0 0 1
outer loop
vertex 3.9052800000000003 4.60944 2.00016
vertex 3.32544 5.196 2.00016
vertex 3.0744000000000002 5.20416 2.00016
endloop
endfacet
facet normal 0 0 1
outer loop
vertex 3.9052800000000003 4.60944 2.00016
vertex 3.0744000000000002 5.20416 2.00016
vertex 0 5.20416 2.00016
endloop
endfacet
facet normal 0 0 0.9999999999999999
outer loop
vertex 53.49984 3.7502400000000002 2.00016
vertex 53.743680000000005 3.72576 2.00016
vertex 56.00016 3.72576 2.00016
endloop
endfacet
facet normal 0 0 0.9999999999999999
outer loop
vertex 53.49984 3.7502400000000002 2.00016
vertex 56.00016 3.72576 2.00016
vertex 56.00016 3.7502400000000002 2.00016
endloop
endfacet
facet normal 0 0 1
outer loop
vertex 50.878080000000004 3.7502400000000002 2.00016
vertex 50.87136 3.72576 2.00016
vertex 53.256 3.72576 2.00016
endloop
endfacet
facet normal 0 0 1
outer loop
vertex 50.878080000000004 3.7502400000000002 2.00016
vertex 53.256 3.72576 2.00016
vertex 53.49984 3.7502400000000002 2.00016
endloop
endfacet
facet normal 0 0 1
outer loop
vertex 2.4998400000000003 3.7502400000000002 2.00016
vertex 2.74368 3.72576 2.00016
vertex 5.1288 3.72576 2.00016
endloop
endfacet
facet normal 0 0 1
outer loop
vertex 2.4998400000000003 3.7502400000000002 2.00016
vertex 5.1288 3.72576 2.00016
vertex 5.12208 3.7502400000000002 2.00016
endloop
endfacet
facet normal 0 0 1
outer loop
vertex 0 3.7502400000000002 2.00016
vertex 0 3.72576 2.00016
vertex 2.2560000000000002 3.72576 2.00016
endloop
endfacet
facet normal 0 0 0.9999999999999999
outer loop
vertex 0 3.7502400000000002 2.00016
vertex 2.2560000000000002 3.72576 2.00016
vertex 2.4998400000000003 3.7502400000000002 2.00016
endloop
endfacet
facet normal 0 0 1
outer loop
vertex 53.743680000000005 3.72576 2.00016
vertex 53.9784 3.65472 2.00016
vertex 56.00016 3.65472 2.00016
endloop
endfacet
facet normal 0 0 1
outer loop
vertex 53.743680000000005 3.72576 2.00016
vertex 56.00016 3.65472 2.00016
vertex 56.00016 3.72576 2.00016
endloop
endfacet
facet normal 0 0 1
outer loop
vertex 51.772800000000004 3.6916800000000003 2.00016
vertex 50.87136 3.72576 2.00016
vertex 50.86272 3.6974400000000003 2.00016
endloop
endfacet
facet normal 0 0 1
outer loop
vertex 51.772800000000004 3.6916800000000003 2.00016
vertex 50.86272 3.6974400000000003 2.00016
vertex 50.853120000000004 3.65472 2.00016
endloop
endfacet
facet normal 0 0 1
outer loop
vertex 51.772800000000004 3.6916800000000003 2.00016
vertex 50.853120000000004 3.65472 2.00016
vertex 53.02176 3.65472 2.00016
endloop
endfacet
facet normal 0 0 0.9999999999999999
outer loop
vertex 51.772800000000004 3.6916800000000003 2.00016
vertex 53.02176 3.65472 2.00016
vertex 53.256 3.72576 2.00016
endloop
endfacet
facet normal 0 0 1
outer loop
vertex 51.772800000000004 3.6916800000000003 2.00016
vertex 53.256 3.72576 2.00016
vertex 50.87136 3.72576 2.00016
endloop
endfacet
facet normal 0 0 1
outer loop
vertex 4.22688 3.6916800000000003 2.00016
vertex 2.74368 3.72576 2.00016
vertex 2.9784 3.65472 2.00016
endloop
endfacet
facet normal 0 0 1
outer loop
vertex 4.22688 3.6916800000000003 2.00016
vertex 2.9784 3.65472 2.00016
vertex 5.14656 3.65472 2.00016
endloop
endfacet
facet normal 0 0 1
outer loop
vertex 4.22688 3.6916800000000003 2.00016
vertex 5.14656 3.65472 2.00016
vertex 5.13696 3.6974400000000003 2.00016
endloop
endfacet
facet normal 0 0 1
outer loop
vertex 4.22688 3.6916800000000003 2.00016
vertex 5.13696 3.6974400000000003 2.00016
vertex 5.1288 3.72576 2.00016
endloop
endfacet
facet normal 0 0 1
outer loop
vertex 4.22688 3.6916800000000003 2.00016
vertex 5.1288 3.72576 2.00016
vertex 2.74368 3.72576 2.00016
endloop
endfacet
facet normal 0 0 1
outer loop
vertex 0 3.72576 2.00016
vertex 0 3.65472 2.00016
vertex 2.02176 3.65472 2.00016
endloop
endfacet
facet normal 0 0 1
outer loop
vertex 0 3.72576 2.00016
vertex 2.02176 3.65472 2.00016
vertex 2.2560000000000002 3.72576 2.00016
endloop
endfacet
facet normal 0 0 1
outer loop
vertex 53.9784 3.65472 2.00016
vertex 54.1944 3.53952 2.00016
vertex 56.00016 3.53952 2.00016
endloop
endfacet
facet normal 0 0 1
outer loop
vertex 53.9784 3.65472 2.00016
vertex 56.00016 3.53952 2.00016
vertex 56.00016 3.65472 2.00016
endloop
endfacet
facet normal 0 0 1
outer loop
vertex 51.66912 3.5928 2.00016
vertex 50.853120000000004 3.65472 2.00016
vertex 50.83536 3.57456 2.00016
endloop
endfacet
facet normal 0 0 0.9999999999999999
outer loop
vertex 51.66912 3.5928 2.00016
vertex 50.83536 3.57456 2.00016
vertex 50.8296 3.53952 2.00016
endloop
endfacet
facet normal 0 0 1
outer loop
vertex 51.66912 3.5928 2.00016
vertex 50.8296 3.53952 2.00016
vertex 52.80576 3.53952 2.00016
endloop
endfacet
facet normal 0 0 1
outer loop
vertex 51.66912 3.5928 2.00016
vertex 52.80576 3.53952 2.00016
vertex 53.02176 3.65472 2.00016
endloop
endfacet
facet normal 0 0 1
outer loop
vertex 51.66912 3.5928 2.00016
vertex 53.02176 3.65472 2.00016
vertex 50.853120000000004 3.65472 2.00016
endloop
endfacet
facet normal 0 0 1
outer loop
vertex 4.33104 3.5928 2.00016
vertex 2.9784 3.65472 2.00016
vertex 3.1944 3.53952 2.00016
endloop
endfacet
facet normal 0 0 1
outer loop
vertex 4.33104 3.5928 2.00016
vertex 3.1944 3.53952 2.00016
vertex 5.1700800000000005 3.53952 2.00016
endloop
endfacet
facet normal 0 0 1
outer loop
vertex 4.33104 3.5928 2.00016
vertex 5.1700800000000005 3.53952 2.00016
vertex 5.1648000000000005 3.57456 2.00016
endloop
endfacet
facet normal 0 0 1
outer loop
vertex 4.33104 3.5928 2.00016
vertex 5.1648000000000005 3.57456 2.00016
vertex 5.14656 3.65472 2.00016
endloop
endfacet
facet normal 0 0 1
outer loop
vertex 4.33104 3.5928 2.00016
vertex 5.14656 3.65472 2.00016
vertex 2.9784 3.65472 2.00016
endloop
endfacet
facet normal 0 0 1
outer loop
vertex 0 3.65472 2.00016
vertex 0 3.53952 2.00016
vertex 1.80576 3.53952 2.00016
endloop
endfacet
facet normal 0 0 1
outer loop
vertex 0 3.65472 2.00016
vertex 1.80576 3.53952 2.00016
vertex 2.02176 3.65472 2.00016
endloop
endfacet
facet normal 0 0 1
outer loop
vertex 54.1944 3.53952 2.00016
vertex 54.384 3.384 2.00016
vertex 56.00016 3.384 2.00016
endloop
endfacet
facet normal 0 0 1
outer loop
vertex 54.1944 3.53952 2.00016
vertex 56.00016 3.384 2.00016
vertex 56.00016 3.53952 2.00016
endloop
endfacet
facet normal 0 0 1
outer loop
vertex 51.575520000000004 3.45936 2.00016
vertex 50.8296 3.53952 2.00016
vertex 50.81568 3.45072 2.00016
endloop
endfacet
facet normal 0 0 1
outer loop
vertex 51.575520000000004 3.45936 2.00016
vertex 50.81568 3.45072 2.00016
vertex 50.80944 3.384 2.00016
endloop
endfacet
facet normal 0 0 1
outer loop
vertex 51.575520000000004 3.45936 2.00016
vertex 50.80944 3.384 2.00016
vertex 52.61616 3.384 2.00016
endloop
endfacet
facet normal 0 0 1
outer loop
vertex 51.575520000000004 3.45936 2.00016
vertex 52.61616 3.384 2.00016
vertex 52.80576 3.53952 2.00016
endloop
endfacet
facet normal 0 0 1
outer loop
vertex 51.575520000000004 3.45936 2.00016
vertex 52.80576 3.53952 2.00016
vertex 50.8296 3.53952 2.00016
endloop
endfacet
facet normal 0 0 1
outer loop
vertex 4.42464 3.45936 2.00016
vertex 3.1944 3.53952 2.00016
vertex 3.384 3.384 2.00016
endloop
endfacet
facet normal 0 0 1
outer loop
vertex 4.42464 3.45936 2.00016
vertex 3.384 3.384 2.00016
vertex 5.19072 3.384 2.00016
endloop
endfacet
facet normal 0 0 1
outer loop
vertex 4.42464 3.45936 2.00016
vertex 5.19072 3.384 2.00016
vertex 5.184 3.45072 2.00016
endloop
endfacet
facet normal 0 0 1
outer loop
vertex 4.42464 3.45936 2.00016
vertex 5.184 3.45072 2.00016
vertex 5.1700800000000005 3.53952 2.00016
endloop
endfacet
facet normal 0 0 1
outer loop
vertex 4.42464 3.45936 2.00016
vertex 5.1700800000000005 3.53952 2.00016
vertex 3.1944 3.53952 2.00016
endloop
endfacet
facet normal 0 0 1
outer loop
vertex 0 3.53952 2.00016
vertex 0 3.384 2.00016
vertex 1.61616 3.384 2.00016
endloop
endfacet
facet normal 0 0 1
outer loop
vertex 0 3.53952 2.00016
vertex 1.61616 3.384 2.00016
vertex 1.80576 3.53952 2.00016
endloop
endfacet
facet normal 0 0 1
outer loop
vertex 54.384 3.384 2.00016
vertex 54.53952 3.1944 2.00016
vertex 56.00016 3.1944 2.00016
endloop
endfacet
facet normal 0 0 1
outer loop
vertex 54.384 3.384 2.00016
vertex 56.00016 3.1944 2.00016
vertex 56.00016 3.384 2.00016
endloop
endfacet
facet normal 0 0 1
outer loop
vertex 51.49824 3.29664 2.00016
vertex 50.80944 3.384 2.00016
vertex 50.80416 3.32544 2.00016
endloop
endfacet
facet normal 0 0 1
outer loop
vertex 51.49824 3.29664 2.00016
vertex 50.80416 3.32544 2.00016
vertex 50.79984 3.1944 2.00016
endloop
endfacet
facet normal 0 0 1
outer loop
vertex 51.49824 3.29664 2.00016
vertex 50.79984 3.1944 2.00016
vertex 52.46064 3.1944 2.00016
endloop
endfacet
facet normal 0 0 1
outer loop
vertex 51.49824 3.29664 2.00016
vertex 52.46064 3.1944 2.00016
vertex 52.61616 3.384 2.00016
endloop
endfacet
facet normal 0 0 0.9999999999999999
outer loop
vertex 51.49824 3.29664 2.00016
vertex 52.61616 3.384 2.00016
vertex 50.80944 3.384 2.00016
endloop
endfacet
facet normal 0 0 1
outer loop
vertex 4.50192 3.29664 2.00016
vertex 3.384 3.384 2.00016
vertex 3.53952 3.1944 2.00016
endloop
endfacet
facet normal 0 0 1
outer loop
vertex 4.50192 3.29664 2.00016
vertex 3.53952 3.1944 2.00016
vertex 5.2003200000000005 3.1944 2.00016
endloop
endfacet
facet normal 0 0 1
outer loop
vertex 4.50192 3.29664 2.00016
vertex 5.2003200000000005 3.1944 2.00016
vertex 5.196 3.32544 2.00016
endloop
endfacet
facet normal 0 0 1
outer loop
vertex 4.50192 3.29664 2.00016
vertex 5.196 3.32544 2.00016
vertex 5.19072 3.384 2.00016
endloop
endfacet
facet normal 0 0 1
outer loop
vertex 4.50192 3.29664 2.00016
vertex 5.19072 3.384 2.00016
vertex 3.384 3.384 2.00016
endloop
endfacet
facet normal 0 0 1
outer loop
vertex 0 3.384 2.00016
vertex 0 3.1944 2.00016
vertex 1.46064 3.1944 2.00016
endloop
endfacet
facet normal 0 0 1
outer loop
vertex 0 3.384 2.00016
vertex 1.46064 3.1944 2.00016
vertex 1.61616 3.384 2.00016
endloop
endfacet
facet normal 0 0 1
outer loop
vertex 50.79984 3.1944 2.00016
vertex 50.796 3.0744000000000002 2.00016
vertex 52.39632 3.0744000000000002 2.00016
endloop
endfacet
facet normal 0 0 0.9999999999999999
outer loop
vertex 50.79984 3.1944 2.00016
vertex 52.39632 3.0744000000000002 2.00016
vertex 52.46064 3.1944 2.00016
endloop
endfacet
facet normal 0 0 0.9999999999999999
outer loop
vertex 3.53952 3.1944 2.00016
vertex 3.60336 3.0744000000000002 2.00016
vertex 5.20416 3.0744000000000002 2.00016
endloop
endfacet
facet normal 0 0 1
outer loop
vertex 3.53952 3.1944 2.00016
vertex 5.20416 3.0744000000000002 2.00016
vertex 5.2003200000000005 3.1944 2.00016
endloop
endfacet
facet normal 0 0 0.9999999999999999
outer loop
vertex 55.43856 3.0691200000000003 2.00016
vertex 54.53952 3.1944 2.00016
vertex 54.654720000000005 2.9784 2.00016
endloop
endfacet
facet normal 0 0 0.9999999999999999
outer loop
vertex 55.43856 3.0691200000000003 2.00016
vertex 54.654720000000005 2.9784 2.00016
vertex 55.9992 2.9784 2.00016
endloop
endfacet
facet normal 0 0 1
outer loop
vertex 55.43856 3.0691200000000003 2.00016
vertex 55.9992 2.9784 2.00016
vertex 56.00016 3 2.00016
endloop
endfacet
facet normal 0 0 1
outer loop
vertex 55.43856 3.0691200000000003 2.00016
vertex 56.00016 3 2.00016
vertex 56.00016 3.1944 2.00016
endloop
endfacet
facet normal 0 0 1
outer loop
vertex 55.43856 3.0691200000000003 2.00016
vertex 56.00016 3.1944 2.00016
vertex 54.53952 3.1944 2.00016
endloop
endfacet
facet normal 0 0 0.9999999999999999
outer loop
vertex 50.796 3.0744000000000002 2.00016
vertex 50.786880000000004 2.9784 2.00016
vertex 52.34496 2.9784 2.00016
endloop
endfacet
facet normal 0 0 1
outer loop
vertex 50.796 3.0744000000000002 2.00016
vertex 52.34496 2.9784 2.00016
vertex 52.39632 3.0744000000000002 2.00016
endloop
endfacet
facet normal 0 0 1
outer loop
vertex 3.60336 3.0744000000000002 2.00016
vertex 3.65472 2.9784 2.00016
vertex 5.2128000000000005 2.9784 2.00016
endloop
endfacet
facet normal 0 0 0.9999999999999999
outer loop
vertex 3.60336 3.0744000000000002 2.00016
vertex 5.2128000000000005 2.9784 2.00016
vertex 5.20416 3.0744000000000002 2.00016
endloop
endfacet
facet normal 0 0 1
outer loop
vertex 0.5611200000000001 3.0691200000000003 2.00016
vertex 0 3.1944 2.00016
vertex 0 3 2.00016
endloop
endfacet
facet normal 0 0 1
outer loop
vertex 0.5611200000000001 3.0691200000000003 2.00016
vertex 0 3 2.00016
vertex 0.00048 2.9784 2.00016
endloop
endfacet
facet normal 0 0 1
outer loop
vertex 0.5611200000000001 3.0691200000000003 2.00016
vertex 0.00048 2.9784 2.00016
vertex 1.34496 2.9784 2.00016
endloop
endfacet
facet normal 0 0 1
outer loop
vertex 0.5611200000000001 3.0691200000000003 2.00016
vertex 1.34496 2.9784 2.00016
vertex 1.46064 3.1944 2.00016
endloop
endfacet
facet normal 0 0 1
outer loop
vertex 0.5611200000000001 3.0691200000000003 2.00016
vertex 1.46064 3.1944 2.00016
vertex 0 3.1944 2.00016
endloop
endfacet
facet normal 0 0 1
outer loop
vertex 50.786880000000004 2.9784 2.00016
vertex 50.784 2.94912 2.00016
vertex 52.33632 2.94912 2.00016
endloop
endfacet
facet normal 0 0 1
outer loop
vertex 50.786880000000004 2.9784 2.00016
vertex 52.33632 2.94912 2.00016
vertex 52.34496 2.9784 2.00016
endloop
endfacet
facet normal 0 0 0.9999999999999999
outer loop
vertex 3.65472 2.9784 2.00016
vertex 3.66384 2.94912 2.00016
vertex 5.21568 2.94912 2.00016
endloop
endfacet
facet normal 0 0 1
outer loop
vertex 3.65472 2.9784 2.00016
vertex 5.21568 2.94912 2.00016
vertex 5.2128000000000005 2.9784 2.00016
endloop
endfacet
facet normal 0 0 1
outer loop
vertex 50.784 2.94912 2.00016
vertex 50.7648 2.8252800000000002 2.00016
vertex 52.298880000000004 2.8252800000000002 2.00016
endloop
endfacet
facet normal 0 0 1
outer loop
vertex 50.784 2.94912 2.00016
vertex 52.298880000000004 2.8252800000000002 2.00016
vertex 52.33632 2.94912 2.00016
endloop
endfacet
facet normal 0 0 1
outer loop
vertex 3.66384 2.94912 2.00016
vertex 3.70128 2.8252800000000002 2.00016
vertex 5.23536 2.8252800000000002 2.00016
endloop
endfacet
facet normal 0 0 1
outer loop
vertex 3.66384 2.94912 2.00016
vertex 5.23536 2.8252800000000002 2.00016
vertex 5.21568 2.94912 2.00016
endloop
endfacet
facet normal 0 0 1
outer loop
vertex 55.47216 2.8512 2.00016
vertex 54.654720000000005 2.9784 2.00016
vertex 54.72576 2.74368 2.00016
endloop
endfacet
facet normal 0 0 1
outer loop
vertex 55.47216 2.8512 2.00016
vertex 54.72576 2.74368 2.00016
vertex 55.987680000000005 2.74368 2.00016
endloop
endfacet
facet normal 0 0 1
outer loop
vertex 55.47216 2.8512 2.00016
vertex 55.987680000000005 2.74368 2.00016
vertex 55.99392 2.81184 2.00016
endloop
endfacet
facet normal 0 0 0.9999999999999999
outer loop
vertex 55.47216 2.8512 2.00016
vertex 55.99392 2.81184 2.00016
vertex 55.9992 2.9784 2.00016
endloop
endfacet
facet normal 0 0 1
outer loop
vertex 55.47216 2.8512 2.00016
vertex 55.9992 2.9784 2.00016
vertex 54.654720000000005 2.9784 2.00016
endloop
endfacet
facet normal 0 0 1
outer loop
vertex 50.7648 2.8252800000000002 2.00016
vertex 50.74656 2.74368 2.00016
vertex 52.273920000000004 2.74368 2.00016
endloop
endfacet
facet normal 0 0 1
outer loop
vertex 50.7648 2.8252800000000002 2.00016
vertex 52.273920000000004 2.74368 2.00016
vertex 52.298880000000004 2.8252800000000002 2.00016
endloop
endfacet
facet normal 0 0 1
outer loop
vertex 3.70128 2.8252800000000002 2.00016
vertex 3.72576 2.74368 2.00016
vertex 5.2536000000000005 2.74368 2.00016
endloop
endfacet
facet normal 0 0 1
outer loop
vertex 3.70128 2.8252800000000002 2.00016
vertex 5.2536000000000005 2.74368 2.00016
vertex 5.23536 2.8252800000000002 2.00016
endloop
endfacet
facet normal 0 0 1
outer loop
vertex 0.52752 2.8512 2.00016
vertex 0.00048 2.9784 2.00016
vertex 0.00576 2.81184 2.00016
endloop
endfacet
facet normal 0 0 1
outer loop
vertex 0.52752 2.8512 2.00016
vertex 0.00576 2.81184 2.00016
vertex 0.01248 2.74368 2.00016
endloop
endfacet
facet normal 0 0 1
outer loop
vertex 0.52752 2.8512 2.00016
vertex 0.01248 2.74368 2.00016
vertex 1.27392 2.74368 2.00016
endloop
endfacet
facet normal 0 0 1
outer loop
vertex 0.52752 2.8512 2.00016
vertex 1.27392 2.74368 2.00016
vertex 1.34496 2.9784 2.00016
endloop
endfacet
facet normal 0 0 1
outer loop
vertex 0.52752 2.8512 2.00016
vertex 1.34496 2.9784 2.00016
vertex 0.00048 2.9784 2.00016
endloop
endfacet
facet normal 0 0 1
outer loop
vertex 50.74656 2.74368 2.00016
vertex 50.73696 2.7024 2.00016
vertex 52.27008 2.7024 2.00016
endloop
endfacet
facet normal 0 0 1
outer loop
vertex 50.74656 2.74368 2.00016
vertex 52.27008 2.7024 2.00016
vertex 52.273920000000004 2.74368 2.00016
endloop
endfacet
facet normal 0 0 1
outer loop
vertex 3.72576 2.74368 2.00016
vertex 3.73008 2.7024 2.00016
vertex 5.26272 2.7024 2.00016
endloop
endfacet
facet normal 0 0 1
outer loop
vertex 3.72576 2.74368 2.00016
vertex 5.26272 2.7024 2.00016
vertex 5.2536000000000005 2.74368 2.00016
endloop
endfacet
facet normal 0 0 1
outer loop
vertex 27.99984 3.4425600000000003 2.00016
vertex 6.696 4.82544 2.00016
vertex 6.70416 4.5744 2.00016
endloop
endfacet
facet normal 0 0 1
outer loop
vertex 27.99984 3.4425600000000003 2.00016
vertex 6.70416 4.5744 2.00016
vertex 6.71568 4.44912 2.00016
endloop
endfacet
facet normal 0 0 1
outer loop
vertex 27.99984 3.4425600000000003 2.00016
vertex 6.71568 4.44912 2.00016
vertex 6.73536 4.32528 2.00016
endloop
endfacet
facet normal 0 0 1
outer loop
vertex 27.99984 3.4425600000000003 2.00016
vertex 6.73536 4.32528 2.00016
vertex 6.76272 4.2024 2.00016
endloop
endfacet
facet normal 0 0 1
outer loop
vertex 27.99984 3.4425600000000003 2.00016
vertex 6.76272 4.2024 2.00016
vertex 6.79776 4.08192 2.00016
endloop
endfacet
facet normal 0 0 1
outer loop
vertex 27.99984 3.4425600000000003 2.00016
vertex 6.79776 4.08192 2.00016
vertex 6.84048 3.9638400000000003 2.00016
endloop
endfacet
facet normal 0 0 0.9999999999999999
outer loop
vertex 27.99984 3.4425600000000003 2.00016
vertex 6.84048 3.9638400000000003 2.00016
vertex 6.8904000000000005 3.84864 2.00016
endloop
endfacet
facet normal 0 0 1
outer loop
vertex 27.99984 3.4425600000000003 2.00016
vertex 6.8904000000000005 3.84864 2.00016
vertex 6.94752 3.73632 2.00016
endloop
endfacet
facet normal 0 0 1
outer loop
vertex 27.99984 3.4425600000000003 2.00016
vertex 6.94752 3.73632 2.00016
vertex 7.01136 3.62832 2.00016
endloop
endfacet
facet normal 0 0 1
outer loop
vertex 27.99984 3.4425600000000003 2.00016
vertex 7.01136 3.62832 2.00016
vertex 7.08192 3.52464 2.00016
endloop
endfacet
facet normal 0 0 1
outer loop
vertex 27.99984 3.4425600000000003 2.00016
vertex 7.08192 3.52464 2.00016
vertex 7.1592 3.42528 2.00016
endloop
endfacet
facet normal 0 0 1
outer loop
vertex 27.99984 3.4425600000000003 2.00016
vertex 7.1592 3.42528 2.00016
vertex 7.24224 3.33072 2.00016
endloop
endfacet
facet normal 0 0 1
outer loop
vertex 27.99984 3.4425600000000003 2.00016
vertex 7.24224 3.33072 2.00016
vertex 7.33104 3.24192 2.00016
endloop
endfacet
facet normal 0 0 1
outer loop
vertex 27.99984 3.4425600000000003 2.00016
vertex 7.33104 3.24192 2.00016
vertex 7.425120000000001 3.15888 2.00016
endloop
endfacet
facet normal 0 0 1
outer loop
vertex 27.99984 3.4425600000000003 2.00016
vertex 7.425120000000001 3.15888 2.00016
vertex 7.5244800000000005 3.08208 2.00016
endloop
endfacet
facet normal 0 0 1
outer loop
vertex 27.99984 3.4425600000000003 2.00016
vertex 7.5244800000000005 3.08208 2.00016
vertex 7.62816 3.01152 2.00016
endloop
endfacet
facet normal 0 0 1
outer loop
vertex 27.99984 3.4425600000000003 2.00016
vertex 7.62816 3.01152 2.00016
vertex 7.73664 2.9472 2.00016
endloop
endfacet
facet normal 0 0 1
outer loop
vertex 27.99984 3.4425600000000003 2.00016
vertex 7.73664 2.9472 2.00016
vertex 7.84848 2.8905600000000002 2.00016
endloop
endfacet
facet normal 0 0 1
outer loop
vertex 27.99984 3.4425600000000003 2.00016
vertex 7.84848 2.8905600000000002 2.00016
vertex 7.96368 2.84064 2.00016
endloop
endfacet
facet normal 0 0 1
outer loop
vertex 27.99984 3.4425600000000003 2.00016
vertex 7.96368 2.84064 2.00016
vertex 8.081760000000001 2.79792 2.00016
endloop
endfacet
facet normal 0 0 0.9999999999999999
outer loop
vertex 27.99984 3.4425600000000003 2.00016
vertex 8.081760000000001 2.79792 2.00016
vertex 8.20272 2.76288 2.00016
endloop
endfacet
facet normal 0 0 1
outer loop
vertex 27.99984 3.4425600000000003 2.00016
vertex 8.20272 2.76288 2.00016
vertex 8.32512 2.73552 2.00016
endloop
endfacet
facet normal 0 0 1
outer loop
vertex 27.99984 3.4425600000000003 2.00016
vertex 8.32512 2.73552 2.00016
vertex 8.449440000000001 2.71584 2.00016
endloop
endfacet
facet normal 0 0 1
outer loop
vertex 27.99984 3.4425600000000003 2.00016
vertex 8.449440000000001 2.71584 2.00016
vertex 8.57424 2.70384 2.00016
endloop
endfacet
facet normal 0 0 1
outer loop
vertex 27.99984 3.4425600000000003 2.00016
vertex 8.57424 2.70384 2.00016
vertex 8.700000000000001 2.7 2.00016
endloop
endfacet
facet normal 0 0 0.9999999999999999
outer loop
vertex 27.99984 3.4425600000000003 2.00016
vertex 8.700000000000001 2.7 2.00016
vertex 47.30016 2.7 2.00016
endloop
endfacet
facet normal 0 0 0.9999999999999999
outer loop
vertex 27.99984 3.4425600000000003 2.00016
vertex 47.30016 2.7 2.00016
vertex 47.42544 2.70384 2.00016
endloop
endfacet
facet normal 0 0 1
outer loop
vertex 27.99984 3.4425600000000003 2.00016
vertex 47.42544 2.70384 2.00016
vertex 47.55072 2.71584 2.00016
endloop
endfacet
facet normal 0 0 1
outer loop
vertex 27.99984 3.4425600000000003 2.00016
vertex 47.55072 2.71584 2.00016
vertex 47.67456 2.73552 2.00016
endloop
endfacet
facet normal 0 0 1
outer loop
vertex 27.99984 3.4425600000000003 2.00016
vertex 47.67456 2.73552 2.00016
vertex 47.79744 2.76288 2.00016
endloop
endfacet
facet normal 0 0 0.9999999999999999
outer loop
vertex 27.99984 3.4425600000000003 2.00016
vertex 47.79744 2.76288 2.00016
vertex 47.91792 2.79792 2.00016
endloop
endfacet
facet normal 0 0 0.9999999999999999
outer loop
vertex 27.99984 3.4425600000000003 2.00016
vertex 47.91792 2.79792 2.00016
vertex 48.036480000000005 2.84064 2.00016
endloop
endfacet
facet normal 0 0 1
outer loop
vertex 27.99984 3.4425600000000003 2.00016
vertex 48.036480000000005 2.84064 2.00016
vertex 48.15168 2.8905600000000002 2.00016
endloop
endfacet
facet normal 0 0 1
outer loop
vertex 27.99984 3.4425600000000003 2.00016
vertex 48.15168 2.8905600000000002 2.00016
vertex 48.26352 2.9472 2.00016
endloop
endfacet
facet normal 0 0 1
outer loop
vertex 27.99984 3.4425600000000003 2.00016
vertex 48.26352 2.9472 2.00016
vertex 48.371520000000004 3.01152 2.00016
endloop
endfacet
facet normal 0 0 1
outer loop
vertex 27.99984 3.4425600000000003 2.00016
vertex 48.371520000000004 3.01152 2.00016
vertex 48.475680000000004 3.08208 2.00016
endloop
endfacet
facet normal 0 0 1
outer loop
vertex 27.99984 3.4425600000000003 2.00016
vertex 48.475680000000004 3.08208 2.00016
vertex 48.57504 3.15888 2.00016
endloop
endfacet
facet normal 0 0 1
outer loop
vertex 27.99984 3.4425600000000003 2.00016
vertex 48.57504 3.15888 2.00016
vertex 48.66912 3.24192 2.00016
endloop
endfacet
facet normal 0 0 1
outer loop
vertex 27.99984 3.4425600000000003 2.00016
vertex 48.66912 3.24192 2.00016
vertex 48.75792 3.33072 2.00016
endloop
endfacet
facet normal 0 0 1
outer loop
vertex 27.99984 3.4425600000000003 2.00016
vertex 48.75792 3.33072 2.00016
vertex 48.84096 3.42528 2.00016
endloop
endfacet
facet normal 0 0 1
outer loop
vertex 27.99984 3.4425600000000003 2.00016
vertex 48.84096 3.42528 2.00016
vertex 48.918240000000004 3.52464 2.00016
endloop
endfacet
facet normal 0 0 1
outer loop
vertex 27.99984 3.4425600000000003 2.00016
vertex 48.918240000000004 3.52464 2.00016
vertex 48.988800000000005 3.62832 2.00016
endloop
endfacet
facet normal 0 0 1
outer loop
vertex 27.99984 3.4425600000000003 2.00016
vertex 48.988800000000005 3.62832 2.00016
vertex 49.052640000000004 3.73632 2.00016
endloop
endfacet
facet normal 0 0 1
outer loop
vertex 27.99984 3.4425600000000003 2.00016
vertex 49.052640000000004 3.73632 2.00016
vertex 49.10976 3.84864 2.00016
endloop
endfacet
facet normal 0 0 1
outer loop
vertex 27.99984 3.4425600000000003 2.00016
vertex 49.10976 3.84864 2.00016
vertex 49.15968 3.9638400000000003 2.00016
endloop
endfacet
facet normal 0 0 1
outer loop
vertex 27.99984 3.4425600000000003 2.00016
vertex 49.15968 3.9638400000000003 2.00016
vertex 49.20192 4.08192 2.00016
endloop
endfacet
facet normal 0 0 1
outer loop
vertex 27.99984 3.4425600000000003 2.00016
vertex 49.20192 4.08192 2.00016
vertex 49.23696 4.2024 2.00016
endloop
endfacet
facet normal 0 0 1
outer loop
vertex 27.99984 3.4425600000000003 2.00016
vertex 49.23696 4.2024 2.00016
vertex 49.2648 4.32528 2.00016
endloop
endfacet
facet normal 0 0 1
outer loop
vertex 27.99984 3.4425600000000003 2.00016
vertex 49.2648 4.32528 2.00016
vertex 49.284 4.44912 2.00016
endloop
endfacet
facet normal 0 0 1
outer loop
vertex 27.99984 3.4425600000000003 2.00016
vertex 49.284 4.44912 2.00016
vertex 49.296 4.5744 2.00016
endloop
endfacet
facet normal 0 0 0.9999999999999999
outer loop
vertex 27.99984 3.4425600000000003 2.00016
vertex 49.296 4.5744 2.00016
vertex 49.30416 4.82544 2.00016
endloop
endfacet
facet normal 0 0 1
outer loop
vertex 27.99984 3.4425600000000003 2.00016
vertex 49.30416 4.82544 2.00016
vertex 6.696 4.82544 2.00016
endloop
endfacet
facet normal 0 0 1
outer loop
vertex 50.73696 2.7024 2.00016
vertex 50.70192 2.58192 2.00016
vertex 52.25808 2.58192 2.00016
endloop
endfacet
facet normal 0 0 0.9999999999999999
outer loop
vertex 50.73696 2.7024 2.00016
vertex 52.25808 2.58192 2.00016
vertex 52.27008 2.7024 2.00016
endloop
endfacet
facet normal 0 0 1
outer loop
vertex 3.73008 2.7024 2.00016
vertex 3.74208 2.58192 2.00016
vertex 5.29776 2.58192 2.00016
endloop
endfacet
facet normal 0 0 0.9999999999999999
outer loop
vertex 3.73008 2.7024 2.00016
vertex 5.29776 2.58192 2.00016
vertex 5.26272 2.7024 2.00016
endloop
endfacet
facet normal 0 0 1
outer loop
vertex 55.47936 2.62224 2.00016
vertex 54.72576 2.74368 2.00016
vertex 54.75024 2.4998400000000003 2.00016
endloop
endfacet
facet normal 0 0 1
outer loop
vertex 55.47936 2.62224 2.00016
vertex 54.75024 2.4998400000000003 2.00016
vertex 55.95648 2.4998400000000003 2.00016
endloop
endfacet
facet normal 0 0 1
outer loop
vertex 55.47936 2.62224 2.00016
vertex 55.95648 2.4998400000000003 2.00016
vertex 55.97616 2.6241600000000003 2.00016
endloop
endfacet
facet normal 0 0 1
outer loop
vertex 55.47936 2.62224 2.00016
vertex 55.97616 2.6241600000000003 2.00016
vertex 55.987680000000005 2.74368 2.00016
endloop
endfacet
facet normal 0 0 1
outer loop
vertex 55.47936 2.62224 2.00016
vertex 55.987680000000005 2.74368 2.00016
vertex 54.72576 2.74368 2.00016
endloop
endfacet
facet normal 0 0 1
outer loop
vertex 50.70192 2.58192 2.00016
vertex 50.67264 2.4998400000000003 2.00016
vertex 52.24992 2.4998400000000003 2.00016
endloop
endfacet
facet normal 0 0 1
outer loop
vertex 50.70192 2.58192 2.00016
vertex 52.24992 2.4998400000000003 2.00016
vertex 52.25808 2.58192 2.00016
endloop
endfacet
facet normal 0 0 1
outer loop
vertex 3.74208 2.58192 2.00016
vertex 3.7502400000000002 2.4998400000000003 2.00016
vertex 5.32752 2.4998400000000003 2.00016
endloop
endfacet
facet normal 0 0 1
outer loop
vertex 3.74208 2.58192 2.00016
vertex 5.32752 2.4998400000000003 2.00016
vertex 5.29776 2.58192 2.00016
endloop
endfacet
facet normal 0 0 0.9999999999999999
outer loop
vertex 0.5208 2.62224 2.00016
vertex 0.01248 2.74368 2.00016
vertex 0.02352 2.6241600000000003 2.00016
endloop
endfacet
facet normal 0 0 1
outer loop
vertex 0.5208 2.62224 2.00016
vertex 0.02352 2.6241600000000003 2.00016
vertex 0.0432 2.4998400000000003 2.00016
endloop
endfacet
facet normal 0 0 1
outer loop
vertex 0.5208 2.62224 2.00016
vertex 0.0432 2.4998400000000003 2.00016
vertex 1.2499200000000001 2.4998400000000003 2.00016
endloop
endfacet
facet normal 0 0 1
outer loop
vertex 0.5208 2.62224 2.00016
vertex 1.2499200000000001 2.4998400000000003 2.00016
vertex 1.27392 2.74368 2.00016
endloop
endfacet
facet normal 0 0 1
outer loop
vertex 0.5208 2.62224 2.00016
vertex 1.27392 2.74368 2.00016
vertex 0.01248 2.74368 2.00016
endloop
endfacet
facet normal 0 0 1
outer loop
vertex 50.67264 2.4998400000000003 2.00016
vertex 50.65968 2.4638400000000003 2.00016
vertex 52.25376 2.4638400000000003 2.00016
endloop
endfacet
facet normal 0 0 1
outer loop
vertex 50.67264 2.4998400000000003 2.00016
vertex 52.25376 2.4638400000000003 2.00016
vertex 52.24992 2.4998400000000003 2.00016
endloop
endfacet
facet normal 0 0 0.9999999999999999
outer loop
vertex 3.7502400000000002 2.4998400000000003 2.00016
vertex 3.7464 2.4638400000000003 2.00016
vertex 5.34048 2.4638400000000003 2.00016
endloop
endfacet
facet normal 0 0 1
outer loop
vertex 3.7502400000000002 2.4998400000000003 2.00016
vertex 5.34048 2.4638400000000003 2.00016
vertex 5.32752 2.4998400000000003 2.00016
endloop
endfacet
facet normal 0 0 1
outer loop
vertex 50.65968 2.4638400000000003 2.00016
vertex 50.60976 2.34864 2.00016
vertex 52.2648 2.34864 2.00016
endloop
endfacet
facet normal 0 0 1
outer loop
vertex 50.65968 2.4638400000000003 2.00016
vertex 52.2648 2.34864 2.00016
vertex 52.25376 2.4638400000000003 2.00016
endloop
endfacet
facet normal 0 0 1
outer loop
vertex 3.7464 2.4638400000000003 2.00016
vertex 3.73488 2.34864 2.00016
vertex 5.3904000000000005 2.34864 2.00016
endloop
endfacet
facet normal 0 0 1
outer loop
vertex 3.7464 2.4638400000000003 2.00016
vertex 5.3904000000000005 2.34864 2.00016
vertex 5.34048 2.4638400000000003 2.00016
endloop
endfacet
facet normal 0 0 1
outer loop
vertex 55.3392 2.40816 2.00016
vertex 54.75024 2.4998400000000003 2.00016
vertex 54.74976 2.4998400000000003 2.00016
endloop
endfacet
facet normal 0 0 1
outer loop
vertex 55.3392 2.40816 2.00016
vertex 54.74976 2.4998400000000003 2.00016
vertex 54.72576 2.2560000000000002 2.00016
endloop
endfacet
facet normal 0 0 1
outer loop
vertex 55.3392 2.40816 2.00016
vertex 54.72576 2.2560000000000002 2.00016
vertex 55.90608 2.2560000000000002 2.00016
endloop
endfacet
facet normal 0 0 0.9999999999999999
outer loop
vertex 55.3392 2.40816 2.00016
vertex 55.90608 2.2560000000000002 2.00016
vertex 55.94688 2.43792 2.00016
endloop
endfacet
facet normal 0 0 1
outer loop
vertex 55.3392 2.40816 2.00016
vertex 55.94688 2.43792 2.00016
vertex 55.95648 2.4998400000000003 2.00016
endloop
endfacet
facet normal 0 0 1
outer loop
vertex 55.3392 2.40816 2.00016
vertex 55.95648 2.4998400000000003 2.00016
vertex 54.75024 2.4998400000000003 2.00016
endloop
endfacet
facet normal 0 0 1
outer loop
vertex 50.60976 2.34864 2.00016
vertex 50.56272 2.2560000000000002 2.00016
vertex 52.273920000000004 2.2560000000000002 2.00016
endloop
endfacet
facet normal 0 0 1
outer loop
vertex 50.60976 2.34864 2.00016
vertex 52.273920000000004 2.2560000000000002 2.00016
vertex 52.2648 2.34864 2.00016
endloop
endfacet
facet normal 0 0 1
outer loop
vertex 3.73488 2.34864 2.00016
vertex 3.72576 2.2560000000000002 2.00016
vertex 5.4374400000000005 2.2560000000000002 2.00016
endloop
endfacet
facet normal 0 0 1
outer loop
vertex 3.73488 2.34864 2.00016
vertex 5.4374400000000005 2.2560000000000002 2.00016
vertex 5.3904000000000005 2.34864 2.00016
endloop
endfacet
facet normal 0 0 1
outer loop
vertex 0.54288 2.38992 2.00016
vertex 0.0432 2.4998400000000003 2.00016
vertex 0.05328 2.43792 2.00016
endloop
endfacet
facet normal 0 0 1
outer loop
vertex 0.54288 2.38992 2.00016
vertex 0.05328 2.43792 2.00016
vertex 0.0936 2.2560000000000002 2.00016
endloop
endfacet
facet normal 0 0 0.9999999999999999
outer loop
vertex 0.54288 2.38992 2.00016
vertex 0.0936 2.2560000000000002 2.00016
vertex 1.27392 2.2560000000000002 2.00016
endloop
endfacet
facet normal 0 0 1
outer loop
vertex 0.54288 2.38992 2.00016
vertex 1.27392 2.2560000000000002 2.00016
vertex 1.2499200000000001 2.4998400000000003 2.00016
endloop
endfacet
facet normal 0 0 1
outer loop
vertex 0.54288 2.38992 2.00016
vertex 1.2499200000000001 2.4998400000000003 2.00016
vertex 0.0432 2.4998400000000003 2.00016
endloop
endfacet
facet normal 0 0 1
outer loop
vertex 50.56272 2.2560000000000002 2.00016
vertex 50.552640000000004 2.23632 2.00016
vertex 52.28016 2.23632 2.00016
endloop
endfacet
facet normal 0 0 1
outer loop
vertex 50.56272 2.2560000000000002 2.00016
vertex 52.28016 2.23632 2.00016
vertex 52.273920000000004 2.2560000000000002 2.00016
endloop
endfacet
facet normal 0 0 1
outer loop
vertex 3.72576 2.2560000000000002 2.00016
vertex 3.72 2.23632 2.00016
vertex 5.44752 2.23632 2.00016
endloop
endfacet
facet normal 0 0 1
outer loop
vertex 3.72576 2.2560000000000002 2.00016
vertex 5.44752 2.23632 2.00016
vertex 5.4374400000000005 2.2560000000000002 2.00016
endloop
endfacet
facet normal 0 0 1
outer loop
vertex 50.552640000000004 2.23632 2.00016
vertex 50.488800000000005 2.12832 2.00016
vertex 52.3128 2.12832 2.00016
endloop
endfacet
facet normal 0 0 0.9999999999999999
outer loop
vertex 50.552640000000004 2.23632 2.00016
vertex 52.3128 2.12832 2.00016
vertex 52.28016 2.23632 2.00016
endloop
endfacet
facet normal 0 0 1
outer loop
vertex 3.72 2.23632 2.00016
vertex 3.68736 2.12832 2.00016
vertex 5.51136 2.12832 2.00016
endloop
endfacet
facet normal 0 0 1
outer loop
vertex 3.72 2.23632 2.00016
vertex 5.51136 2.12832 2.00016
vertex 5.44752 2.23632 2.00016
endloop
endfacet
facet normal 0 0 0.9999999999999999
outer loop
vertex 50.488800000000005 2.12832 2.00016
vertex 50.418240000000004 2.02464 2.00016
vertex 52.344480000000004 2.02464 2.00016
endloop
endfacet
facet normal 0 0 1
outer loop
vertex 50.488800000000005 2.12832 2.00016
vertex 52.344480000000004 2.02464 2.00016
vertex 52.3128 2.12832 2.00016
endloop
endfacet
facet normal 0 0 0.9999999999999999
outer loop
vertex 3.68736 2.12832 2.00016
vertex 3.6556800000000003 2.02464 2.00016
vertex 5.58192 2.02464 2.00016
endloop
endfacet
facet normal 0 0 1
outer loop
vertex 3.68736 2.12832 2.00016
vertex 5.58192 2.02464 2.00016
vertex 5.51136 2.12832 2.00016
endloop
endfacet
facet normal 0 0 1
outer loop
vertex 55.47984 2.14704 2.00016
vertex 54.72576 2.2560000000000002 2.00016
vertex 54.654720000000005 2.02176 2.00016
endloop
endfacet
facet normal 0 0 1
outer loop
vertex 55.47984 2.14704 2.00016
vertex 54.654720000000005 2.02176 2.00016
vertex 55.83456 2.02176 2.00016
endloop
endfacet
facet normal 0 0 1
outer loop
vertex 55.47984 2.14704 2.00016
vertex 55.83456 2.02176 2.00016
vertex 55.85328 2.07312 2.00016
endloop
endfacet
facet normal 0 0 1
outer loop
vertex 55.47984 2.14704 2.00016
vertex 55.85328 2.07312 2.00016
vertex 55.9056 2.25408 2.00016
endloop
endfacet
facet normal 0 0 1
outer loop
vertex 55.47984 2.14704 2.00016
vertex 55.9056 2.25408 2.00016
vertex 55.90608 2.2560000000000002 2.00016
endloop
endfacet
facet normal 0 0 1
outer loop
vertex 55.47984 2.14704 2.00016
vertex 55.90608 2.2560000000000002 2.00016
vertex 54.72576 2.2560000000000002 2.00016
endloop
endfacet
facet normal 0 0 1
outer loop
vertex 50.418240000000004 2.02464 2.00016
vertex 50.41584 2.02176 2.00016
vertex 52.34496 2.02176 2.00016
endloop
endfacet
facet normal 0 0 1
outer loop
vertex 50.418240000000004 2.02464 2.00016
vertex 52.34496 2.02176 2.00016
vertex 52.344480000000004 2.02464 2.00016
endloop
endfacet
facet normal 0 0 1
outer loop
vertex 3.6556800000000003 2.02464 2.00016
vertex 3.65472 2.02176 2.00016
vertex 5.58432 2.02176 2.00016
endloop
endfacet
facet normal 0 0 1
outer loop
vertex 3.6556800000000003 2.02464 2.00016
vertex 5.58432 2.02176 2.00016
vertex 5.58192 2.02464 2.00016
endloop
endfacet
facet normal 0 0 1
outer loop
vertex 0.51984 2.14704 2.00016
vertex 0.0936 2.2560000000000002 2.00016
vertex 0.09408 2.25408 2.00016
endloop
endfacet
facet normal 0 0 1
outer loop
vertex 0.51984 2.14704 2.00016
vertex 0.09408 2.25408 2.00016
vertex 0.14688 2.07312 2.00016
endloop
endfacet
facet normal 0 0 1
outer loop
vertex 0.51984 2.14704 2.00016
vertex 0.14688 2.07312 2.00016
vertex 0.16512000000000002 2.02176 2.00016
endloop
endfacet
facet normal 0 0 1
outer loop
vertex 0.51984 2.14704 2.00016
vertex 0.16512000000000002 2.02176 2.00016
vertex 1.34496 2.02176 2.00016
endloop
endfacet
facet normal 0 0 0.9999999999999999
outer loop
vertex 0.51984 2.14704 2.00016
vertex 1.34496 2.02176 2.00016
vertex 1.27392 2.2560000000000002 2.00016
endloop
endfacet
facet normal 0 0 1
outer loop
vertex 0.51984 2.14704 2.00016
vertex 1.27392 2.2560000000000002 2.00016
vertex 0.0936 2.2560000000000002 2.00016
endloop
endfacet
facet normal 0 0 1
outer loop
vertex 50.41584 2.02176 2.00016
vertex 50.34096 1.92528 2.00016
vertex 52.3968 1.92528 2.00016
endloop
endfacet
facet normal 0 0 1
outer loop
vertex 50.41584 2.02176 2.00016
vertex 52.3968 1.92528 2.00016
vertex 52.34496 2.02176 2.00016
endloop
endfacet
facet normal 0 0 1
outer loop
vertex 3.65472 2.02176 2.00016
vertex 3.60336 1.92528 2.00016
vertex 5.6592 1.92528 2.00016
endloop
endfacet
facet normal 0 0 1
outer loop
vertex 3.65472 2.02176 2.00016
vertex 5.6592 1.92528 2.00016
vertex 5.58432 2.02176 2.00016
endloop
endfacet
facet normal 0 0 1
outer loop
vertex 50.34096 1.92528 2.00016
vertex 50.25792 1.8307200000000001 2.00016
vertex 52.4472 1.8307200000000001 2.00016
endloop
endfacet
facet normal 0 0 1
outer loop
vertex 50.34096 1.92528 2.00016
vertex 52.4472 1.8307200000000001 2.00016
vertex 52.3968 1.92528 2.00016
endloop
endfacet
facet normal 0 0 1
outer loop
vertex 3.60336 1.92528 2.00016
vertex 3.55296 1.8307200000000001 2.00016
vertex 5.74224 1.8307200000000001 2.00016
endloop
endfacet
facet normal 0 0 0.9999999999999999
outer loop
vertex 3.60336 1.92528 2.00016
vertex 5.74224 1.8307200000000001 2.00016
vertex 5.6592 1.92528 2.00016
endloop
endfacet
facet normal 0 0 1
outer loop
vertex 55.31376 1.90992 2.00016
vertex 54.654720000000005 2.02176 2.00016
vertex 54.53952 1.80576 2.00016
endloop
endfacet
facet normal 0 0 1
outer loop
vertex 55.31376 1.90992 2.00016
vertex 54.53952 1.80576 2.00016
vertex 55.75056 1.80576 2.00016
endloop
endfacet
facet normal 0 0 1
outer loop
vertex 55.31376 1.90992 2.00016
vertex 55.75056 1.80576 2.00016
vertex 55.78944 1.89552 2.00016
endloop
endfacet
facet normal 0 0 0.9999999999999999
outer loop
vertex 55.31376 1.90992 2.00016
vertex 55.78944 1.89552 2.00016
vertex 55.83456 2.02176 2.00016
endloop
endfacet
facet normal 0 0 1
outer loop
vertex 55.31376 1.90992 2.00016
vertex 55.83456 2.02176 2.00016
vertex 54.654720000000005 2.02176 2.00016
endloop
endfacet
facet normal 0 0 0.9999999999999999
outer loop
vertex 50.25792 1.8307200000000001 2.00016
vertex 50.23248 1.80576 2.00016
vertex 52.46064 1.80576 2.00016
endloop
endfacet
facet normal 0 0 1
outer loop
vertex 50.25792 1.8307200000000001 2.00016
vertex 52.46064 1.80576 2.00016
vertex 52.4472 1.8307200000000001 2.00016
endloop
endfacet
facet normal 0 0 1
outer loop
vertex 3.55296 1.8307200000000001 2.00016
vertex 3.53952 1.80576 2.00016
vertex 5.7672 1.80576 2.00016
endloop
endfacet
facet normal 0 0 1
outer loop
vertex 3.55296 1.8307200000000001 2.00016
vertex 5.7672 1.80576 2.00016
vertex 5.74224 1.8307200000000001 2.00016
endloop
endfacet
facet normal 0 0 1
outer loop
vertex 0.6864 1.90992 2.00016
vertex 0.16512000000000002 2.02176 2.00016
vertex 0.21072000000000002 1.89552 2.00016
endloop
endfacet
facet normal 0 0 1
outer loop
vertex 0.6864 1.90992 2.00016
vertex 0.21072000000000002 1.89552 2.00016
vertex 0.24960000000000002 1.80576 2.00016
endloop
endfacet
facet normal 0 0 1
outer loop
vertex 0.6864 1.90992 2.00016
vertex 0.24960000000000002 1.80576 2.00016
vertex 1.46064 1.80576 2.00016
endloop
endfacet
facet normal 0 0 1
outer loop
vertex 0.6864 1.90992 2.00016
vertex 1.46064 1.80576 2.00016
vertex 1.34496 2.02176 2.00016
endloop
endfacet
facet normal 0 0 1
outer loop
vertex 0.6864 1.90992 2.00016
vertex 1.34496 2.02176 2.00016
vertex 0.16512000000000002 2.02176 2.00016
endloop
endfacet
facet normal 0 0 0.9999999999999999
outer loop
vertex 50.23248 1.80576 2.00016
vertex 50.16912 1.7419200000000001 2.00016
vertex 52.51296 1.7419200000000001 2.00016
endloop
endfacet
facet normal 0 0 0.9999999999999999
outer loop
vertex 50.23248 1.80576 2.00016
vertex 52.51296 1.7419200000000001 2.00016
vertex 52.46064 1.80576 2.00016
endloop
endfacet
facet normal 0 0 1
outer loop
vertex 3.53952 1.80576 2.00016
vertex 3.4872 1.7419200000000001 2.00016
vertex 5.83104 1.7419200000000001 2.00016
endloop
endfacet
facet normal 0 0 1
outer loop
vertex 3.53952 1.80576 2.00016
vertex 5.83104 1.7419200000000001 2.00016
vertex 5.7672 1.80576 2.00016
endloop
endfacet
facet normal 0 0 1
outer loop
vertex 50.16912 1.7419200000000001 2.00016
vertex 50.07504 1.6588800000000001 2.00016
vertex 52.58112 1.6588800000000001 2.00016
endloop
endfacet
facet normal 0 0 1
outer loop
vertex 50.16912 1.7419200000000001 2.00016
vertex 52.58112 1.6588800000000001 2.00016
vertex 52.51296 1.7419200000000001 2.00016
endloop
endfacet
facet normal 0 0 1
outer loop
vertex 3.4872 1.7419200000000001 2.00016
vertex 3.4190400000000003 1.6588800000000001 2.00016
vertex 5.92512 1.6588800000000001 2.00016
endloop
endfacet
facet normal 0 0 0.9999999999999999
outer loop
vertex 3.4872 1.7419200000000001 2.00016
vertex 5.92512 1.6588800000000001 2.00016
vertex 5.83104 1.7419200000000001 2.00016
endloop
endfacet
facet normal 0 0 1
outer loop
vertex 55.2096 1.71312 2.00016
vertex 54.53952 1.80576 2.00016
vertex 54.384 1.61616 2.00016
endloop
endfacet
facet normal 0 0 1
outer loop
vertex 55.2096 1.71312 2.00016
vertex 54.384 1.61616 2.00016
vertex 55.66032 1.61616 2.00016
endloop
endfacet
facet normal 0 0 1
outer loop
vertex 55.2096 1.71312 2.00016
vertex 55.66032 1.61616 2.00016
vertex 55.71456 1.72272 2.00016
endloop
endfacet
facet normal 0 0 1
outer loop
vertex 55.2096 1.71312 2.00016
vertex 55.71456 1.72272 2.00016
vertex 55.75056 1.80576 2.00016
endloop
endfacet
facet normal 0 0 1
outer loop
vertex 55.2096 1.71312 2.00016
vertex 55.75056 1.80576 2.00016
vertex 54.53952 1.80576 2.00016
endloop
endfacet
facet normal 0 0 1
outer loop
vertex 50.07504 1.6588800000000001 2.00016
vertex 50.01936 1.61616 2.00016
vertex 52.61616 1.61616 2.00016
endloop
endfacet
facet normal 0 0 0.9999999999999999
outer loop
vertex 50.07504 1.6588800000000001 2.00016
vertex 52.61616 1.61616 2.00016
vertex 52.58112 1.6588800000000001 2.00016
endloop
endfacet
facet normal 0 0 1
outer loop
vertex 3.4190400000000003 1.6588800000000001 2.00016
vertex 3.384 1.61616 2.00016
vertex 5.98032 1.61616 2.00016
endloop
endfacet
facet normal 0 0 1
outer loop
vertex 3.4190400000000003 1.6588800000000001 2.00016
vertex 5.98032 1.61616 2.00016
vertex 5.92512 1.6588800000000001 2.00016
endloop
endfacet
facet normal 0 0 1
outer loop
vertex 0.79056 1.71312 2.00016
vertex 0.24960000000000002 1.80576 2.00016
vertex 0.2856 1.72272 2.00016
endloop
endfacet
facet normal 0 0 1
outer loop
vertex 0.79056 1.71312 2.00016
vertex 0.2856 1.72272 2.00016
vertex 0.33984000000000003 1.61616 2.00016
endloop
endfacet
facet normal 0 0 1
outer loop
vertex 0.79056 1.71312 2.00016
vertex 0.33984000000000003 1.61616 2.00016
vertex 1.61616 1.61616 2.00016
endloop
endfacet
facet normal 0 0 1
outer loop
vertex 0.79056 1.71312 2.00016
vertex 1.61616 1.61616 2.00016
vertex 1.46064 1.80576 2.00016
endloop
endfacet
facet normal 0 0 1
outer loop
vertex 0.79056 1.71312 2.00016
vertex 1.46064 1.80576 2.00016
vertex 0.24960000000000002 1.80576 2.00016
endloop
endfacet
facet normal 0 0 0.9999999999999999
outer loop
vertex 50.01936 1.61616 2.00016
vertex 49.975680000000004 1.58208 2.00016
vertex 52.657920000000004 1.58208 2.00016
endloop
endfacet
facet normal 0 0 1
outer loop
vertex 50.01936 1.61616 2.00016
vertex 52.657920000000004 1.58208 2.00016
vertex 52.61616 1.61616 2.00016
endloop
endfacet
facet normal 0 0 1
outer loop
vertex 3.384 1.61616 2.00016
vertex 3.34224 1.58208 2.00016
vertex 6.0244800000000005 1.58208 2.00016
endloop
endfacet
facet normal 0 0 1
outer loop
vertex 3.384 1.61616 2.00016
vertex 6.0244800000000005 1.58208 2.00016
vertex 5.98032 1.61616 2.00016
endloop
endfacet
facet normal 0 0 1
outer loop
vertex 49.975680000000004 1.58208 2.00016
vertex 49.871520000000004 1.51152 2.00016
vertex 52.74384 1.51152 2.00016
endloop
endfacet
facet normal 0 0 1
outer loop
vertex 49.975680000000004 1.58208 2.00016
vertex 52.74384 1.51152 2.00016
vertex 52.657920000000004 1.58208 2.00016
endloop
endfacet
facet normal 0 0 1
outer loop
vertex 3.34224 1.58208 2.00016
vertex 3.25632 1.51152 2.00016
vertex 6.12816 1.51152 2.00016
endloop
endfacet
facet normal 0 0 1
outer loop
vertex 3.34224 1.58208 2.00016
vertex 6.12816 1.51152 2.00016
vertex 6.0244800000000005 1.58208 2.00016
endloop
endfacet
facet normal 0 0 0.9999999999999999
outer loop
vertex 55.08816 1.54176 2.00016
vertex 54.384 1.61616 2.00016
vertex 54.1944 1.46064 2.00016
endloop
endfacet
facet normal 0 0 0.9999999999999999
outer loop
vertex 55.08816 1.54176 2.00016
vertex 54.1944 1.46064 2.00016
vertex 55.57344 1.46064 2.00016
endloop
endfacet
facet normal 0 0 1
outer loop
vertex 55.08816 1.54176 2.00016
vertex 55.57344 1.46064 2.00016
vertex 55.62912 1.55472 2.00016
endloop
endfacet
facet normal 0 0 1
outer loop
vertex 55.08816 1.54176 2.00016
vertex 55.62912 1.55472 2.00016
vertex 55.66032 1.61616 2.00016
endloop
endfacet
facet normal 0 0 1
outer loop
vertex 55.08816 1.54176 2.00016
vertex 55.66032 1.61616 2.00016
vertex 54.384 1.61616 2.00016
endloop
endfacet
facet normal 0 0 1
outer loop
vertex 49.871520000000004 1.51152 2.00016
vertex 49.78608 1.46064 2.00016
vertex 52.80576 1.46064 2.00016
endloop
endfacet
facet normal 0 0 1
outer loop
vertex 49.871520000000004 1.51152 2.00016
vertex 52.80576 1.46064 2.00016
vertex 52.74384 1.51152 2.00016
endloop
endfacet
facet normal 0 0 1
outer loop
vertex 3.25632 1.51152 2.00016
vertex 3.1944 1.46064 2.00016
vertex 6.21408 1.46064 2.00016
endloop
endfacet
facet normal 0 0 1
outer loop
vertex 3.25632 1.51152 2.00016
vertex 6.21408 1.46064 2.00016
vertex 6.12816 1.51152 2.00016
endloop
endfacet
facet normal 0 0 1
outer loop
vertex 0.912 1.54176 2.00016
vertex 0.33984000000000003 1.61616 2.00016
vertex 0.37104000000000004 1.55472 2.00016
endloop
endfacet
facet normal 0 0 1
outer loop
vertex 0.912 1.54176 2.00016
vertex 0.37104000000000004 1.55472 2.00016
vertex 0.42672 1.46064 2.00016
endloop
endfacet
facet normal 0 0 1
outer loop
vertex 0.912 1.54176 2.00016
vertex 0.42672 1.46064 2.00016
vertex 1.80576 1.46064 2.00016
endloop
endfacet
facet normal 0 0 0.9999999999999999
outer loop
vertex 0.912 1.54176 2.00016
vertex 1.80576 1.46064 2.00016
vertex 1.61616 1.61616 2.00016
endloop
endfacet
facet normal 0 0 0.9999999999999999
outer loop
vertex 0.912 1.54176 2.00016
vertex 1.61616 1.61616 2.00016
vertex 0.33984000000000003 1.61616 2.00016
endloop
endfacet
facet normal 0 0 0.9999999999999999
outer loop
vertex 49.78608 1.46064 2.00016
vertex 49.76352 1.4472 2.00016
vertex 52.83024 1.4472 2.00016
endloop
endfacet
facet normal 0 0 1
outer loop
vertex 49.78608 1.46064 2.00016
vertex 52.83024 1.4472 2.00016
vertex 52.80576 1.46064 2.00016
endloop
endfacet
facet normal 0 0 1
outer loop
vertex 3.1944 1.46064 2.00016
vertex 3.1694400000000003 1.4472 2.00016
vertex 6.23664 1.4472 2.00016
endloop
endfacet
facet normal 0 0 1
outer loop
vertex 3.1944 1.46064 2.00016
vertex 6.23664 1.4472 2.00016
vertex 6.21408 1.46064 2.00016
endloop
endfacet
facet normal 0 0 1
outer loop
vertex 49.76352 1.4472 2.00016
vertex 49.65168 1.39056 2.00016
vertex 52.93728 1.39056 2.00016
endloop
endfacet
facet normal 0 0 1
outer loop
vertex 49.76352 1.4472 2.00016
vertex 52.93728 1.39056 2.00016
vertex 52.83024 1.4472 2.00016
endloop
endfacet
facet normal 0 0 1
outer loop
vertex 3.1694400000000003 1.4472 2.00016
vertex 3.0628800000000003 1.39056 2.00016
vertex 6.34848 1.39056 2.00016
endloop
endfacet
facet normal 0 0 1
outer loop
vertex 3.1694400000000003 1.4472 2.00016
vertex 6.34848 1.39056 2.00016
vertex 6.23664 1.4472 2.00016
endloop
endfacet
facet normal 0 0 1
outer loop
vertex 54.956160000000004 1.40064 2.00016
vertex 54.1944 1.46064 2.00016
vertex 53.9784 1.34496 2.00016
endloop
endfacet
facet normal 0 0 1
outer loop
vertex 54.956160000000004 1.40064 2.00016
vertex 53.9784 1.34496 2.00016
vertex 55.50096 1.34496 2.00016
endloop
endfacet
facet normal 0 0 0.9999999999999999
outer loop
vertex 54.956160000000004 1.40064 2.00016
vertex 55.50096 1.34496 2.00016
vertex 55.533120000000004 1.39248 2.00016
endloop
endfacet
facet normal 0 0 1
outer loop
vertex 54.956160000000004 1.40064 2.00016
vertex 55.533120000000004 1.39248 2.00016
vertex 55.57344 1.46064 2.00016
endloop
endfacet
facet normal 0 0 1
outer loop
vertex 54.956160000000004 1.40064 2.00016
vertex 55.57344 1.46064 2.00016
vertex 54.1944 1.46064 2.00016
endloop
endfacet
facet normal 0 0 1
outer loop
vertex 49.65168 1.39056 2.00016
vertex 49.54704 1.34496 2.00016
vertex 53.02176 1.34496 2.00016
endloop
endfacet
facet normal 0 0 1
outer loop
vertex 49.65168 1.39056 2.00016
vertex 53.02176 1.34496 2.00016
vertex 52.93728 1.39056 2.00016
endloop
endfacet
facet normal 0 0 1
outer loop
vertex 3.0628800000000003 1.39056 2.00016
vertex 2.9784 1.34496 2.00016
vertex 6.45312 1.34496 2.00016
endloop
endfacet
facet normal 0 0 1
outer loop
vertex 3.0628800000000003 1.39056 2.00016
vertex 6.45312 1.34496 2.00016
vertex 6.34848 1.39056 2.00016
endloop
endfacet
facet normal 0 0 1
outer loop
vertex 1.044 1.40064 2.00016
vertex 0.42672 1.46064 2.00016
vertex 0.46704 1.39248 2.00016
endloop
endfacet
facet normal 0 0 0.9999999999999999
outer loop
vertex 1.044 1.40064 2.00016
vertex 0.46704 1.39248 2.00016
vertex 0.49920000000000003 1.34496 2.00016
endloop
endfacet
facet normal 0 0 0.9999999999999999
outer loop
vertex 1.044 1.40064 2.00016
vertex 0.49920000000000003 1.34496 2.00016
vertex 2.02176 1.34496 2.00016
endloop
endfacet
facet normal 0 0 1
outer loop
vertex 1.044 1.40064 2.00016
vertex 2.02176 1.34496 2.00016
vertex 1.80576 1.46064 2.00016
endloop
endfacet
facet normal 0 0 1
outer loop
vertex 1.044 1.40064 2.00016
vertex 1.80576 1.46064 2.00016
vertex 0.42672 1.46064 2.00016
endloop
endfacet
facet normal 0 0 0.9999999999999999
outer loop
vertex 49.54704 1.34496 2.00016
vertex 49.536480000000005 1.34064 2.00016
vertex 53.03712 1.34064 2.00016
endloop
endfacet
facet normal 0 0 1
outer loop
vertex 49.54704 1.34496 2.00016
vertex 53.03712 1.34064 2.00016
vertex 53.02176 1.34496 2.00016
endloop
endfacet
facet normal 0 0 1
outer loop
vertex 2.9784 1.34496 2.00016
vertex 2.96304 1.34064 2.00016
vertex 6.46368 1.34064 2.00016
endloop
endfacet
facet normal 0 0 1
outer loop
vertex 2.9784 1.34496 2.00016
vertex 6.46368 1.34064 2.00016
vertex 6.45312 1.34496 2.00016
endloop
endfacet
facet normal 0 0 1
outer loop
vertex 49.536480000000005 1.34064 2.00016
vertex 49.41792 1.29792 2.00016
vertex 53.17728 1.29792 2.00016
endloop
endfacet
facet normal 0 0 1
outer loop
vertex 49.536480000000005 1.34064 2.00016
vertex 53.17728 1.29792 2.00016
vertex 53.03712 1.34064 2.00016
endloop
endfacet
facet normal 0 0 1
outer loop
vertex 2.96304 1.34064 2.00016
vertex 2.8224 1.29792 2.00016
vertex 6.58176 1.29792 2.00016
endloop
endfacet
facet normal 0 0 1
outer loop
vertex 2.96304 1.34064 2.00016
vertex 6.58176 1.29792 2.00016
vertex 6.46368 1.34064 2.00016
endloop
endfacet
facet normal 0 0 1
outer loop
vertex 53.9784 1.34496 2.00016
vertex 53.743680000000005 1.27392 2.00016
vertex 55.45248 1.27392 2.00016
endloop
endfacet
facet normal 0 0 1
outer loop
vertex 53.9784 1.34496 2.00016
vertex 55.45248 1.27392 2.00016
vertex 55.50096 1.34496 2.00016
endloop
endfacet
facet normal 0 0 1
outer loop
vertex 49.41792 1.29792 2.00016
vertex 49.335840000000005 1.27392 2.00016
vertex 53.256 1.27392 2.00016
endloop
endfacet
facet normal 0 0 1
outer loop
vertex 49.41792 1.29792 2.00016
vertex 53.256 1.27392 2.00016
vertex 53.17728 1.29792 2.00016
endloop
endfacet
facet normal 0 0 1
outer loop
vertex 2.8224 1.29792 2.00016
vertex 2.74368 1.27392 2.00016
vertex 6.66432 1.27392 2.00016
endloop
endfacet
facet normal 0 0 1
outer loop
vertex 2.8224 1.29792 2.00016
vertex 6.66432 1.27392 2.00016
vertex 6.58176 1.29792 2.00016
endloop
endfacet
facet normal 0 0 0.9999999999999999
outer loop
vertex 0.49920000000000003 1.34496 2.00016
vertex 0.5476800000000001 1.27392 2.00016
vertex 2.2560000000000002 1.27392 2.00016
endloop
endfacet
facet normal 0 0 0.9999999999999999
outer loop
vertex 0.49920000000000003 1.34496 2.00016
vertex 2.2560000000000002 1.27392 2.00016
vertex 2.02176 1.34496 2.00016
endloop
endfacet
facet normal 0 0 1
outer loop
vertex 49.335840000000005 1.27392 2.00016
vertex 49.29744 1.26288 2.00016
vertex 53.36976 1.26288 2.00016
endloop
endfacet
facet normal 0 0 1
outer loop
vertex 49.335840000000005 1.27392 2.00016
vertex 53.36976 1.26288 2.00016
vertex 53.256 1.27392 2.00016
endloop
endfacet
facet normal 0 0 1
outer loop
vertex 2.74368 1.27392 2.00016
vertex 2.6304 1.26288 2.00016
vertex 6.70272 1.26288 2.00016
endloop
endfacet
facet normal 0 0 1
outer loop
vertex 2.74368 1.27392 2.00016
vertex 6.70272 1.26288 2.00016
vertex 6.66432 1.27392 2.00016
endloop
endfacet
facet normal 0 0 1
outer loop
vertex 53.743680000000005 1.27392 2.00016
vertex 53.49984 1.2499200000000001 2.00016
vertex 55.43616 1.2499200000000001 2.00016
endloop
endfacet
facet normal 0 0 1
outer loop
vertex 53.743680000000005 1.27392 2.00016
vertex 55.43616 1.2499200000000001 2.00016
vertex 55.45248 1.27392 2.00016
endloop
endfacet
facet normal 0 0 1
outer loop
vertex 49.29744 1.26288 2.00016
vertex 49.23984 1.2499200000000001 2.00016
vertex 53.49984 1.2499200000000001 2.00016
endloop
endfacet
facet normal 0 0 1
outer loop
vertex 49.29744 1.26288 2.00016
vertex 53.49984 1.2499200000000001 2.00016
vertex 53.36976 1.26288 2.00016
endloop
endfacet
facet normal 0 0 1
outer loop
vertex 2.6304 1.26288 2.00016
vertex 2.4998400000000003 1.2499200000000001 2.00016
vertex 6.7598400000000005 1.2499200000000001 2.00016
endloop
endfacet
facet normal 0 0 1
outer loop
vertex 2.6304 1.26288 2.00016
vertex 6.7598400000000005 1.2499200000000001 2.00016
vertex 6.70272 1.26288 2.00016
endloop
endfacet
facet normal 0 0 1
outer loop
vertex 0.5476800000000001 1.27392 2.00016
vertex 0.5640000000000001 1.2499200000000001 2.00016
vertex 2.4998400000000003 1.2499200000000001 2.00016
endloop
endfacet
facet normal 0 0 1
outer loop
vertex 0.5476800000000001 1.27392 2.00016
vertex 2.4998400000000003 1.2499200000000001 2.00016
vertex 2.2560000000000002 1.27392 2.00016
endloop
endfacet
facet normal 0 0 1
outer loop
vertex 53.03376 1.24272 2.00016
vertex 53.49984 1.2499200000000001 2.00016
vertex 49.23984 1.2499200000000001 2.00016
endloop
endfacet
facet normal 0 0 1
outer loop
vertex 53.03376 1.24272 2.00016
vertex 49.23984 1.2499200000000001 2.00016
vertex 49.17456 1.23552 2.00016
endloop
endfacet
facet normal 0 0 1
outer loop
vertex 53.03376 1.24272 2.00016
vertex 49.17456 1.23552 2.00016
vertex 55.42608 1.23552 2.00016
endloop
endfacet
facet normal 0 0 1
outer loop
vertex 53.03376 1.24272 2.00016
vertex 55.42608 1.23552 2.00016
vertex 55.42704 1.23648 2.00016
endloop
endfacet
facet normal 0 0 1
outer loop
vertex 53.03376 1.24272 2.00016
vertex 55.42704 1.23648 2.00016
vertex 55.43616 1.2499200000000001 2.00016
endloop
endfacet
facet normal 0 0 1
outer loop
vertex 53.03376 1.24272 2.00016
vertex 55.43616 1.2499200000000001 2.00016
vertex 53.49984 1.2499200000000001 2.00016
endloop
endfacet
facet normal 0 0 1
outer loop
vertex 2.96592 1.24272 2.00016
vertex 2.4998400000000003 1.2499200000000001 2.00016
vertex 0.5640000000000001 1.2499200000000001 2.00016
endloop
endfacet
facet normal 0 0 1
outer loop
vertex 2.96592 1.24272 2.00016
vertex 0.5640000000000001 1.2499200000000001 2.00016
vertex 0.57312 1.23648 2.00016
endloop
endfacet
facet normal 0 0 1
outer loop
vertex 2.96592 1.24272 2.00016
vertex 0.57312 1.23648 2.00016
vertex 0.57408 1.23552 2.00016
endloop
endfacet
facet normal 0 0 1
outer loop
vertex 2.96592 1.24272 2.00016
vertex 0.57408 1.23552 2.00016
vertex 6.82512 1.23552 2.00016
endloop
endfacet
facet normal 0 0 0.9999999999999999
outer loop
vertex 2.96592 1.24272 2.00016
vertex 6.82512 1.23552 2.00016
vertex 6.7598400000000005 1.2499200000000001 2.00016
endloop
endfacet
facet normal 0 0 1
outer loop
vertex 2.96592 1.24272 2.00016
vertex 6.7598400000000005 1.2499200000000001 2.00016
vertex 2.4998400000000003 1.2499200000000001 2.00016
endloop
endfacet
facet normal 0 0 1
outer loop
vertex 49.17456 1.23552 2.00016
vertex 49.05072 1.21584 2.00016
vertex 55.410720000000005 1.21584 2.00016
endloop
endfacet
facet normal 0 0 1
outer loop
vertex 49.17456 1.23552 2.00016
vertex 55.410720000000005 1.21584 2.00016
vertex 55.42608 1.23552 2.00016
endloop
endfacet
facet normal 0 0 1
outer loop
vertex 0.57408 1.23552 2.00016
vertex 0.58896 1.21584 2.00016
vertex 6.94944 1.21584 2.00016
endloop
endfacet
facet normal 0 0 1
outer loop
vertex 0.57408 1.23552 2.00016
vertex 6.94944 1.21584 2.00016
vertex 6.82512 1.23552 2.00016
endloop
endfacet
facet normal 0 0 1
outer loop
vertex 49.05072 1.21584 2.00016
vertex 48.92544 1.20384 2.00016
vertex 55.4016 1.20384 2.00016
endloop
endfacet
facet normal 0 0 1
outer loop
vertex 49.05072 1.21584 2.00016
vertex 55.4016 1.20384 2.00016
vertex 55.410720000000005 1.21584 2.00016
endloop
endfacet
facet normal 0 0 1
outer loop
vertex 0.58896 1.21584 2.00016
vertex 0.5980800000000001 1.20384 2.00016
vertex 7.0742400000000005 1.20384 2.00016
endloop
endfacet
facet normal 0 0 1
outer loop
vertex 0.58896 1.21584 2.00016
vertex 7.0742400000000005 1.20384 2.00016
vertex 6.94944 1.21584 2.00016
endloop
endfacet
facet normal 0 0 1
outer loop
vertex 48.92544 1.20384 2.00016
vertex 48.80016 1.2 2.00016
vertex 55.398720000000004 1.2 2.00016
endloop
endfacet
facet normal 0 0 0.9999999999999999
outer loop
vertex 48.92544 1.20384 2.00016
vertex 55.398720000000004 1.2 2.00016
vertex 55.4016 1.20384 2.00016
endloop
endfacet
facet normal 0 0 1
outer loop
vertex 0.5980800000000001 1.20384 2.00016
vertex 0.60144 1.2 2.00016
vertex 7.2 1.2 2.00016
endloop
endfacet
facet normal 0 0 0.9999999999999999
outer loop
vertex 0.5980800000000001 1.20384 2.00016
vertex 7.2 1.2 2.00016
vertex 7.0742400000000005 1.20384 2.00016
endloop
endfacet
facet normal 0 0 1
outer loop
vertex 27.99984 0.48048 2.00016
vertex 48.80016 1.2 2.00016
vertex 7.2 1.2 2.00016
endloop
endfacet
facet normal 0 0 1
outer loop
vertex 27.99984 0.48048 2.00016
vertex 7.2 1.2 2.00016
vertex 0.60144 1.2 2.00016
endloop
endfacet
facet normal 0 0 1
outer loop
vertex 27.99984 0.48048 2.00016
vertex 0.60144 1.2 2.00016
vertex 0.68832 1.08768 2.00016
endloop
endfacet
facet normal 0 0 0.9999999999999999
outer loop
vertex 27.99984 0.48048 2.00016
vertex 0.68832 1.08768 2.00016
vertex 0.8131200000000001 0.9465600000000001 2.00016
endloop
endfacet
facet normal 0 0 0.9999999999999999
outer loop
vertex 27.99984 0.48048 2.00016
vertex 0.8131200000000001 0.9465600000000001 2.00016
vertex 0.9465600000000001 0.8131200000000001 2.00016
endloop
endfacet
facet normal 0 0 1
outer loop
vertex 27.99984 0.48048 2.00016
vertex 0.9465600000000001 0.8131200000000001 2.00016
vertex 1.08768 0.68832 2.00016
endloop
endfacet
facet normal 0 0 1
outer loop
vertex 27.99984 0.48048 2.00016
vertex 1.08768 0.68832 2.00016
vertex 1.23648 0.57312 2.00016
endloop
endfacet
facet normal 0 0 1
outer loop
vertex 27.99984 0.48048 2.00016
vertex 1.23648 0.57312 2.00016
vertex 1.39248 0.46704 2.00016
endloop
endfacet
facet normal 0 0 1
outer loop
vertex 27.99984 0.48048 2.00016
vertex 1.39248 0.46704 2.00016
vertex 1.55472 0.37104000000000004 2.00016
endloop
endfacet
facet normal 0 0 0.9999999999999999
outer loop
vertex 27.99984 0.48048 2.00016
vertex 1.55472 0.37104000000000004 2.00016
vertex 1.72272 0.2856 2.00016
endloop
endfacet
facet normal 0 0 1
outer loop
vertex 27.99984 0.48048 2.00016
vertex 1.72272 0.2856 2.00016
vertex 1.89552 0.21072000000000002 2.00016
endloop
endfacet
facet normal 0 0 1
outer loop
vertex 27.99984 0.48048 2.00016
vertex 1.89552 0.21072000000000002 2.00016
vertex 2.07312 0.14688 2.00016
endloop
endfacet
facet normal 0 0 1
outer loop
vertex 27.99984 0.48048 2.00016
vertex 2.07312 0.14688 2.00016
vertex 2.25408 0.09408 2.00016
endloop
endfacet
facet normal 0 0 1
outer loop
vertex 27.99984 0.48048 2.00016
vertex 2.25408 0.09408 2.00016
vertex 2.43792 0.05328 2.00016
endloop
endfacet
facet normal 0 0 1
outer loop
vertex 27.99984 0.48048 2.00016
vertex 2.43792 0.05328 2.00016
vertex 2.6241600000000003 0.02352 2.00016
endloop
endfacet
facet normal 0 0 1
outer loop
vertex 27.99984 0.48048 2.00016
vertex 2.6241600000000003 0.02352 2.00016
vertex 2.81184 0.00576 2.00016
endloop
endfacet
facet normal 0 0 1
outer loop
vertex 27.99984 0.48048 2.00016
vertex 2.81184 0.00576 2.00016
vertex 3 0 2.00016
endloop
endfacet
facet normal 0 0 1
outer loop
vertex 27.99984 0.48048 2.00016
vertex 3 0 2.00016
vertex 53.00016 0 2.00016
endloop
endfacet
facet normal 0 0 1
outer loop
vertex 27.99984 0.48048 2.00016
vertex 53.00016 0 2.00016
vertex 53.188320000000004 0.00576 2.00016
endloop
endfacet
facet normal 0 0 1
outer loop
vertex 27.99984 0.48048 2.00016
vertex 53.188320000000004 0.00576 2.00016
vertex 53.376000000000005 0.02352 2.00016
endloop
endfacet
facet normal 0 0 1
outer loop
vertex 27.99984 0.48048 2.00016
vertex 53.376000000000005 0.02352 2.00016
vertex 53.56224 0.05328 2.00016
endloop
endfacet
facet normal 0 0 1
outer loop
vertex 27.99984 0.48048 2.00016
vertex 53.56224 0.05328 2.00016
vertex 53.74608 0.09408 2.00016
endloop
endfacet
facet normal 0 0 1
outer loop
vertex 27.99984 0.48048 2.00016
vertex 53.74608 0.09408 2.00016
vertex 53.92704 0.14688 2.00016
endloop
endfacet
facet normal 0 0 0.9999999999999999
outer loop
vertex 27.99984 0.48048 2.00016
vertex 53.92704 0.14688 2.00016
vertex 54.10416 0.21072000000000002 2.00016
endloop
endfacet
facet normal 0 0 1
outer loop
vertex 27.99984 0.48048 2.00016
vertex 54.10416 0.21072000000000002 2.00016
vertex 54.27744 0.2856 2.00016
endloop
endfacet
facet normal 0 0 1
outer loop
vertex 27.99984 0.48048 2.00016
vertex 54.27744 0.2856 2.00016
vertex 54.44544 0.37104000000000004 2.00016
endloop
endfacet
facet normal 0 0 1
outer loop
vertex 27.99984 0.48048 2.00016
vertex 54.44544 0.37104000000000004 2.00016
vertex 54.60768 0.46704 2.00016
endloop
endfacet
facet normal 0 0 1
outer loop
vertex 27.99984 0.48048 2.00016
vertex 54.60768 0.46704 2.00016
vertex 54.763200000000005 0.57312 2.00016
endloop
endfacet
facet normal 0 0 1
outer loop
vertex 27.99984 0.48048 2.00016
vertex 54.763200000000005 0.57312 2.00016
vertex 54.91248 0.68832 2.00016
endloop
endfacet
facet normal 0 0 1
outer loop
vertex 27.99984 0.48048 2.00016
vertex 54.91248 0.68832 2.00016
vertex 55.0536 0.8131200000000001 2.00016
endloop
endfacet
facet normal 0 0 1
outer loop
vertex 27.99984 0.48048 2.00016
vertex 55.0536 0.8131200000000001 2.00016
vertex 55.18704 0.9465600000000001 2.00016
endloop
endfacet
facet normal 0 0 1
outer loop
vertex 27.99984 0.48048 2.00016
vertex 55.18704 0.9465600000000001 2.00016
vertex 55.31136 1.08768 2.00016
endloop
endfacet
facet normal 0 0 1
outer loop
vertex 27.99984 0.48048 2.00016
vertex 55.31136 1.08768 2.00016
vertex 55.398720000000004 1.2 2.00016
endloop
endfacet
facet normal 0 0 1
outer loop
vertex 27.99984 0.48048 2.00016
vertex 55.398720000000004 1.2 2.00016
vertex 48.80016 1.2 2.00016
endloop
endfacet
facet normal -0.999472137886822 -0.032487622072803715 0
outer loop
vertex 5.196 3.32544 6
vertex 5.196 3.32544 2.00016
vertex 5.20416 3.0744000000000002 2.00016
endloop
endfacet
facet normal -0.999472137886822 -0.032487622072803715 0
outer loop
vertex 5.196 3.32544 6
vertex 5.20416 3.0744000000000002 2.00016
vertex 5.20416 3.0744000000000002 6
endloop
endfacet
facet normal -0.032487622072803715 -0.999472137886822 0
outer loop
vertex 3.0744000000000002 5.20416 6
vertex 3.0744000000000002 5.20416 2.00016
vertex 3.32544 5.196 2.00016
endloop
endfacet
facet normal -0.032487622072803715 -0.999472137886822 0
outer loop
vertex 3.0744000000000002 5.20416 6
vertex 3.32544 5.196 2.00016
vertex 3.32544 5.196 6
endloop
endfacet
facet normal -0.9954439019616808 -0.09534903275494679 0
outer loop
vertex 5.184 3.45072 2.00016
vertex 5.196 3.32544 2.00016
vertex 5.196 3.32544 6
endloop
endfacet
facet normal -0.9954439019616808 -0.09534903275494679 0
outer loop
vertex 5.184 3.45072 2.00016
vertex 5.196 3.32544 6
vertex 5.184 3.45072 6
endloop
endfacet
facet normal -0.09534903275494679 -0.9954439019616808 0
outer loop
vertex 3.45072 5.184 6
vertex 3.32544 5.196 6
vertex 3.32544 5.196 2.00016
endloop
endfacet
facet normal -0.09534903275494679 -0.9954439019616808 0
outer loop
vertex 3.45072 5.184 6
vertex 3.32544 5.196 2.00016
vertex 3.45072 5.184 2.00016
endloop
endfacet
facet normal -0.15320835777452108 -0.9881939076456778 0
outer loop
vertex 3.45072 5.184 6
vertex 3.45072 5.184 2.00016
vertex 3.57456 5.1648000000000005 2.00016
endloop
endfacet
facet normal -0.15320835777452108 -0.9881939076456778 0
outer loop
vertex 3.45072 5.184 6
vertex 3.57456 5.1648000000000005 2.00016
vertex 3.57456 5.1648000000000005 6
endloop
endfacet
facet normal -0.9602139500114405 -0.2792654117563193 0
outer loop
vertex 5.13696 3.6974400000000003 6
vertex 5.10192 3.81792 6
vertex 5.10192 3.81792 2.00016
endloop
endfacet
facet normal -0.9602139500114405 -0.2792654117563193 0
outer loop
vertex 5.13696 3.6974400000000003 6
vertex 5.10192 3.81792 2.00016
vertex 5.13696 3.6974400000000003 2.00016
endloop
endfacet
facet normal -0.9881939076456778 -0.15320835777452108 0
outer loop
vertex 5.1648000000000005 3.57456 2.00016
vertex 5.184 3.45072 2.00016
vertex 5.184 3.45072 6
endloop
endfacet
facet normal -0.9881939076456778 -0.15320835777452108 0
outer loop
vertex 5.1648000000000005 3.57456 2.00016
vertex 5.184 3.45072 6
vertex 5.1648000000000005 3.57456 6
endloop
endfacet
facet normal -0.9752823267321075 -0.22096240215024499 0
outer loop
vertex 5.13696 3.6974400000000003 6
vertex 5.13696 3.6974400000000003 2.00016
vertex 5.1648000000000005 3.57456 2.00016
endloop
endfacet
facet normal -0.9752823267321075 -0.22096240215024499 0
outer loop
vertex 5.13696 3.6974400000000003 6
vertex 5.1648000000000005 3.57456 2.00016
vertex 5.1648000000000005 3.57456 6
endloop
endfacet
facet normal -0.9175556253099239 -0.3976074376343012 0
outer loop
vertex 5.05968 3.93648 6
vertex 5.00976 4.05168 6
vertex 5.00976 4.05168 2.00016
endloop
endfacet
facet normal -0.9175556253099239 -0.3976074376343012 0
outer loop
vertex 5.05968 3.93648 6
vertex 5.00976 4.05168 2.00016
vertex 5.05968 3.93648 2.00016
endloop
endfacet
facet normal -0.9420004856609839 -0.33561150906140014 0
outer loop
vertex 5.10192 3.81792 2.00016
vertex 5.10192 3.81792 6
vertex 5.05968 3.93648 6
endloop
endfacet
facet normal -0.9420004856609839 -0.33561150906140014 0
outer loop
vertex 5.10192 3.81792 2.00016
vertex 5.05968 3.93648 6
vertex 5.05968 3.93648 2.00016
endloop
endfacet
facet normal -0.8905723244133263 -0.4548416592497271 0
outer loop
vertex 5.00976 4.05168 2.00016
vertex 5.00976 4.05168 6
vertex 4.95264 4.16352 6
endloop
endfacet
facet normal -0.8905723244133263 -0.4548416592497271 0
outer loop
vertex 5.00976 4.05168 2.00016
vertex 4.95264 4.16352 6
vertex 4.95264 4.16352 2.00016
endloop
endfacet
facet normal -0.860850350080361 -0.508858206936392 0
outer loop
vertex 4.95264 4.16352 6
vertex 4.8888 4.27152 6
vertex 4.8888 4.27152 2.00016
endloop
endfacet
facet normal -0.860850350080361 -0.508858206936392 0
outer loop
vertex 4.95264 4.16352 6
vertex 4.8888 4.27152 2.00016
vertex 4.95264 4.16352 2.00016
endloop
endfacet
facet normal -0.7497262162755389 -0.6617481398758623 0
outer loop
vertex 4.65792 4.56912 2.00016
vertex 4.74096 4.47504 2.00016
vertex 4.74096 4.47504 6
endloop
endfacet
facet normal -0.7497262162755389 -0.6617481398758623 0
outer loop
vertex 4.65792 4.56912 2.00016
vertex 4.74096 4.47504 6
vertex 4.65792 4.56912 6
endloop
endfacet
facet normal -0.7071067811865475 -0.7071067811865475 0
outer loop
vertex 4.62144 4.6056 4.4001600000000005
vertex 4.65264 4.5744 6
vertex 4.56912 4.65792 6
endloop
endfacet
facet normal -0.7071067811865476 -0.7071067811865476 0
outer loop
vertex 4.62144 4.6056 4.4001600000000005
vertex 4.56912 4.65792 6
vertex 4.56912 4.65792 2.00016
endloop
endfacet
facet normal -0.7071067811865476 -0.7071067811865476 0
outer loop
vertex 4.62144 4.6056 4.4001600000000005
vertex 4.56912 4.65792 2.00016
vertex 4.65792 4.56912 2.00016
endloop
endfacet
facet normal -0.7071067811865476 -0.7071067811865476 0
outer loop
vertex 4.62144 4.6056 4.4001600000000005
vertex 4.65792 4.56912 2.00016
vertex 4.65792 4.56912 6
endloop
endfacet
facet normal -0.7071067811865475 -0.7071067811865475 0
outer loop
vertex 4.62144 4.6056 4.4001600000000005
vertex 4.65792 4.56912 6
vertex 4.65264 4.5744 6
endloop
endfacet
facet normal -0.8279186904883344 -0.5608481451695116 0
outer loop
vertex 4.81824 4.37568 2.00016
vertex 4.8888 4.27152 2.00016
vertex 4.8888 4.27152 6
endloop
endfacet
facet normal -0.8279186904883344 -0.5608481451695116 0
outer loop
vertex 4.81824 4.37568 2.00016
vertex 4.8888 4.27152 6
vertex 4.81824 4.37568 6
endloop
endfacet
facet normal -0.7893522173763259 -0.613940613514921 0
outer loop
vertex 4.74096 4.47504 6
vertex 4.74096 4.47504 2.00016
vertex 4.81824 4.37568 2.00016
endloop
endfacet
facet normal -0.7893522173763259 -0.613940613514921 0
outer loop
vertex 4.74096 4.47504 6
vertex 4.81824 4.37568 2.00016
vertex 4.81824 4.37568 6
endloop
endfacet
facet normal -0.508858206936392 -0.860850350080361 0
outer loop
vertex 4.27152 4.8888 6
vertex 4.16352 4.95264 6
vertex 4.16352 4.95264 2.00016
endloop
endfacet
facet normal -0.508858206936392 -0.860850350080361 0
outer loop
vertex 4.27152 4.8888 6
vertex 4.16352 4.95264 2.00016
vertex 4.27152 4.8888 2.00016
endloop
endfacet
facet normal -0.5608481451695116 -0.8279186904883344 0
outer loop
vertex 4.37568 4.81824 2.00016
vertex 4.37568 4.81824 6
vertex 4.27152 4.8888 6
endloop
endfacet
facet normal -0.5608481451695116 -0.8279186904883344 0
outer loop
vertex 4.37568 4.81824 2.00016
vertex 4.27152 4.8888 6
vertex 4.27152 4.8888 2.00016
endloop
endfacet
facet normal -0.22096240215024499 -0.9752823267321075 0
outer loop
vertex 3.57456 5.1648000000000005 6
vertex 3.57456 5.1648000000000005 2.00016
vertex 3.6974400000000003 5.13696 2.00016
endloop
endfacet
facet normal -0.22096240215024499 -0.9752823267321075 0
outer loop
vertex 3.57456 5.1648000000000005 6
vertex 3.6974400000000003 5.13696 2.00016
vertex 3.6974400000000003 5.13696 6
endloop
endfacet
facet normal -0.613940613514921 -0.7893522173763259 0
outer loop
vertex 4.37568 4.81824 6
vertex 4.37568 4.81824 2.00016
vertex 4.47504 4.74096 2.00016
endloop
endfacet
facet normal -0.613940613514921 -0.7893522173763259 0
outer loop
vertex 4.37568 4.81824 6
vertex 4.47504 4.74096 2.00016
vertex 4.47504 4.74096 6
endloop
endfacet
facet normal -0.6617481398758623 -0.7497262162755389 0
outer loop
vertex 4.47504 4.74096 2.00016
vertex 4.56912 4.65792 2.00016
vertex 4.56912 4.65792 6
endloop
endfacet
facet normal -0.6617481398758623 -0.7497262162755389 0
outer loop
vertex 4.47504 4.74096 2.00016
vertex 4.56912 4.65792 6
vertex 4.47504 4.74096 6
endloop
endfacet
facet normal -0.4548416592497271 -0.8905723244133263 0
outer loop
vertex 4.05168 5.00976 2.00016
vertex 4.16352 4.95264 2.00016
vertex 4.16352 4.95264 6
endloop
endfacet
facet normal -0.4548416592497271 -0.8905723244133263 0
outer loop
vertex 4.05168 5.00976 2.00016
vertex 4.16352 4.95264 6
vertex 4.05168 5.00976 6
endloop
endfacet
facet normal -0.3976074376343012 -0.9175556253099239 0
outer loop
vertex 3.93648 5.05968 6
vertex 3.93648 5.05968 2.00016
vertex 4.05168 5.00976 2.00016
endloop
endfacet
facet normal -0.3976074376343012 -0.9175556253099239 0
outer loop
vertex 3.93648 5.05968 6
vertex 4.05168 5.00976 2.00016
vertex 4.05168 5.00976 6
endloop
endfacet
facet normal -0.2792654117563193 -0.9602139500114405 0
outer loop
vertex 3.6974400000000003 5.13696 6
vertex 3.6974400000000003 5.13696 2.00016
vertex 3.81792 5.10192 2.00016
endloop
endfacet
facet normal -0.2792654117563193 -0.9602139500114405 0
outer loop
vertex 3.6974400000000003 5.13696 6
vertex 3.81792 5.10192 2.00016
vertex 3.81792 5.10192 6
endloop
endfacet
facet normal -0.33561150906140014 -0.9420004856609839 0
outer loop
vertex 3.81792 5.10192 2.00016
vertex 3.93648 5.05968 2.00016
vertex 3.93648 5.05968 6
endloop
endfacet
facet normal -0.33561150906140014 -0.9420004856609839 0
outer loop
vertex 3.81792 5.10192 2.00016
vertex 3.93648 5.05968 6
vertex 3.81792 5.10192 6
endloop
endfacet
facet normal 0.032425688043900947 -0.9994741491178648 0
outer loop
vertex 52.674240000000005 5.196 6
vertex 52.674240000000005 5.196 2.00016
vertex 52.925760000000004 5.20416 2.00016
endloop
endfacet
facet normal 0.032425688043900947 -0.9994741491178648 0
outer loop
vertex 52.674240000000005 5.196 6
vertex 52.925760000000004 5.20416 2.00016
vertex 52.925760000000004 5.20416 6
endloop
endfacet
facet normal 0.22178637715852073 -0.9750952788865807 0
outer loop
vertex 52.30272 5.13696 2.00016
vertex 52.42512 5.1648000000000005 2.00016
vertex 52.42512 5.1648000000000005 6
endloop
endfacet
facet normal 0.22178637715852073 -0.9750952788865807 0
outer loop
vertex 52.30272 5.13696 2.00016
vertex 52.42512 5.1648000000000005 6
vertex 52.30272 5.13696 6
endloop
endfacet
facet normal 0.6617481398758693 -0.7497262162755327 0
outer loop
vertex 51.43104 4.65792 6
vertex 51.43104 4.65792 2.00016
vertex 51.52512 4.74096 2.00016
endloop
endfacet
facet normal 0.6617481398758693 -0.7497262162755327 0
outer loop
vertex 51.43104 4.65792 6
vertex 51.52512 4.74096 2.00016
vertex 51.52512 4.74096 6
endloop
endfacet
facet normal 0.5071867710303651 -0.8618361673147582 0
outer loop
vertex 51.72816 4.8888 6
vertex 51.72816 4.8888 2.00016
vertex 51.83664 4.95264 2.00016
endloop
endfacet
facet normal 0.5071867710303651 -0.8618361673147582 0
outer loop
vertex 51.72816 4.8888 6
vertex 51.83664 4.95264 2.00016
vertex 51.83664 4.95264 6
endloop
endfacet
facet normal 0.9994721378868215 -0.03248762207281784 0
outer loop
vertex 50.796 3.0744000000000002 6
vertex 50.796 3.0744000000000002 2.00016
vertex 50.80416 3.32544 2.00016
endloop
endfacet
facet normal 0.9994721378868215 -0.03248762207281784 0
outer loop
vertex 50.796 3.0744000000000002 6
vertex 50.80416 3.32544 2.00016
vertex 50.80416 3.32544 6
endloop
endfacet
facet normal 0.9876072897865188 -0.1569453445009667 0
outer loop
vertex 50.81568 3.45072 2.00016
vertex 50.83536 3.57456 2.00016
vertex 50.83536 3.57456 6
endloop
endfacet
facet normal 0.9876072897865188 -0.1569453445009667 0
outer loop
vertex 50.81568 3.45072 2.00016
vertex 50.83536 3.57456 6
vertex 50.81568 3.45072 6
endloop
endfacet
facet normal 0.995893203161071 -0.09053574574116936 0.00008149032022114544
outer loop
vertex 50.80896 3.3768000000000002 4.4001600000000005
vertex 50.80464 3.33072 6
vertex 50.80416 3.32544 6
endloop
endfacet
facet normal 0.9956612082761684 -0.09305244937152489 0
outer loop
vertex 50.80896 3.3768000000000002 4.4001600000000005
vertex 50.80416 3.32544 6
vertex 50.80416 3.32544 2.00016
endloop
endfacet
facet normal 0.9957988518590408 -0.09156771051575245 -0.00003204869867927455
outer loop
vertex 50.80896 3.3768000000000002 4.4001600000000005
vertex 50.80416 3.32544 2.00016
vertex 50.81568 3.45072 2.00016
endloop
endfacet
facet normal 0.9958932064677021 -0.0905357460425374 0
outer loop
vertex 50.80896 3.3768000000000002 4.4001600000000005
vertex 50.81568 3.45072 2.00016
vertex 50.81568 3.45072 6
endloop
endfacet
facet normal 0.9957946753884114 -0.0916131101357443 0.000050193070946274495
outer loop
vertex 50.80896 3.3768000000000002 4.4001600000000005
vertex 50.81568 3.45072 6
vertex 50.80464 3.33072 6
endloop
endfacet
facet normal 0.09571240664425401 -0.9954090291002814 0
outer loop
vertex 52.674240000000005 5.196 2.00016
vertex 52.674240000000005 5.196 6
vertex 52.549440000000004 5.184 6
endloop
endfacet
facet normal 0.09571240664425401 -0.9954090291002814 0
outer loop
vertex 52.674240000000005 5.196 2.00016
vertex 52.549440000000004 5.184 6
vertex 52.549440000000004 5.184 2.00016
endloop
endfacet
facet normal 0.15263062633016722 -0.9882833054878853 0
outer loop
vertex 52.549440000000004 5.184 6
vertex 52.42512 5.1648000000000005 6
vertex 52.42512 5.1648000000000005 2.00016
endloop
endfacet
facet normal 0.15263062633016722 -0.9882833054878853 0
outer loop
vertex 52.549440000000004 5.184 6
vertex 52.42512 5.1648000000000005 2.00016
vertex 52.549440000000004 5.184 2.00016
endloop
endfacet
facet normal 0.3368212863860849 -0.9415685960338861 0
outer loop
vertex 52.181760000000004 5.10192 6
vertex 52.06368 5.05968 6
vertex 52.06368 5.05968 2.00016
endloop
endfacet
facet normal 0.3368212863860849 -0.9415685960338861 0
outer loop
vertex 52.181760000000004 5.10192 6
vertex 52.06368 5.05968 2.00016
vertex 52.181760000000004 5.10192 2.00016
endloop
endfacet
facet normal 0.27824316902707413 -0.9605106656824646 0
outer loop
vertex 52.30272 5.13696 2.00016
vertex 52.30272 5.13696 6
vertex 52.181760000000004 5.10192 6
endloop
endfacet
facet normal 0.27824316902707413 -0.9605106656824646 0
outer loop
vertex 52.30272 5.13696 2.00016
vertex 52.181760000000004 5.10192 6
vertex 52.181760000000004 5.10192 2.00016
endloop
endfacet
facet normal 0.39760743763431794 -0.9175556253099165 0
outer loop
vertex 52.06368 5.05968 2.00016
vertex 52.06368 5.05968 6
vertex 51.94848 5.00976 6
endloop
endfacet
facet normal 0.39760743763431794 -0.9175556253099165 0
outer loop
vertex 52.06368 5.05968 2.00016
vertex 51.94848 5.00976 6
vertex 51.94848 5.00976 2.00016
endloop
endfacet
facet normal 0.4548416592497242 -0.8905723244133278 0
outer loop
vertex 51.94848 5.00976 6
vertex 51.83664 4.95264 6
vertex 51.83664 4.95264 2.00016
endloop
endfacet
facet normal 0.4548416592497242 -0.8905723244133278 0
outer loop
vertex 51.94848 5.00976 6
vertex 51.83664 4.95264 2.00016
vertex 51.94848 5.00976 2.00016
endloop
endfacet
facet normal 0.6139406135149313 -0.789352217376318 0
outer loop
vertex 51.52512 4.74096 6
vertex 51.52512 4.74096 2.00016
vertex 51.62448 4.81824 2.00016
endloop
endfacet
facet normal 0.6139406135149313 -0.789352217376318 0
outer loop
vertex 51.52512 4.74096 6
vertex 51.62448 4.81824 2.00016
vertex 51.62448 4.81824 6
endloop
endfacet
facet normal 0.5626240433066908 -0.8267128799608912 0
outer loop
vertex 51.62448 4.81824 2.00016
vertex 51.72816 4.8888 2.00016
vertex 51.72816 4.8888 6
endloop
endfacet
facet normal 0.5626240433066908 -0.8267128799608912 0
outer loop
vertex 51.62448 4.81824 2.00016
vertex 51.72816 4.8888 6
vertex 51.62448 4.81824 6
endloop
endfacet
facet normal 0.9407902632651477 -0.338989204172484 0
outer loop
vertex 50.89776 3.81792 2.00016
vertex 50.94048 3.93648 2.00016
vertex 50.94048 3.93648 6
endloop
endfacet
facet normal 0.9407902632651477 -0.338989204172484 0
outer loop
vertex 50.89776 3.81792 2.00016
vertex 50.94048 3.93648 6
vertex 50.89776 3.81792 6
endloop
endfacet
facet normal 0.8279186904883573 -0.5608481451694777 0
outer loop
vertex 51.18192 4.37568 6
vertex 51.111360000000005 4.27152 6
vertex 51.111360000000005 4.27152 2.00016
endloop
endfacet
facet normal 0.8279186904883573 -0.5608481451694777 0
outer loop
vertex 51.18192 4.37568 6
vertex 51.111360000000005 4.27152 2.00016
vertex 51.18192 4.37568 2.00016
endloop
endfacet
facet normal 0.707106781186551 -0.707106781186544 6.77722596901157e-16
outer loop
vertex 51.37872 4.6056 4.4001600000000005
vertex 51.342240000000004 4.56912 2.00016
vertex 51.43104 4.65792 2.00016
endloop
endfacet
facet normal 0.7071067811865355 -0.7071067811865595 0
outer loop
vertex 51.37872 4.6056 4.4001600000000005
vertex 51.43104 4.65792 2.00016
vertex 51.43104 4.65792 6
endloop
endfacet
facet normal 0.7071067811865475 -0.7071067811865475 -7.860475271875479e-16
outer loop
vertex 51.37872 4.6056 4.4001600000000005
vertex 51.43104 4.65792 6
vertex 51.34752 4.5744 6
endloop
endfacet
facet normal 0.7071067811866067 -0.7071067811864883 1.52473399567011e-15
outer loop
vertex 51.37872 4.6056 4.4001600000000005
vertex 51.34752 4.5744 6
vertex 51.342240000000004 4.56912 6
endloop
endfacet
facet normal 0.7071067811865733 -0.7071067811865218 0
outer loop
vertex 51.37872 4.6056 4.4001600000000005
vertex 51.342240000000004 4.56912 6
vertex 51.342240000000004 4.56912 2.00016
endloop
endfacet
facet normal 0.8608503500803392 -0.5088582069364287 0
outer loop
vertex 51.111360000000005 4.27152 2.00016
vertex 51.111360000000005 4.27152 6
vertex 51.04752 4.16352 6
endloop
endfacet
facet normal 0.8608503500803392 -0.5088582069364287 0
outer loop
vertex 51.111360000000005 4.27152 2.00016
vertex 51.04752 4.16352 6
vertex 51.04752 4.16352 2.00016
endloop
endfacet
facet normal 0.960195286276698 -0.27932953782596964 -0.0001466626736249319
outer loop
vertex 50.88 3.7560000000000002 3.6
vertex 50.86272 3.6974400000000003 2.00016
vertex 50.878080000000004 3.7502400000000002 2.00016
endloop
endfacet
facet normal 0.9602284894536655 -0.2792153763658743 -0.00014711354378065146
outer loop
vertex 50.88 3.7560000000000002 3.6
vertex 50.878080000000004 3.7502400000000002 2.00016
vertex 50.89776 3.81792 2.00016
endloop
endfacet
facet normal 0.9612422556619095 -0.27570514309675886 0
outer loop
vertex 50.88 3.7560000000000002 3.6
vertex 50.89776 3.81792 2.00016
vertex 50.89776 3.81792 6
endloop
endfacet
facet normal 0.9602139452616743 -0.2792654103748707 0.00009946439273702313
outer loop
vertex 50.88 3.7560000000000002 3.6
vertex 50.89776 3.81792 6
vertex 50.86272 3.6974400000000003 6
endloop
endfacet
facet normal 0.9591147545964209 -0.28301746856942805 0
outer loop
vertex 50.88 3.7560000000000002 3.6
vertex 50.86272 3.6974400000000003 6
vertex 50.86272 3.6974400000000003 2.00016
endloop
endfacet
facet normal 0.9760972618805556 -0.21733415596560465 0
outer loop
vertex 50.83536 3.57456 6
vertex 50.83536 3.57456 2.00016
vertex 50.86272 3.6974400000000003 2.00016
endloop
endfacet
facet normal 0.9760972618805556 -0.21733415596560465 0
outer loop
vertex 50.83536 3.57456 6
vertex 50.86272 3.6974400000000003 2.00016
vertex 50.86272 3.6974400000000003 6
endloop
endfacet
facet normal 0.7893522171030795 -0.613940613302302 0.000026314372007038966
outer loop
vertex 51.224160000000005 4.42992 4.4001600000000005
vertex 51.2592 4.47504 6
vertex 51.23904 4.44912 6
endloop
endfacet
facet normal 0.7893522171030086 -0.613940613302393 0.000026314372008791592
outer loop
vertex 51.224160000000005 4.42992 4.4001600000000005
vertex 51.23904 4.44912 6
vertex 51.18192 4.37568 6
endloop
endfacet
facet normal 0.7889761107099645 -0.614423873827326 0
outer loop
vertex 51.224160000000005 4.42992 4.4001600000000005
vertex 51.18192 4.37568 6
vertex 51.18192 4.37568 2.00016
endloop
endfacet
facet normal 0.7893522172548804 -0.6139406134204773 -0.00001754116038529767
outer loop
vertex 51.224160000000005 4.42992 4.4001600000000005
vertex 51.18192 4.37568 2.00016
vertex 51.2592 4.47504 2.00016
endloop
endfacet
facet normal 0.7898044278423529 -0.6133587577923818 0
outer loop
vertex 51.224160000000005 4.42992 4.4001600000000005
vertex 51.2592 4.47504 2.00016
vertex 51.2592 4.47504 6
endloop
endfacet
facet normal 0.7497262162755249 -0.6617481398758783 0
outer loop
vertex 51.342240000000004 4.56912 2.00016
vertex 51.342240000000004 4.56912 6
vertex 51.2592 4.47504 6
endloop
endfacet
facet normal 0.7497262162755249 -0.6617481398758783 0
outer loop
vertex 51.342240000000004 4.56912 2.00016
vertex 51.2592 4.47504 6
vertex 51.2592 4.47504 2.00016
endloop
endfacet
facet normal 0.8905723244133349 -0.45484165924971026 0
outer loop
vertex 51.04752 4.16352 2.00016
vertex 51.04752 4.16352 6
vertex 50.9904 4.05168 6
endloop
endfacet
facet normal 0.8905723244133349 -0.45484165924971026 0
outer loop
vertex 51.04752 4.16352 2.00016
vertex 50.9904 4.05168 6
vertex 50.9904 4.05168 2.00016
endloop
endfacet
facet normal 0.9175556253099239 -0.3976074376343012 0
outer loop
vertex 50.9904 4.05168 6
vertex 50.94048 3.93648 6
vertex 50.94048 3.93648 2.00016
endloop
endfacet
facet normal 0.9175556253099239 -0.3976074376343012 0
outer loop
vertex 50.9904 4.05168 6
vertex 50.94048 3.93648 2.00016
vertex 50.9904 4.05168 2.00016
endloop
endfacet
facet normal -0.15694534450091144 0.9876072897865277 0
outer loop
vertex 3.57456 76.83552 6
vertex 3.57456 76.83552 2.00016
vertex 3.45072 76.81584000000001 2.00016
endloop
endfacet
facet normal -0.15694534450091144 0.9876072897865277 0
outer loop
vertex 3.57456 76.83552 6
vertex 3.45072 76.81584000000001 2.00016
vertex 3.45072 76.81584000000001 6
endloop
endfacet
facet normal -0.9994721378868222 0.03248762207280326 0
outer loop
vertex 5.20416 78.92544000000001 6
vertex 5.20416 78.92544000000001 2.00016
vertex 5.196 78.6744 2.00016
endloop
endfacet
facet normal -0.9994721378868222 0.03248762207280326 0
outer loop
vertex 5.20416 78.92544000000001 6
vertex 5.196 78.6744 2.00016
vertex 5.196 78.6744 6
endloop
endfacet
facet normal -0.7071067811865722 0.7071067811865226 2.649737074720659e-15
outer loop
vertex 4.62144 77.39424 4.4001600000000005
vertex 4.65792 77.43072000000001 2.00016
vertex 4.56912 77.34192 2.00016
endloop
endfacet
facet normal -0.7071067811865116 0.7071067811865835 0
outer loop
vertex 4.62144 77.39424 4.4001600000000005
vertex 4.56912 77.34192 2.00016
vertex 4.56912 77.34192 6
endloop
endfacet
facet normal -0.7071067811865777 0.7071067811865175 -4.322687642212216e-15
outer loop
vertex 4.62144 77.39424 4.4001600000000005
vertex 4.56912 77.34192 6
vertex 4.65264 77.42544000000001 6
endloop
endfacet
facet normal -0.707106781186488 0.707106781186607 -7.823337525402592e-15
outer loop
vertex 4.62144 77.39424 4.4001600000000005
vertex 4.65264 77.42544000000001 6
vertex 4.65792 77.43072000000001 6
endloop
endfacet
facet normal -0.7071067811866594 0.7071067811864356 0
outer loop
vertex 4.62144 77.39424 4.4001600000000005
vertex 4.65792 77.43072000000001 6
vertex 4.65792 77.43072000000001 2.00016
endloop
endfacet
facet normal -0.09534903275495375 0.9954439019616799 0
outer loop
vertex 3.45072 76.81584000000001 6
vertex 3.45072 76.81584000000001 2.00016
vertex 3.32544 76.80384000000001 2.00016
endloop
endfacet
facet normal -0.09534903275495375 0.9954439019616799 0
outer loop
vertex 3.45072 76.81584000000001 6
vertex 3.32544 76.80384000000001 2.00016
vertex 3.32544 76.80384000000001 6
endloop
endfacet
facet normal -0.03057842816146618 0.999532370526925 0
outer loop
vertex 3.32544 76.80384000000001 6
vertex 3.32544 76.80384000000001 2.00016
vertex 3.0744000000000002 76.79616 2.00016
endloop
endfacet
facet normal -0.03057842816146618 0.999532370526925 0
outer loop
vertex 3.32544 76.80384000000001 6
vertex 3.0744000000000002 76.79616 2.00016
vertex 3.0744000000000002 76.79616 6
endloop
endfacet
facet normal -0.6115562779474271 0.7912009345944236 0
outer loop
vertex 4.37568 77.18208 2.00016
vertex 4.37568 77.18208 6
vertex 4.47504 77.25888 6
endloop
endfacet
facet normal -0.6115562779474271 0.7912009345944236 0
outer loop
vertex 4.37568 77.18208 2.00016
vertex 4.47504 77.25888 6
vertex 4.47504 77.25888 2.00016
endloop
endfacet
facet normal -0.6617481398758465 0.749726216275553 0
outer loop
vertex 4.47504 77.25888 6
vertex 4.56912 77.34192 6
vertex 4.56912 77.34192 2.00016
endloop
endfacet
facet normal -0.6617481398758465 0.749726216275553 0
outer loop
vertex 4.47504 77.25888 6
vertex 4.56912 77.34192 2.00016
vertex 4.47504 77.25888 2.00016
endloop
endfacet
facet normal -0.9954439019616811 0.09534903275494411 0
outer loop
vertex 5.196 78.6744 6
vertex 5.196 78.6744 2.00016
vertex 5.184 78.54912 2.00016
endloop
endfacet
facet normal -0.9954439019616811 0.09534903275494411 0
outer loop
vertex 5.196 78.6744 6
vertex 5.184 78.54912 2.00016
vertex 5.184 78.54912 6
endloop
endfacet
facet normal -0.9881939076456779 0.15320835777451944 0
outer loop
vertex 5.184 78.54912 2.00016
vertex 5.1648000000000005 78.42528 2.00016
vertex 5.1648000000000005 78.42528 6
endloop
endfacet
facet normal -0.9881939076456779 0.15320835777451944 0
outer loop
vertex 5.184 78.54912 2.00016
vertex 5.1648000000000005 78.42528 6
vertex 5.184 78.54912 6
endloop
endfacet
facet normal -0.9752823267321056 0.22096240215025412 0
outer loop
vertex 5.13696 78.3024 6
vertex 5.1648000000000005 78.42528 6
vertex 5.1648000000000005 78.42528 2.00016
endloop
endfacet
facet normal -0.9752823267321056 0.22096240215025412 0
outer loop
vertex 5.13696 78.3024 6
vertex 5.1648000000000005 78.42528 2.00016
vertex 5.13696 78.3024 2.00016
endloop
endfacet
facet normal -0.9602139500114413 0.27926541175631747 0
outer loop
vertex 5.13696 78.3024 6
vertex 5.13696 78.3024 2.00016
vertex 5.10192 78.18192 2.00016
endloop
endfacet
facet normal -0.9602139500114413 0.27926541175631747 0
outer loop
vertex 5.13696 78.3024 6
vertex 5.10192 78.18192 2.00016
vertex 5.10192 78.18192 6
endloop
endfacet
facet normal -0.9415685960338861 0.3368212863860849 0
outer loop
vertex 5.05968 78.06384 6
vertex 5.10192 78.18192 6
vertex 5.10192 78.18192 2.00016
endloop
endfacet
facet normal -0.9415685960338861 0.3368212863860849 0
outer loop
vertex 5.05968 78.06384 6
vertex 5.10192 78.18192 2.00016
vertex 5.05968 78.06384 2.00016
endloop
endfacet
facet normal -0.8913590440922995 0.45329797541447486 0
outer loop
vertex 5.00976 77.94864 2.00016
vertex 4.95264 77.83632 2.00016
vertex 4.95264 77.83632 6
endloop
endfacet
facet normal -0.8913590440922995 0.45329797541447486 0
outer loop
vertex 5.00976 77.94864 2.00016
vertex 4.95264 77.83632 6
vertex 5.00976 77.94864 6
endloop
endfacet
facet normal -0.9175556253099254 0.39760743763429723 0
outer loop
vertex 5.05968 78.06384 6
vertex 5.05968 78.06384 2.00016
vertex 5.00976 77.94864 2.00016
endloop
endfacet
facet normal -0.9175556253099254 0.39760743763429723 0
outer loop
vertex 5.05968 78.06384 6
vertex 5.00976 77.94864 2.00016
vertex 5.00976 77.94864 6
endloop
endfacet
facet normal -0.7513940993995488 0.6598537015032506 0
outer loop
vertex 4.74096 77.52528 2.00016
vertex 4.65792 77.43072000000001 2.00016
vertex 4.65792 77.43072000000001 6
endloop
endfacet
facet normal -0.7513940993995488 0.6598537015032506 0
outer loop
vertex 4.74096 77.52528 2.00016
vertex 4.65792 77.43072000000001 6
vertex 4.74096 77.52528 6
endloop
endfacet
facet normal -0.7893522173763391 0.6139406135149038 0
outer loop
vertex 4.81824 77.62464 6
vertex 4.81824 77.62464 2.00016
vertex 4.74096 77.52528 2.00016
endloop
endfacet
facet normal -0.7893522173763391 0.6139406135149038 0
outer loop
vertex 4.81824 77.62464 6
vertex 4.74096 77.52528 2.00016
vertex 4.74096 77.52528 6
endloop
endfacet
facet normal -0.21733415596560465 0.9760972618805556 0
outer loop
vertex 3.6974400000000003 76.86288 2.00016
vertex 3.57456 76.83552 2.00016
vertex 3.57456 76.83552 6
endloop
endfacet
facet normal -0.21733415596560465 0.9760972618805556 0
outer loop
vertex 3.6974400000000003 76.86288 2.00016
vertex 3.57456 76.83552 6
vertex 3.6974400000000003 76.86288 6
endloop
endfacet
facet normal -0.27926541175628017 0.9602139500114519 0
outer loop
vertex 3.81792 76.89792 6
vertex 3.81792 76.89792 2.00016
vertex 3.6974400000000003 76.86288 2.00016
endloop
endfacet
facet normal -0.27926541175628017 0.9602139500114519 0
outer loop
vertex 3.81792 76.89792 6
vertex 3.6974400000000003 76.86288 2.00016
vertex 3.6974400000000003 76.86288 6
endloop
endfacet
facet normal -0.338989204172484 0.9407902632651477 0
outer loop
vertex 3.81792 76.89792 2.00016
vertex 3.81792 76.89792 6
vertex 3.93648 76.94064 6
endloop
endfacet
facet normal -0.338989204172484 0.9407902632651477 0
outer loop
vertex 3.81792 76.89792 2.00016
vertex 3.93648 76.94064 6
vertex 3.93648 76.94064 2.00016
endloop
endfacet
facet normal -0.3976074376343012 0.9175556253099239 0
outer loop
vertex 4.05168 76.99056 2.00016
vertex 3.93648 76.94064 2.00016
vertex 3.93648 76.94064 6
endloop
endfacet
facet normal -0.3976074376343012 0.9175556253099239 0
outer loop
vertex 4.05168 76.99056 2.00016
vertex 3.93648 76.94064 6
vertex 4.05168 76.99056 6
endloop
endfacet
facet normal -0.45180229454563503 0.8921180900773726 0
outer loop
vertex 4.16352 77.0472 6
vertex 4.16352 77.0472 2.00016
vertex 4.05168 76.99056 2.00016
endloop
endfacet
facet normal -0.45180229454563503 0.8921180900773726 0
outer loop
vertex 4.16352 77.0472 6
vertex 4.05168 76.99056 2.00016
vertex 4.05168 76.99056 6
endloop
endfacet
facet normal -0.5116852424835835 0.8591729817821998 0
outer loop
vertex 4.27152 77.11152 2.00016
vertex 4.16352 77.0472 2.00016
vertex 4.16352 77.0472 6
endloop
endfacet
facet normal -0.5116852424835835 0.8591729817821998 0
outer loop
vertex 4.27152 77.11152 2.00016
vertex 4.16352 77.0472 6
vertex 4.27152 77.11152 6
endloop
endfacet
facet normal -0.5608481451695164 0.8279186904883311 0
outer loop
vertex 4.37568 77.18208 6
vertex 4.37568 77.18208 2.00016
vertex 4.27152 77.11152 2.00016
endloop
endfacet
facet normal -0.5608481451695164 0.8279186904883311 0
outer loop
vertex 4.37568 77.18208 6
vertex 4.27152 77.11152 2.00016
vertex 4.27152 77.11152 6
endloop
endfacet
facet normal -0.8608503500803701 0.5088582069363765 0
outer loop
vertex 4.8888 77.72832 6
vertex 4.95264 77.83632 6
vertex 4.95264 77.83632 2.00016
endloop
endfacet
facet normal -0.8608503500803701 0.5088582069363765 0
outer loop
vertex 4.8888 77.72832 6
vertex 4.95264 77.83632 2.00016
vertex 4.8888 77.72832 2.00016
endloop
endfacet
facet normal -0.8267128799608733 0.5626240433067172 0
outer loop
vertex 4.81824 77.62464 2.00016
vertex 4.81824 77.62464 6
vertex 4.8888 77.72832 6
endloop
endfacet
facet normal -0.8267128799608733 0.5626240433067172 0
outer loop
vertex 4.81824 77.62464 2.00016
vertex 4.8888 77.72832 6
vertex 4.8888 77.72832 2.00016
endloop
endfacet
facet normal 0.030520126791582683 0.9995341524233305 0
outer loop
vertex 52.925760000000004 76.79616 6
vertex 52.925760000000004 76.79616 2.00016
vertex 52.674240000000005 76.80384000000001 2.00016
endloop
endfacet
facet normal 0.030520126791582683 0.9995341524233305 0
outer loop
vertex 52.925760000000004 76.79616 6
vertex 52.674240000000005 76.80384000000001 2.00016
vertex 52.674240000000005 76.80384000000001 6
endloop
endfacet
facet normal 0.9994721378868218 0.03248762207281739 0
outer loop
vertex 50.80416 78.6744 6
vertex 50.80416 78.6744 2.00016
vertex 50.796 78.92544000000001 2.00016
endloop
endfacet
facet normal 0.9994721378868218 0.03248762207281739 0
outer loop
vertex 50.80416 78.6744 6
vertex 50.796 78.92544000000001 2.00016
vertex 50.796 78.92544000000001 6
endloop
endfacet
facet normal 0.21814596370706213 0.9759161534262649 0
outer loop
vertex 52.42512 76.83552 2.00016
vertex 52.30272 76.86288 2.00016
vertex 52.30272 76.86288 6
endloop
endfacet
facet normal 0.21814596370706213 0.9759161534262649 0
outer loop
vertex 52.42512 76.83552 2.00016
vertex 52.30272 76.86288 6
vertex 52.42512 76.83552 6
endloop
endfacet
facet normal 0.09571240664426103 0.9954090291002807 0
outer loop
vertex 52.549440000000004 76.81584000000001 6
vertex 52.674240000000005 76.80384000000001 6
vertex 52.674240000000005 76.80384000000001 2.00016
endloop
endfacet
facet normal 0.09571240664426103 0.9954090291002807 0
outer loop
vertex 52.549440000000004 76.81584000000001 6
vertex 52.674240000000005 76.80384000000001 2.00016
vertex 52.549440000000004 76.81584000000001 2.00016
endloop
endfacet
facet normal 0.15635421977243072 0.9877010468554512 0
outer loop
vertex 52.42512 76.83552 2.00016
vertex 52.42512 76.83552 6
vertex 52.549440000000004 76.81584000000001 6
endloop
endfacet
facet normal 0.15635421977243072 0.9877010468554512 0
outer loop
vertex 52.42512 76.83552 2.00016
vertex 52.549440000000004 76.81584000000001 6
vertex 52.549440000000004 76.81584000000001 2.00016
endloop
endfacet
facet normal 0.9602139500114525 0.2792654117562783 0
outer loop
vertex 50.89776 78.18192 6
vertex 50.89776 78.18192 2.00016
vertex 50.86272 78.3024 2.00016
endloop
endfacet
facet normal 0.9602139500114525 0.2792654117562783 0
outer loop
vertex 50.89776 78.18192 6
vertex 50.86272 78.3024 2.00016
vertex 50.86272 78.3024 6
endloop
endfacet
facet normal 0.9760972618805538 0.21733415596561365 0
outer loop
vertex 50.83536 78.42528 6
vertex 50.86272 78.3024 6
vertex 50.86272 78.3024 2.00016
endloop
endfacet
facet normal 0.9760972618805538 0.21733415596561365 0
outer loop
vertex 50.83536 78.42528 6
vertex 50.86272 78.3024 2.00016
vertex 50.83536 78.42528 2.00016
endloop
endfacet
facet normal 0.9957988518590413 0.09156771051574988 -0.00003204869867924546
outer loop
vertex 50.80896 78.62304 4.4001600000000005
vertex 50.81568 78.54912 2.00016
vertex 50.80416 78.6744 2.00016
endloop
endfacet
facet normal 0.995661208276169 0.09305244937152092 0
outer loop
vertex 50.80896 78.62304 4.4001600000000005
vertex 50.80416 78.6744 2.00016
vertex 50.80416 78.6744 6
endloop
endfacet
facet normal 0.9958932031610694 0.09053574574118439 0.00008149032022052624
outer loop
vertex 50.80896 78.62304 4.4001600000000005
vertex 50.80416 78.6744 6
vertex 50.80464 78.66912 6
endloop
endfacet
facet normal 0.9957946753884117 0.09161311013574094 0.00005019307094619392
outer loop
vertex 50.80896 78.62304 4.4001600000000005
vertex 50.80464 78.66912 6
vertex 50.81568 78.54912 6
endloop
endfacet
facet normal 0.9958932064677023 0.0905357460425358 0
outer loop
vertex 50.80896 78.62304 4.4001600000000005
vertex 50.81568 78.54912 6
vertex 50.81568 78.54912 2.00016
endloop
endfacet
facet normal 0.987607289786519 0.15694534450096503 0
outer loop
vertex 50.83536 78.42528 6
vertex 50.83536 78.42528 2.00016
vertex 50.81568 78.54912 2.00016
endloop
endfacet
facet normal 0.987607289786519 0.15694534450096503 0
outer loop
vertex 50.83536 78.42528 6
vertex 50.81568 78.54912 2.00016
vertex 50.81568 78.54912 6
endloop
endfacet
facet normal 0.7893522173763323 0.6139406135149127 0
outer loop
vertex 51.2592 77.52528 6
vertex 51.2592 77.52528 2.00016
vertex 51.18192 77.62464 2.00016
endloop
endfacet
facet normal 0.7893522173763323 0.6139406135149127 0
outer loop
vertex 51.2592 77.52528 6
vertex 51.18192 77.62464 2.00016
vertex 51.18192 77.62464 6
endloop
endfacet
facet normal 0.27824316902703505 0.9605106656824758 0
outer loop
vertex 52.30272 76.86288 6
vertex 52.30272 76.86288 2.00016
vertex 52.181760000000004 76.89792 2.00016
endloop
endfacet
facet normal 0.27824316902703505 0.9605106656824758 0
outer loop
vertex 52.30272 76.86288 6
vertex 52.181760000000004 76.89792 2.00016
vertex 52.181760000000004 76.89792 6
endloop
endfacet
facet normal 0.4518022945456322 0.8921180900773742 0
outer loop
vertex 51.83664 77.0472 6
vertex 51.94848 76.99056 6
vertex 51.94848 76.99056 2.00016
endloop
endfacet
facet normal 0.4518022945456322 0.8921180900773742 0
outer loop
vertex 51.83664 77.0472 6
vertex 51.94848 76.99056 2.00016
vertex 51.83664 77.0472 2.00016
endloop
endfacet
facet normal 0.5100110319907959 0.8601678599248425 0
outer loop
vertex 51.72816 77.11152 2.00016
vertex 51.72816 77.11152 6
vertex 51.83664 77.0472 6
endloop
endfacet
facet normal 0.5100110319907959 0.8601678599248425 0
outer loop
vertex 51.72816 77.11152 2.00016
vertex 51.83664 77.0472 6
vertex 51.83664 77.0472 2.00016
endloop
endfacet
facet normal 0.39760743763431794 0.9175556253099165 0
outer loop
vertex 51.94848 76.99056 2.00016
vertex 51.94848 76.99056 6
vertex 52.06368 76.94064 6
endloop
endfacet
facet normal 0.39760743763431794 0.9175556253099165 0
outer loop
vertex 51.94848 76.99056 2.00016
vertex 52.06368 76.94064 6
vertex 52.06368 76.94064 2.00016
endloop
endfacet
facet normal 0.3402080023592895 0.9403502087683618 0
outer loop
vertex 52.06368 76.94064 6
vertex 52.181760000000004 76.89792 6
vertex 52.181760000000004 76.89792 2.00016
endloop
endfacet
facet normal 0.3402080023592895 0.9403502087683618 0
outer loop
vertex 52.06368 76.94064 6
vertex 52.181760000000004 76.89792 2.00016
vertex 52.06368 76.94064 2.00016
endloop
endfacet
facet normal 0.7513940993995349 0.6598537015032666 0
outer loop
vertex 51.342240000000004 77.43072000000001 2.00016
vertex 51.2592 77.52528 2.00016
vertex 51.2592 77.52528 6
endloop
endfacet
facet normal 0.7513940993995349 0.6598537015032666 0
outer loop
vertex 51.342240000000004 77.43072000000001 2.00016
vertex 51.2592 77.52528 6
vertex 51.342240000000004 77.43072000000001 6
endloop
endfacet
facet normal 0.6617481398758535 0.7497262162755468 0
outer loop
vertex 51.43104 77.34192 6
vertex 51.52512 77.25888 6
vertex 51.52512 77.25888 2.00016
endloop
endfacet
facet normal 0.6617481398758535 0.7497262162755468 0
outer loop
vertex 51.43104 77.34192 6
vertex 51.52512 77.25888 2.00016
vertex 51.43104 77.34192 2.00016
endloop
endfacet
facet normal 0.7071067811866852 0.7071067811864099 0
outer loop
vertex 51.37872 77.39424 4.4001600000000005
vertex 51.342240000000004 77.43072000000001 2.00016
vertex 51.342240000000004 77.43072000000001 6
endloop
endfacet
facet normal 0.7071067811865472 0.7071067811865478 -6.280451934546458e-15
outer loop
vertex 51.37872 77.39424 4.4001600000000005
vertex 51.342240000000004 77.43072000000001 6
vertex 51.34752 77.42544000000001 6
endloop
endfacet
facet normal 0.7071067811865777 0.7071067811865175 -5.1075876547615e-15
outer loop
vertex 51.37872 77.39424 4.4001600000000005
vertex 51.34752 77.42544000000001 6
vertex 51.43104 77.34192 6
endloop
endfacet
facet normal 0.7071067811864995 0.7071067811865954 0
outer loop
vertex 51.37872 77.39424 4.4001600000000005
vertex 51.43104 77.34192 6
vertex 51.43104 77.34192 2.00016
endloop
endfacet
facet normal 0.7071067811865758 0.7071067811865192 3.326740220881995e-15
outer loop
vertex 51.37872 77.39424 4.4001600000000005
vertex 51.43104 77.34192 2.00016
vertex 51.342240000000004 77.43072000000001 2.00016
endloop
endfacet
facet normal 0.8267128799608963 0.5626240433066833 0
outer loop
vertex 51.111360000000005 77.72832 6
vertex 51.18192 77.62464 6
vertex 51.18192 77.62464 2.00016
endloop
endfacet
facet normal 0.8267128799608963 0.5626240433066833 0
outer loop
vertex 51.111360000000005 77.72832 6
vertex 51.18192 77.62464 2.00016
vertex 51.111360000000005 77.72832 2.00016
endloop
endfacet
facet normal 0.8913590440923082 0.45329797541445815 0
outer loop
vertex 51.04752 77.83632 2.00016
vertex 50.9904 77.94864 2.00016
vertex 50.9904 77.94864 6
endloop
endfacet
facet normal 0.8913590440923082 0.45329797541445815 0
outer loop
vertex 51.04752 77.83632 2.00016
vertex 50.9904 77.94864 6
vertex 51.04752 77.83632 6
endloop
endfacet
facet normal 0.8608503500803485 0.5088582069364133 0
outer loop
vertex 51.111360000000005 77.72832 6
vertex 51.111360000000005 77.72832 2.00016
vertex 51.04752 77.83632 2.00016
endloop
endfacet
facet normal 0.8608503500803485 0.5088582069364133 0
outer loop
vertex 51.111360000000005 77.72832 6
vertex 51.04752 77.83632 2.00016
vertex 51.04752 77.83632 6
endloop
endfacet
facet normal 0.6115562779474373 0.7912009345944158 0
outer loop
vertex 51.62448 77.18208 2.00016
vertex 51.52512 77.25888 2.00016
vertex 51.52512 77.25888 6
endloop
endfacet
facet normal 0.6115562779474373 0.7912009345944158 0
outer loop
vertex 51.62448 77.18208 2.00016
vertex 51.52512 77.25888 6
vertex 51.62448 77.18208 6
endloop
endfacet
facet normal 0.5626240433066957 0.8267128799608878 0
outer loop
vertex 51.72816 77.11152 6
vertex 51.72816 77.11152 2.00016
vertex 51.62448 77.18208 2.00016
endloop
endfacet
facet normal 0.5626240433066957 0.8267128799608878 0
outer loop
vertex 51.72816 77.11152 6
vertex 51.62448 77.18208 2.00016
vertex 51.62448 77.18208 6
endloop
endfacet
facet normal 0.9175556253099254 0.39760743763429723 0
outer loop
vertex 50.94048 78.06384 6
vertex 50.9904 77.94864 6
vertex 50.9904 77.94864 2.00016
endloop
endfacet
facet normal 0.9175556253099254 0.39760743763429723 0
outer loop
vertex 50.94048 78.06384 6
vertex 50.9904 77.94864 2.00016
vertex 50.94048 78.06384 2.00016
endloop
endfacet
facet normal 0.9403502087683618 0.3402080023592895 0
outer loop
vertex 50.89776 78.18192 2.00016
vertex 50.89776 78.18192 6
vertex 50.94048 78.06384 6
endloop
endfacet
facet normal 0.9403502087683618 0.3402080023592895 0
outer loop
vertex 50.89776 78.18192 2.00016
vertex 50.94048 78.06384 6
vertex 50.94048 78.06384 2.00016
endloop
endfacet
facet normal -0.8601678599248254 -0.5100110319908245 0
outer loop
vertex 1.4472 6.23664 6
vertex 1.4472 6.23664 2.00016
vertex 1.51152 6.12816 2.00016
endloop
endfacet
facet normal -0.8601678599248254 -0.5100110319908245 0
outer loop
vertex 1.4472 6.23664 6
vertex 1.51152 6.12816 2.00016
vertex 1.51152 6.12816 6
endloop
endfacet
facet normal -0.7912009345944477 -0.611556277947396 0
outer loop
vertex 1.58208 6.0244800000000005 2.00016
vertex 1.6588800000000001 5.92512 2.00016
vertex 1.6588800000000001 5.92512 6
endloop
endfacet
facet normal -0.7912009345944477 -0.611556277947396 0
outer loop
vertex 1.58208 6.0244800000000005 2.00016
vertex 1.6588800000000001 5.92512 6
vertex 1.58208 6.0244800000000005 6
endloop
endfacet
facet normal -0.8267128799608784 -0.5626240433067098 0
outer loop
vertex 1.58208 6.0244800000000005 2.00016
vertex 1.58208 6.0244800000000005 6
vertex 1.51152 6.12816 6
endloop
endfacet
facet normal -0.8267128799608784 -0.5626240433067098 0
outer loop
vertex 1.58208 6.0244800000000005 2.00016
vertex 1.51152 6.12816 6
vertex 1.51152 6.12816 2.00016
endloop
endfacet
facet normal -0.7497262162755408 -0.6617481398758603 0
outer loop
vertex 1.7419200000000001 5.83104 2.00016
vertex 1.7419200000000001 5.83104 6
vertex 1.6588800000000001 5.92512 6
endloop
endfacet
facet normal -0.7497262162755408 -0.6617481398758603 0
outer loop
vertex 1.7419200000000001 5.83104 2.00016
vertex 1.6588800000000001 5.92512 6
vertex 1.6588800000000001 5.92512 2.00016
endloop
endfacet
facet normal -0.5626240433067122 -0.8267128799608767 0
outer loop
vertex 2.02464 5.58192 2.00016
vertex 2.12832 5.51136 2.00016
vertex 2.12832 5.51136 6
endloop
endfacet
facet normal -0.5626240433067122 -0.8267128799608767 0
outer loop
vertex 2.02464 5.58192 2.00016
vertex 2.12832 5.51136 6
vertex 2.02464 5.58192 6
endloop
endfacet
facet normal -0.6139406135149201 -0.7893522173763267 0
outer loop
vertex 2.02464 5.58192 2.00016
vertex 2.02464 5.58192 6
vertex 1.92528 5.6592 6
endloop
endfacet
facet normal -0.6139406135149201 -0.7893522173763267 0
outer loop
vertex 2.02464 5.58192 2.00016
vertex 1.92528 5.6592 6
vertex 1.92528 5.6592 2.00016
endloop
endfacet
facet normal -0.09156771056279893 -0.995798852370441 0
outer loop
vertex 2.94912 5.21568 2.00016
vertex 3.0744000000000002 5.20416 2.00016
vertex 3.0744000000000002 5.20416 6
endloop
endfacet
facet normal -0.09156771056279893 -0.995798852370441 0
outer loop
vertex 2.94912 5.21568 2.00016
vertex 3.0744000000000002 5.20416 6
vertex 2.94912 5.21568 6
endloop
endfacet
facet normal -0.9877010468554431 -0.15635421977248265 0
outer loop
vertex 1.21584 6.94944 6
vertex 1.21584 6.94944 2.00016
vertex 1.23552 6.82512 2.00016
endloop
endfacet
facet normal -0.9877010468554431 -0.15635421977248265 0
outer loop
vertex 1.21584 6.94944 6
vertex 1.23552 6.82512 2.00016
vertex 1.23552 6.82512 6
endloop
endfacet
facet normal -0.9759161534262679 -0.2181459637070488 0
outer loop
vertex 1.23552 6.82512 6
vertex 1.23552 6.82512 2.00016
vertex 1.26288 6.70272 2.00016
endloop
endfacet
facet normal -0.9759161534262679 -0.2181459637070488 0
outer loop
vertex 1.23552 6.82512 6
vertex 1.26288 6.70272 2.00016
vertex 1.26288 6.70272 6
endloop
endfacet
facet normal -0.9403502087683628 -0.34020800235928655 0
outer loop
vertex 1.29792 6.58176 6
vertex 1.29792 6.58176 2.00016
vertex 1.34064 6.46368 2.00016
endloop
endfacet
facet normal -0.9403502087683628 -0.34020800235928655 0
outer loop
vertex 1.29792 6.58176 6
vertex 1.34064 6.46368 2.00016
vertex 1.34064 6.46368 6
endloop
endfacet
facet normal -0.9605106656824676 -0.2782431690270633 0
outer loop
vertex 1.26288 6.70272 6
vertex 1.26288 6.70272 2.00016
vertex 1.29792 6.58176 2.00016
endloop
endfacet
facet normal -0.9605106656824676 -0.2782431690270633 0
outer loop
vertex 1.26288 6.70272 6
vertex 1.29792 6.58176 2.00016
vertex 1.29792 6.58176 6
endloop
endfacet
facet normal -0.7071067811865456 -0.7071067811865495 0
outer loop
vertex 5.78256 1.7904 3.6
vertex 5.74224 1.8307200000000001 6
vertex 5.74224 1.8307200000000001 2.00016
endloop
endfacet
facet normal -0.7071067811865476 -0.7071067811865475 9.791389326589384e-17
outer loop
vertex 5.78256 1.7904 3.6
vertex 5.74224 1.8307200000000001 2.00016
vertex 5.7672 1.80576 2.00016
endloop
endfacet
facet normal -0.7071067811865475 -0.7071067811865475 9.83325137737391e-17
outer loop
vertex 5.78256 1.7904 3.6
vertex 5.7672 1.80576 2.00016
vertex 5.83104 1.7419200000000001 2.00016
endloop
endfacet
facet normal -0.7071067811865492 -0.7071067811865459 0
outer loop
vertex 5.78256 1.7904 3.6
vertex 5.83104 1.7419200000000001 2.00016
vertex 5.83104 1.7419200000000001 6
endloop
endfacet
facet normal -0.7071067811865476 -0.7071067811865476 -6.475056658291276e-17
outer loop
vertex 5.78256 1.7904 3.6
vertex 5.83104 1.7419200000000001 6
vertex 5.74224 1.8307200000000001 6
endloop
endfacet
facet normal -0.7071067811865476 -0.7071067811865476 0
outer loop
vertex 1.7419200000000001 5.83104 6
vertex 1.7419200000000001 5.83104 2.00016
vertex 1.8307200000000001 5.74224 2.00016
endloop
endfacet
facet normal -0.7071067811865476 -0.7071067811865476 0
outer loop
vertex 1.7419200000000001 5.83104 6
vertex 1.8307200000000001 5.74224 2.00016
vertex 1.8307200000000001 5.74224 6
endloop
endfacet
facet normal -0.6598537015031959 -0.7513940993995969 0
outer loop
vertex 1.8307200000000001 5.74224 2.00016
vertex 1.92528 5.6592 2.00016
vertex 1.92528 5.6592 6
endloop
endfacet
facet normal -0.6598537015031959 -0.7513940993995969 0
outer loop
vertex 1.8307200000000001 5.74224 2.00016
vertex 1.92528 5.6592 6
vertex 1.8307200000000001 5.74224 6
endloop
endfacet
facet normal -0.4532979754144593 -0.8913590440923075 0
outer loop
vertex 2.23632 5.44752 2.00016
vertex 2.34864 5.3904000000000005 2.00016
vertex 2.34864 5.3904000000000005 6
endloop
endfacet
facet normal -0.4532979754144593 -0.8913590440923075 0
outer loop
vertex 2.23632 5.44752 2.00016
vertex 2.34864 5.3904000000000005 6
vertex 2.23632 5.44752 6
endloop
endfacet
facet normal -0.5088582069363905 -0.8608503500803619 0
outer loop
vertex 2.23632 5.44752 2.00016
vertex 2.23632 5.44752 6
vertex 2.12832 5.51136 6
endloop
endfacet
facet normal -0.5088582069363905 -0.8608503500803619 0
outer loop
vertex 2.23632 5.44752 2.00016
vertex 2.12832 5.51136 6
vertex 2.12832 5.51136 2.00016
endloop
endfacet
facet normal -0.2792654117563193 -0.9602139500114405 0
outer loop
vertex 2.58192 5.29776 2.00016
vertex 2.7024 5.26272 2.00016
vertex 2.7024 5.26272 6
endloop
endfacet
facet normal -0.2792654117563193 -0.9602139500114405 0
outer loop
vertex 2.58192 5.29776 2.00016
vertex 2.7024 5.26272 6
vertex 2.58192 5.29776 6
endloop
endfacet
facet normal -0.15694534450095976 -0.9876072897865197 0
outer loop
vertex 2.8252800000000002 5.23536 2.00016
vertex 2.94912 5.21568 2.00016
vertex 2.94912 5.21568 6
endloop
endfacet
facet normal -0.15694534450095976 -0.9876072897865197 0
outer loop
vertex 2.8252800000000002 5.23536 2.00016
vertex 2.94912 5.21568 6
vertex 2.8252800000000002 5.23536 6
endloop
endfacet
facet normal -0.21733415596559122 -0.9760972618805587 0
outer loop
vertex 2.8252800000000002 5.23536 2.00016
vertex 2.8252800000000002 5.23536 6
vertex 2.7024 5.26272 6
endloop
endfacet
facet normal -0.21733415596559122 -0.9760972618805587 0
outer loop
vertex 2.8252800000000002 5.23536 2.00016
vertex 2.7024 5.26272 6
vertex 2.7024 5.26272 2.00016
endloop
endfacet
facet normal -0.9954090291002812 -0.09571240664425754 0
outer loop
vertex 1.20384 7.0742400000000005 2.00016
vertex 1.21584 6.94944 2.00016
vertex 1.21584 6.94944 6
endloop
endfacet
facet normal -0.9954090291002812 -0.09571240664425754 0
outer loop
vertex 1.20384 7.0742400000000005 2.00016
vertex 1.21584 6.94944 6
vertex 1.20384 7.0742400000000005 6
endloop
endfacet
facet normal -0.9995341524233314 -0.030520126791552707 0
outer loop
vertex 1.20384 7.0742400000000005 2.00016
vertex 1.20384 7.0742400000000005 6
vertex 1.2 7.2 6
endloop
endfacet
facet normal -0.9995341524233314 -0.030520126791552707 0
outer loop
vertex 1.20384 7.0742400000000005 2.00016
vertex 1.2 7.2 6
vertex 1.2 7.2 2.00016
endloop
endfacet
facet normal -0.8921180900773777 -0.4518022945456252 0
outer loop
vertex 1.39056 6.34848 2.00016
vertex 1.4472 6.23664 2.00016
vertex 1.4472 6.23664 6
endloop
endfacet
facet normal -0.8921180900773777 -0.4518022945456252 0
outer loop
vertex 1.39056 6.34848 2.00016
vertex 1.4472 6.23664 6
vertex 1.39056 6.34848 6
endloop
endfacet
facet normal -0.9175556253099239 -0.39760743763430095 0
outer loop
vertex 1.39056 6.34848 2.00016
vertex 1.39056 6.34848 6
vertex 1.34064 6.46368 6
endloop
endfacet
facet normal -0.9175556253099239 -0.39760743763430095 0
outer loop
vertex 1.39056 6.34848 2.00016
vertex 1.34064 6.46368 6
vertex 1.34064 6.46368 2.00016
endloop
endfacet
facet normal -0.34020800235928655 -0.9403502087683628 0
outer loop
vertex 2.4638400000000003 5.34048 2.00016
vertex 2.58192 5.29776 2.00016
vertex 2.58192 5.29776 6
endloop
endfacet
facet normal -0.34020800235928655 -0.9403502087683628 0
outer loop
vertex 2.4638400000000003 5.34048 2.00016
vertex 2.58192 5.29776 6
vertex 2.4638400000000003 5.34048 6
endloop
endfacet
facet normal -0.3976074376343012 -0.9175556253099239 0
outer loop
vertex 2.4638400000000003 5.34048 2.00016
vertex 2.4638400000000003 5.34048 6
vertex 2.34864 5.3904000000000005 6
endloop
endfacet
facet normal -0.3976074376343012 -0.9175556253099239 0
outer loop
vertex 2.4638400000000003 5.34048 2.00016
vertex 2.34864 5.3904000000000005 6
vertex 2.34864 5.3904000000000005 2.00016
endloop
endfacet
facet normal -1 0 0
outer loop
vertex 1.2 41.00016 5.74992
vertex 1.2 7.24224 6
vertex 1.2 7.33104 6
endloop
endfacet
facet normal -1 0 0
outer loop
vertex 1.2 41.00016 5.74992
vertex 1.2 7.33104 6
vertex 1.2 7.425120000000001 6
endloop
endfacet
facet normal -1 0 0
outer loop
vertex 1.2 41.00016 5.74992
vertex 1.2 7.425120000000001 6
vertex 1.2 7.5244800000000005 6
endloop
endfacet
facet normal -0.9999999999999999 0 0
outer loop
vertex 1.2 41.00016 5.74992
vertex 1.2 7.5244800000000005 6
vertex 1.2 7.62816 6
endloop
endfacet
facet normal -1 0 0
outer loop
vertex 1.2 41.00016 5.74992
vertex 1.2 7.62816 6
vertex 1.2 7.73664 6
endloop
endfacet
facet normal -1 0 0
outer loop
vertex 1.2 41.00016 5.74992
vertex 1.2 7.73664 6
vertex 1.2 7.84848 6
endloop
endfacet
facet normal -1 0 0
outer loop
vertex 1.2 41.00016 5.74992
vertex 1.2 7.84848 6
vertex 1.2 7.96368 6
endloop
endfacet
facet normal -1 0 0
outer loop
vertex 1.2 41.00016 5.74992
vertex 1.2 7.96368 6
vertex 1.2 8.081760000000001 6
endloop
endfacet
facet normal -1 0 0
outer loop
vertex 1.2 41.00016 5.74992
vertex 1.2 8.081760000000001 6
vertex 1.2 8.20272 6
endloop
endfacet
facet normal -1 0 0
outer loop
vertex 1.2 41.00016 5.74992
vertex 1.2 8.20272 6
vertex 1.2 8.32512 6
endloop
endfacet
facet normal -1 0 0
outer loop
vertex 1.2 41.00016 5.74992
vertex 1.2 8.32512 6
vertex 1.2 8.449440000000001 6
endloop
endfacet
facet normal -1 0 0
outer loop
vertex 1.2 41.00016 5.74992
vertex 1.2 8.449440000000001 6
vertex 1.2 8.57424 6
endloop
endfacet
facet normal -1 0 0
outer loop
vertex 1.2 41.00016 5.74992
vertex 1.2 8.57424 6
vertex 1.2 8.700000000000001 6
endloop
endfacet
facet normal -1 0 0
outer loop
vertex 1.2 41.00016 5.74992
vertex 1.2 8.700000000000001 6
vertex 1.2 73.29984 6
endloop
endfacet
facet normal -1 0 0
outer loop
vertex 1.2 41.00016 5.74992
vertex 1.2 73.29984 6
vertex 1.2 73.4256 6
endloop
endfacet
facet normal -1 0 0
outer loop
vertex 1.2 41.00016 5.74992
vertex 1.2 73.4256 6
vertex 1.2 73.55088 6
endloop
endfacet
facet normal -1 0 0
outer loop
vertex 1.2 41.00016 5.74992
vertex 1.2 73.55088 6
vertex 1.2 73.67472000000001 6
endloop
endfacet
facet normal -1 0 0
outer loop
vertex 1.2 41.00016 5.74992
vertex 1.2 73.67472000000001 6
vertex 1.2 73.7976 6
endloop
endfacet
facet normal -0.9999999999999999 0 0
outer loop
vertex 1.2 41.00016 5.74992
vertex 1.2 73.7976 6
vertex 1.2 73.91808 6
endloop
endfacet
facet normal -1 0 0
outer loop
vertex 1.2 41.00016 5.74992
vertex 1.2 73.91808 6
vertex 1.2 74.03616 6
endloop
endfacet
facet normal -1 0 0
outer loop
vertex 1.2 41.00016 5.74992
vertex 1.2 74.03616 6
vertex 1.2 74.15136 6
endloop
endfacet
facet normal -1 0 0
outer loop
vertex 1.2 41.00016 5.74992
vertex 1.2 74.15136 6
vertex 1.2 74.26368000000001 6
endloop
endfacet
facet normal -0.9999999999999999 0 0
outer loop
vertex 1.2 41.00016 5.74992
vertex 1.2 74.26368000000001 6
vertex 1.2 74.37168 6
endloop
endfacet
facet normal -0.9999999999999999 0 0
outer loop
vertex 1.2 41.00016 5.74992
vertex 1.2 74.37168 6
vertex 1.2 74.47536 6
endloop
endfacet
facet normal -1 0 0
outer loop
vertex 1.2 41.00016 5.74992
vertex 1.2 74.47536 6
vertex 1.2 74.57472 6
endloop
endfacet
facet normal -0.9999999999999999 0 0
outer loop
vertex 1.2 41.00016 5.74992
vertex 1.2 74.57472 6
vertex 1.2 74.66928 6
endloop
endfacet
facet normal -1 0 0
outer loop
vertex 1.2 41.00016 5.74992
vertex 1.2 74.66928 6
vertex 1.2 74.75808 6
endloop
endfacet
facet normal -1 0 0
outer loop
vertex 1.2 41.00016 5.74992
vertex 1.2 74.75808 6
vertex 1.2 74.79984 6
endloop
endfacet
facet normal -1 0 0
outer loop
vertex 1.2 41.00016 5.74992
vertex 1.2 74.79984 6
vertex 1.2 74.79984 2.00016
endloop
endfacet
facet normal -1 0 0
outer loop
vertex 1.2 41.00016 5.74992
vertex 1.2 74.79984 2.00016
vertex 1.2 7.2 2.00016
endloop
endfacet
facet normal -1 0 0
outer loop
vertex 1.2 41.00016 5.74992
vertex 1.2 7.2 2.00016
vertex 1.2 7.2 6
endloop
endfacet
facet normal -1 0 0
outer loop
vertex 1.2 41.00016 5.74992
vertex 1.2 7.2 6
vertex 1.2 7.24224 6
endloop
endfacet
facet normal -0.8608503500803619 -0.5088582069363905 0
outer loop
vertex 5.44752 2.23632 6
vertex 5.44752 2.23632 2.00016
vertex 5.51136 2.12832 2.00016
endloop
endfacet
facet normal -0.8608503500803619 -0.5088582069363905 0
outer loop
vertex 5.44752 2.23632 6
vertex 5.51136 2.12832 2.00016
vertex 5.51136 2.12832 6
endloop
endfacet
facet normal -0.7893522173763267 -0.6139406135149201 0
outer loop
vertex 5.58192 2.02464 2.00016
vertex 5.6592 1.92528 2.00016
vertex 5.6592 1.92528 6
endloop
endfacet
facet normal -0.7893522173763267 -0.6139406135149201 0
outer loop
vertex 5.58192 2.02464 2.00016
vertex 5.6592 1.92528 6
vertex 5.58192 2.02464 6
endloop
endfacet
facet normal -0.8267128799608767 -0.5626240433067122 0
outer loop
vertex 5.58192 2.02464 2.00016
vertex 5.58192 2.02464 6
vertex 5.51136 2.12832 6
endloop
endfacet
facet normal -0.8267128799608767 -0.5626240433067122 0
outer loop
vertex 5.58192 2.02464 2.00016
vertex 5.51136 2.12832 6
vertex 5.51136 2.12832 2.00016
endloop
endfacet
facet normal -0.7513940993995969 -0.6598537015031959 0
outer loop
vertex 5.74224 1.8307200000000001 2.00016
vertex 5.74224 1.8307200000000001 6
vertex 5.6592 1.92528 6
endloop
endfacet
facet normal -0.7513940993995969 -0.6598537015031959 0
outer loop
vertex 5.74224 1.8307200000000001 2.00016
vertex 5.6592 1.92528 6
vertex 5.6592 1.92528 2.00016
endloop
endfacet
facet normal -0.030520126791552707 -0.9995341524233314 0
outer loop
vertex 7.0742400000000005 1.20384 6
vertex 7.0742400000000005 1.20384 2.00016
vertex 7.2 1.2 2.00016
endloop
endfacet
facet normal -0.030520126791552707 -0.9995341524233314 0
outer loop
vertex 7.0742400000000005 1.20384 6
vertex 7.2 1.2 2.00016
vertex 7.2 1.2 6
endloop
endfacet
facet normal -0.5626240433067098 -0.8267128799608784 0
outer loop
vertex 6.0244800000000005 1.58208 2.00016
vertex 6.12816 1.51152 2.00016
vertex 6.12816 1.51152 6
endloop
endfacet
facet normal -0.5626240433067098 -0.8267128799608784 0
outer loop
vertex 6.0244800000000005 1.58208 2.00016
vertex 6.12816 1.51152 6
vertex 6.0244800000000005 1.58208 6
endloop
endfacet
facet normal -0.611556277947396 -0.7912009345944477 0
outer loop
vertex 6.0244800000000005 1.58208 2.00016
vertex 6.0244800000000005 1.58208 6
vertex 5.92512 1.6588800000000001 6
endloop
endfacet
facet normal -0.611556277947396 -0.7912009345944477 0
outer loop
vertex 6.0244800000000005 1.58208 2.00016
vertex 5.92512 1.6588800000000001 6
vertex 5.92512 1.6588800000000001 2.00016
endloop
endfacet
facet normal -0.09571240664425754 -0.9954090291002812 0
outer loop
vertex 6.94944 1.21584 2.00016
vertex 7.0742400000000005 1.20384 2.00016
vertex 7.0742400000000005 1.20384 6
endloop
endfacet
facet normal -0.09571240664425754 -0.9954090291002812 0
outer loop
vertex 6.94944 1.21584 2.00016
vertex 7.0742400000000005 1.20384 6
vertex 6.94944 1.21584 6
endloop
endfacet
facet normal -0.9876072897865197 -0.15694534450095976 0
outer loop
vertex 5.21568 2.94912 6
vertex 5.21568 2.94912 2.00016
vertex 5.23536 2.8252800000000002 2.00016
endloop
endfacet
facet normal -0.9876072897865197 -0.15694534450095976 0
outer loop
vertex 5.21568 2.94912 6
vertex 5.23536 2.8252800000000002 2.00016
vertex 5.23536 2.8252800000000002 6
endloop
endfacet
facet normal -0.9760972618805587 -0.21733415596559122 0
outer loop
vertex 5.23536 2.8252800000000002 6
vertex 5.23536 2.8252800000000002 2.00016
vertex 5.26272 2.7024 2.00016
endloop
endfacet
facet normal -0.9760972618805587 -0.21733415596559122 0
outer loop
vertex 5.23536 2.8252800000000002 6
vertex 5.26272 2.7024 2.00016
vertex 5.26272 2.7024 6
endloop
endfacet
facet normal -0.9403502087683628 -0.34020800235928655 0
outer loop
vertex 5.29776 2.58192 6
vertex 5.29776 2.58192 2.00016
vertex 5.34048 2.4638400000000003 2.00016
endloop
endfacet
facet normal -0.9403502087683628 -0.34020800235928655 0
outer loop
vertex 5.29776 2.58192 6
vertex 5.34048 2.4638400000000003 2.00016
vertex 5.34048 2.4638400000000003 6
endloop
endfacet
facet normal -0.9602139500114405 -0.2792654117563193 0
outer loop
vertex 5.26272 2.7024 6
vertex 5.26272 2.7024 2.00016
vertex 5.29776 2.58192 2.00016
endloop
endfacet
facet normal -0.9602139500114405 -0.2792654117563193 0
outer loop
vertex 5.26272 2.7024 6
vertex 5.29776 2.58192 2.00016
vertex 5.29776 2.58192 6
endloop
endfacet
facet normal -0.6617481398758603 -0.7497262162755408 0
outer loop
vertex 5.83104 1.7419200000000001 2.00016
vertex 5.92512 1.6588800000000001 2.00016
vertex 5.92512 1.6588800000000001 6
endloop
endfacet
facet normal -0.6617481398758603 -0.7497262162755408 0
outer loop
vertex 5.83104 1.7419200000000001 2.00016
vertex 5.92512 1.6588800000000001 6
vertex 5.83104 1.7419200000000001 6
endloop
endfacet
facet normal -0.4518022945456252 -0.8921180900773777 0
outer loop
vertex 6.23664 1.4472 2.00016
vertex 6.34848 1.39056 2.00016
vertex 6.34848 1.39056 6
endloop
endfacet
facet normal -0.4518022945456252 -0.8921180900773777 0
outer loop
vertex 6.23664 1.4472 2.00016
vertex 6.34848 1.39056 6
vertex 6.23664 1.4472 6
endloop
endfacet
facet normal -0.5100110319908245 -0.8601678599248254 0
outer loop
vertex 6.23664 1.4472 2.00016
vertex 6.23664 1.4472 6
vertex 6.12816 1.51152 6
endloop
endfacet
facet normal -0.5100110319908245 -0.8601678599248254 0
outer loop
vertex 6.23664 1.4472 2.00016
vertex 6.12816 1.51152 6
vertex 6.12816 1.51152 2.00016
endloop
endfacet
facet normal -0.2782431690270633 -0.9605106656824676 0
outer loop
vertex 6.58176 1.29792 2.00016
vertex 6.70272 1.26288 2.00016
vertex 6.70272 1.26288 6
endloop
endfacet
facet normal -0.2782431690270633 -0.9605106656824676 0
outer loop
vertex 6.58176 1.29792 2.00016
vertex 6.70272 1.26288 6
vertex 6.58176 1.29792 6
endloop
endfacet
facet normal -0.15635421977248265 -0.9877010468554431 0
outer loop
vertex 6.82512 1.23552 2.00016
vertex 6.94944 1.21584 2.00016
vertex 6.94944 1.21584 6
endloop
endfacet
facet normal -0.15635421977248265 -0.9877010468554431 0
outer loop
vertex 6.82512 1.23552 2.00016
vertex 6.94944 1.21584 6
vertex 6.82512 1.23552 6
endloop
endfacet
facet normal -0.2181459637070488 -0.9759161534262679 0
outer loop
vertex 6.82512 1.23552 2.00016
vertex 6.82512 1.23552 6
vertex 6.70272 1.26288 6
endloop
endfacet
facet normal -0.2181459637070488 -0.9759161534262679 0
outer loop
vertex 6.82512 1.23552 2.00016
vertex 6.70272 1.26288 6
vertex 6.70272 1.26288 2.00016
endloop
endfacet
facet normal -0.995798852370441 -0.09156771056279893 0
outer loop
vertex 5.20416 3.0744000000000002 2.00016
vertex 5.21568 2.94912 2.00016
vertex 5.21568 2.94912 6
endloop
endfacet
facet normal -0.995798852370441 -0.09156771056279893 0
outer loop
vertex 5.20416 3.0744000000000002 2.00016
vertex 5.21568 2.94912 6
vertex 5.20416 3.0744000000000002 6
endloop
endfacet
facet normal -0.8913590440923075 -0.4532979754144593 0
outer loop
vertex 5.3904000000000005 2.34864 2.00016
vertex 5.44752 2.23632 2.00016
vertex 5.44752 2.23632 6
endloop
endfacet
facet normal -0.8913590440923075 -0.4532979754144593 0
outer loop
vertex 5.3904000000000005 2.34864 2.00016
vertex 5.44752 2.23632 6
vertex 5.3904000000000005 2.34864 6
endloop
endfacet
facet normal -0.9175556253099239 -0.3976074376343012 0
outer loop
vertex 5.3904000000000005 2.34864 2.00016
vertex 5.3904000000000005 2.34864 6
vertex 5.34048 2.4638400000000003 6
endloop
endfacet
facet normal -0.9175556253099239 -0.3976074376343012 0
outer loop
vertex 5.3904000000000005 2.34864 2.00016
vertex 5.34048 2.4638400000000003 6
vertex 5.34048 2.4638400000000003 2.00016
endloop
endfacet
facet normal -0.34020800235928655 -0.9403502087683628 0
outer loop
vertex 6.46368 1.34064 2.00016
vertex 6.58176 1.29792 2.00016
vertex 6.58176 1.29792 6
endloop
endfacet
facet normal -0.34020800235928655 -0.9403502087683628 0
outer loop
vertex 6.46368 1.34064 2.00016
vertex 6.58176 1.29792 6
vertex 6.46368 1.34064 6
endloop
endfacet
facet normal -0.39760743763430095 -0.9175556253099239 0
outer loop
vertex 6.46368 1.34064 2.00016
vertex 6.46368 1.34064 6
vertex 6.34848 1.39056 6
endloop
endfacet
facet normal -0.39760743763430095 -0.9175556253099239 0
outer loop
vertex 6.46368 1.34064 2.00016
vertex 6.34848 1.39056 6
vertex 6.34848 1.39056 2.00016
endloop
endfacet
facet normal 0 -1 0
outer loop
vertex 7.2 1.2 6
vertex 7.2 1.2 2.00016
vertex 48.80016 1.2 2.00016
endloop
endfacet
facet normal 0 -1 0
outer loop
vertex 7.2 1.2 6
vertex 48.80016 1.2 2.00016
vertex 48.80016 1.2 6
endloop
endfacet
facet normal 0.5071867710303651 -0.8618361673147582 0
outer loop
vertex 53.76336 5.44752 6
vertex 53.76336 5.44752 2.00016
vertex 53.87184 5.51136 2.00016
endloop
endfacet
facet normal 0.5071867710303651 -0.8618361673147582 0
outer loop
vertex 53.76336 5.44752 6
vertex 53.87184 5.51136 2.00016
vertex 53.87184 5.51136 6
endloop
endfacet
facet normal 0.6139406135149313 -0.789352217376318 0
outer loop
vertex 53.97552 5.58192 2.00016
vertex 54.07488 5.6592 2.00016
vertex 54.07488 5.6592 6
endloop
endfacet
facet normal 0.6139406135149313 -0.789352217376318 0
outer loop
vertex 53.97552 5.58192 2.00016
vertex 54.07488 5.6592 6
vertex 53.97552 5.58192 6
endloop
endfacet
facet normal 0.5626240433066957 -0.8267128799608878 0
outer loop
vertex 53.97552 5.58192 2.00016
vertex 53.97552 5.58192 6
vertex 53.87184 5.51136 6
endloop
endfacet
facet normal 0.5626240433066957 -0.8267128799608878 0
outer loop
vertex 53.97552 5.58192 2.00016
vertex 53.87184 5.51136 6
vertex 53.87184 5.51136 2.00016
endloop
endfacet
facet normal 0.6617481398758653 -0.7497262162755363 0
outer loop
vertex 54.16896 5.74224 2.00016
vertex 54.16896 5.74224 6
vertex 54.07488 5.6592 6
endloop
endfacet
facet normal 0.6617481398758653 -0.7497262162755363 0
outer loop
vertex 54.16896 5.74224 2.00016
vertex 54.07488 5.6592 6
vertex 54.07488 5.6592 2.00016
endloop
endfacet
facet normal 0.9994105210553955 -0.03433089576144402 0
outer loop
vertex 54.79584 7.0742400000000005 6
vertex 54.79584 7.0742400000000005 2.00016
vertex 54.80016 7.2 2.00016
endloop
endfacet
facet normal 0.9994105210553955 -0.03433089576144402 0
outer loop
vertex 54.79584 7.0742400000000005 6
vertex 54.80016 7.2 2.00016
vertex 54.80016 7.2 6
endloop
endfacet
facet normal 0.8267128799608767 -0.5626240433067122 0
outer loop
vertex 54.41808 6.0244800000000005 2.00016
vertex 54.488640000000004 6.12816 2.00016
vertex 54.488640000000004 6.12816 6
endloop
endfacet
facet normal 0.8267128799608767 -0.5626240433067122 0
outer loop
vertex 54.41808 6.0244800000000005 2.00016
vertex 54.488640000000004 6.12816 6
vertex 54.41808 6.0244800000000005 6
endloop
endfacet
facet normal 0.7893522173763217 -0.6139406135149263 0
outer loop
vertex 54.41808 6.0244800000000005 2.00016
vertex 54.41808 6.0244800000000005 6
vertex 54.3408 5.92512 6
endloop
endfacet
facet normal 0.7893522173763217 -0.6139406135149263 0
outer loop
vertex 54.41808 6.0244800000000005 2.00016
vertex 54.3408 5.92512 6
vertex 54.3408 5.92512 2.00016
endloop
endfacet
facet normal 0.9957666790179726 -0.09191692421702181 0
outer loop
vertex 54.78432 6.94944 2.00016
vertex 54.79584 7.0742400000000005 2.00016
vertex 54.79584 7.0742400000000005 6
endloop
endfacet
facet normal 0.9957666790179726 -0.09191692421702181 0
outer loop
vertex 54.78432 6.94944 2.00016
vertex 54.79584 7.0742400000000005 6
vertex 54.78432 6.94944 6
endloop
endfacet
facet normal 0.15635421977248762 -0.9877010468554422 0
outer loop
vertex 53.050560000000004 5.21568 6
vertex 53.050560000000004 5.21568 2.00016
vertex 53.17488 5.23536 2.00016
endloop
endfacet
facet normal 0.15635421977248762 -0.9877010468554422 0
outer loop
vertex 53.050560000000004 5.21568 6
vertex 53.17488 5.23536 2.00016
vertex 53.17488 5.23536 6
endloop
endfacet
facet normal 0.21814596370704864 -0.975916153426268 0
outer loop
vertex 53.17488 5.23536 6
vertex 53.17488 5.23536 2.00016
vertex 53.29728 5.26272 2.00016
endloop
endfacet
facet normal 0.21814596370704864 -0.975916153426268 0
outer loop
vertex 53.17488 5.23536 6
vertex 53.29728 5.26272 2.00016
vertex 53.29728 5.26272 6
endloop
endfacet
facet normal 0.34020800235928883 -0.940350208768362 0
outer loop
vertex 53.418240000000004 5.29776 6
vertex 53.418240000000004 5.29776 2.00016
vertex 53.53632 5.34048 2.00016
endloop
endfacet
facet normal 0.34020800235928883 -0.940350208768362 0
outer loop
vertex 53.418240000000004 5.29776 6
vertex 53.53632 5.34048 2.00016
vertex 53.53632 5.34048 6
endloop
endfacet
facet normal 0.27824316902705903 -0.9605106656824689 0
outer loop
vertex 53.29728 5.26272 6
vertex 53.29728 5.26272 2.00016
vertex 53.418240000000004 5.29776 2.00016
endloop
endfacet
facet normal 0.27824316902705903 -0.9605106656824689 0
outer loop
vertex 53.29728 5.26272 6
vertex 53.418240000000004 5.29776 2.00016
vertex 53.418240000000004 5.29776 6
endloop
endfacet
facet normal 0.7071067811865228 -0.7071067811865722 0
outer loop
vertex 54.16896 5.74224 6
vertex 54.16896 5.74224 2.00016
vertex 54.257760000000005 5.83104 2.00016
endloop
endfacet
facet normal 0.7071067811865228 -0.7071067811865722 0
outer loop
vertex 54.16896 5.74224 6
vertex 54.257760000000005 5.83104 2.00016
vertex 54.257760000000005 5.83104 6
endloop
endfacet
facet normal 0.7071067811865511 -0.707106781186544 0
outer loop
vertex 50.16912 1.7419200000000001 6
vertex 50.16912 1.7419200000000001 2.00016
vertex 50.25792 1.8307200000000001 2.00016
endloop
endfacet
facet normal 0.7071067811865511 -0.707106781186544 0
outer loop
vertex 50.16912 1.7419200000000001 6
vertex 50.25792 1.8307200000000001 2.00016
vertex 50.25792 1.8307200000000001 6
endloop
endfacet
facet normal 0.749726216275553 -0.6617481398758465 0
outer loop
vertex 54.257760000000005 5.83104 2.00016
vertex 54.3408 5.92512 2.00016
vertex 54.3408 5.92512 6
endloop
endfacet
facet normal 0.749726216275553 -0.6617481398758465 0
outer loop
vertex 54.257760000000005 5.83104 2.00016
vertex 54.3408 5.92512 6
vertex 54.257760000000005 5.83104 6
endloop
endfacet
facet normal 0.8905723244133349 -0.45484165924971026 0
outer loop
vertex 54.55248 6.23664 2.00016
vertex 54.6096 6.34848 2.00016
vertex 54.6096 6.34848 6
endloop
endfacet
facet normal 0.8905723244133349 -0.45484165924971026 0
outer loop
vertex 54.55248 6.23664 2.00016
vertex 54.6096 6.34848 6
vertex 54.55248 6.23664 6
endloop
endfacet
facet normal 0.8618361673147613 -0.50718677103036 0
outer loop
vertex 54.55248 6.23664 2.00016
vertex 54.55248 6.23664 6
vertex 54.488640000000004 6.12816 6
endloop
endfacet
facet normal 0.8618361673147613 -0.50718677103036 0
outer loop
vertex 54.55248 6.23664 2.00016
vertex 54.488640000000004 6.12816 6
vertex 54.488640000000004 6.12816 2.00016
endloop
endfacet
facet normal 0.960510665682478 -0.2782431690270275 0
outer loop
vertex 54.70224 6.58176 2.00016
vertex 54.73728 6.70272 2.00016
vertex 54.73728 6.70272 6
endloop
endfacet
facet normal 0.960510665682478 -0.2782431690270275 0
outer loop
vertex 54.70224 6.58176 2.00016
vertex 54.73728 6.70272 6
vertex 54.70224 6.58176 6
endloop
endfacet
facet normal 0.9877010468554417 -0.15635421977249125 0
outer loop
vertex 54.76464 6.82512 2.00016
vertex 54.78432 6.94944 2.00016
vertex 54.78432 6.94944 6
endloop
endfacet
facet normal 0.9877010468554417 -0.15635421977249125 0
outer loop
vertex 54.76464 6.82512 2.00016
vertex 54.78432 6.94944 6
vertex 54.76464 6.82512 6
endloop
endfacet
facet normal 0.9759161534262653 -0.2181459637070606 0
outer loop
vertex 54.76464 6.82512 2.00016
vertex 54.76464 6.82512 6
vertex 54.73728 6.70272 6
endloop
endfacet
facet normal 0.9759161534262653 -0.2181459637070606 0
outer loop
vertex 54.76464 6.82512 2.00016
vertex 54.73728 6.70272 6
vertex 54.73728 6.70272 2.00016
endloop
endfacet
facet normal 0.09191692421704291 -0.9957666790179708 0
outer loop
vertex 52.925760000000004 5.20416 2.00016
vertex 53.050560000000004 5.21568 2.00016
vertex 53.050560000000004 5.21568 6
endloop
endfacet
facet normal 0.09191692421704291 -0.9957666790179708 0
outer loop
vertex 52.925760000000004 5.20416 2.00016
vertex 53.050560000000004 5.21568 6
vertex 52.925760000000004 5.20416 6
endloop
endfacet
facet normal 0.45484165924971864 -0.8905723244133308 0
outer loop
vertex 53.65152 5.3904000000000005 2.00016
vertex 53.76336 5.44752 2.00016
vertex 53.76336 5.44752 6
endloop
endfacet
facet normal 0.45484165924971864 -0.8905723244133308 0
outer loop
vertex 53.65152 5.3904000000000005 2.00016
vertex 53.76336 5.44752 6
vertex 53.65152 5.3904000000000005 6
endloop
endfacet
facet normal 0.39760743763431794 -0.9175556253099165 0
outer loop
vertex 53.65152 5.3904000000000005 2.00016
vertex 53.65152 5.3904000000000005 6
vertex 53.53632 5.34048 6
endloop
endfacet
facet normal 0.39760743763431794 -0.9175556253099165 0
outer loop
vertex 53.65152 5.3904000000000005 2.00016
vertex 53.53632 5.34048 6
vertex 53.53632 5.34048 2.00016
endloop
endfacet
facet normal 0.9403502087683562 -0.3402080023593054 0
outer loop
vertex 54.65952 6.46368 2.00016
vertex 54.70224 6.58176 2.00016
vertex 54.70224 6.58176 6
endloop
endfacet
facet normal 0.9403502087683562 -0.3402080023593054 0
outer loop
vertex 54.65952 6.46368 2.00016
vertex 54.70224 6.58176 6
vertex 54.65952 6.46368 6
endloop
endfacet
facet normal 0.9175556253099233 -0.39760743763430245 0
outer loop
vertex 54.65952 6.46368 2.00016
vertex 54.65952 6.46368 6
vertex 54.6096 6.34848 6
endloop
endfacet
facet normal 0.9175556253099233 -0.39760743763430245 0
outer loop
vertex 54.65952 6.46368 2.00016
vertex 54.6096 6.34848 6
vertex 54.6096 6.34848 2.00016
endloop
endfacet
facet normal 0.5119414258393704 -0.859020358611804 0
outer loop
vertex 49.81104 1.47552 3.6
vertex 49.76352 1.4472 6
vertex 49.76352 1.4472 2.00016
endloop
endfacet
facet normal 0.5118051750869024 -0.8591015438958244 0.000005484175292989917
outer loop
vertex 49.81104 1.47552 3.6
vertex 49.76352 1.4472 2.00016
vertex 49.78608 1.46064 2.00016
endloop
endfacet
facet normal 0.5116535698719281 -0.8591918437472549 0.000008689325779941528
outer loop
vertex 49.81104 1.47552 3.6
vertex 49.78608 1.46064 2.00016
vertex 49.871520000000004 1.51152 2.00016
endloop
endfacet
facet normal 0.511483859767649 -0.8592928844097266 0
outer loop
vertex 49.81104 1.47552 3.6
vertex 49.871520000000004 1.51152 2.00016
vertex 49.871520000000004 1.51152 6
endloop
endfacet
facet normal 0.5116852424715098 -0.8591729817618969 -0.000006873383854736749
outer loop
vertex 49.81104 1.47552 3.6
vertex 49.871520000000004 1.51152 6
vertex 49.76352 1.4472 6
endloop
endfacet
facet normal 0.6115562779474096 -0.7912009345944371 0
outer loop
vertex 49.975680000000004 1.58208 2.00016
vertex 50.07504 1.6588800000000001 2.00016
vertex 50.07504 1.6588800000000001 6
endloop
endfacet
facet normal 0.6115562779474096 -0.7912009345944371 0
outer loop
vertex 49.975680000000004 1.58208 2.00016
vertex 50.07504 1.6588800000000001 6
vertex 49.975680000000004 1.58208 6
endloop
endfacet
facet normal 0.5608481451695141 -0.8279186904883328 0
outer loop
vertex 49.975680000000004 1.58208 2.00016
vertex 49.975680000000004 1.58208 6
vertex 49.871520000000004 1.51152 6
endloop
endfacet
facet normal 0.5608481451695141 -0.8279186904883328 0
outer loop
vertex 49.975680000000004 1.58208 2.00016
vertex 49.871520000000004 1.51152 6
vertex 49.871520000000004 1.51152 2.00016
endloop
endfacet
facet normal 0.6617481398758673 -0.7497262162755346 0
outer loop
vertex 50.16912 1.7419200000000001 2.00016
vertex 50.16912 1.7419200000000001 6
vertex 50.07504 1.6588800000000001 6
endloop
endfacet
facet normal 0.6617481398758673 -0.7497262162755346 0
outer loop
vertex 50.16912 1.7419200000000001 2.00016
vertex 50.07504 1.6588800000000001 6
vertex 50.07504 1.6588800000000001 2.00016
endloop
endfacet
facet normal 0.8267128799608767 -0.5626240433067122 0
outer loop
vertex 50.418240000000004 2.02464 2.00016
vertex 50.488800000000005 2.12832 2.00016
vertex 50.488800000000005 2.12832 6
endloop
endfacet
facet normal 0.8267128799608767 -0.5626240433067122 0
outer loop
vertex 50.418240000000004 2.02464 2.00016
vertex 50.488800000000005 2.12832 6
vertex 50.418240000000004 2.02464 6
endloop
endfacet
facet normal 0.7893522173763197 -0.6139406135149289 0
outer loop
vertex 50.418240000000004 2.02464 2.00016
vertex 50.418240000000004 2.02464 6
vertex 50.34096 1.92528 6
endloop
endfacet
facet normal 0.7893522173763197 -0.6139406135149289 0
outer loop
vertex 50.418240000000004 2.02464 2.00016
vertex 50.34096 1.92528 6
vertex 50.34096 1.92528 2.00016
endloop
endfacet
facet normal 0.9954439019616799 -0.09534903275495375 0
outer loop
vertex 50.784 2.94912 2.00016
vertex 50.796 3.0744000000000002 2.00016
vertex 50.796 3.0744000000000002 6
endloop
endfacet
facet normal 0.9954439019616799 -0.09534903275495375 0
outer loop
vertex 50.784 2.94912 2.00016
vertex 50.796 3.0744000000000002 6
vertex 50.784 2.94912 6
endloop
endfacet
facet normal 0.1569453445009564 -0.9876072897865203 0
outer loop
vertex 49.05072 1.21584 6
vertex 49.05072 1.21584 2.00016
vertex 49.17456 1.23552 2.00016
endloop
endfacet
facet normal 0.1569453445009564 -0.9876072897865203 0
outer loop
vertex 49.05072 1.21584 6
vertex 49.17456 1.23552 2.00016
vertex 49.17456 1.23552 6
endloop
endfacet
facet normal 0.21733415596558991 -0.976097261880559 0
outer loop
vertex 49.17456 1.23552 6
vertex 49.17456 1.23552 2.00016
vertex 49.29744 1.26288 2.00016
endloop
endfacet
facet normal 0.21733415596558991 -0.976097261880559 0
outer loop
vertex 49.17456 1.23552 6
vertex 49.29744 1.26288 2.00016
vertex 49.29744 1.26288 6
endloop
endfacet
facet normal 0.3389892041724597 -0.9407902632651565 0
outer loop
vertex 49.41792 1.29792 6
vertex 49.41792 1.29792 2.00016
vertex 49.536480000000005 1.34064 2.00016
endloop
endfacet
facet normal 0.3389892041724597 -0.9407902632651565 0
outer loop
vertex 49.41792 1.29792 6
vertex 49.536480000000005 1.34064 2.00016
vertex 49.536480000000005 1.34064 6
endloop
endfacet
facet normal 0.2792654117563142 -0.9602139500114422 0
outer loop
vertex 49.29744 1.26288 6
vertex 49.29744 1.26288 2.00016
vertex 49.41792 1.29792 2.00016
endloop
endfacet
facet normal 0.2792654117563142 -0.9602139500114422 0
outer loop
vertex 49.29744 1.26288 6
vertex 49.41792 1.29792 2.00016
vertex 49.41792 1.29792 6
endloop
endfacet
facet normal 0.7513940993995794 -0.6598537015032158 0
outer loop
vertex 50.25792 1.8307200000000001 2.00016
vertex 50.34096 1.92528 2.00016
vertex 50.34096 1.92528 6
endloop
endfacet
facet normal 0.7513940993995794 -0.6598537015032158 0
outer loop
vertex 50.25792 1.8307200000000001 2.00016
vertex 50.34096 1.92528 6
vertex 50.25792 1.8307200000000001 6
endloop
endfacet
facet normal 0.8913590440923131 -0.4532979754144481 0
outer loop
vertex 50.552640000000004 2.23632 2.00016
vertex 50.60976 2.34864 2.00016
vertex 50.60976 2.34864 6
endloop
endfacet
facet normal 0.8913590440923131 -0.4532979754144481 0
outer loop
vertex 50.552640000000004 2.23632 2.00016
vertex 50.60976 2.34864 6
vertex 50.552640000000004 2.23632 6
endloop
endfacet
facet normal 0.8608503500803649 -0.5088582069363852 0
outer loop
vertex 50.552640000000004 2.23632 2.00016
vertex 50.552640000000004 2.23632 6
vertex 50.488800000000005 2.12832 6
endloop
endfacet
facet normal 0.8608503500803649 -0.5088582069363852 0
outer loop
vertex 50.552640000000004 2.23632 2.00016
vertex 50.488800000000005 2.12832 6
vertex 50.488800000000005 2.12832 2.00016
endloop
endfacet
facet normal 0.9602139500114368 -0.2792654117563324 0
outer loop
vertex 50.70192 2.58192 2.00016
vertex 50.73696 2.7024 2.00016
vertex 50.73696 2.7024 6
endloop
endfacet
facet normal 0.9602139500114368 -0.2792654117563324 0
outer loop
vertex 50.70192 2.58192 2.00016
vertex 50.73696 2.7024 6
vertex 50.70192 2.58192 6
endloop
endfacet
facet normal 0.98819390764568 -0.15320835777450723 0
outer loop
vertex 50.7648 2.8252800000000002 2.00016
vertex 50.784 2.94912 2.00016
vertex 50.784 2.94912 6
endloop
endfacet
facet normal 0.98819390764568 -0.15320835777450723 0
outer loop
vertex 50.7648 2.8252800000000002 2.00016
vertex 50.784 2.94912 6
vertex 50.7648 2.8252800000000002 6
endloop
endfacet
facet normal 0.975282326732112 -0.22096240215022486 0
outer loop
vertex 50.7648 2.8252800000000002 2.00016
vertex 50.7648 2.8252800000000002 6
vertex 50.73696 2.7024 6
endloop
endfacet
facet normal 0.975282326732112 -0.22096240215022486 0
outer loop
vertex 50.7648 2.8252800000000002 2.00016
vertex 50.73696 2.7024 6
vertex 50.73696 2.7024 2.00016
endloop
endfacet
facet normal 0.09534903275495295 -0.9954439019616801 0
outer loop
vertex 48.92544 1.20384 2.00016
vertex 49.05072 1.21584 2.00016
vertex 49.05072 1.21584 6
endloop
endfacet
facet normal 0.09534903275495295 -0.9954439019616801 0
outer loop
vertex 48.92544 1.20384 2.00016
vertex 49.05072 1.21584 6
vertex 48.92544 1.20384 6
endloop
endfacet
facet normal 0.030636952594315123 -0.9995305783895426 0
outer loop
vertex 48.92544 1.20384 2.00016
vertex 48.92544 1.20384 6
vertex 48.80016 1.2 6
endloop
endfacet
facet normal 0.030636952594315123 -0.9995305783895426 0
outer loop
vertex 48.92544 1.20384 2.00016
vertex 48.80016 1.2 6
vertex 48.80016 1.2 2.00016
endloop
endfacet
facet normal 0.4518022945456223 -0.8921180900773792 0
outer loop
vertex 49.65168 1.39056 2.00016
vertex 49.76352 1.4472 2.00016
vertex 49.76352 1.4472 6
endloop
endfacet
facet normal 0.4518022945456223 -0.8921180900773792 0
outer loop
vertex 49.65168 1.39056 2.00016
vertex 49.76352 1.4472 6
vertex 49.65168 1.39056 6
endloop
endfacet
facet normal 0.3976074376343164 -0.9175556253099171 0
outer loop
vertex 49.65168 1.39056 2.00016
vertex 49.65168 1.39056 6
vertex 49.536480000000005 1.34064 6
endloop
endfacet
facet normal 0.3976074376343164 -0.9175556253099171 0
outer loop
vertex 49.65168 1.39056 2.00016
vertex 49.536480000000005 1.34064 6
vertex 49.536480000000005 1.34064 2.00016
endloop
endfacet
facet normal 0.9415685960338802 -0.3368212863861005 0
outer loop
vertex 50.65968 2.4638400000000003 2.00016
vertex 50.70192 2.58192 2.00016
vertex 50.70192 2.58192 6
endloop
endfacet
facet normal 0.9415685960338802 -0.3368212863861005 0
outer loop
vertex 50.65968 2.4638400000000003 2.00016
vertex 50.70192 2.58192 6
vertex 50.65968 2.4638400000000003 6
endloop
endfacet
facet normal 0.9175556253099239 -0.3976074376343012 0
outer loop
vertex 50.65968 2.4638400000000003 2.00016
vertex 50.65968 2.4638400000000003 6
vertex 50.60976 2.34864 6
endloop
endfacet
facet normal 0.9175556253099239 -0.3976074376343012 0
outer loop
vertex 50.65968 2.4638400000000003 2.00016
vertex 50.60976 2.34864 6
vertex 50.60976 2.34864 2.00016
endloop
endfacet
facet normal 0.8608503500803438 0.5088582069364208 0
outer loop
vertex 54.55248 75.76368000000001 6
vertex 54.55248 75.76368000000001 2.00016
vertex 54.488640000000004 75.87168 2.00016
endloop
endfacet
facet normal 0.8608503500803438 0.5088582069364208 0
outer loop
vertex 54.55248 75.76368000000001 6
vertex 54.488640000000004 75.87168 2.00016
vertex 54.488640000000004 75.87168 6
endloop
endfacet
facet normal 0.7893522173763323 0.6139406135149127 0
outer loop
vertex 54.41808 75.97536 2.00016
vertex 54.3408 76.07472 2.00016
vertex 54.3408 76.07472 6
endloop
endfacet
facet normal 0.7893522173763323 0.6139406135149127 0
outer loop
vertex 54.41808 75.97536 2.00016
vertex 54.3408 76.07472 6
vertex 54.41808 75.97536 6
endloop
endfacet
facet normal 0.82671287996087 0.562624043306722 0
outer loop
vertex 54.41808 75.97536 2.00016
vertex 54.41808 75.97536 6
vertex 54.488640000000004 75.87168 6
endloop
endfacet
facet normal 0.82671287996087 0.562624043306722 0
outer loop
vertex 54.41808 75.97536 2.00016
vertex 54.488640000000004 75.87168 6
vertex 54.488640000000004 75.87168 2.00016
endloop
endfacet
facet normal 0.7513940993996121 0.6598537015031787 0
outer loop
vertex 54.257760000000005 76.16928 2.00016
vertex 54.257760000000005 76.16928 6
vertex 54.3408 76.07472 6
endloop
endfacet
facet normal 0.7513940993996121 0.6598537015031787 0
outer loop
vertex 54.257760000000005 76.16928 2.00016
vertex 54.3408 76.07472 6
vertex 54.3408 76.07472 2.00016
endloop
endfacet
facet normal 0.5626240433066957 0.8267128799608878 0
outer loop
vertex 53.97552 76.41792 2.00016
vertex 53.87184 76.48848 2.00016
vertex 53.87184 76.48848 6
endloop
endfacet
facet normal 0.5626240433066957 0.8267128799608878 0
outer loop
vertex 53.97552 76.41792 2.00016
vertex 53.87184 76.48848 6
vertex 53.97552 76.41792 6
endloop
endfacet
facet normal 0.6115562779473666 0.7912009345944705 0
outer loop
vertex 53.97552 76.41792 2.00016
vertex 53.97552 76.41792 6
vertex 54.07488 76.34112 6
endloop
endfacet
facet normal 0.6115562779473666 0.7912009345944705 0
outer loop
vertex 53.97552 76.41792 2.00016
vertex 54.07488 76.34112 6
vertex 54.07488 76.34112 2.00016
endloop
endfacet
facet normal 0.09571240664426103 0.9954090291002807 0
outer loop
vertex 53.050560000000004 76.78416 2.00016
vertex 52.925760000000004 76.79616 2.00016
vertex 52.925760000000004 76.79616 6
endloop
endfacet
facet normal 0.09571240664426103 0.9954090291002807 0
outer loop
vertex 53.050560000000004 76.78416 2.00016
vertex 52.925760000000004 76.79616 6
vertex 53.050560000000004 76.78416 6
endloop
endfacet
facet normal 0.987607289786519 0.15694534450096503 0
outer loop
vertex 54.78432 75.05088 6
vertex 54.78432 75.05088 2.00016
vertex 54.76464 75.17472000000001 2.00016
endloop
endfacet
facet normal 0.987607289786519 0.15694534450096503 0
outer loop
vertex 54.78432 75.05088 6
vertex 54.76464 75.17472000000001 2.00016
vertex 54.76464 75.17472000000001 6
endloop
endfacet
facet normal 0.9760972618805538 0.21733415596561365 0
outer loop
vertex 54.76464 75.17472000000001 6
vertex 54.76464 75.17472000000001 2.00016
vertex 54.73728 75.2976 2.00016
endloop
endfacet
facet normal 0.9760972618805538 0.21733415596561365 0
outer loop
vertex 54.76464 75.17472000000001 6
vertex 54.73728 75.2976 2.00016
vertex 54.73728 75.2976 6
endloop
endfacet
facet normal 0.9403502087683486 0.3402080023593257 0
outer loop
vertex 54.70224 75.41808 6
vertex 54.70224 75.41808 2.00016
vertex 54.65952 75.53616 2.00016
endloop
endfacet
facet normal 0.9403502087683486 0.3402080023593257 0
outer loop
vertex 54.70224 75.41808 6
vertex 54.65952 75.53616 2.00016
vertex 54.65952 75.53616 6
endloop
endfacet
facet normal 0.9602139500114525 0.2792654117562783 0
outer loop
vertex 54.73728 75.2976 6
vertex 54.73728 75.2976 2.00016
vertex 54.70224 75.41808 2.00016
endloop
endfacet
facet normal 0.9602139500114525 0.2792654117562783 0
outer loop
vertex 54.73728 75.2976 6
vertex 54.70224 75.41808 2.00016
vertex 54.70224 75.41808 6
endloop
endfacet
facet normal 0.7071067811864861 0.7071067811866092 0
outer loop
vertex 50.21712 80.20992 3.6
vertex 50.25792 80.16912 6
vertex 50.25792 80.16912 2.00016
endloop
endfacet
facet normal 0.7071067811864488 0.7071067811866463 -1.896841696994739e-15
outer loop
vertex 50.21712 80.20992 3.6
vertex 50.25792 80.16912 2.00016
vertex 50.23248 80.19456 2.00016
endloop
endfacet
facet normal 0.7071067811865476 0.7071067811865476 0
outer loop
vertex 50.21712 80.20992 3.6
vertex 50.23248 80.19456 2.00016
vertex 50.16912 80.25792 2.00016
endloop
endfacet
facet normal 0.7071067811865476 0.7071067811865476 0
outer loop
vertex 50.21712 80.20992 3.6
vertex 50.16912 80.25792 2.00016
vertex 50.16912 80.25792 6
endloop
endfacet
facet normal 0.7071067811865192 0.7071067811865758 -1.1324154644612198e-15
outer loop
vertex 50.21712 80.20992 3.6
vertex 50.16912 80.25792 6
vertex 50.25792 80.16912 6
endloop
endfacet
facet normal 0.7071067811865476 0.7071067811865476 0
outer loop
vertex 54.257760000000005 76.16928 6
vertex 54.257760000000005 76.16928 2.00016
vertex 54.16896 76.25808 2.00016
endloop
endfacet
facet normal 0.7071067811865476 0.7071067811865476 0
outer loop
vertex 54.257760000000005 76.16928 6
vertex 54.16896 76.25808 2.00016
vertex 54.16896 76.25808 6
endloop
endfacet
facet normal 0.6617481398758535 0.7497262162755468 0
outer loop
vertex 54.16896 76.25808 2.00016
vertex 54.07488 76.34112 2.00016
vertex 54.07488 76.34112 6
endloop
endfacet
facet normal 0.6617481398758535 0.7497262162755468 0
outer loop
vertex 54.16896 76.25808 2.00016
vertex 54.07488 76.34112 6
vertex 54.16896 76.25808 6
endloop
endfacet
facet normal 0.4518022945456322 0.8921180900773742 0
outer loop
vertex 53.76336 76.5528 2.00016
vertex 53.65152 76.60944 2.00016
vertex 53.65152 76.60944 6
endloop
endfacet
facet normal 0.4518022945456322 0.8921180900773742 0
outer loop
vertex 53.76336 76.5528 2.00016
vertex 53.65152 76.60944 6
vertex 53.76336 76.5528 6
endloop
endfacet
facet normal 0.5100110319908793 0.8601678599247929 0
outer loop
vertex 53.76336 76.5528 2.00016
vertex 53.76336 76.5528 6
vertex 53.87184 76.48848 6
endloop
endfacet
facet normal 0.5100110319908793 0.8601678599247929 0
outer loop
vertex 53.76336 76.5528 2.00016
vertex 53.87184 76.48848 6
vertex 53.87184 76.48848 2.00016
endloop
endfacet
facet normal 0.2782431690271241 0.96051066568245 0
outer loop
vertex 53.418240000000004 76.70208 2.00016
vertex 53.29728 76.73712 2.00016
vertex 53.29728 76.73712 6
endloop
endfacet
facet normal 0.2782431690271241 0.96051066568245 0
outer loop
vertex 53.418240000000004 76.70208 2.00016
vertex 53.29728 76.73712 6
vertex 53.418240000000004 76.70208 6
endloop
endfacet
facet normal 0.15635421977243943 0.9877010468554499 0
outer loop
vertex 53.17488 76.76448 2.00016
vertex 53.050560000000004 76.78416 2.00016
vertex 53.050560000000004 76.78416 6
endloop
endfacet
facet normal 0.15635421977243943 0.9877010468554499 0
outer loop
vertex 53.17488 76.76448 2.00016
vertex 53.050560000000004 76.78416 6
vertex 53.17488 76.76448 6
endloop
endfacet
facet normal 0.21814596370706213 0.9759161534262649 0
outer loop
vertex 53.17488 76.76448 2.00016
vertex 53.17488 76.76448 6
vertex 53.29728 76.73712 6
endloop
endfacet
facet normal 0.21814596370706213 0.9759161534262649 0
outer loop
vertex 53.17488 76.76448 2.00016
vertex 53.29728 76.73712 6
vertex 53.29728 76.73712 2.00016
endloop
endfacet
facet normal 0.9957988523704433 0.09156771056277536 0
outer loop
vertex 54.79584 74.9256 2.00016
vertex 54.78432 75.05088 2.00016
vertex 54.78432 75.05088 6
endloop
endfacet
facet normal 0.9957988523704433 0.09156771056277536 0
outer loop
vertex 54.79584 74.9256 2.00016
vertex 54.78432 75.05088 6
vertex 54.79584 74.9256 6
endloop
endfacet
facet normal 0.9994105210553955 0.03433089576144402 0
outer loop
vertex 54.79584 74.9256 2.00016
vertex 54.79584 74.9256 6
vertex 54.80016 74.79984 6
endloop
endfacet
facet normal 0.9994105210553955 0.03433089576144402 0
outer loop
vertex 54.79584 74.9256 2.00016
vertex 54.80016 74.79984 6
vertex 54.80016 74.79984 2.00016
endloop
endfacet
facet normal 0.8913590440923314 0.4532979754144126 0
outer loop
vertex 54.6096 75.65136 2.00016
vertex 54.55248 75.76368000000001 2.00016
vertex 54.55248 75.76368000000001 6
endloop
endfacet
facet normal 0.8913590440923314 0.4532979754144126 0
outer loop
vertex 54.6096 75.65136 2.00016
vertex 54.55248 75.76368000000001 6
vertex 54.6096 75.65136 6
endloop
endfacet
facet normal 0.9175556253099254 0.39760743763429723 0
outer loop
vertex 54.6096 75.65136 2.00016
vertex 54.6096 75.65136 6
vertex 54.65952 75.53616 6
endloop
endfacet
facet normal 0.9175556253099254 0.39760743763429723 0
outer loop
vertex 54.6096 75.65136 2.00016
vertex 54.65952 75.53616 6
vertex 54.65952 75.53616 2.00016
endloop
endfacet
facet normal 0.34020800235920756 0.9403502087683915 0
outer loop
vertex 53.53632 76.65936 2.00016
vertex 53.418240000000004 76.70208 2.00016
vertex 53.418240000000004 76.70208 6
endloop
endfacet
facet normal 0.34020800235920756 0.9403502087683915 0
outer loop
vertex 53.53632 76.65936 2.00016
vertex 53.418240000000004 76.70208 6
vertex 53.53632 76.65936 6
endloop
endfacet
facet normal 0.39760743763431794 0.9175556253099165 0
outer loop
vertex 53.53632 76.65936 2.00016
vertex 53.53632 76.65936 6
vertex 53.65152 76.60944 6
endloop
endfacet
facet normal 0.39760743763431794 0.9175556253099165 0
outer loop
vertex 53.53632 76.65936 2.00016
vertex 53.65152 76.60944 6
vertex 53.65152 76.60944 2.00016
endloop
endfacet
facet normal 1 0 0
outer loop
vertex 54.80016 41.00016 5.74992
vertex 54.80016 74.75808 6
vertex 54.80016 74.66928 6
endloop
endfacet
facet normal 0.9999999999999999 0 0
outer loop
vertex 54.80016 41.00016 5.74992
vertex 54.80016 74.66928 6
vertex 54.80016 74.57472 6
endloop
endfacet
facet normal 1 0 0
outer loop
vertex 54.80016 41.00016 5.74992
vertex 54.80016 74.57472 6
vertex 54.80016 74.47536 6
endloop
endfacet
facet normal 0.9999999999999999 0 0
outer loop
vertex 54.80016 41.00016 5.74992
vertex 54.80016 74.47536 6
vertex 54.80016 74.37168 6
endloop
endfacet
facet normal 0.9999999999999999 0 0
outer loop
vertex 54.80016 41.00016 5.74992
vertex 54.80016 74.37168 6
vertex 54.80016 74.26368000000001 6
endloop
endfacet
facet normal 1 0 0
outer loop
vertex 54.80016 41.00016 5.74992
vertex 54.80016 74.26368000000001 6
vertex 54.80016 74.15136 6
endloop
endfacet
facet normal 1 0 0
outer loop
vertex 54.80016 41.00016 5.74992
vertex 54.80016 74.15136 6
vertex 54.80016 74.03616 6
endloop
endfacet
facet normal 1 0 0
outer loop
vertex 54.80016 41.00016 5.74992
vertex 54.80016 74.03616 6
vertex 54.80016 73.91808 6
endloop
endfacet
facet normal 0.9999999999999999 0 0
outer loop
vertex 54.80016 41.00016 5.74992
vertex 54.80016 73.91808 6
vertex 54.80016 73.7976 6
endloop
endfacet
facet normal 1 0 0
outer loop
vertex 54.80016 41.00016 5.74992
vertex 54.80016 73.7976 6
vertex 54.80016 73.67472000000001 6
endloop
endfacet
facet normal 1 0 0
outer loop
vertex 54.80016 41.00016 5.74992
vertex 54.80016 73.67472000000001 6
vertex 54.80016 73.55088 6
endloop
endfacet
facet normal 1 0 0
outer loop
vertex 54.80016 41.00016 5.74992
vertex 54.80016 73.55088 6
vertex 54.80016 73.4256 6
endloop
endfacet
facet normal 1 0 0
outer loop
vertex 54.80016 41.00016 5.74992
vertex 54.80016 73.4256 6
vertex 54.80016 73.29984 6
endloop
endfacet
facet normal 1 0 0
outer loop
vertex 54.80016 41.00016 5.74992
vertex 54.80016 73.29984 6
vertex 54.80016 8.700000000000001 6
endloop
endfacet
facet normal 1 0 0
outer loop
vertex 54.80016 41.00016 5.74992
vertex 54.80016 8.700000000000001 6
vertex 54.80016 8.57424 6
endloop
endfacet
facet normal 1 0 0
outer loop
vertex 54.80016 41.00016 5.74992
vertex 54.80016 8.57424 6
vertex 54.80016 8.449440000000001 6
endloop
endfacet
facet normal 1 0 0
outer loop
vertex 54.80016 41.00016 5.74992
vertex 54.80016 8.449440000000001 6
vertex 54.80016 8.32512 6
endloop
endfacet
facet normal 1 0 0
outer loop
vertex 54.80016 41.00016 5.74992
vertex 54.80016 8.32512 6
vertex 54.80016 8.20272 6
endloop
endfacet
facet normal 1 0 0
outer loop
vertex 54.80016 41.00016 5.74992
vertex 54.80016 8.20272 6
vertex 54.80016 8.081760000000001 6
endloop
endfacet
facet normal 1 0 0
outer loop
vertex 54.80016 41.00016 5.74992
vertex 54.80016 8.081760000000001 6
vertex 54.80016 7.96368 6
endloop
endfacet
facet normal 1 0 0
outer loop
vertex 54.80016 41.00016 5.74992
vertex 54.80016 7.96368 6
vertex 54.80016 7.84848 6
endloop
endfacet
facet normal 1 0 0
outer loop
vertex 54.80016 41.00016 5.74992
vertex 54.80016 7.84848 6
vertex 54.80016 7.73664 6
endloop
endfacet
facet normal 1 0 0
outer loop
vertex 54.80016 41.00016 5.74992
vertex 54.80016 7.73664 6
vertex 54.80016 7.62816 6
endloop
endfacet
facet normal 0.9999999999999999 0 0
outer loop
vertex 54.80016 41.00016 5.74992
vertex 54.80016 7.62816 6
vertex 54.80016 7.5244800000000005 6
endloop
endfacet
facet normal 1 0 0
outer loop
vertex 54.80016 41.00016 5.74992
vertex 54.80016 7.5244800000000005 6
vertex 54.80016 7.425120000000001 6
endloop
endfacet
facet normal 1 0 0
outer loop
vertex 54.80016 41.00016 5.74992
vertex 54.80016 7.425120000000001 6
vertex 54.80016 7.33104 6
endloop
endfacet
facet normal 1 0 0
outer loop
vertex 54.80016 41.00016 5.74992
vertex 54.80016 7.33104 6
vertex 54.80016 7.24224 6
endloop
endfacet
facet normal 1 0 0
outer loop
vertex 54.80016 41.00016 5.74992
vertex 54.80016 7.24224 6
vertex 54.80016 7.2 6
endloop
endfacet
facet normal 1 0 0
outer loop
vertex 54.80016 41.00016 5.74992
vertex 54.80016 7.2 6
vertex 54.80016 7.2 2.00016
endloop
endfacet
facet normal 1 0 0
outer loop
vertex 54.80016 41.00016 5.74992
vertex 54.80016 7.2 2.00016
vertex 54.80016 74.79984 2.00016
endloop
endfacet
facet normal 1 0 0
outer loop
vertex 54.80016 41.00016 5.74992
vertex 54.80016 74.79984 2.00016
vertex 54.80016 74.79984 6
endloop
endfacet
facet normal 1 0 0
outer loop
vertex 54.80016 41.00016 5.74992
vertex 54.80016 74.79984 6
vertex 54.80016 74.75808 6
endloop
endfacet
facet normal 0.8608503500803732 0.5088582069363713 0
outer loop
vertex 50.552640000000004 79.76352 6
vertex 50.552640000000004 79.76352 2.00016
vertex 50.488800000000005 79.87152 2.00016
endloop
endfacet
facet normal 0.8608503500803732 0.5088582069363713 0
outer loop
vertex 50.552640000000004 79.76352 6
vertex 50.488800000000005 79.87152 2.00016
vertex 50.488800000000005 79.87152 6
endloop
endfacet
facet normal 0.7893522173763323 0.6139406135149127 0
outer loop
vertex 50.418240000000004 79.97568 2.00016
vertex 50.34096 80.07504 2.00016
vertex 50.34096 80.07504 6
endloop
endfacet
facet normal 0.7893522173763323 0.6139406135149127 0
outer loop
vertex 50.418240000000004 79.97568 2.00016
vertex 50.34096 80.07504 6
vertex 50.418240000000004 79.97568 6
endloop
endfacet
facet normal 0.8279186904883133 0.5608481451695427 0
outer loop
vertex 50.418240000000004 79.97568 2.00016
vertex 50.418240000000004 79.97568 6
vertex 50.488800000000005 79.87152 6
endloop
endfacet
facet normal 0.8279186904883133 0.5608481451695427 0
outer loop
vertex 50.418240000000004 79.97568 2.00016
vertex 50.488800000000005 79.87152 6
vertex 50.488800000000005 79.87152 2.00016
endloop
endfacet
facet normal 0.7497262162755436 0.6617481398758572 0
outer loop
vertex 50.25792 80.16912 2.00016
vertex 50.25792 80.16912 6
vertex 50.34096 80.07504 6
endloop
endfacet
facet normal 0.7497262162755436 0.6617481398758572 0
outer loop
vertex 50.25792 80.16912 2.00016
vertex 50.34096 80.07504 6
vertex 50.34096 80.07504 2.00016
endloop
endfacet
facet normal 0.03063695259428858 0.9995305783895435 0
outer loop
vertex 48.92544 80.796 6
vertex 48.92544 80.796 2.00016
vertex 48.80016 80.79984 2.00016
endloop
endfacet
facet normal 0.03063695259428858 0.9995305783895435 0
outer loop
vertex 48.92544 80.796 6
vertex 48.80016 80.79984 2.00016
vertex 48.80016 80.79984 6
endloop
endfacet
facet normal 0.5608481451695164 0.8279186904883311 0
outer loop
vertex 49.975680000000004 80.41824 2.00016
vertex 49.871520000000004 80.4888 2.00016
vertex 49.871520000000004 80.4888 6
endloop
endfacet
facet normal 0.5608481451695164 0.8279186904883311 0
outer loop
vertex 49.975680000000004 80.41824 2.00016
vertex 49.871520000000004 80.4888 6
vertex 49.975680000000004 80.41824 6
endloop
endfacet
facet normal 0.61394061351494 0.789352217376311 0
outer loop
vertex 49.975680000000004 80.41824 2.00016
vertex 49.975680000000004 80.41824 6
vertex 50.07504 80.34096 6
endloop
endfacet
facet normal 0.61394061351494 0.789352217376311 0
outer loop
vertex 49.975680000000004 80.41824 2.00016
vertex 50.07504 80.34096 6
vertex 50.07504 80.34096 2.00016
endloop
endfacet
facet normal 0.09534903275495644 0.9954439019616796 0
outer loop
vertex 49.05072 80.784 2.00016
vertex 48.92544 80.796 2.00016
vertex 48.92544 80.796 6
endloop
endfacet
facet normal 0.09534903275495644 0.9954439019616796 0
outer loop
vertex 49.05072 80.784 2.00016
vertex 48.92544 80.796 6
vertex 49.05072 80.784 6
endloop
endfacet
facet normal 0.9881939076456802 0.1532083577745056 0
outer loop
vertex 50.784 79.05072 6
vertex 50.784 79.05072 2.00016
vertex 50.7648 79.17456 2.00016
endloop
endfacet
facet normal 0.9881939076456802 0.1532083577745056 0
outer loop
vertex 50.784 79.05072 6
vertex 50.7648 79.17456 2.00016
vertex 50.7648 79.17456 6
endloop
endfacet
facet normal 0.9752823267321155 0.22096240215020965 0
outer loop
vertex 50.7648 79.17456 6
vertex 50.7648 79.17456 2.00016
vertex 50.73696 79.29744000000001 2.00016
endloop
endfacet
facet normal 0.9752823267321155 0.22096240215020965 0
outer loop
vertex 50.7648 79.17456 6
vertex 50.73696 79.29744000000001 2.00016
vertex 50.73696 79.29744000000001 6
endloop
endfacet
facet normal 0.942000485660986 0.3356115090613946 0
outer loop
vertex 50.70192 79.41792 6
vertex 50.70192 79.41792 2.00016
vertex 50.65968 79.53648 2.00016
endloop
endfacet
facet normal 0.942000485660986 0.3356115090613946 0
outer loop
vertex 50.70192 79.41792 6
vertex 50.65968 79.53648 2.00016
vertex 50.65968 79.53648 6
endloop
endfacet
facet normal 0.9602139500114287 0.27926541175636094 0
outer loop
vertex 50.73696 79.29744000000001 6
vertex 50.73696 79.29744000000001 2.00016
vertex 50.70192 79.41792 2.00016
endloop
endfacet
facet normal 0.9602139500114287 0.27926541175636094 0
outer loop
vertex 50.73696 79.29744000000001 6
vertex 50.70192 79.41792 2.00016
vertex 50.70192 79.41792 6
endloop
endfacet
facet normal 0.6617481398758535 0.7497262162755468 0
outer loop
vertex 50.16912 80.25792 2.00016
vertex 50.07504 80.34096 2.00016
vertex 50.07504 80.34096 6
endloop
endfacet
facet normal 0.6617481398758535 0.7497262162755468 0
outer loop
vertex 50.16912 80.25792 2.00016
vertex 50.07504 80.34096 6
vertex 50.16912 80.25792 6
endloop
endfacet
facet normal 0.45484165924979714 0.8905723244132906 0
outer loop
vertex 49.76352 80.55264 2.00016
vertex 49.65168 80.60976000000001 2.00016
vertex 49.65168 80.60976000000001 6
endloop
endfacet
facet normal 0.45484165924979714 0.8905723244132906 0
outer loop
vertex 49.76352 80.55264 2.00016
vertex 49.65168 80.60976000000001 6
vertex 49.76352 80.55264 6
endloop
endfacet
facet normal 0.5088582069363713 0.8608503500803732 0
outer loop
vertex 49.76352 80.55264 2.00016
vertex 49.76352 80.55264 6
vertex 49.871520000000004 80.4888 6
endloop
endfacet
facet normal 0.5088582069363713 0.8608503500803732 0
outer loop
vertex 49.76352 80.55264 2.00016
vertex 49.871520000000004 80.4888 6
vertex 49.871520000000004 80.4888 2.00016
endloop
endfacet
facet normal 0.2792654117562783 0.9602139500114525 0
outer loop
vertex 49.41792 80.70192 2.00016
vertex 49.29744 80.73696 2.00016
vertex 49.29744 80.73696 6
endloop
endfacet
facet normal 0.2792654117562783 0.9602139500114525 0
outer loop
vertex 49.41792 80.70192 2.00016
vertex 49.29744 80.73696 6
vertex 49.41792 80.70192 6
endloop
endfacet
facet normal 0.1532083577745056 0.9881939076456802 0
outer loop
vertex 49.17456 80.76480000000001 2.00016
vertex 49.05072 80.784 2.00016
vertex 49.05072 80.784 6
endloop
endfacet
facet normal 0.1532083577745056 0.9881939076456802 0
outer loop
vertex 49.17456 80.76480000000001 2.00016
vertex 49.05072 80.784 6
vertex 49.17456 80.76480000000001 6
endloop
endfacet
facet normal 0.2209624021503291 0.9752823267320885 0
outer loop
vertex 49.17456 80.76480000000001 2.00016
vertex 49.17456 80.76480000000001 6
vertex 49.29744 80.73696 6
endloop
endfacet
facet normal 0.2209624021503291 0.9752823267320885 0
outer loop
vertex 49.17456 80.76480000000001 2.00016
vertex 49.29744 80.73696 6
vertex 49.29744 80.73696 2.00016
endloop
endfacet
facet normal 0.9954439019616792 0.0953490327549618 0
outer loop
vertex 50.796 78.92544000000001 2.00016
vertex 50.784 79.05072 2.00016
vertex 50.784 79.05072 6
endloop
endfacet
facet normal 0.9954439019616792 0.0953490327549618 0
outer loop
vertex 50.796 78.92544000000001 2.00016
vertex 50.784 79.05072 6
vertex 50.796 78.92544000000001 6
endloop
endfacet
facet normal 0.8905723244133364 0.45484165924970743 0
outer loop
vertex 50.60976 79.65168 2.00016
vertex 50.552640000000004 79.76352 2.00016
vertex 50.552640000000004 79.76352 6
endloop
endfacet
facet normal 0.8905723244133364 0.45484165924970743 0
outer loop
vertex 50.60976 79.65168 2.00016
vertex 50.552640000000004 79.76352 6
vertex 50.60976 79.65168 6
endloop
endfacet
facet normal 0.9175556253099254 0.39760743763429723 0
outer loop
vertex 50.60976 79.65168 2.00016
vertex 50.60976 79.65168 6
vertex 50.65968 79.53648 6
endloop
endfacet
facet normal 0.9175556253099254 0.39760743763429723 0
outer loop
vertex 50.60976 79.65168 2.00016
vertex 50.65968 79.53648 6
vertex 50.65968 79.53648 2.00016
endloop
endfacet
facet normal 0.3356115090613444 0.9420004856610037 0
outer loop
vertex 49.536480000000005 80.65968000000001 2.00016
vertex 49.41792 80.70192 2.00016
vertex 49.41792 80.70192 6
endloop
endfacet
facet normal 0.3356115090613444 0.9420004856610037 0
outer loop
vertex 49.536480000000005 80.65968000000001 2.00016
vertex 49.41792 80.70192 6
vertex 49.536480000000005 80.65968000000001 6
endloop
endfacet
facet normal 0.39760743763431794 0.9175556253099165 0
outer loop
vertex 49.536480000000005 80.65968000000001 2.00016
vertex 49.536480000000005 80.65968000000001 6
vertex 49.65168 80.60976000000001 6
endloop
endfacet
facet normal 0.39760743763431794 0.9175556253099165 0
outer loop
vertex 49.536480000000005 80.65968000000001 2.00016
vertex 49.65168 80.60976000000001 6
vertex 49.65168 80.60976000000001 2.00016
endloop
endfacet
facet normal 0 1 0
outer loop
vertex 48.80016 80.79984 6
vertex 48.80016 80.79984 2.00016
vertex 7.2 80.79984 2.00016
endloop
endfacet
facet normal 0 1 0
outer loop
vertex 48.80016 80.79984 6
vertex 7.2 80.79984 2.00016
vertex 7.2 80.79984 6
endloop
endfacet
facet normal -0.5116852424836654 0.8591729817821512 0
outer loop
vertex 2.23632 76.5528 6
vertex 2.23632 76.5528 2.00016
vertex 2.12832 76.48848 2.00016
endloop
endfacet
facet normal -0.5116852424836654 0.8591729817821512 0
outer loop
vertex 2.23632 76.5528 6
vertex 2.12832 76.48848 2.00016
vertex 2.12832 76.48848 6
endloop
endfacet
facet normal -0.6115562779473552 0.7912009345944789 0
outer loop
vertex 2.02464 76.41792 2.00016
vertex 1.92528 76.34112 2.00016
vertex 1.92528 76.34112 6
endloop
endfacet
facet normal -0.6115562779473552 0.7912009345944789 0
outer loop
vertex 2.02464 76.41792 2.00016
vertex 1.92528 76.34112 6
vertex 2.02464 76.41792 6
endloop
endfacet
facet normal -0.5626240433067122 0.8267128799608767 0
outer loop
vertex 2.02464 76.41792 2.00016
vertex 2.02464 76.41792 6
vertex 2.12832 76.48848 6
endloop
endfacet
facet normal -0.5626240433067122 0.8267128799608767 0
outer loop
vertex 2.02464 76.41792 2.00016
vertex 2.12832 76.48848 6
vertex 2.12832 76.48848 2.00016
endloop
endfacet
facet normal -0.659853701503184 0.7513940993996074 0
outer loop
vertex 1.8307200000000001 76.25808 2.00016
vertex 1.8307200000000001 76.25808 6
vertex 1.92528 76.34112 6
endloop
endfacet
facet normal -0.659853701503184 0.7513940993996074 0
outer loop
vertex 1.8307200000000001 76.25808 2.00016
vertex 1.92528 76.34112 6
vertex 1.92528 76.34112 2.00016
endloop
endfacet
facet normal -0.9995341524233314 0.030520126791552707 0
outer loop
vertex 1.20384 74.9256 6
vertex 1.20384 74.9256 2.00016
vertex 1.2 74.79984 2.00016
endloop
endfacet
facet normal -0.9995341524233314 0.030520126791552707 0
outer loop
vertex 1.20384 74.9256 6
vertex 1.2 74.79984 2.00016
vertex 1.2 74.79984 6
endloop
endfacet
facet normal -0.8267128799608716 0.5626240433067196 0
outer loop
vertex 1.58208 75.97536 2.00016
vertex 1.51152 75.87168 2.00016
vertex 1.51152 75.87168 6
endloop
endfacet
facet normal -0.8267128799608716 0.5626240433067196 0
outer loop
vertex 1.58208 75.97536 2.00016
vertex 1.51152 75.87168 6
vertex 1.58208 75.97536 6
endloop
endfacet
facet normal -0.7912009345944582 0.6115562779473822 0
outer loop
vertex 1.58208 75.97536 2.00016
vertex 1.58208 75.97536 6
vertex 1.6588800000000001 76.07472 6
endloop
endfacet
facet normal -0.7912009345944582 0.6115562779473822 0
outer loop
vertex 1.58208 75.97536 2.00016
vertex 1.6588800000000001 76.07472 6
vertex 1.6588800000000001 76.07472 2.00016
endloop
endfacet
facet normal -0.9954439019616806 0.09534903275494759 0
outer loop
vertex 1.21584 75.05088 2.00016
vertex 1.20384 74.9256 2.00016
vertex 1.20384 74.9256 6
endloop
endfacet
facet normal -0.9954439019616806 0.09534903275494759 0
outer loop
vertex 1.21584 75.05088 2.00016
vertex 1.20384 74.9256 6
vertex 1.21584 75.05088 6
endloop
endfacet
facet normal -0.15694534450091144 0.9876072897865277 0
outer loop
vertex 2.94912 76.78416 6
vertex 2.94912 76.78416 2.00016
vertex 2.8252800000000002 76.76448 2.00016
endloop
endfacet
facet normal -0.15694534450091144 0.9876072897865277 0
outer loop
vertex 2.94912 76.78416 6
vertex 2.8252800000000002 76.76448 2.00016
vertex 2.8252800000000002 76.76448 6
endloop
endfacet
facet normal -0.21733415596560465 0.9760972618805556 0
outer loop
vertex 2.8252800000000002 76.76448 6
vertex 2.8252800000000002 76.76448 2.00016
vertex 2.7024 76.73712 2.00016
endloop
endfacet
facet normal -0.21733415596560465 0.9760972618805556 0
outer loop
vertex 2.8252800000000002 76.76448 6
vertex 2.7024 76.73712 2.00016
vertex 2.7024 76.73712 6
endloop
endfacet
facet normal -0.3402080023592053 0.9403502087683923 0
outer loop
vertex 2.58192 76.70208 6
vertex 2.58192 76.70208 2.00016
vertex 2.4638400000000003 76.65936 2.00016
endloop
endfacet
facet normal -0.3402080023592053 0.9403502087683923 0
outer loop
vertex 2.58192 76.70208 6
vertex 2.4638400000000003 76.65936 2.00016
vertex 2.4638400000000003 76.65936 6
endloop
endfacet
facet normal -0.27926541175638464 0.9602139500114217 0
outer loop
vertex 2.7024 76.73712 6
vertex 2.7024 76.73712 2.00016
vertex 2.58192 76.70208 2.00016
endloop
endfacet
facet normal -0.27926541175638464 0.9602139500114217 0
outer loop
vertex 2.7024 76.73712 6
vertex 2.58192 76.70208 2.00016
vertex 2.58192 76.70208 6
endloop
endfacet
facet normal -0.7071067811865722 0.7071067811865228 0
outer loop
vertex 1.8307200000000001 76.25808 6
vertex 1.8307200000000001 76.25808 2.00016
vertex 1.7419200000000001 76.16928 2.00016
endloop
endfacet
facet normal -0.7071067811865722 0.7071067811865228 0
outer loop
vertex 1.8307200000000001 76.25808 6
vertex 1.7419200000000001 76.16928 2.00016
vertex 1.7419200000000001 76.16928 6
endloop
endfacet
facet normal -0.7071067811865157 0.7071067811865794 0
outer loop
vertex 5.83104 80.25792 6
vertex 5.83104 80.25792 2.00016
vertex 5.74224 80.16912 2.00016
endloop
endfacet
facet normal -0.7071067811865157 0.7071067811865794 0
outer loop
vertex 5.83104 80.25792 6
vertex 5.74224 80.16912 2.00016
vertex 5.74224 80.16912 6
endloop
endfacet
facet normal -0.7513940993995998 0.6598537015031927 0
outer loop
vertex 1.7419200000000001 76.16928 2.00016
vertex 1.6588800000000001 76.07472 2.00016
vertex 1.6588800000000001 76.07472 6
endloop
endfacet
facet normal -0.7513940993995998 0.6598537015031927 0
outer loop
vertex 1.7419200000000001 76.16928 2.00016
vertex 1.6588800000000001 76.07472 6
vertex 1.7419200000000001 76.16928 6
endloop
endfacet
facet normal -0.8928956643658018 0.4502636256203174 0
outer loop
vertex 1.4472 75.76368000000001 2.00016
vertex 1.39056 75.65136 2.00016
vertex 1.39056 75.65136 6
endloop
endfacet
facet normal -0.8928956643658018 0.4502636256203174 0
outer loop
vertex 1.4472 75.76368000000001 2.00016
vertex 1.39056 75.65136 6
vertex 1.4472 75.76368000000001 6
endloop
endfacet
facet normal -0.8591729817821625 0.5116852424836464 0
outer loop
vertex 1.4472 75.76368000000001 2.00016
vertex 1.4472 75.76368000000001 6
vertex 1.51152 75.87168 6
endloop
endfacet
facet normal -0.8591729817821625 0.5116852424836464 0
outer loop
vertex 1.4472 75.76368000000001 2.00016
vertex 1.51152 75.87168 6
vertex 1.51152 75.87168 2.00016
endloop
endfacet
facet normal -0.9602139500114422 0.2792654117563142 0
outer loop
vertex 1.29792 75.41808 2.00016
vertex 1.26288 75.2976 2.00016
vertex 1.26288 75.2976 6
endloop
endfacet
facet normal -0.9602139500114422 0.2792654117563142 0
outer loop
vertex 1.29792 75.41808 2.00016
vertex 1.26288 75.2976 6
vertex 1.29792 75.41808 6
endloop
endfacet
facet normal -0.9876072897865203 0.1569453445009564 0
outer loop
vertex 1.23552 75.17472000000001 2.00016
vertex 1.21584 75.05088 2.00016
vertex 1.21584 75.05088 6
endloop
endfacet
facet normal -0.9876072897865203 0.1569453445009564 0
outer loop
vertex 1.23552 75.17472000000001 2.00016
vertex 1.21584 75.05088 6
vertex 1.23552 75.17472000000001 6
endloop
endfacet
facet normal -0.9760972618805563 0.2173341559656019 0
outer loop
vertex 1.23552 75.17472000000001 2.00016
vertex 1.23552 75.17472000000001 6
vertex 1.26288 75.2976 6
endloop
endfacet
facet normal -0.9760972618805563 0.2173341559656019 0
outer loop
vertex 1.23552 75.17472000000001 2.00016
vertex 1.26288 75.2976 6
vertex 1.26288 75.2976 2.00016
endloop
endfacet
facet normal -0.09534903275495375 0.9954439019616799 0
outer loop
vertex 3.0744000000000002 76.79616 2.00016
vertex 2.94912 76.78416 2.00016
vertex 2.94912 76.78416 6
endloop
endfacet
facet normal -0.09534903275495375 0.9954439019616799 0
outer loop
vertex 3.0744000000000002 76.79616 2.00016
vertex 2.94912 76.78416 6
vertex 3.0744000000000002 76.79616 6
endloop
endfacet
facet normal -0.45026362562036276 0.892895664365779 0
outer loop
vertex 2.34864 76.60944 2.00016
vertex 2.23632 76.5528 2.00016
vertex 2.23632 76.5528 6
endloop
endfacet
facet normal -0.45026362562036276 0.892895664365779 0
outer loop
vertex 2.34864 76.60944 2.00016
vertex 2.23632 76.5528 6
vertex 2.34864 76.60944 6
endloop
endfacet
facet normal -0.3976074376343012 0.9175556253099239 0
outer loop
vertex 2.34864 76.60944 2.00016
vertex 2.34864 76.60944 6
vertex 2.4638400000000003 76.65936 6
endloop
endfacet
facet normal -0.3976074376343012 0.9175556253099239 0
outer loop
vertex 2.34864 76.60944 2.00016
vertex 2.4638400000000003 76.65936 6
vertex 2.4638400000000003 76.65936 2.00016
endloop
endfacet
facet normal -0.9403502087683555 0.340208002359307 0
outer loop
vertex 1.34064 75.53616 2.00016
vertex 1.29792 75.41808 2.00016
vertex 1.29792 75.41808 6
endloop
endfacet
facet normal -0.9403502087683555 0.340208002359307 0
outer loop
vertex 1.34064 75.53616 2.00016
vertex 1.29792 75.41808 6
vertex 1.34064 75.53616 6
endloop
endfacet
facet normal -0.9175556253099261 0.39760743763429574 0
outer loop
vertex 1.34064 75.53616 2.00016
vertex 1.34064 75.53616 6
vertex 1.39056 75.65136 6
endloop
endfacet
facet normal -0.9175556253099261 0.39760743763429574 0
outer loop
vertex 1.34064 75.53616 2.00016
vertex 1.39056 75.65136 6
vertex 1.39056 75.65136 2.00016
endloop
endfacet
facet normal -0.50718677103036 0.8618361673147613 0
outer loop
vertex 6.23664 80.55264 6
vertex 6.23664 80.55264 2.00016
vertex 6.12816 80.4888 2.00016
endloop
endfacet
facet normal -0.50718677103036 0.8618361673147613 0
outer loop
vertex 6.23664 80.55264 6
vertex 6.12816 80.4888 2.00016
vertex 6.12816 80.4888 6
endloop
endfacet
facet normal -0.6139406135149263 0.7893522173763217 0
outer loop
vertex 6.0244800000000005 80.41824 2.00016
vertex 5.92512 80.34096 2.00016
vertex 5.92512 80.34096 6
endloop
endfacet
facet normal -0.6139406135149263 0.7893522173763217 0
outer loop
vertex 6.0244800000000005 80.41824 2.00016
vertex 5.92512 80.34096 6
vertex 6.0244800000000005 80.41824 6
endloop
endfacet
facet normal -0.5626240433067122 0.8267128799608767 0
outer loop
vertex 6.0244800000000005 80.41824 2.00016
vertex 6.0244800000000005 80.41824 6
vertex 6.12816 80.4888 6
endloop
endfacet
facet normal -0.5626240433067122 0.8267128799608767 0
outer loop
vertex 6.0244800000000005 80.41824 2.00016
vertex 6.12816 80.4888 6
vertex 6.12816 80.4888 2.00016
endloop
endfacet
facet normal -0.6617481398758465 0.749726216275553 0
outer loop
vertex 5.83104 80.25792 2.00016
vertex 5.83104 80.25792 6
vertex 5.92512 80.34096 6
endloop
endfacet
facet normal -0.6617481398758465 0.749726216275553 0
outer loop
vertex 5.83104 80.25792 2.00016
vertex 5.92512 80.34096 6
vertex 5.92512 80.34096 2.00016
endloop
endfacet
facet normal -0.8279186904883133 0.5608481451695427 0
outer loop
vertex 5.58192 79.97568 2.00016
vertex 5.51136 79.87152 2.00016
vertex 5.51136 79.87152 6
endloop
endfacet
facet normal -0.8279186904883133 0.5608481451695427 0
outer loop
vertex 5.58192 79.97568 2.00016
vertex 5.51136 79.87152 6
vertex 5.58192 79.97568 6
endloop
endfacet
facet normal -0.7893522173763391 0.6139406135149038 0
outer loop
vertex 5.58192 79.97568 2.00016
vertex 5.58192 79.97568 6
vertex 5.6592 80.07504 6
endloop
endfacet
facet normal -0.7893522173763391 0.6139406135149038 0
outer loop
vertex 5.58192 79.97568 2.00016
vertex 5.6592 80.07504 6
vertex 5.6592 80.07504 2.00016
endloop
endfacet
facet normal -0.9957988523704404 0.09156771056280667 0
outer loop
vertex 5.21568 79.05072 2.00016
vertex 5.20416 78.92544000000001 2.00016
vertex 5.20416 78.92544000000001 6
endloop
endfacet
facet normal -0.9957988523704404 0.09156771056280667 0
outer loop
vertex 5.21568 79.05072 2.00016
vertex 5.20416 78.92544000000001 6
vertex 5.21568 79.05072 6
endloop
endfacet
facet normal -0.15263062633015873 0.9882833054878866 0
outer loop
vertex 6.94944 80.784 6
vertex 6.94944 80.784 2.00016
vertex 6.82512 80.76480000000001 2.00016
endloop
endfacet
facet normal -0.15263062633015873 0.9882833054878866 0
outer loop
vertex 6.94944 80.784 6
vertex 6.82512 80.76480000000001 2.00016
vertex 6.82512 80.76480000000001 6
endloop
endfacet
facet normal -0.2217863771586067 0.9750952788865611 0
outer loop
vertex 6.82512 80.76480000000001 6
vertex 6.82512 80.76480000000001 2.00016
vertex 6.70272 80.73696 2.00016
endloop
endfacet
facet normal -0.2217863771586067 0.9750952788865611 0
outer loop
vertex 6.82512 80.76480000000001 6
vertex 6.70272 80.73696 2.00016
vertex 6.70272 80.73696 6
endloop
endfacet
facet normal -0.33682128638605036 0.9415685960338984 0
outer loop
vertex 6.58176 80.70192 6
vertex 6.58176 80.70192 2.00016
vertex 6.46368 80.65968000000001 2.00016
endloop
endfacet
facet normal -0.33682128638605036 0.9415685960338984 0
outer loop
vertex 6.58176 80.70192 6
vertex 6.46368 80.65968000000001 2.00016
vertex 6.46368 80.65968000000001 6
endloop
endfacet
facet normal -0.2782431690270275 0.960510665682478 0
outer loop
vertex 6.70272 80.73696 6
vertex 6.70272 80.73696 2.00016
vertex 6.58176 80.70192 2.00016
endloop
endfacet
facet normal -0.2782431690270275 0.960510665682478 0
outer loop
vertex 6.70272 80.73696 6
vertex 6.58176 80.70192 2.00016
vertex 6.58176 80.70192 6
endloop
endfacet
facet normal -0.749726216275561 0.6617481398758372 0
outer loop
vertex 5.74224 80.16912 2.00016
vertex 5.6592 80.07504 2.00016
vertex 5.6592 80.07504 6
endloop
endfacet
facet normal -0.749726216275561 0.6617481398758372 0
outer loop
vertex 5.74224 80.16912 2.00016
vertex 5.6592 80.07504 6
vertex 5.74224 80.16912 6
endloop
endfacet
facet normal -0.8905723244133308 0.45484165924971864 0
outer loop
vertex 5.44752 79.76352 2.00016
vertex 5.3904000000000005 79.65168 2.00016
vertex 5.3904000000000005 79.65168 6
endloop
endfacet
facet normal -0.8905723244133308 0.45484165924971864 0
outer loop
vertex 5.44752 79.76352 2.00016
vertex 5.3904000000000005 79.65168 6
vertex 5.44752 79.76352 6
endloop
endfacet
facet normal -0.8608503500803701 0.5088582069363765 0
outer loop
vertex 5.44752 79.76352 2.00016
vertex 5.44752 79.76352 6
vertex 5.51136 79.87152 6
endloop
endfacet
facet normal -0.8608503500803701 0.5088582069363765 0
outer loop
vertex 5.44752 79.76352 2.00016
vertex 5.51136 79.87152 6
vertex 5.51136 79.87152 2.00016
endloop
endfacet
facet normal -0.9602139500114323 0.2792654117563478 0
outer loop
vertex 5.29776 79.41792 2.00016
vertex 5.26272 79.29744000000001 2.00016
vertex 5.26272 79.29744000000001 6
endloop
endfacet
facet normal -0.9602139500114323 0.2792654117563478 0
outer loop
vertex 5.29776 79.41792 2.00016
vertex 5.26272 79.29744000000001 6
vertex 5.29776 79.41792 6
endloop
endfacet
facet normal -0.9876072897865201 0.15694534450095812 0
outer loop
vertex 5.23536 79.17456 2.00016
vertex 5.21568 79.05072 2.00016
vertex 5.21568 79.05072 6
endloop
endfacet
facet normal -0.9876072897865201 0.15694534450095812 0
outer loop
vertex 5.23536 79.17456 2.00016
vertex 5.21568 79.05072 6
vertex 5.23536 79.17456 6
endloop
endfacet
facet normal -0.9760972618805621 0.21733415596557626 0
outer loop
vertex 5.23536 79.17456 2.00016
vertex 5.23536 79.17456 6
vertex 5.26272 79.29744000000001 6
endloop
endfacet
facet normal -0.9760972618805621 0.21733415596557626 0
outer loop
vertex 5.23536 79.17456 2.00016
vertex 5.26272 79.29744000000001 6
vertex 5.26272 79.29744000000001 2.00016
endloop
endfacet
facet normal -0.09571240664426103 0.9954090291002807 0
outer loop
vertex 7.0742400000000005 80.796 2.00016
vertex 6.94944 80.784 2.00016
vertex 6.94944 80.784 6
endloop
endfacet
facet normal -0.09571240664426103 0.9954090291002807 0
outer loop
vertex 7.0742400000000005 80.796 2.00016
vertex 6.94944 80.784 6
vertex 7.0742400000000005 80.796 6
endloop
endfacet
facet normal -0.030520126791526266 0.9995341524233323 0
outer loop
vertex 7.0742400000000005 80.796 2.00016
vertex 7.0742400000000005 80.796 6
vertex 7.2 80.79984 6
endloop
endfacet
facet normal -0.030520126791526266 0.9995341524233323 0
outer loop
vertex 7.0742400000000005 80.796 2.00016
vertex 7.2 80.79984 6
vertex 7.2 80.79984 2.00016
endloop
endfacet
facet normal -0.4548416592498001 0.8905723244132893 0
outer loop
vertex 6.34848 80.60976000000001 2.00016
vertex 6.23664 80.55264 2.00016
vertex 6.23664 80.55264 6
endloop
endfacet
facet normal -0.4548416592498001 0.8905723244132893 0
outer loop
vertex 6.34848 80.60976000000001 2.00016
vertex 6.23664 80.55264 6
vertex 6.34848 80.60976000000001 6
endloop
endfacet
facet normal -0.39760743763430245 0.9175556253099233 0
outer loop
vertex 6.34848 80.60976000000001 2.00016
vertex 6.34848 80.60976000000001 6
vertex 6.46368 80.65968000000001 6
endloop
endfacet
facet normal -0.39760743763430245 0.9175556253099233 0
outer loop
vertex 6.34848 80.60976000000001 2.00016
vertex 6.46368 80.65968000000001 6
vertex 6.46368 80.65968000000001 2.00016
endloop
endfacet
facet normal -0.9407902632651565 0.3389892041724597 0
outer loop
vertex 5.34048 79.53648 2.00016
vertex 5.29776 79.41792 2.00016
vertex 5.29776 79.41792 6
endloop
endfacet
facet normal -0.9407902632651565 0.3389892041724597 0
outer loop
vertex 5.34048 79.53648 2.00016
vertex 5.29776 79.41792 6
vertex 5.34048 79.53648 6
endloop
endfacet
facet normal -0.9175556253099254 0.39760743763429723 0
outer loop
vertex 5.34048 79.53648 2.00016
vertex 5.34048 79.53648 6
vertex 5.3904000000000005 79.65168 6
endloop
endfacet
facet normal -0.9175556253099254 0.39760743763429723 0
outer loop
vertex 5.34048 79.53648 2.00016
vertex 5.3904000000000005 79.65168 6
vertex 5.3904000000000005 79.65168 2.00016
endloop
endfacet
facet normal 0.9994721378868221 0.0324876220728036 0
outer loop
vertex 6.70416 4.5744 6
vertex 6.70416 4.5744 2.00016
vertex 6.696 4.82544 2.00016
endloop
endfacet
facet normal 0.9994721378868221 0.0324876220728036 0
outer loop
vertex 6.70416 4.5744 6
vertex 6.696 4.82544 2.00016
vertex 6.696 4.82544 6
endloop
endfacet
facet normal 0.0324876220728036 0.9994721378868221 0
outer loop
vertex 4.82544 6.696 6
vertex 4.82544 6.696 2.00016
vertex 4.5744 6.70416 2.00016
endloop
endfacet
facet normal 0.0324876220728036 0.9994721378868221 0
outer loop
vertex 4.82544 6.696 6
vertex 4.5744 6.70416 2.00016
vertex 4.5744 6.70416 6
endloop
endfacet
facet normal 0.9954439019616808 0.09534903275494679 0
outer loop
vertex 6.684 4.9507200000000005 6
vertex 6.696 4.82544 6
vertex 6.696 4.82544 2.00016
endloop
endfacet
facet normal 0.9954439019616808 0.09534903275494679 0
outer loop
vertex 6.684 4.9507200000000005 6
vertex 6.696 4.82544 2.00016
vertex 6.684 4.9507200000000005 2.00016
endloop
endfacet
facet normal 0.09534903275494679 0.9954439019616808 0
outer loop
vertex 4.9507200000000005 6.684 2.00016
vertex 4.82544 6.696 2.00016
vertex 4.82544 6.696 6
endloop
endfacet
facet normal 0.09534903275494679 0.9954439019616808 0
outer loop
vertex 4.9507200000000005 6.684 2.00016
vertex 4.82544 6.696 6
vertex 4.9507200000000005 6.684 6
endloop
endfacet
facet normal 0.1532083577745216 0.9881939076456778 0
outer loop
vertex 5.07456 6.6648000000000005 6
vertex 5.07456 6.6648000000000005 2.00016
vertex 4.9507200000000005 6.684 2.00016
endloop
endfacet
facet normal 0.1532083577745216 0.9881939076456778 0
outer loop
vertex 5.07456 6.6648000000000005 6
vertex 4.9507200000000005 6.684 2.00016
vertex 4.9507200000000005 6.684 6
endloop
endfacet
facet normal 0.9602139500114405 0.2792654117563193 0
outer loop
vertex 6.63696 5.19744 2.00016
vertex 6.60192 5.31792 2.00016
vertex 6.60192 5.31792 6
endloop
endfacet
facet normal 0.9602139500114405 0.2792654117563193 0
outer loop
vertex 6.63696 5.19744 2.00016
vertex 6.60192 5.31792 6
vertex 6.63696 5.19744 6
endloop
endfacet
facet normal 0.9881939076456778 0.1532083577745216 0
outer loop
vertex 6.6648000000000005 5.07456 6
vertex 6.684 4.9507200000000005 6
vertex 6.684 4.9507200000000005 2.00016
endloop
endfacet
facet normal 0.9881939076456778 0.1532083577745216 0
outer loop
vertex 6.6648000000000005 5.07456 6
vertex 6.684 4.9507200000000005 2.00016
vertex 6.6648000000000005 5.07456 2.00016
endloop
endfacet
facet normal 0.9752823267321075 0.22096240215024499 0
outer loop
vertex 6.6648000000000005 5.07456 6
vertex 6.6648000000000005 5.07456 2.00016
vertex 6.63696 5.19744 2.00016
endloop
endfacet
facet normal 0.9752823267321075 0.22096240215024499 0
outer loop
vertex 6.6648000000000005 5.07456 6
vertex 6.63696 5.19744 2.00016
vertex 6.63696 5.19744 6
endloop
endfacet
facet normal 0.9175556253099233 0.39760743763430245 0
outer loop
vertex 6.55968 5.43648 2.00016
vertex 6.50976 5.55168 2.00016
vertex 6.50976 5.55168 6
endloop
endfacet
facet normal 0.9175556253099233 0.39760743763430245 0
outer loop
vertex 6.55968 5.43648 2.00016
vertex 6.50976 5.55168 6
vertex 6.55968 5.43648 6
endloop
endfacet
facet normal 0.9420004856609845 0.335611509061399 0
outer loop
vertex 6.55968 5.43648 2.00016
vertex 6.55968 5.43648 6
vertex 6.60192 5.31792 6
endloop
endfacet
facet normal 0.9420004856609845 0.335611509061399 0
outer loop
vertex 6.55968 5.43648 2.00016
vertex 6.60192 5.31792 6
vertex 6.60192 5.31792 2.00016
endloop
endfacet
facet normal 0.8905723244133293 0.45484165924972153 0
outer loop
vertex 6.452640000000001 5.66352 2.00016
vertex 6.452640000000001 5.66352 6
vertex 6.50976 5.55168 6
endloop
endfacet
facet normal 0.8905723244133293 0.45484165924972153 0
outer loop
vertex 6.452640000000001 5.66352 2.00016
vertex 6.50976 5.55168 6
vertex 6.50976 5.55168 2.00016
endloop
endfacet
facet normal 0.8608503500803578 0.5088582069363972 0
outer loop
vertex 6.452640000000001 5.66352 2.00016
vertex 6.3888 5.77152 2.00016
vertex 6.3888 5.77152 6
endloop
endfacet
facet normal 0.8608503500803578 0.5088582069363972 0
outer loop
vertex 6.452640000000001 5.66352 2.00016
vertex 6.3888 5.77152 6
vertex 6.452640000000001 5.66352 6
endloop
endfacet
facet normal 0.7497262162755389 0.6617481398758623 0
outer loop
vertex 6.15792 6.06912 6
vertex 6.24096 5.97504 6
vertex 6.24096 5.97504 2.00016
endloop
endfacet
facet normal 0.7497262162755389 0.6617481398758623 0
outer loop
vertex 6.15792 6.06912 6
vertex 6.24096 5.97504 2.00016
vertex 6.15792 6.06912 2.00016
endloop
endfacet
facet normal 0.7071067811865476 0.7071067811865476 0
outer loop
vertex 6.15792 6.06912 6
vertex 6.15792 6.06912 2.00016
vertex 6.06912 6.15792 2.00016
endloop
endfacet
facet normal 0.7071067811865476 0.7071067811865476 0
outer loop
vertex 6.15792 6.06912 6
vertex 6.06912 6.15792 2.00016
vertex 6.06912 6.15792 6
endloop
endfacet
facet normal 0.8279186904883344 0.5608481451695116 0
outer loop
vertex 6.31824 5.87568 6
vertex 6.3888 5.77152 6
vertex 6.3888 5.77152 2.00016
endloop
endfacet
facet normal 0.8279186904883344 0.5608481451695116 0
outer loop
vertex 6.31824 5.87568 6
vertex 6.3888 5.77152 2.00016
vertex 6.31824 5.87568 2.00016
endloop
endfacet
facet normal 0.7893522173763259 0.613940613514921 0
outer loop
vertex 6.31824 5.87568 6
vertex 6.31824 5.87568 2.00016
vertex 6.24096 5.97504 2.00016
endloop
endfacet
facet normal 0.7893522173763259 0.613940613514921 0
outer loop
vertex 6.31824 5.87568 6
vertex 6.24096 5.97504 2.00016
vertex 6.24096 5.97504 6
endloop
endfacet
facet normal 0.5088582069363972 0.8608503500803578 0
outer loop
vertex 5.77152 6.3888 2.00016
vertex 5.66352 6.452640000000001 2.00016
vertex 5.66352 6.452640000000001 6
endloop
endfacet
facet normal 0.5088582069363972 0.8608503500803578 0
outer loop
vertex 5.77152 6.3888 2.00016
vertex 5.66352 6.452640000000001 6
vertex 5.77152 6.3888 6
endloop
endfacet
facet normal 0.5608481451695116 0.8279186904883344 0
outer loop
vertex 5.77152 6.3888 2.00016
vertex 5.77152 6.3888 6
vertex 5.87568 6.31824 6
endloop
endfacet
facet normal 0.5608481451695116 0.8279186904883344 0
outer loop
vertex 5.77152 6.3888 2.00016
vertex 5.87568 6.31824 6
vertex 5.87568 6.31824 2.00016
endloop
endfacet
facet normal 0.22096240215024499 0.9752823267321075 0
outer loop
vertex 5.19744 6.63696 6
vertex 5.19744 6.63696 2.00016
vertex 5.07456 6.6648000000000005 2.00016
endloop
endfacet
facet normal 0.22096240215024499 0.9752823267321075 0
outer loop
vertex 5.19744 6.63696 6
vertex 5.07456 6.6648000000000005 2.00016
vertex 5.07456 6.6648000000000005 6
endloop
endfacet
facet normal 0.613940613514921 0.7893522173763259 0
outer loop
vertex 5.97504 6.24096 6
vertex 5.97504 6.24096 2.00016
vertex 5.87568 6.31824 2.00016
endloop
endfacet
facet normal 0.613940613514921 0.7893522173763259 0
outer loop
vertex 5.97504 6.24096 6
vertex 5.87568 6.31824 2.00016
vertex 5.87568 6.31824 6
endloop
endfacet
facet normal 0.6617481398758623 0.7497262162755389 0
outer loop
vertex 5.97504 6.24096 6
vertex 6.06912 6.15792 6
vertex 6.06912 6.15792 2.00016
endloop
endfacet
facet normal 0.6617481398758623 0.7497262162755389 0
outer loop
vertex 5.97504 6.24096 6
vertex 6.06912 6.15792 2.00016
vertex 5.97504 6.24096 2.00016
endloop
endfacet
facet normal 0.45484165924972153 0.8905723244133293 0
outer loop
vertex 5.55168 6.50976 6
vertex 5.66352 6.452640000000001 6
vertex 5.66352 6.452640000000001 2.00016
endloop
endfacet
facet normal 0.45484165924972153 0.8905723244133293 0
outer loop
vertex 5.55168 6.50976 6
vertex 5.66352 6.452640000000001 2.00016
vertex 5.55168 6.50976 2.00016
endloop
endfacet
facet normal 0.39760743763430245 0.9175556253099233 0
outer loop
vertex 5.55168 6.50976 6
vertex 5.55168 6.50976 2.00016
vertex 5.43648 6.55968 2.00016
endloop
endfacet
facet normal 0.39760743763430245 0.9175556253099233 0
outer loop
vertex 5.55168 6.50976 6
vertex 5.43648 6.55968 2.00016
vertex 5.43648 6.55968 6
endloop
endfacet
facet normal 0.2792654117563193 0.9602139500114405 0
outer loop
vertex 5.31792 6.60192 6
vertex 5.31792 6.60192 2.00016
vertex 5.19744 6.63696 2.00016
endloop
endfacet
facet normal 0.2792654117563193 0.9602139500114405 0
outer loop
vertex 5.31792 6.60192 6
vertex 5.19744 6.63696 2.00016
vertex 5.19744 6.63696 6
endloop
endfacet
facet normal 0.335611509061399 0.9420004856609845 0
outer loop
vertex 5.31792 6.60192 6
vertex 5.43648 6.55968 6
vertex 5.43648 6.55968 2.00016
endloop
endfacet
facet normal 0.335611509061399 0.9420004856609845 0
outer loop
vertex 5.31792 6.60192 6
vertex 5.43648 6.55968 2.00016
vertex 5.31792 6.60192 2.00016
endloop
endfacet
facet normal -0.032425688043900947 0.9994741491178648 0
outer loop
vertex 51.425760000000004 6.70416 6
vertex 51.425760000000004 6.70416 2.00016
vertex 51.174240000000005 6.696 2.00016
endloop
endfacet
facet normal -0.032425688043900947 0.9994741491178648 0
outer loop
vertex 51.425760000000004 6.70416 6
vertex 51.174240000000005 6.696 2.00016
vertex 51.174240000000005 6.696 6
endloop
endfacet
facet normal -0.22178637715852073 0.9750952788865807 0
outer loop
vertex 50.80272 6.63696 6
vertex 50.92512 6.6648000000000005 6
vertex 50.92512 6.6648000000000005 2.00016
endloop
endfacet
facet normal -0.22178637715852073 0.9750952788865807 0
outer loop
vertex 50.80272 6.63696 6
vertex 50.92512 6.6648000000000005 2.00016
vertex 50.80272 6.63696 2.00016
endloop
endfacet
facet normal -0.6617481398758693 0.7497262162755327 0
outer loop
vertex 50.02512 6.24096 6
vertex 50.02512 6.24096 2.00016
vertex 49.93104 6.15792 2.00016
endloop
endfacet
facet normal -0.6617481398758693 0.7497262162755327 0
outer loop
vertex 50.02512 6.24096 6
vertex 49.93104 6.15792 2.00016
vertex 49.93104 6.15792 6
endloop
endfacet
facet normal -0.5071867710303704 0.8618361673147551 0
outer loop
vertex 50.33664 6.452640000000001 6
vertex 50.33664 6.452640000000001 2.00016
vertex 50.22816 6.3888 2.00016
endloop
endfacet
facet normal -0.5071867710303704 0.8618361673147551 0
outer loop
vertex 50.33664 6.452640000000001 6
vertex 50.22816 6.3888 2.00016
vertex 50.22816 6.3888 6
endloop
endfacet
facet normal -0.9994721378868217 0.03248762207281773 0
outer loop
vertex 49.30416 4.82544 6
vertex 49.30416 4.82544 2.00016
vertex 49.296 4.5744 2.00016
endloop
endfacet
facet normal -0.9994721378868217 0.03248762207281773 0
outer loop
vertex 49.30416 4.82544 6
vertex 49.296 4.5744 2.00016
vertex 49.296 4.5744 6
endloop
endfacet
facet normal -0.9876072897865186 0.15694534450096723 0
outer loop
vertex 49.31568 4.9507200000000005 6
vertex 49.33536 5.07456 6
vertex 49.33536 5.07456 2.00016
endloop
endfacet
facet normal -0.9876072897865186 0.15694534450096723 0
outer loop
vertex 49.31568 4.9507200000000005 6
vertex 49.33536 5.07456 2.00016
vertex 49.31568 4.9507200000000005 2.00016
endloop
endfacet
facet normal -0.995798852370443 0.09156771056277793 0
outer loop
vertex 49.31568 4.9507200000000005 6
vertex 49.31568 4.9507200000000005 2.00016
vertex 49.30416 4.82544 2.00016
endloop
endfacet
facet normal -0.995798852370443 0.09156771056277793 0
outer loop
vertex 49.31568 4.9507200000000005 6
vertex 49.30416 4.82544 2.00016
vertex 49.30416 4.82544 6
endloop
endfacet
facet normal -0.09571240664425401 0.9954090291002814 0
outer loop
vertex 51.049440000000004 6.684 2.00016
vertex 51.049440000000004 6.684 6
vertex 51.174240000000005 6.696 6
endloop
endfacet
facet normal -0.09571240664425401 0.9954090291002814 0
outer loop
vertex 51.049440000000004 6.684 2.00016
vertex 51.174240000000005 6.696 6
vertex 51.174240000000005 6.696 2.00016
endloop
endfacet
facet normal -0.15263062633016722 0.9882833054878853 0
outer loop
vertex 51.049440000000004 6.684 2.00016
vertex 50.92512 6.6648000000000005 2.00016
vertex 50.92512 6.6648000000000005 6
endloop
endfacet
facet normal -0.15263062633016722 0.9882833054878853 0
outer loop
vertex 51.049440000000004 6.684 2.00016
vertex 50.92512 6.6648000000000005 6
vertex 51.049440000000004 6.684 6
endloop
endfacet
facet normal -0.3368212863860849 0.9415685960338861 0
outer loop
vertex 50.681760000000004 6.60192 2.00016
vertex 50.56368 6.55968 2.00016
vertex 50.56368 6.55968 6
endloop
endfacet
facet normal -0.3368212863860849 0.9415685960338861 0
outer loop
vertex 50.681760000000004 6.60192 2.00016
vertex 50.56368 6.55968 6
vertex 50.681760000000004 6.60192 6
endloop
endfacet
facet normal -0.27824316902707413 0.9605106656824646 0
outer loop
vertex 50.681760000000004 6.60192 2.00016
vertex 50.681760000000004 6.60192 6
vertex 50.80272 6.63696 6
endloop
endfacet
facet normal -0.27824316902707413 0.9605106656824646 0
outer loop
vertex 50.681760000000004 6.60192 2.00016
vertex 50.80272 6.63696 6
vertex 50.80272 6.63696 2.00016
endloop
endfacet
facet normal -0.39760743763431794 0.9175556253099165 0
outer loop
vertex 50.44848 6.50976 2.00016
vertex 50.44848 6.50976 6
vertex 50.56368 6.55968 6
endloop
endfacet
facet normal -0.39760743763431794 0.9175556253099165 0
outer loop
vertex 50.44848 6.50976 2.00016
vertex 50.56368 6.55968 6
vertex 50.56368 6.55968 2.00016
endloop
endfacet
facet normal -0.45484165924971864 0.8905723244133308 0
outer loop
vertex 50.44848 6.50976 2.00016
vertex 50.33664 6.452640000000001 2.00016
vertex 50.33664 6.452640000000001 6
endloop
endfacet
facet normal -0.45484165924971864 0.8905723244133308 0
outer loop
vertex 50.44848 6.50976 2.00016
vertex 50.33664 6.452640000000001 6
vertex 50.44848 6.50976 6
endloop
endfacet
facet normal -0.6139406135149313 0.789352217376318 0
outer loop
vertex 50.12448 6.31824 6
vertex 50.12448 6.31824 2.00016
vertex 50.02512 6.24096 2.00016
endloop
endfacet
facet normal -0.6139406135149313 0.789352217376318 0
outer loop
vertex 50.12448 6.31824 6
vertex 50.02512 6.24096 2.00016
vertex 50.02512 6.24096 6
endloop
endfacet
facet normal -0.5626240433066908 0.8267128799608912 0
outer loop
vertex 50.12448 6.31824 6
vertex 50.22816 6.3888 6
vertex 50.22816 6.3888 2.00016
endloop
endfacet
facet normal -0.5626240433066908 0.8267128799608912 0
outer loop
vertex 50.12448 6.31824 6
vertex 50.22816 6.3888 2.00016
vertex 50.12448 6.31824 2.00016
endloop
endfacet
facet normal -0.9407902632651481 0.3389892041724829 0
outer loop
vertex 49.39776 5.31792 6
vertex 49.44048 5.43648 6
vertex 49.44048 5.43648 2.00016
endloop
endfacet
facet normal -0.9407902632651481 0.3389892041724829 0
outer loop
vertex 49.39776 5.31792 6
vertex 49.44048 5.43648 2.00016
vertex 49.39776 5.31792 2.00016
endloop
endfacet
facet normal -0.8279186904883573 0.5608481451694777 0
outer loop
vertex 49.68192 5.87568 2.00016
vertex 49.611360000000005 5.77152 2.00016
vertex 49.611360000000005 5.77152 6
endloop
endfacet
facet normal -0.8279186904883573 0.5608481451694777 0
outer loop
vertex 49.68192 5.87568 2.00016
vertex 49.611360000000005 5.77152 6
vertex 49.68192 5.87568 6
endloop
endfacet
facet normal -0.7071067811865511 0.707106781186544 0
outer loop
vertex 49.842240000000004 6.06912 6
vertex 49.93104 6.15792 6
vertex 49.93104 6.15792 2.00016
endloop
endfacet
facet normal -0.7071067811865511 0.707106781186544 0
outer loop
vertex 49.842240000000004 6.06912 6
vertex 49.93104 6.15792 2.00016
vertex 49.842240000000004 6.06912 2.00016
endloop
endfacet
facet normal -0.8608503500803392 0.5088582069364287 0
outer loop
vertex 49.54752 5.66352 2.00016
vertex 49.54752 5.66352 6
vertex 49.611360000000005 5.77152 6
endloop
endfacet
facet normal -0.8608503500803392 0.5088582069364287 0
outer loop
vertex 49.54752 5.66352 2.00016
vertex 49.611360000000005 5.77152 6
vertex 49.611360000000005 5.77152 2.00016
endloop
endfacet
facet normal -0.9602139500114519 0.27926541175628017 0
outer loop
vertex 49.36272 5.19744 6
vertex 49.39776 5.31792 6
vertex 49.39776 5.31792 2.00016
endloop
endfacet
facet normal -0.9602139500114519 0.27926541175628017 0
outer loop
vertex 49.36272 5.19744 6
vertex 49.39776 5.31792 2.00016
vertex 49.36272 5.19744 2.00016
endloop
endfacet
facet normal -0.9760972618805556 0.21733415596560465 0
outer loop
vertex 49.36272 5.19744 6
vertex 49.36272 5.19744 2.00016
vertex 49.33536 5.07456 2.00016
endloop
endfacet
facet normal -0.9760972618805556 0.21733415596560465 0
outer loop
vertex 49.36272 5.19744 6
vertex 49.33536 5.07456 2.00016
vertex 49.33536 5.07456 6
endloop
endfacet
facet normal -0.7893522173763191 0.6139406135149298 0
outer loop
vertex 49.7592 5.97504 2.00016
vertex 49.68192 5.87568 2.00016
vertex 49.68192 5.87568 6
endloop
endfacet
facet normal -0.7893522173763191 0.6139406135149298 0
outer loop
vertex 49.7592 5.97504 2.00016
vertex 49.68192 5.87568 6
vertex 49.7592 5.97504 6
endloop
endfacet
facet normal -0.7497262162755249 0.6617481398758783 0
outer loop
vertex 49.7592 5.97504 2.00016
vertex 49.7592 5.97504 6
vertex 49.842240000000004 6.06912 6
endloop
endfacet
facet normal -0.7497262162755249 0.6617481398758783 0
outer loop
vertex 49.7592 5.97504 2.00016
vertex 49.842240000000004 6.06912 6
vertex 49.842240000000004 6.06912 2.00016
endloop
endfacet
facet normal -0.8905723244133349 0.45484165924971026 0
outer loop
vertex 49.4904 5.55168 2.00016
vertex 49.4904 5.55168 6
vertex 49.54752 5.66352 6
endloop
endfacet
facet normal -0.8905723244133349 0.45484165924971026 0
outer loop
vertex 49.4904 5.55168 2.00016
vertex 49.54752 5.66352 6
vertex 49.54752 5.66352 2.00016
endloop
endfacet
facet normal -0.9175556253099233 0.39760743763430245 0
outer loop
vertex 49.4904 5.55168 2.00016
vertex 49.44048 5.43648 2.00016
vertex 49.44048 5.43648 6
endloop
endfacet
facet normal -0.9175556253099233 0.39760743763430245 0
outer loop
vertex 49.4904 5.55168 2.00016
vertex 49.44048 5.43648 6
vertex 49.4904 5.55168 6
endloop
endfacet
facet normal 0.15694534450091197 -0.9876072897865275 0
outer loop
vertex 4.9507200000000005 75.31584000000001 6
vertex 4.9507200000000005 75.31584000000001 2.00016
vertex 5.07456 75.33552 2.00016
endloop
endfacet
facet normal 0.15694534450091197 -0.9876072897865275 0
outer loop
vertex 4.9507200000000005 75.31584000000001 6
vertex 5.07456 75.33552 2.00016
vertex 5.07456 75.33552 6
endloop
endfacet
facet normal 0.9994721378868222 -0.03248762207280326 0
outer loop
vertex 6.696 77.1744 6
vertex 6.696 77.1744 2.00016
vertex 6.70416 77.42544000000001 2.00016
endloop
endfacet
facet normal 0.9994721378868222 -0.03248762207280326 0
outer loop
vertex 6.696 77.1744 6
vertex 6.70416 77.42544000000001 2.00016
vertex 6.70416 77.42544000000001 6
endloop
endfacet
facet normal 0.7071067811865722 -0.7071067811865228 0
outer loop
vertex 6.15792 75.93072000000001 6
vertex 6.06912 75.84192 6
vertex 6.06912 75.84192 2.00016
endloop
endfacet
facet normal 0.7071067811865722 -0.7071067811865228 0
outer loop
vertex 6.15792 75.93072000000001 6
vertex 6.06912 75.84192 2.00016
vertex 6.15792 75.93072000000001 2.00016
endloop
endfacet
facet normal 0.09534903275495375 -0.9954439019616799 0
outer loop
vertex 4.82544 75.30384000000001 6
vertex 4.82544 75.30384000000001 2.00016
vertex 4.9507200000000005 75.31584000000001 2.00016
endloop
endfacet
facet normal 0.09534903275495375 -0.9954439019616799 0
outer loop
vertex 4.82544 75.30384000000001 6
vertex 4.9507200000000005 75.31584000000001 2.00016
vertex 4.9507200000000005 75.31584000000001 6
endloop
endfacet
facet normal 0.03057842816146607 -0.9995323705269249 0
outer loop
vertex 4.5744 75.29616 6
vertex 4.5744 75.29616 2.00016
vertex 4.82544 75.30384000000001 2.00016
endloop
endfacet
facet normal 0.03057842816146607 -0.9995323705269249 0
outer loop
vertex 4.5744 75.29616 6
vertex 4.82544 75.30384000000001 2.00016
vertex 4.82544 75.30384000000001 6
endloop
endfacet
facet normal 0.6115562779474271 -0.7912009345944236 0
outer loop
vertex 5.97504 75.75888 2.00016
vertex 5.97504 75.75888 6
vertex 5.87568 75.68208 6
endloop
endfacet
facet normal 0.6115562779474271 -0.7912009345944236 0
outer loop
vertex 5.97504 75.75888 2.00016
vertex 5.87568 75.68208 6
vertex 5.87568 75.68208 2.00016
endloop
endfacet
facet normal 0.6617481398758465 -0.749726216275553 0
outer loop
vertex 5.97504 75.75888 2.00016
vertex 6.06912 75.84192 2.00016
vertex 6.06912 75.84192 6
endloop
endfacet
facet normal 0.6617481398758465 -0.749726216275553 0
outer loop
vertex 5.97504 75.75888 2.00016
vertex 6.06912 75.84192 6
vertex 5.97504 75.75888 6
endloop
endfacet
facet normal 0.9954439019616811 -0.09534903275494411 0
outer loop
vertex 6.684 77.04912 6
vertex 6.684 77.04912 2.00016
vertex 6.696 77.1744 2.00016
endloop
endfacet
facet normal 0.9954439019616811 -0.09534903275494411 0
outer loop
vertex 6.684 77.04912 6
vertex 6.696 77.1744 2.00016
vertex 6.696 77.1744 6
endloop
endfacet
facet normal 0.9881939076456779 -0.15320835777451944 0
outer loop
vertex 6.684 77.04912 6
vertex 6.6648000000000005 76.92528 6
vertex 6.6648000000000005 76.92528 2.00016
endloop
endfacet
facet normal 0.9881939076456779 -0.15320835777451944 0
outer loop
vertex 6.684 77.04912 6
vertex 6.6648000000000005 76.92528 2.00016
vertex 6.684 77.04912 2.00016
endloop
endfacet
facet normal 0.9752823267321056 -0.22096240215025412 0
outer loop
vertex 6.63696 76.8024 2.00016
vertex 6.6648000000000005 76.92528 2.00016
vertex 6.6648000000000005 76.92528 6
endloop
endfacet
facet normal 0.9752823267321056 -0.22096240215025412 0
outer loop
vertex 6.63696 76.8024 2.00016
vertex 6.6648000000000005 76.92528 6
vertex 6.63696 76.8024 6
endloop
endfacet
facet normal 0.9602139500114413 -0.27926541175631747 0
outer loop
vertex 6.60192 76.68192 6
vertex 6.60192 76.68192 2.00016
vertex 6.63696 76.8024 2.00016
endloop
endfacet
facet normal 0.9602139500114413 -0.27926541175631747 0
outer loop
vertex 6.60192 76.68192 6
vertex 6.63696 76.8024 2.00016
vertex 6.63696 76.8024 6
endloop
endfacet
facet normal 0.9415685960338861 -0.3368212863860849 0
outer loop
vertex 6.55968 76.56384 2.00016
vertex 6.60192 76.68192 2.00016
vertex 6.60192 76.68192 6
endloop
endfacet
facet normal 0.9415685960338861 -0.3368212863860849 0
outer loop
vertex 6.55968 76.56384 2.00016
vertex 6.60192 76.68192 6
vertex 6.55968 76.56384 6
endloop
endfacet
facet normal 0.8913590440923025 -0.4532979754144693 0
outer loop
vertex 6.50976 76.44864 6
vertex 6.452640000000001 76.33632 6
vertex 6.452640000000001 76.33632 2.00016
endloop
endfacet
facet normal 0.8913590440923025 -0.4532979754144693 0
outer loop
vertex 6.50976 76.44864 6
vertex 6.452640000000001 76.33632 2.00016
vertex 6.50976 76.44864 2.00016
endloop
endfacet
facet normal 0.9175556253099254 -0.39760743763429723 0
outer loop
vertex 6.50976 76.44864 6
vertex 6.50976 76.44864 2.00016
vertex 6.55968 76.56384 2.00016
endloop
endfacet
facet normal 0.9175556253099254 -0.39760743763429723 0
outer loop
vertex 6.50976 76.44864 6
vertex 6.55968 76.56384 2.00016
vertex 6.55968 76.56384 6
endloop
endfacet
facet normal 0.7513940993995488 -0.6598537015032506 0
outer loop
vertex 6.24096 76.02528 6
vertex 6.15792 75.93072000000001 6
vertex 6.15792 75.93072000000001 2.00016
endloop
endfacet
facet normal 0.7513940993995488 -0.6598537015032506 0
outer loop
vertex 6.24096 76.02528 6
vertex 6.15792 75.93072000000001 2.00016
vertex 6.24096 76.02528 2.00016
endloop
endfacet
facet normal 0.7893522173763391 -0.6139406135149038 0
outer loop
vertex 6.24096 76.02528 6
vertex 6.24096 76.02528 2.00016
vertex 6.31824 76.12464 2.00016
endloop
endfacet
facet normal 0.7893522173763391 -0.6139406135149038 0
outer loop
vertex 6.24096 76.02528 6
vertex 6.31824 76.12464 2.00016
vertex 6.31824 76.12464 6
endloop
endfacet
facet normal 0.21733415596560465 -0.9760972618805556 0
outer loop
vertex 5.19744 75.36288 6
vertex 5.07456 75.33552 6
vertex 5.07456 75.33552 2.00016
endloop
endfacet
facet normal 0.21733415596560465 -0.9760972618805556 0
outer loop
vertex 5.19744 75.36288 6
vertex 5.07456 75.33552 2.00016
vertex 5.19744 75.36288 2.00016
endloop
endfacet
facet normal 0.27926541175628017 -0.9602139500114519 0
outer loop
vertex 5.19744 75.36288 6
vertex 5.19744 75.36288 2.00016
vertex 5.31792 75.39792 2.00016
endloop
endfacet
facet normal 0.27926541175628017 -0.9602139500114519 0
outer loop
vertex 5.19744 75.36288 6
vertex 5.31792 75.39792 2.00016
vertex 5.31792 75.39792 6
endloop
endfacet
facet normal 0.3389892041724829 -0.9407902632651481 0
outer loop
vertex 5.43648 75.44064 2.00016
vertex 5.43648 75.44064 6
vertex 5.31792 75.39792 6
endloop
endfacet
facet normal 0.3389892041724829 -0.9407902632651481 0
outer loop
vertex 5.43648 75.44064 2.00016
vertex 5.31792 75.39792 6
vertex 5.31792 75.39792 2.00016
endloop
endfacet
facet normal 0.39760743763430245 -0.9175556253099233 0
outer loop
vertex 5.55168 75.49056 6
vertex 5.43648 75.44064 6
vertex 5.43648 75.44064 2.00016
endloop
endfacet
facet normal 0.39760743763430245 -0.9175556253099233 0
outer loop
vertex 5.55168 75.49056 6
vertex 5.43648 75.44064 2.00016
vertex 5.55168 75.49056 2.00016
endloop
endfacet
facet normal 0.45180229454563503 -0.8921180900773726 0
outer loop
vertex 5.55168 75.49056 6
vertex 5.55168 75.49056 2.00016
vertex 5.66352 75.5472 2.00016
endloop
endfacet
facet normal 0.45180229454563503 -0.8921180900773726 0
outer loop
vertex 5.55168 75.49056 6
vertex 5.66352 75.5472 2.00016
vertex 5.66352 75.5472 6
endloop
endfacet
facet normal 0.5116852424835835 -0.8591729817821998 0
outer loop
vertex 5.77152 75.61152 6
vertex 5.66352 75.5472 6
vertex 5.66352 75.5472 2.00016
endloop
endfacet
facet normal 0.5116852424835835 -0.8591729817821998 0
outer loop
vertex 5.77152 75.61152 6
vertex 5.66352 75.5472 2.00016
vertex 5.77152 75.61152 2.00016
endloop
endfacet
facet normal 0.5608481451695164 -0.8279186904883311 0
outer loop
vertex 5.77152 75.61152 6
vertex 5.77152 75.61152 2.00016
vertex 5.87568 75.68208 2.00016
endloop
endfacet
facet normal 0.5608481451695164 -0.8279186904883311 0
outer loop
vertex 5.77152 75.61152 6
vertex 5.87568 75.68208 2.00016
vertex 5.87568 75.68208 6
endloop
endfacet
facet normal 0.8608503500803671 -0.5088582069363817 0
outer loop
vertex 6.3888 76.22832 2.00016
vertex 6.452640000000001 76.33632 2.00016
vertex 6.452640000000001 76.33632 6
endloop
endfacet
facet normal 0.8608503500803671 -0.5088582069363817 0
outer loop
vertex 6.3888 76.22832 2.00016
vertex 6.452640000000001 76.33632 6
vertex 6.3888 76.22832 6
endloop
endfacet
facet normal 0.8267128799608733 -0.5626240433067172 0
outer loop
vertex 6.3888 76.22832 2.00016
vertex 6.3888 76.22832 6
vertex 6.31824 76.12464 6
endloop
endfacet
facet normal 0.8267128799608733 -0.5626240433067172 0
outer loop
vertex 6.3888 76.22832 2.00016
vertex 6.31824 76.12464 6
vertex 6.31824 76.12464 2.00016
endloop
endfacet
facet normal -0.030520126791582683 -0.9995341524233305 0
outer loop
vertex 51.174240000000005 75.30384000000001 6
vertex 51.174240000000005 75.30384000000001 2.00016
vertex 51.425760000000004 75.29616 2.00016
endloop
endfacet
facet normal -0.030520126791582683 -0.9995341524233305 0
outer loop
vertex 51.174240000000005 75.30384000000001 6
vertex 51.425760000000004 75.29616 2.00016
vertex 51.425760000000004 75.29616 6
endloop
endfacet
facet normal -0.9994721378868218 -0.03248762207281739 0
outer loop
vertex 49.296 77.42544000000001 6
vertex 49.296 77.42544000000001 2.00016
vertex 49.30416 77.1744 2.00016
endloop
endfacet
facet normal -0.9994721378868218 -0.03248762207281739 0
outer loop
vertex 49.296 77.42544000000001 6
vertex 49.30416 77.1744 2.00016
vertex 49.30416 77.1744 6
endloop
endfacet
facet normal -0.21814596370706213 -0.9759161534262649 0
outer loop
vertex 50.92512 75.33552 6
vertex 50.80272 75.36288 6
vertex 50.80272 75.36288 2.00016
endloop
endfacet
facet normal -0.21814596370706213 -0.9759161534262649 0
outer loop
vertex 50.92512 75.33552 6
vertex 50.80272 75.36288 2.00016
vertex 50.92512 75.33552 2.00016
endloop
endfacet
facet normal -0.09571240664426103 -0.9954090291002807 0
outer loop
vertex 51.049440000000004 75.31584000000001 2.00016
vertex 51.174240000000005 75.30384000000001 2.00016
vertex 51.174240000000005 75.30384000000001 6
endloop
endfacet
facet normal -0.09571240664426103 -0.9954090291002807 0
outer loop
vertex 51.049440000000004 75.31584000000001 2.00016
vertex 51.174240000000005 75.30384000000001 6
vertex 51.049440000000004 75.31584000000001 6
endloop
endfacet
facet normal -0.15635421977243072 -0.9877010468554512 0
outer loop
vertex 51.049440000000004 75.31584000000001 2.00016
vertex 51.049440000000004 75.31584000000001 6
vertex 50.92512 75.33552 6
endloop
endfacet
facet normal -0.15635421977243072 -0.9877010468554512 0
outer loop
vertex 51.049440000000004 75.31584000000001 2.00016
vertex 50.92512 75.33552 6
vertex 50.92512 75.33552 2.00016
endloop
endfacet
facet normal -0.9602139500114525 -0.2792654117562783 0
outer loop
vertex 49.36272 76.8024 6
vertex 49.36272 76.8024 2.00016
vertex 49.39776 76.68192 2.00016
endloop
endfacet
facet normal -0.9602139500114525 -0.2792654117562783 0
outer loop
vertex 49.36272 76.8024 6
vertex 49.39776 76.68192 2.00016
vertex 49.39776 76.68192 6
endloop
endfacet
facet normal -0.9760972618805538 -0.21733415596561365 0
outer loop
vertex 49.33536 76.92528 2.00016
vertex 49.36272 76.8024 2.00016
vertex 49.36272 76.8024 6
endloop
endfacet
facet normal -0.9760972618805538 -0.21733415596561365 0
outer loop
vertex 49.33536 76.92528 2.00016
vertex 49.36272 76.8024 6
vertex 49.33536 76.92528 6
endloop
endfacet
facet normal -0.9957988523704433 -0.09156771056277536 0
outer loop
vertex 49.31568 77.04912 6
vertex 49.30416 77.1744 6
vertex 49.30416 77.1744 2.00016
endloop
endfacet
facet normal -0.9957988523704433 -0.09156771056277536 0
outer loop
vertex 49.31568 77.04912 6
vertex 49.30416 77.1744 2.00016
vertex 49.31568 77.04912 2.00016
endloop
endfacet
facet normal -0.987607289786519 -0.15694534450096503 0
outer loop
vertex 49.31568 77.04912 6
vertex 49.31568 77.04912 2.00016
vertex 49.33536 76.92528 2.00016
endloop
endfacet
facet normal -0.987607289786519 -0.15694534450096503 0
outer loop
vertex 49.31568 77.04912 6
vertex 49.33536 76.92528 2.00016
vertex 49.33536 76.92528 6
endloop
endfacet
facet normal -0.7893522173763323 -0.6139406135149127 0
outer loop
vertex 49.68192 76.12464 6
vertex 49.68192 76.12464 2.00016
vertex 49.7592 76.02528 2.00016
endloop
endfacet
facet normal -0.7893522173763323 -0.6139406135149127 0
outer loop
vertex 49.68192 76.12464 6
vertex 49.7592 76.02528 2.00016
vertex 49.7592 76.02528 6
endloop
endfacet
facet normal -0.27824316902703505 -0.9605106656824758 0
outer loop
vertex 50.681760000000004 75.39792 6
vertex 50.681760000000004 75.39792 2.00016
vertex 50.80272 75.36288 2.00016
endloop
endfacet
facet normal -0.27824316902703505 -0.9605106656824758 0
outer loop
vertex 50.681760000000004 75.39792 6
vertex 50.80272 75.36288 2.00016
vertex 50.80272 75.36288 6
endloop
endfacet
facet normal -0.4518022945456322 -0.8921180900773742 0
outer loop
vertex 50.33664 75.5472 2.00016
vertex 50.44848 75.49056 2.00016
vertex 50.44848 75.49056 6
endloop
endfacet
facet normal -0.4518022945456322 -0.8921180900773742 0
outer loop
vertex 50.33664 75.5472 2.00016
vertex 50.44848 75.49056 6
vertex 50.33664 75.5472 6
endloop
endfacet
facet normal -0.5100110319907959 -0.8601678599248425 0
outer loop
vertex 50.33664 75.5472 2.00016
vertex 50.33664 75.5472 6
vertex 50.22816 75.61152 6
endloop
endfacet
facet normal -0.5100110319907959 -0.8601678599248425 0
outer loop
vertex 50.33664 75.5472 2.00016
vertex 50.22816 75.61152 6
vertex 50.22816 75.61152 2.00016
endloop
endfacet
facet normal -0.39760743763431794 -0.9175556253099165 0
outer loop
vertex 50.56368 75.44064 2.00016
vertex 50.56368 75.44064 6
vertex 50.44848 75.49056 6
endloop
endfacet
facet normal -0.39760743763431794 -0.9175556253099165 0
outer loop
vertex 50.56368 75.44064 2.00016
vertex 50.44848 75.49056 6
vertex 50.44848 75.49056 2.00016
endloop
endfacet
facet normal -0.3402080023592895 -0.9403502087683618 0
outer loop
vertex 50.56368 75.44064 2.00016
vertex 50.681760000000004 75.39792 2.00016
vertex 50.681760000000004 75.39792 6
endloop
endfacet
facet normal -0.3402080023592895 -0.9403502087683618 0
outer loop
vertex 50.56368 75.44064 2.00016
vertex 50.681760000000004 75.39792 6
vertex 50.56368 75.44064 6
endloop
endfacet
facet normal -0.7513940993995349 -0.6598537015032666 0
outer loop
vertex 49.842240000000004 75.93072000000001 6
vertex 49.7592 76.02528 6
vertex 49.7592 76.02528 2.00016
endloop
endfacet
facet normal -0.7513940993995349 -0.6598537015032666 0
outer loop
vertex 49.842240000000004 75.93072000000001 6
vertex 49.7592 76.02528 2.00016
vertex 49.842240000000004 75.93072000000001 2.00016
endloop
endfacet
facet normal -0.6617481398758535 -0.7497262162755468 0
outer loop
vertex 49.93104 75.84192 2.00016
vertex 50.02512 75.75888 2.00016
vertex 50.02512 75.75888 6
endloop
endfacet
facet normal -0.6617481398758535 -0.7497262162755468 0
outer loop
vertex 49.93104 75.84192 2.00016
vertex 50.02512 75.75888 6
vertex 49.93104 75.84192 6
endloop
endfacet
facet normal -0.7071067811865759 -0.7071067811865193 0
outer loop
vertex 49.93104 75.84192 2.00016
vertex 49.93104 75.84192 6
vertex 49.842240000000004 75.93072000000001 6
endloop
endfacet
facet normal -0.7071067811865759 -0.7071067811865193 0
outer loop
vertex 49.93104 75.84192 2.00016
vertex 49.842240000000004 75.93072000000001 6
vertex 49.842240000000004 75.93072000000001 2.00016
endloop
endfacet
facet normal -0.8267128799608963 -0.5626240433066833 0
outer loop
vertex 49.611360000000005 76.22832 2.00016
vertex 49.68192 76.12464 2.00016
vertex 49.68192 76.12464 6
endloop
endfacet
facet normal -0.8267128799608963 -0.5626240433066833 0
outer loop
vertex 49.611360000000005 76.22832 2.00016
vertex 49.68192 76.12464 6
vertex 49.611360000000005 76.22832 6
endloop
endfacet
facet normal -0.8913590440923082 -0.45329797541445815 0
outer loop
vertex 49.54752 76.33632 6
vertex 49.4904 76.44864 6
vertex 49.4904 76.44864 2.00016
endloop
endfacet
facet normal -0.8913590440923082 -0.45329797541445815 0
outer loop
vertex 49.54752 76.33632 6
vertex 49.4904 76.44864 2.00016
vertex 49.54752 76.33632 2.00016
endloop
endfacet
facet normal -0.8608503500803485 -0.5088582069364133 0
outer loop
vertex 49.54752 76.33632 6
vertex 49.54752 76.33632 2.00016
vertex 49.611360000000005 76.22832 2.00016
endloop
endfacet
facet normal -0.8608503500803485 -0.5088582069364133 0
outer loop
vertex 49.54752 76.33632 6
vertex 49.611360000000005 76.22832 2.00016
vertex 49.611360000000005 76.22832 6
endloop
endfacet
facet normal -0.6115562779474373 -0.7912009345944158 0
outer loop
vertex 50.12448 75.68208 6
vertex 50.02512 75.75888 6
vertex 50.02512 75.75888 2.00016
endloop
endfacet
facet normal -0.6115562779474373 -0.7912009345944158 0
outer loop
vertex 50.12448 75.68208 6
vertex 50.02512 75.75888 2.00016
vertex 50.12448 75.68208 2.00016
endloop
endfacet
facet normal -0.5626240433066957 -0.8267128799608878 0
outer loop
vertex 50.12448 75.68208 6
vertex 50.12448 75.68208 2.00016
vertex 50.22816 75.61152 2.00016
endloop
endfacet
facet normal -0.5626240433066957 -0.8267128799608878 0
outer loop
vertex 50.12448 75.68208 6
vertex 50.22816 75.61152 2.00016
vertex 50.22816 75.61152 6
endloop
endfacet
facet normal -0.9175556253099254 -0.39760743763429723 0
outer loop
vertex 49.44048 76.56384 2.00016
vertex 49.4904 76.44864 2.00016
vertex 49.4904 76.44864 6
endloop
endfacet
facet normal -0.9175556253099254 -0.39760743763429723 0
outer loop
vertex 49.44048 76.56384 2.00016
vertex 49.4904 76.44864 6
vertex 49.44048 76.56384 6
endloop
endfacet
facet normal -0.9403502087683618 -0.3402080023592895 0
outer loop
vertex 49.44048 76.56384 2.00016
vertex 49.44048 76.56384 6
vertex 49.39776 76.68192 6
endloop
endfacet
facet normal -0.9403502087683618 -0.3402080023592895 0
outer loop
vertex 49.44048 76.56384 2.00016
vertex 49.39776 76.68192 6
vertex 49.39776 76.68192 2.00016
endloop
endfacet
facet normal 0.8601678599248254 0.5100110319908245 0
outer loop
vertex 3.01152 7.62816 6
vertex 3.01152 7.62816 2.00016
vertex 2.9472 7.73664 2.00016
endloop
endfacet
facet normal 0.8601678599248254 0.5100110319908245 0
outer loop
vertex 3.01152 7.62816 6
vertex 2.9472 7.73664 2.00016
vertex 2.9472 7.73664 6
endloop
endfacet
facet normal 0.7912009345944458 0.6115562779473982 0
outer loop
vertex 3.08208 7.5244800000000005 6
vertex 3.15888 7.425120000000001 6
vertex 3.15888 7.425120000000001 2.00016
endloop
endfacet
facet normal 0.7912009345944458 0.6115562779473982 0
outer loop
vertex 3.08208 7.5244800000000005 6
vertex 3.15888 7.425120000000001 2.00016
vertex 3.08208 7.5244800000000005 2.00016
endloop
endfacet
facet normal 0.8267128799608784 0.5626240433067098 0
outer loop
vertex 3.01152 7.62816 2.00016
vertex 3.01152 7.62816 6
vertex 3.08208 7.5244800000000005 6
endloop
endfacet
facet normal 0.8267128799608784 0.5626240433067098 0
outer loop
vertex 3.01152 7.62816 2.00016
vertex 3.08208 7.5244800000000005 6
vertex 3.08208 7.5244800000000005 2.00016
endloop
endfacet
facet normal 0.7497262162755437 0.6617481398758567 0
outer loop
vertex 3.15888 7.425120000000001 2.00016
vertex 3.15888 7.425120000000001 6
vertex 3.24192 7.33104 6
endloop
endfacet
facet normal 0.7497262162755437 0.6617481398758567 0
outer loop
vertex 3.15888 7.425120000000001 2.00016
vertex 3.24192 7.33104 6
vertex 3.24192 7.33104 2.00016
endloop
endfacet
facet normal 0.5626240433067122 0.8267128799608767 0
outer loop
vertex 3.52464 7.08192 6
vertex 3.62832 7.01136 6
vertex 3.62832 7.01136 2.00016
endloop
endfacet
facet normal 0.5626240433067122 0.8267128799608767 0
outer loop
vertex 3.52464 7.08192 6
vertex 3.62832 7.01136 2.00016
vertex 3.52464 7.08192 2.00016
endloop
endfacet
facet normal 0.6139406135149192 0.7893522173763271 0
outer loop
vertex 3.42528 7.1592 2.00016
vertex 3.42528 7.1592 6
vertex 3.52464 7.08192 6
endloop
endfacet
facet normal 0.6139406135149192 0.7893522173763271 0
outer loop
vertex 3.42528 7.1592 2.00016
vertex 3.52464 7.08192 6
vertex 3.52464 7.08192 2.00016
endloop
endfacet
facet normal 0.09156771056279893 0.995798852370441 0
outer loop
vertex 4.44912 6.71568 6
vertex 4.5744 6.70416 6
vertex 4.5744 6.70416 2.00016
endloop
endfacet
facet normal 0.09156771056279893 0.995798852370441 0
outer loop
vertex 4.44912 6.71568 6
vertex 4.5744 6.70416 2.00016
vertex 4.44912 6.71568 2.00016
endloop
endfacet
facet normal 0.987701046855443 0.1563542197724833 0
outer loop
vertex 2.73552 8.32512 6
vertex 2.73552 8.32512 2.00016
vertex 2.71584 8.449440000000001 2.00016
endloop
endfacet
facet normal 0.987701046855443 0.1563542197724833 0
outer loop
vertex 2.73552 8.32512 6
vertex 2.71584 8.449440000000001 2.00016
vertex 2.71584 8.449440000000001 6
endloop
endfacet
facet normal 0.9759161534262688 0.21814596370704564 0
outer loop
vertex 2.76288 8.20272 6
vertex 2.76288 8.20272 2.00016
vertex 2.73552 8.32512 2.00016
endloop
endfacet
facet normal 0.9759161534262688 0.21814596370704564 0
outer loop
vertex 2.76288 8.20272 6
vertex 2.73552 8.32512 2.00016
vertex 2.73552 8.32512 6
endloop
endfacet
facet normal 0.9403502087683636 0.3402080023592843 0
outer loop
vertex 2.84064 7.96368 6
vertex 2.84064 7.96368 2.00016
vertex 2.79792 8.081760000000001 2.00016
endloop
endfacet
facet normal 0.9403502087683636 0.3402080023592843 0
outer loop
vertex 2.84064 7.96368 6
vertex 2.79792 8.081760000000001 2.00016
vertex 2.79792 8.081760000000001 6
endloop
endfacet
facet normal 0.9605106656824666 0.2782431690270671 0
outer loop
vertex 2.79792 8.081760000000001 6
vertex 2.79792 8.081760000000001 2.00016
vertex 2.76288 8.20272 2.00016
endloop
endfacet
facet normal 0.9605106656824666 0.2782431690270671 0
outer loop
vertex 2.79792 8.081760000000001 6
vertex 2.76288 8.20272 2.00016
vertex 2.76288 8.20272 6
endloop
endfacet
facet normal 0.7071067811865476 0.7071067811865476 0
outer loop
vertex 3.33072 7.24224 6
vertex 3.33072 7.24224 2.00016
vertex 3.24192 7.33104 2.00016
endloop
endfacet
facet normal 0.7071067811865476 0.7071067811865476 0
outer loop
vertex 3.33072 7.24224 6
vertex 3.24192 7.33104 2.00016
vertex 3.24192 7.33104 6
endloop
endfacet
facet normal 0.7071067811865475 0.7071067811865475 1.962250031373295e-16
outer loop
vertex 7.27872 3.2942400000000003 4.4001600000000005
vertex 7.24752 3.32544 6
vertex 7.33104 3.24192 6
endloop
endfacet
facet normal 0.7071067811865506 0.7071067811865446 0
outer loop
vertex 7.27872 3.2942400000000003 4.4001600000000005
vertex 7.33104 3.24192 6
vertex 7.33104 3.24192 2.00016
endloop
endfacet
facet normal 0.7071067811865476 0.7071067811865475 -1.3094003464544578e-16
outer loop
vertex 7.27872 3.2942400000000003 4.4001600000000005
vertex 7.33104 3.24192 2.00016
vertex 7.24224 3.33072 2.00016
endloop
endfacet
facet normal 0.7071067811865432 0.7071067811865517 0
outer loop
vertex 7.27872 3.2942400000000003 4.4001600000000005
vertex 7.24224 3.33072 2.00016
vertex 7.24224 3.33072 6
endloop
endfacet
facet normal 0.7071067811865475 0.7071067811865475 1.9966754705202147e-16
outer loop
vertex 7.27872 3.2942400000000003 4.4001600000000005
vertex 7.24224 3.33072 6
vertex 7.24752 3.32544 6
endloop
endfacet
facet normal 0.6598537015031959 0.7513940993995969 0
outer loop
vertex 3.33072 7.24224 6
vertex 3.42528 7.1592 6
vertex 3.42528 7.1592 2.00016
endloop
endfacet
facet normal 0.6598537015031959 0.7513940993995969 0
outer loop
vertex 3.33072 7.24224 6
vertex 3.42528 7.1592 2.00016
vertex 3.33072 7.24224 2.00016
endloop
endfacet
facet normal 0.4532979754144593 0.8913590440923075 0
outer loop
vertex 3.73632 6.94752 6
vertex 3.84864 6.8904000000000005 6
vertex 3.84864 6.8904000000000005 2.00016
endloop
endfacet
facet normal 0.4532979754144593 0.8913590440923075 0
outer loop
vertex 3.73632 6.94752 6
vertex 3.84864 6.8904000000000005 2.00016
vertex 3.73632 6.94752 2.00016
endloop
endfacet
facet normal 0.5088582069363905 0.8608503500803619 0
outer loop
vertex 3.62832 7.01136 2.00016
vertex 3.62832 7.01136 6
vertex 3.73632 6.94752 6
endloop
endfacet
facet normal 0.5088582069363905 0.8608503500803619 0
outer loop
vertex 3.62832 7.01136 2.00016
vertex 3.73632 6.94752 6
vertex 3.73632 6.94752 2.00016
endloop
endfacet
facet normal 0.2792654117563193 0.9602139500114405 0
outer loop
vertex 4.08192 6.79776 6
vertex 4.2024 6.76272 6
vertex 4.2024 6.76272 2.00016
endloop
endfacet
facet normal 0.2792654117563193 0.9602139500114405 0
outer loop
vertex 4.08192 6.79776 6
vertex 4.2024 6.76272 2.00016
vertex 4.08192 6.79776 2.00016
endloop
endfacet
facet normal 0.15694534450096032 0.9876072897865197 0
outer loop
vertex 4.32528 6.73536 6
vertex 4.44912 6.71568 6
vertex 4.44912 6.71568 2.00016
endloop
endfacet
facet normal 0.15694534450096032 0.9876072897865197 0
outer loop
vertex 4.32528 6.73536 6
vertex 4.44912 6.71568 2.00016
vertex 4.32528 6.73536 2.00016
endloop
endfacet
facet normal 0.21733415596559122 0.9760972618805587 0
outer loop
vertex 4.2024 6.76272 2.00016
vertex 4.2024 6.76272 6
vertex 4.32528 6.73536 6
endloop
endfacet
facet normal 0.21733415596559122 0.9760972618805587 0
outer loop
vertex 4.2024 6.76272 2.00016
vertex 4.32528 6.73536 6
vertex 4.32528 6.73536 2.00016
endloop
endfacet
facet normal 0.9954090291002811 0.0957124066442589 0
outer loop
vertex 2.70384 8.57424 6
vertex 2.71584 8.449440000000001 6
vertex 2.71584 8.449440000000001 2.00016
endloop
endfacet
facet normal 0.9954090291002811 0.0957124066442589 0
outer loop
vertex 2.70384 8.57424 6
vertex 2.71584 8.449440000000001 2.00016
vertex 2.70384 8.57424 2.00016
endloop
endfacet
facet normal 0.9995341524233314 0.03052012679155051 0
outer loop
vertex 2.7 8.700000000000001 2.00016
vertex 2.7 8.700000000000001 6
vertex 2.70384 8.57424 6
endloop
endfacet
facet normal 0.9995341524233314 0.03052012679155051 0
outer loop
vertex 2.7 8.700000000000001 2.00016
vertex 2.70384 8.57424 6
vertex 2.70384 8.57424 2.00016
endloop
endfacet
facet normal 0.8921180900773783 0.4518022945456237 0
outer loop
vertex 2.8905600000000002 7.84848 6
vertex 2.9472 7.73664 6
vertex 2.9472 7.73664 2.00016
endloop
endfacet
facet normal 0.8921180900773783 0.4518022945456237 0
outer loop
vertex 2.8905600000000002 7.84848 6
vertex 2.9472 7.73664 2.00016
vertex 2.8905600000000002 7.84848 2.00016
endloop
endfacet
facet normal 0.9175556253099233 0.39760743763430245 0
outer loop
vertex 2.84064 7.96368 2.00016
vertex 2.84064 7.96368 6
vertex 2.8905600000000002 7.84848 6
endloop
endfacet
facet normal 0.9175556253099233 0.39760743763430245 0
outer loop
vertex 2.84064 7.96368 2.00016
vertex 2.8905600000000002 7.84848 6
vertex 2.8905600000000002 7.84848 2.00016
endloop
endfacet
facet normal 0.34020800235928655 0.9403502087683628 0
outer loop
vertex 3.9638400000000003 6.84048 6
vertex 4.08192 6.79776 6
vertex 4.08192 6.79776 2.00016
endloop
endfacet
facet normal 0.34020800235928655 0.9403502087683628 0
outer loop
vertex 3.9638400000000003 6.84048 6
vertex 4.08192 6.79776 2.00016
vertex 3.9638400000000003 6.84048 2.00016
endloop
endfacet
facet normal 0.3976074376343012 0.9175556253099239 0
outer loop
vertex 3.84864 6.8904000000000005 2.00016
vertex 3.84864 6.8904000000000005 6
vertex 3.9638400000000003 6.84048 6
endloop
endfacet
facet normal 0.3976074376343012 0.9175556253099239 0
outer loop
vertex 3.84864 6.8904000000000005 2.00016
vertex 3.9638400000000003 6.84048 6
vertex 3.9638400000000003 6.84048 2.00016
endloop
endfacet
facet normal 1 0 0
outer loop
vertex 2.7 8.700000000000001 6
vertex 2.7 8.700000000000001 2.00016
vertex 2.7 73.29984 2.00016
endloop
endfacet
facet normal 1 0 0
outer loop
vertex 2.7 8.700000000000001 6
vertex 2.7 73.29984 2.00016
vertex 2.7 73.29984 6
endloop
endfacet
facet normal 0.8608503500803619 0.5088582069363905 0
outer loop
vertex 7.01136 3.62832 6
vertex 7.01136 3.62832 2.00016
vertex 6.94752 3.73632 2.00016
endloop
endfacet
facet normal 0.8608503500803619 0.5088582069363905 0
outer loop
vertex 7.01136 3.62832 6
vertex 6.94752 3.73632 2.00016
vertex 6.94752 3.73632 6
endloop
endfacet
facet normal 0.7893522173763271 0.6139406135149192 0
outer loop
vertex 7.08192 3.52464 6
vertex 7.1592 3.42528 6
vertex 7.1592 3.42528 2.00016
endloop
endfacet
facet normal 0.7893522173763271 0.6139406135149192 0
outer loop
vertex 7.08192 3.52464 6
vertex 7.1592 3.42528 2.00016
vertex 7.08192 3.52464 2.00016
endloop
endfacet
facet normal 0.8267128799608767 0.5626240433067122 0
outer loop
vertex 7.01136 3.62832 2.00016
vertex 7.01136 3.62832 6
vertex 7.08192 3.52464 6
endloop
endfacet
facet normal 0.8267128799608767 0.5626240433067122 0
outer loop
vertex 7.01136 3.62832 2.00016
vertex 7.08192 3.52464 6
vertex 7.08192 3.52464 2.00016
endloop
endfacet
facet normal 0.7513940993995969 0.6598537015031959 0
outer loop
vertex 7.1592 3.42528 2.00016
vertex 7.1592 3.42528 6
vertex 7.24224 3.33072 6
endloop
endfacet
facet normal 0.7513940993995969 0.6598537015031959 0
outer loop
vertex 7.1592 3.42528 2.00016
vertex 7.24224 3.33072 6
vertex 7.24224 3.33072 2.00016
endloop
endfacet
facet normal 0.03052012679155051 0.9995341524233314 0
outer loop
vertex 8.700000000000001 2.7 6
vertex 8.700000000000001 2.7 2.00016
vertex 8.57424 2.70384 2.00016
endloop
endfacet
facet normal 0.03052012679155051 0.9995341524233314 0
outer loop
vertex 8.700000000000001 2.7 6
vertex 8.57424 2.70384 2.00016
vertex 8.57424 2.70384 6
endloop
endfacet
facet normal 0.5626240433067098 0.8267128799608784 0
outer loop
vertex 7.5244800000000005 3.08208 6
vertex 7.62816 3.01152 6
vertex 7.62816 3.01152 2.00016
endloop
endfacet
facet normal 0.5626240433067098 0.8267128799608784 0
outer loop
vertex 7.5244800000000005 3.08208 6
vertex 7.62816 3.01152 2.00016
vertex 7.5244800000000005 3.08208 2.00016
endloop
endfacet
facet normal 0.6115562779473982 0.7912009345944458 0
outer loop
vertex 7.425120000000001 3.15888 2.00016
vertex 7.425120000000001 3.15888 6
vertex 7.5244800000000005 3.08208 6
endloop
endfacet
facet normal 0.6115562779473982 0.7912009345944458 0
outer loop
vertex 7.425120000000001 3.15888 2.00016
vertex 7.5244800000000005 3.08208 6
vertex 7.5244800000000005 3.08208 2.00016
endloop
endfacet
facet normal 0.0957124066442589 0.9954090291002811 0
outer loop
vertex 8.449440000000001 2.71584 6
vertex 8.57424 2.70384 6
vertex 8.57424 2.70384 2.00016
endloop
endfacet
facet normal 0.0957124066442589 0.9954090291002811 0
outer loop
vertex 8.449440000000001 2.71584 6
vertex 8.57424 2.70384 2.00016
vertex 8.449440000000001 2.71584 2.00016
endloop
endfacet
facet normal 0.9876072897865197 0.15694534450096032 0
outer loop
vertex 6.73536 4.32528 6
vertex 6.73536 4.32528 2.00016
vertex 6.71568 4.44912 2.00016
endloop
endfacet
facet normal 0.9876072897865197 0.15694534450096032 0
outer loop
vertex 6.73536 4.32528 6
vertex 6.71568 4.44912 2.00016
vertex 6.71568 4.44912 6
endloop
endfacet
facet normal 0.9760972618805587 0.21733415596559122 0
outer loop
vertex 6.76272 4.2024 6
vertex 6.76272 4.2024 2.00016
vertex 6.73536 4.32528 2.00016
endloop
endfacet
facet normal 0.9760972618805587 0.21733415596559122 0
outer loop
vertex 6.76272 4.2024 6
vertex 6.73536 4.32528 2.00016
vertex 6.73536 4.32528 6
endloop
endfacet
facet normal 0.9403502087683628 0.34020800235928655 0
outer loop
vertex 6.84048 3.9638400000000003 6
vertex 6.84048 3.9638400000000003 2.00016
vertex 6.79776 4.08192 2.00016
endloop
endfacet
facet normal 0.9403502087683628 0.34020800235928655 0
outer loop
vertex 6.84048 3.9638400000000003 6
vertex 6.79776 4.08192 2.00016
vertex 6.79776 4.08192 6
endloop
endfacet
facet normal 0.9602139500114405 0.2792654117563193 0
outer loop
vertex 6.79776 4.08192 6
vertex 6.79776 4.08192 2.00016
vertex 6.76272 4.2024 2.00016
endloop
endfacet
facet normal 0.9602139500114405 0.2792654117563193 0
outer loop
vertex 6.79776 4.08192 6
vertex 6.76272 4.2024 2.00016
vertex 6.76272 4.2024 6
endloop
endfacet
facet normal 0.6617481398758567 0.7497262162755437 0
outer loop
vertex 7.33104 3.24192 6
vertex 7.425120000000001 3.15888 6
vertex 7.425120000000001 3.15888 2.00016
endloop
endfacet
facet normal 0.6617481398758567 0.7497262162755437 0
outer loop
vertex 7.33104 3.24192 6
vertex 7.425120000000001 3.15888 2.00016
vertex 7.33104 3.24192 2.00016
endloop
endfacet
facet normal 0.4518022945456237 0.8921180900773783 0
outer loop
vertex 7.73664 2.9472 6
vertex 7.84848 2.8905600000000002 6
vertex 7.84848 2.8905600000000002 2.00016
endloop
endfacet
facet normal 0.4518022945456237 0.8921180900773783 0
outer loop
vertex 7.73664 2.9472 6
vertex 7.84848 2.8905600000000002 2.00016
vertex 7.73664 2.9472 2.00016
endloop
endfacet
facet normal 0.5100110319908245 0.8601678599248254 0
outer loop
vertex 7.62816 3.01152 2.00016
vertex 7.62816 3.01152 6
vertex 7.73664 2.9472 6
endloop
endfacet
facet normal 0.5100110319908245 0.8601678599248254 0
outer loop
vertex 7.62816 3.01152 2.00016
vertex 7.73664 2.9472 6
vertex 7.73664 2.9472 2.00016
endloop
endfacet
facet normal 0.2782431690270671 0.9605106656824666 0
outer loop
vertex 8.081760000000001 2.79792 6
vertex 8.20272 2.76288 6
vertex 8.20272 2.76288 2.00016
endloop
endfacet
facet normal 0.2782431690270671 0.9605106656824666 0
outer loop
vertex 8.081760000000001 2.79792 6
vertex 8.20272 2.76288 2.00016
vertex 8.081760000000001 2.79792 2.00016
endloop
endfacet
facet normal 0.1563542197724833 0.987701046855443 0
outer loop
vertex 8.32512 2.73552 6
vertex 8.449440000000001 2.71584 6
vertex 8.449440000000001 2.71584 2.00016
endloop
endfacet
facet normal 0.1563542197724833 0.987701046855443 0
outer loop
vertex 8.32512 2.73552 6
vertex 8.449440000000001 2.71584 2.00016
vertex 8.32512 2.73552 2.00016
endloop
endfacet
facet normal 0.21814596370704564 0.9759161534262688 0
outer loop
vertex 8.20272 2.76288 2.00016
vertex 8.20272 2.76288 6
vertex 8.32512 2.73552 6
endloop
endfacet
facet normal 0.21814596370704564 0.9759161534262688 0
outer loop
vertex 8.20272 2.76288 2.00016
vertex 8.32512 2.73552 6
vertex 8.32512 2.73552 2.00016
endloop
endfacet
facet normal 0.9958932031609954 0.09053574574200009 0.00008149032019703803
outer loop
vertex 6.70896 4.52304 4.4001600000000005
vertex 6.70416 4.5744 6
vertex 6.70464 4.56912 6
endloop
endfacet
facet normal 0.9957946753884127 0.09161311013572969 0.00005019307094672474
outer loop
vertex 6.70896 4.52304 4.4001600000000005
vertex 6.70464 4.56912 6
vertex 6.71568 4.44912 6
endloop
endfacet
facet normal 0.9958932064677043 0.09053574604251312 0
outer loop
vertex 6.70896 4.52304 4.4001600000000005
vertex 6.71568 4.44912 6
vertex 6.71568 4.44912 2.00016
endloop
endfacet
facet normal 0.995798851859039 0.09156771051577345 -0.00003204869868068082
outer loop
vertex 6.70896 4.52304 4.4001600000000005
vertex 6.71568 4.44912 2.00016
vertex 6.70416 4.5744 2.00016
endloop
endfacet
facet normal 0.9956612082761606 0.09305244937161102 0
outer loop
vertex 6.70896 4.52304 4.4001600000000005
vertex 6.70416 4.5744 2.00016
vertex 6.70416 4.5744 6
endloop
endfacet
facet normal 0.8913590440923075 0.4532979754144593 0
outer loop
vertex 6.8904000000000005 3.84864 6
vertex 6.94752 3.73632 6
vertex 6.94752 3.73632 2.00016
endloop
endfacet
facet normal 0.8913590440923075 0.4532979754144593 0
outer loop
vertex 6.8904000000000005 3.84864 6
vertex 6.94752 3.73632 2.00016
vertex 6.8904000000000005 3.84864 2.00016
endloop
endfacet
facet normal 0.9175556253099239 0.3976074376343012 0
outer loop
vertex 6.84048 3.9638400000000003 2.00016
vertex 6.84048 3.9638400000000003 6
vertex 6.8904000000000005 3.84864 6
endloop
endfacet
facet normal 0.9175556253099239 0.3976074376343012 0
outer loop
vertex 6.84048 3.9638400000000003 2.00016
vertex 6.8904000000000005 3.84864 6
vertex 6.8904000000000005 3.84864 2.00016
endloop
endfacet
facet normal 0.3402080023592843 0.9403502087683636 0
outer loop
vertex 7.96368 2.84064 6
vertex 8.081760000000001 2.79792 6
vertex 8.081760000000001 2.79792 2.00016
endloop
endfacet
facet normal 0.3402080023592843 0.9403502087683636 0
outer loop
vertex 7.96368 2.84064 6
vertex 8.081760000000001 2.79792 2.00016
vertex 7.96368 2.84064 2.00016
endloop
endfacet
facet normal 0.39760743763430245 0.9175556253099233 0
outer loop
vertex 7.84848 2.8905600000000002 2.00016
vertex 7.84848 2.8905600000000002 6
vertex 7.96368 2.84064 6
endloop
endfacet
facet normal 0.39760743763430245 0.9175556253099233 0
outer loop
vertex 7.84848 2.8905600000000002 2.00016
vertex 7.96368 2.84064 6
vertex 7.96368 2.84064 2.00016
endloop
endfacet
facet normal 0 0.9999999999999999 0
outer loop
vertex 47.30016 2.7 6
vertex 47.30016 2.7 2.00016
vertex 8.700000000000001 2.7 2.00016
endloop
endfacet
facet normal 0 0.9999999999999999 0
outer loop
vertex 47.30016 2.7 6
vertex 8.700000000000001 2.7 2.00016
vertex 8.700000000000001 2.7 6
endloop
endfacet
facet normal -0.5071867710303651 0.8618361673147582 0
outer loop
vertex 52.37184 7.01136 6
vertex 52.37184 7.01136 2.00016
vertex 52.26336 6.94752 2.00016
endloop
endfacet
facet normal -0.5071867710303651 0.8618361673147582 0
outer loop
vertex 52.37184 7.01136 6
vertex 52.26336 6.94752 2.00016
vertex 52.26336 6.94752 6
endloop
endfacet
facet normal -0.6139406135149313 0.789352217376318 0
outer loop
vertex 52.47552 7.08192 6
vertex 52.57488 7.1592 6
vertex 52.57488 7.1592 2.00016
endloop
endfacet
facet normal -0.6139406135149313 0.789352217376318 0
outer loop
vertex 52.47552 7.08192 6
vertex 52.57488 7.1592 2.00016
vertex 52.47552 7.08192 2.00016
endloop
endfacet
facet normal -0.5626240433066957 0.8267128799608878 0
outer loop
vertex 52.37184 7.01136 2.00016
vertex 52.37184 7.01136 6
vertex 52.47552 7.08192 6
endloop
endfacet
facet normal -0.5626240433066957 0.8267128799608878 0
outer loop
vertex 52.37184 7.01136 2.00016
vertex 52.47552 7.08192 6
vertex 52.47552 7.08192 2.00016
endloop
endfacet
facet normal -0.6617481398758653 0.7497262162755363 0
outer loop
vertex 52.57488 7.1592 2.00016
vertex 52.57488 7.1592 6
vertex 52.66896 7.24224 6
endloop
endfacet
facet normal -0.6617481398758653 0.7497262162755363 0
outer loop
vertex 52.57488 7.1592 2.00016
vertex 52.66896 7.24224 6
vertex 52.66896 7.24224 2.00016
endloop
endfacet
facet normal -0.9994105210553952 0.034330895761443526 0
outer loop
vertex 53.30016 8.700000000000001 6
vertex 53.30016 8.700000000000001 2.00016
vertex 53.29584 8.57424 2.00016
endloop
endfacet
facet normal -0.9994105210553952 0.034330895761443526 0
outer loop
vertex 53.30016 8.700000000000001 6
vertex 53.29584 8.57424 2.00016
vertex 53.29584 8.57424 6
endloop
endfacet
facet normal -0.8267128799608767 0.5626240433067122 0
outer loop
vertex 52.91808 7.5244800000000005 6
vertex 52.988640000000004 7.62816 6
vertex 52.988640000000004 7.62816 2.00016
endloop
endfacet
facet normal -0.8267128799608767 0.5626240433067122 0
outer loop
vertex 52.91808 7.5244800000000005 6
vertex 52.988640000000004 7.62816 2.00016
vertex 52.91808 7.5244800000000005 2.00016
endloop
endfacet
facet normal -0.7893522173763191 0.6139406135149298 0
outer loop
vertex 52.8408 7.425120000000001 2.00016
vertex 52.8408 7.425120000000001 6
vertex 52.91808 7.5244800000000005 6
endloop
endfacet
facet normal -0.7893522173763191 0.6139406135149298 0
outer loop
vertex 52.8408 7.425120000000001 2.00016
vertex 52.91808 7.5244800000000005 6
vertex 52.91808 7.5244800000000005 2.00016
endloop
endfacet
facet normal -0.9957666790179726 0.09191692421702312 0
outer loop
vertex 53.28432 8.449440000000001 6
vertex 53.29584 8.57424 6
vertex 53.29584 8.57424 2.00016
endloop
endfacet
facet normal -0.9957666790179726 0.09191692421702312 0
outer loop
vertex 53.28432 8.449440000000001 6
vertex 53.29584 8.57424 2.00016
vertex 53.28432 8.449440000000001 2.00016
endloop
endfacet
facet normal -0.15635421977248762 0.9877010468554422 0
outer loop
vertex 51.67488 6.73536 6
vertex 51.67488 6.73536 2.00016
vertex 51.550560000000004 6.71568 2.00016
endloop
endfacet
facet normal -0.15635421977248762 0.9877010468554422 0
outer loop
vertex 51.67488 6.73536 6
vertex 51.550560000000004 6.71568 2.00016
vertex 51.550560000000004 6.71568 6
endloop
endfacet
facet normal -0.21814596370704864 0.975916153426268 0
outer loop
vertex 51.79728 6.76272 6
vertex 51.79728 6.76272 2.00016
vertex 51.67488 6.73536 2.00016
endloop
endfacet
facet normal -0.21814596370704864 0.975916153426268 0
outer loop
vertex 51.79728 6.76272 6
vertex 51.67488 6.73536 2.00016
vertex 51.67488 6.73536 6
endloop
endfacet
facet normal -0.34020800235928883 0.940350208768362 0
outer loop
vertex 52.03632 6.84048 6
vertex 52.03632 6.84048 2.00016
vertex 51.918240000000004 6.79776 2.00016
endloop
endfacet
facet normal -0.34020800235928883 0.940350208768362 0
outer loop
vertex 52.03632 6.84048 6
vertex 51.918240000000004 6.79776 2.00016
vertex 51.918240000000004 6.79776 6
endloop
endfacet
facet normal -0.27824316902705903 0.9605106656824689 0
outer loop
vertex 51.918240000000004 6.79776 6
vertex 51.918240000000004 6.79776 2.00016
vertex 51.79728 6.76272 2.00016
endloop
endfacet
facet normal -0.27824316902705903 0.9605106656824689 0
outer loop
vertex 51.918240000000004 6.79776 6
vertex 51.79728 6.76272 2.00016
vertex 51.79728 6.76272 6
endloop
endfacet
facet normal -0.7071067811866067 0.7071067811864883 1.7244015427221483e-15
outer loop
vertex 48.72144 3.2942400000000003 4.4001600000000005
vertex 48.75264 3.32544 6
vertex 48.75792 3.33072 6
endloop
endfacet
facet normal -0.7071067811865691 0.7071067811865261 0
outer loop
vertex 48.72144 3.2942400000000003 4.4001600000000005
vertex 48.75792 3.33072 6
vertex 48.75792 3.33072 2.00016
endloop
endfacet
facet normal -0.7071067811865511 0.7071067811865439 5.467825622557104e-16
outer loop
vertex 48.72144 3.2942400000000003 4.4001600000000005
vertex 48.75792 3.33072 2.00016
vertex 48.66912 3.24192 2.00016
endloop
endfacet
facet normal -0.7071067811865386 0.7071067811865566 0
outer loop
vertex 48.72144 3.2942400000000003 4.4001600000000005
vertex 48.66912 3.24192 2.00016
vertex 48.66912 3.24192 6
endloop
endfacet
facet normal -0.7071067811865475 0.7071067811865475 -5.898225240502185e-16
outer loop
vertex 48.72144 3.2942400000000003 4.4001600000000005
vertex 48.66912 3.24192 6
vertex 48.75264 3.32544 6
endloop
endfacet
facet normal -0.7071067811865228 0.7071067811865722 0
outer loop
vertex 52.757760000000005 7.33104 6
vertex 52.757760000000005 7.33104 2.00016
vertex 52.66896 7.24224 2.00016
endloop
endfacet
facet normal -0.7071067811865228 0.7071067811865722 0
outer loop
vertex 52.757760000000005 7.33104 6
vertex 52.66896 7.24224 2.00016
vertex 52.66896 7.24224 6
endloop
endfacet
facet normal -0.7497262162755561 0.6617481398758429 0
outer loop
vertex 52.757760000000005 7.33104 6
vertex 52.8408 7.425120000000001 6
vertex 52.8408 7.425120000000001 2.00016
endloop
endfacet
facet normal -0.7497262162755561 0.6617481398758429 0
outer loop
vertex 52.757760000000005 7.33104 6
vertex 52.8408 7.425120000000001 2.00016
vertex 52.757760000000005 7.33104 2.00016
endloop
endfacet
facet normal -0.8905723244133349 0.45484165924971026 0
outer loop
vertex 53.05248 7.73664 6
vertex 53.1096 7.84848 6
vertex 53.1096 7.84848 2.00016
endloop
endfacet
facet normal -0.8905723244133349 0.45484165924971026 0
outer loop
vertex 53.05248 7.73664 6
vertex 53.1096 7.84848 2.00016
vertex 53.05248 7.73664 2.00016
endloop
endfacet
facet normal -0.8618361673147613 0.50718677103036 0
outer loop
vertex 52.988640000000004 7.62816 2.00016
vertex 52.988640000000004 7.62816 6
vertex 53.05248 7.73664 6
endloop
endfacet
facet normal -0.8618361673147613 0.50718677103036 0
outer loop
vertex 52.988640000000004 7.62816 2.00016
vertex 53.05248 7.73664 6
vertex 53.05248 7.73664 2.00016
endloop
endfacet
facet normal -0.9605106656824768 0.2782431690270313 0
outer loop
vertex 53.20224 8.081760000000001 6
vertex 53.23728 8.20272 6
vertex 53.23728 8.20272 2.00016
endloop
endfacet
facet normal -0.9605106656824768 0.2782431690270313 0
outer loop
vertex 53.20224 8.081760000000001 6
vertex 53.23728 8.20272 2.00016
vertex 53.20224 8.081760000000001 2.00016
endloop
endfacet
facet normal -0.9877010468554419 0.15635421977249017 0
outer loop
vertex 53.26464 8.32512 6
vertex 53.28432 8.449440000000001 6
vertex 53.28432 8.449440000000001 2.00016
endloop
endfacet
facet normal -0.9877010468554419 0.15635421977249017 0
outer loop
vertex 53.26464 8.32512 6
vertex 53.28432 8.449440000000001 2.00016
vertex 53.26464 8.32512 2.00016
endloop
endfacet
facet normal -0.9759161534262657 0.21814596370705913 0
outer loop
vertex 53.23728 8.20272 2.00016
vertex 53.23728 8.20272 6
vertex 53.26464 8.32512 6
endloop
endfacet
facet normal -0.9759161534262657 0.21814596370705913 0
outer loop
vertex 53.23728 8.20272 2.00016
vertex 53.26464 8.32512 6
vertex 53.26464 8.32512 2.00016
endloop
endfacet
facet normal -0.09191692421704291 0.9957666790179708 0
outer loop
vertex 51.425760000000004 6.70416 6
vertex 51.550560000000004 6.71568 6
vertex 51.550560000000004 6.71568 2.00016
endloop
endfacet
facet normal -0.09191692421704291 0.9957666790179708 0
outer loop
vertex 51.425760000000004 6.70416 6
vertex 51.550560000000004 6.71568 2.00016
vertex 51.425760000000004 6.70416 2.00016
endloop
endfacet
facet normal -0.45484165924971864 0.8905723244133308 0
outer loop
vertex 52.15152 6.8904000000000005 6
vertex 52.26336 6.94752 6
vertex 52.26336 6.94752 2.00016
endloop
endfacet
facet normal -0.45484165924971864 0.8905723244133308 0
outer loop
vertex 52.15152 6.8904000000000005 6
vertex 52.26336 6.94752 2.00016
vertex 52.15152 6.8904000000000005 2.00016
endloop
endfacet
facet normal -0.39760743763431794 0.9175556253099165 0
outer loop
vertex 52.03632 6.84048 2.00016
vertex 52.03632 6.84048 6
vertex 52.15152 6.8904000000000005 6
endloop
endfacet
facet normal -0.39760743763431794 0.9175556253099165 0
outer loop
vertex 52.03632 6.84048 2.00016
vertex 52.15152 6.8904000000000005 6
vertex 52.15152 6.8904000000000005 2.00016
endloop
endfacet
facet normal -0.9403502087683568 0.34020800235930304 0
outer loop
vertex 53.15952 7.96368 6
vertex 53.20224 8.081760000000001 6
vertex 53.20224 8.081760000000001 2.00016
endloop
endfacet
facet normal -0.9403502087683568 0.34020800235930304 0
outer loop
vertex 53.15952 7.96368 6
vertex 53.20224 8.081760000000001 2.00016
vertex 53.15952 7.96368 2.00016
endloop
endfacet
facet normal -0.9175556253099233 0.39760743763430245 0
outer loop
vertex 53.1096 7.84848 2.00016
vertex 53.1096 7.84848 6
vertex 53.15952 7.96368 6
endloop
endfacet
facet normal -0.9175556253099233 0.39760743763430245 0
outer loop
vertex 53.1096 7.84848 2.00016
vertex 53.15952 7.96368 6
vertex 53.15952 7.96368 2.00016
endloop
endfacet
facet normal -0.5116852424835967 0.8591729817821921 0
outer loop
vertex 48.371520000000004 3.01152 6
vertex 48.371520000000004 3.01152 2.00016
vertex 48.26352 2.9472 2.00016
endloop
endfacet
facet normal -0.5116852424835967 0.8591729817821921 0
outer loop
vertex 48.371520000000004 3.01152 6
vertex 48.26352 2.9472 2.00016
vertex 48.26352 2.9472 6
endloop
endfacet
facet normal -0.6115562779474085 0.791200934594438 0
outer loop
vertex 48.475680000000004 3.08208 6
vertex 48.57504 3.15888 6
vertex 48.57504 3.15888 2.00016
endloop
endfacet
facet normal -0.6115562779474085 0.791200934594438 0
outer loop
vertex 48.475680000000004 3.08208 6
vertex 48.57504 3.15888 2.00016
vertex 48.475680000000004 3.08208 2.00016
endloop
endfacet
facet normal -0.5608481451695141 0.8279186904883328 0
outer loop
vertex 48.371520000000004 3.01152 2.00016
vertex 48.371520000000004 3.01152 6
vertex 48.475680000000004 3.08208 6
endloop
endfacet
facet normal -0.5608481451695141 0.8279186904883328 0
outer loop
vertex 48.371520000000004 3.01152 2.00016
vertex 48.475680000000004 3.08208 6
vertex 48.475680000000004 3.08208 2.00016
endloop
endfacet
facet normal -0.6617481398758673 0.7497262162755346 0
outer loop
vertex 48.57504 3.15888 2.00016
vertex 48.57504 3.15888 6
vertex 48.66912 3.24192 6
endloop
endfacet
facet normal -0.6617481398758673 0.7497262162755346 0
outer loop
vertex 48.57504 3.15888 2.00016
vertex 48.66912 3.24192 6
vertex 48.66912 3.24192 2.00016
endloop
endfacet
facet normal -0.8267128799608767 0.5626240433067122 0
outer loop
vertex 48.918240000000004 3.52464 6
vertex 48.988800000000005 3.62832 6
vertex 48.988800000000005 3.62832 2.00016
endloop
endfacet
facet normal -0.8267128799608767 0.5626240433067122 0
outer loop
vertex 48.918240000000004 3.52464 6
vertex 48.988800000000005 3.62832 2.00016
vertex 48.918240000000004 3.52464 2.00016
endloop
endfacet
facet normal -0.7893522173763203 0.613940613514928 0
outer loop
vertex 48.84096 3.42528 2.00016
vertex 48.84096 3.42528 6
vertex 48.918240000000004 3.52464 6
endloop
endfacet
facet normal -0.7893522173763203 0.613940613514928 0
outer loop
vertex 48.84096 3.42528 2.00016
vertex 48.918240000000004 3.52464 6
vertex 48.918240000000004 3.52464 2.00016
endloop
endfacet
facet normal -0.9954439019616799 0.09534903275495375 0
outer loop
vertex 49.284 4.44912 6
vertex 49.296 4.5744 6
vertex 49.296 4.5744 2.00016
endloop
endfacet
facet normal -0.9954439019616799 0.09534903275495375 0
outer loop
vertex 49.284 4.44912 6
vertex 49.296 4.5744 2.00016
vertex 49.284 4.44912 2.00016
endloop
endfacet
facet normal -0.15694534450095812 0.9876072897865201 0
outer loop
vertex 47.67456 2.73552 6
vertex 47.67456 2.73552 2.00016
vertex 47.55072 2.71584 2.00016
endloop
endfacet
facet normal -0.15694534450095812 0.9876072897865201 0
outer loop
vertex 47.67456 2.73552 6
vertex 47.55072 2.71584 2.00016
vertex 47.55072 2.71584 6
endloop
endfacet
facet normal -0.21733415596558825 0.9760972618805595 0
outer loop
vertex 47.79744 2.76288 6
vertex 47.79744 2.76288 2.00016
vertex 47.67456 2.73552 2.00016
endloop
endfacet
facet normal -0.21733415596558825 0.9760972618805595 0
outer loop
vertex 47.79744 2.76288 6
vertex 47.67456 2.73552 2.00016
vertex 47.67456 2.73552 6
endloop
endfacet
facet normal -0.3389892041724597 0.9407902632651565 0
outer loop
vertex 48.036480000000005 2.84064 6
vertex 48.036480000000005 2.84064 2.00016
vertex 47.91792 2.79792 2.00016
endloop
endfacet
facet normal -0.3389892041724597 0.9407902632651565 0
outer loop
vertex 48.036480000000005 2.84064 6
vertex 47.91792 2.79792 2.00016
vertex 47.91792 2.79792 6
endloop
endfacet
facet normal -0.2792654117563142 0.9602139500114422 0
outer loop
vertex 47.91792 2.79792 6
vertex 47.91792 2.79792 2.00016
vertex 47.79744 2.76288 2.00016
endloop
endfacet
facet normal -0.2792654117563142 0.9602139500114422 0
outer loop
vertex 47.91792 2.79792 6
vertex 47.79744 2.76288 2.00016
vertex 47.79744 2.76288 6
endloop
endfacet
facet normal -0.7513940993995794 0.6598537015032158 0
outer loop
vertex 48.75792 3.33072 6
vertex 48.84096 3.42528 6
vertex 48.84096 3.42528 2.00016
endloop
endfacet
facet normal -0.7513940993995794 0.6598537015032158 0
outer loop
vertex 48.75792 3.33072 6
vertex 48.84096 3.42528 2.00016
vertex 48.75792 3.33072 2.00016
endloop
endfacet
facet normal -0.8913590440923131 0.4532979754144481 0
outer loop
vertex 49.052640000000004 3.73632 6
vertex 49.10976 3.84864 6
vertex 49.10976 3.84864 2.00016
endloop
endfacet
facet normal -0.8913590440923131 0.4532979754144481 0
outer loop
vertex 49.052640000000004 3.73632 6
vertex 49.10976 3.84864 2.00016
vertex 49.052640000000004 3.73632 2.00016
endloop
endfacet
facet normal -0.8608503500803649 0.5088582069363852 0
outer loop
vertex 48.988800000000005 3.62832 2.00016
vertex 48.988800000000005 3.62832 6
vertex 49.052640000000004 3.73632 6
endloop
endfacet
facet normal -0.8608503500803649 0.5088582069363852 0
outer loop
vertex 48.988800000000005 3.62832 2.00016
vertex 49.052640000000004 3.73632 6
vertex 49.052640000000004 3.73632 2.00016
endloop
endfacet
facet normal -0.9602139500114368 0.2792654117563324 0
outer loop
vertex 49.20192 4.08192 6
vertex 49.23696 4.2024 6
vertex 49.23696 4.2024 2.00016
endloop
endfacet
facet normal -0.9602139500114368 0.2792654117563324 0
outer loop
vertex 49.20192 4.08192 6
vertex 49.23696 4.2024 2.00016
vertex 49.20192 4.08192 2.00016
endloop
endfacet
facet normal -0.9881939076456798 0.15320835777450775 0
outer loop
vertex 49.2648 4.32528 6
vertex 49.284 4.44912 6
vertex 49.284 4.44912 2.00016
endloop
endfacet
facet normal -0.9881939076456798 0.15320835777450775 0
outer loop
vertex 49.2648 4.32528 6
vertex 49.284 4.44912 2.00016
vertex 49.2648 4.32528 2.00016
endloop
endfacet
facet normal -0.975282326732112 0.22096240215022486 0
outer loop
vertex 49.23696 4.2024 2.00016
vertex 49.23696 4.2024 6
vertex 49.2648 4.32528 6
endloop
endfacet
facet normal -0.975282326732112 0.22096240215022486 0
outer loop
vertex 49.23696 4.2024 2.00016
vertex 49.2648 4.32528 6
vertex 49.2648 4.32528 2.00016
endloop
endfacet
facet normal -0.09534903275495295 0.9954439019616801 0
outer loop
vertex 47.42544 2.70384 6
vertex 47.55072 2.71584 6
vertex 47.55072 2.71584 2.00016
endloop
endfacet
facet normal -0.09534903275495295 0.9954439019616801 0
outer loop
vertex 47.42544 2.70384 6
vertex 47.55072 2.71584 2.00016
vertex 47.42544 2.70384 2.00016
endloop
endfacet
facet normal -0.03063695259431335 0.9995305783895426 0
outer loop
vertex 47.30016 2.7 2.00016
vertex 47.30016 2.7 6
vertex 47.42544 2.70384 6
endloop
endfacet
facet normal -0.03063695259431335 0.9995305783895426 0
outer loop
vertex 47.30016 2.7 2.00016
vertex 47.42544 2.70384 6
vertex 47.42544 2.70384 2.00016
endloop
endfacet
facet normal -0.45180229454562093 0.89211809007738 0
outer loop
vertex 48.15168 2.8905600000000002 6
vertex 48.26352 2.9472 6
vertex 48.26352 2.9472 2.00016
endloop
endfacet
facet normal -0.45180229454562093 0.89211809007738 0
outer loop
vertex 48.15168 2.8905600000000002 6
vertex 48.26352 2.9472 2.00016
vertex 48.15168 2.8905600000000002 2.00016
endloop
endfacet
facet normal -0.39760743763431794 0.9175556253099165 0
outer loop
vertex 48.036480000000005 2.84064 2.00016
vertex 48.036480000000005 2.84064 6
vertex 48.15168 2.8905600000000002 6
endloop
endfacet
facet normal -0.39760743763431794 0.9175556253099165 0
outer loop
vertex 48.036480000000005 2.84064 2.00016
vertex 48.15168 2.8905600000000002 6
vertex 48.15168 2.8905600000000002 2.00016
endloop
endfacet
facet normal -0.9415685960338802 0.3368212863861005 0
outer loop
vertex 49.15968 3.9638400000000003 6
vertex 49.20192 4.08192 6
vertex 49.20192 4.08192 2.00016
endloop
endfacet
facet normal -0.9415685960338802 0.3368212863861005 0
outer loop
vertex 49.15968 3.9638400000000003 6
vertex 49.20192 4.08192 2.00016
vertex 49.15968 3.9638400000000003 2.00016
endloop
endfacet
facet normal -0.9175556253099239 0.3976074376343012 0
outer loop
vertex 49.10976 3.84864 2.00016
vertex 49.10976 3.84864 6
vertex 49.15968 3.9638400000000003 6
endloop
endfacet
facet normal -0.9175556253099239 0.3976074376343012 0
outer loop
vertex 49.10976 3.84864 2.00016
vertex 49.15968 3.9638400000000003 6
vertex 49.15968 3.9638400000000003 2.00016
endloop
endfacet
facet normal -0.8608503500803438 -0.5088582069364208 0
outer loop
vertex 52.988640000000004 74.37168 6
vertex 52.988640000000004 74.37168 2.00016
vertex 53.05248 74.26368000000001 2.00016
endloop
endfacet
facet normal -0.8608503500803438 -0.5088582069364208 0
outer loop
vertex 52.988640000000004 74.37168 6
vertex 53.05248 74.26368000000001 2.00016
vertex 53.05248 74.26368000000001 6
endloop
endfacet
facet normal -0.7893522173763323 -0.6139406135149127 0
outer loop
vertex 52.91808 74.47536 6
vertex 52.8408 74.57472 6
vertex 52.8408 74.57472 2.00016
endloop
endfacet
facet normal -0.7893522173763323 -0.6139406135149127 0
outer loop
vertex 52.91808 74.47536 6
vertex 52.8408 74.57472 2.00016
vertex 52.91808 74.47536 2.00016
endloop
endfacet
facet normal -0.82671287996087 -0.562624043306722 0
outer loop
vertex 52.988640000000004 74.37168 2.00016
vertex 52.988640000000004 74.37168 6
vertex 52.91808 74.47536 6
endloop
endfacet
facet normal -0.82671287996087 -0.562624043306722 0
outer loop
vertex 52.988640000000004 74.37168 2.00016
vertex 52.91808 74.47536 6
vertex 52.91808 74.47536 2.00016
endloop
endfacet
facet normal -0.7513940993996121 -0.6598537015031787 0
outer loop
vertex 52.8408 74.57472 2.00016
vertex 52.8408 74.57472 6
vertex 52.757760000000005 74.66928 6
endloop
endfacet
facet normal -0.7513940993996121 -0.6598537015031787 0
outer loop
vertex 52.8408 74.57472 2.00016
vertex 52.757760000000005 74.66928 6
vertex 52.757760000000005 74.66928 2.00016
endloop
endfacet
facet normal -0.5626240433066957 -0.8267128799608878 0
outer loop
vertex 52.47552 74.91792 6
vertex 52.37184 74.98848 6
vertex 52.37184 74.98848 2.00016
endloop
endfacet
facet normal -0.5626240433066957 -0.8267128799608878 0
outer loop
vertex 52.47552 74.91792 6
vertex 52.37184 74.98848 2.00016
vertex 52.47552 74.91792 2.00016
endloop
endfacet
facet normal -0.6115562779473666 -0.7912009345944705 0
outer loop
vertex 52.57488 74.84112 2.00016
vertex 52.57488 74.84112 6
vertex 52.47552 74.91792 6
endloop
endfacet
facet normal -0.6115562779473666 -0.7912009345944705 0
outer loop
vertex 52.57488 74.84112 2.00016
vertex 52.47552 74.91792 6
vertex 52.47552 74.91792 2.00016
endloop
endfacet
facet normal -0.09571240664426103 -0.9954090291002807 0
outer loop
vertex 51.550560000000004 75.28416 6
vertex 51.425760000000004 75.29616 6
vertex 51.425760000000004 75.29616 2.00016
endloop
endfacet
facet normal -0.09571240664426103 -0.9954090291002807 0
outer loop
vertex 51.550560000000004 75.28416 6
vertex 51.425760000000004 75.29616 2.00016
vertex 51.550560000000004 75.28416 2.00016
endloop
endfacet
facet normal -0.987607289786519 -0.15694534450096503 0
outer loop
vertex 53.26464 73.67472000000001 6
vertex 53.26464 73.67472000000001 2.00016
vertex 53.28432 73.55088 2.00016
endloop
endfacet
facet normal -0.987607289786519 -0.15694534450096503 0
outer loop
vertex 53.26464 73.67472000000001 6
vertex 53.28432 73.55088 2.00016
vertex 53.28432 73.55088 6
endloop
endfacet
facet normal -0.9760972618805538 -0.21733415596561365 0
outer loop
vertex 53.23728 73.7976 6
vertex 53.23728 73.7976 2.00016
vertex 53.26464 73.67472000000001 2.00016
endloop
endfacet
facet normal -0.9760972618805538 -0.21733415596561365 0
outer loop
vertex 53.23728 73.7976 6
vertex 53.26464 73.67472000000001 2.00016
vertex 53.26464 73.67472000000001 6
endloop
endfacet
facet normal -0.9403502087683486 -0.3402080023593257 0
outer loop
vertex 53.15952 74.03616 6
vertex 53.15952 74.03616 2.00016
vertex 53.20224 73.91808 2.00016
endloop
endfacet
facet normal -0.9403502087683486 -0.3402080023593257 0
outer loop
vertex 53.15952 74.03616 6
vertex 53.20224 73.91808 2.00016
vertex 53.20224 73.91808 6
endloop
endfacet
facet normal -0.9602139500114525 -0.2792654117562783 0
outer loop
vertex 53.20224 73.91808 6
vertex 53.20224 73.91808 2.00016
vertex 53.23728 73.7976 2.00016
endloop
endfacet
facet normal -0.9602139500114525 -0.2792654117562783 0
outer loop
vertex 53.20224 73.91808 6
vertex 53.23728 73.7976 2.00016
vertex 53.23728 73.7976 6
endloop
endfacet
facet normal -0.7071067811865476 -0.7071067811865476 0
outer loop
vertex 52.66896 74.75808 6
vertex 52.66896 74.75808 2.00016
vertex 52.757760000000005 74.66928 2.00016
endloop
endfacet
facet normal -0.7071067811865476 -0.7071067811865476 0
outer loop
vertex 52.66896 74.75808 6
vertex 52.757760000000005 74.66928 2.00016
vertex 52.757760000000005 74.66928 6
endloop
endfacet
facet normal -0.7071067811865174 -0.7071067811865777 -1.172759960271107e-15
outer loop
vertex 48.72144 78.7056 4.4001600000000005
vertex 48.75264 78.6744 6
vertex 48.66912 78.75792 6
endloop
endfacet
facet normal -0.7071067811864995 -0.7071067811865954 0
outer loop
vertex 48.72144 78.7056 4.4001600000000005
vertex 48.66912 78.75792 6
vertex 48.66912 78.75792 2.00016
endloop
endfacet
facet normal -0.7071067811865193 -0.7071067811865758 8.597436340731624e-16
outer loop
vertex 48.72144 78.7056 4.4001600000000005
vertex 48.66912 78.75792 2.00016
vertex 48.75792 78.66912 2.00016
endloop
endfacet
facet normal -0.7071067811865475 -0.7071067811865475 0
outer loop
vertex 48.72144 78.7056 4.4001600000000005
vertex 48.75792 78.66912 2.00016
vertex 48.75792 78.66912 6
endloop
endfacet
facet normal -0.7071067811865476 -0.7071067811865476 0
outer loop
vertex 48.72144 78.7056 4.4001600000000005
vertex 48.75792 78.66912 6
vertex 48.75264 78.6744 6
endloop
endfacet
facet normal -0.6617481398758535 -0.7497262162755468 0
outer loop
vertex 52.66896 74.75808 6
vertex 52.57488 74.84112 6
vertex 52.57488 74.84112 2.00016
endloop
endfacet
facet normal -0.6617481398758535 -0.7497262162755468 0
outer loop
vertex 52.66896 74.75808 6
vertex 52.57488 74.84112 2.00016
vertex 52.66896 74.75808 2.00016
endloop
endfacet
facet normal -0.4518022945456322 -0.8921180900773742 0
outer loop
vertex 52.26336 75.0528 6
vertex 52.15152 75.10944 6
vertex 52.15152 75.10944 2.00016
endloop
endfacet
facet normal -0.4518022945456322 -0.8921180900773742 0
outer loop
vertex 52.26336 75.0528 6
vertex 52.15152 75.10944 2.00016
vertex 52.26336 75.0528 2.00016
endloop
endfacet
facet normal -0.5100110319908793 -0.8601678599247929 0
outer loop
vertex 52.37184 74.98848 2.00016
vertex 52.37184 74.98848 6
vertex 52.26336 75.0528 6
endloop
endfacet
facet normal -0.5100110319908793 -0.8601678599247929 0
outer loop
vertex 52.37184 74.98848 2.00016
vertex 52.26336 75.0528 6
vertex 52.26336 75.0528 2.00016
endloop
endfacet
facet normal -0.2782431690271241 -0.96051066568245 0
outer loop
vertex 51.918240000000004 75.20208 6
vertex 51.79728 75.23712 6
vertex 51.79728 75.23712 2.00016
endloop
endfacet
facet normal -0.2782431690271241 -0.96051066568245 0
outer loop
vertex 51.918240000000004 75.20208 6
vertex 51.79728 75.23712 2.00016
vertex 51.918240000000004 75.20208 2.00016
endloop
endfacet
facet normal -0.15635421977243943 -0.9877010468554499 0
outer loop
vertex 51.67488 75.26448 6
vertex 51.550560000000004 75.28416 6
vertex 51.550560000000004 75.28416 2.00016
endloop
endfacet
facet normal -0.15635421977243943 -0.9877010468554499 0
outer loop
vertex 51.67488 75.26448 6
vertex 51.550560000000004 75.28416 2.00016
vertex 51.67488 75.26448 2.00016
endloop
endfacet
facet normal -0.21814596370706213 -0.9759161534262649 0
outer loop
vertex 51.79728 75.23712 2.00016
vertex 51.79728 75.23712 6
vertex 51.67488 75.26448 6
endloop
endfacet
facet normal -0.21814596370706213 -0.9759161534262649 0
outer loop
vertex 51.79728 75.23712 2.00016
vertex 51.67488 75.26448 6
vertex 51.67488 75.26448 2.00016
endloop
endfacet
facet normal -0.9957988523704433 -0.09156771056277536 0
outer loop
vertex 53.29584 73.4256 6
vertex 53.28432 73.55088 6
vertex 53.28432 73.55088 2.00016
endloop
endfacet
facet normal -0.9957988523704433 -0.09156771056277536 0
outer loop
vertex 53.29584 73.4256 6
vertex 53.28432 73.55088 2.00016
vertex 53.29584 73.4256 2.00016
endloop
endfacet
facet normal -0.9994105210553955 -0.03433089576144402 0
outer loop
vertex 53.30016 73.29984 2.00016
vertex 53.30016 73.29984 6
vertex 53.29584 73.4256 6
endloop
endfacet
facet normal -0.9994105210553955 -0.03433089576144402 0
outer loop
vertex 53.30016 73.29984 2.00016
vertex 53.29584 73.4256 6
vertex 53.29584 73.4256 2.00016
endloop
endfacet
facet normal -0.8913590440923314 -0.4532979754144126 0
outer loop
vertex 53.1096 74.15136 6
vertex 53.05248 74.26368000000001 6
vertex 53.05248 74.26368000000001 2.00016
endloop
endfacet
facet normal -0.8913590440923314 -0.4532979754144126 0
outer loop
vertex 53.1096 74.15136 6
vertex 53.05248 74.26368000000001 2.00016
vertex 53.1096 74.15136 2.00016
endloop
endfacet
facet normal -0.9175556253099254 -0.39760743763429723 0
outer loop
vertex 53.15952 74.03616 2.00016
vertex 53.15952 74.03616 6
vertex 53.1096 74.15136 6
endloop
endfacet
facet normal -0.9175556253099254 -0.39760743763429723 0
outer loop
vertex 53.15952 74.03616 2.00016
vertex 53.1096 74.15136 6
vertex 53.1096 74.15136 2.00016
endloop
endfacet
facet normal -0.34020800235920756 -0.9403502087683915 0
outer loop
vertex 52.03632 75.15936 6
vertex 51.918240000000004 75.20208 6
vertex 51.918240000000004 75.20208 2.00016
endloop
endfacet
facet normal -0.34020800235920756 -0.9403502087683915 0
outer loop
vertex 52.03632 75.15936 6
vertex 51.918240000000004 75.20208 2.00016
vertex 52.03632 75.15936 2.00016
endloop
endfacet
facet normal -0.39760743763431794 -0.9175556253099165 0
outer loop
vertex 52.15152 75.10944 2.00016
vertex 52.15152 75.10944 6
vertex 52.03632 75.15936 6
endloop
endfacet
facet normal -0.39760743763431794 -0.9175556253099165 0
outer loop
vertex 52.15152 75.10944 2.00016
vertex 52.03632 75.15936 6
vertex 52.03632 75.15936 2.00016
endloop
endfacet
facet normal -1 0 0
outer loop
vertex 53.30016 8.700000000000001 6
vertex 53.30016 73.29984 6
vertex 53.30016 73.29984 2.00016
endloop
endfacet
facet normal -1 0 0
outer loop
vertex 53.30016 8.700000000000001 6
vertex 53.30016 73.29984 2.00016
vertex 53.30016 8.700000000000001 2.00016
endloop
endfacet
facet normal -0.8608503500803732 -0.5088582069363713 0
outer loop
vertex 48.988800000000005 78.37152 6
vertex 48.988800000000005 78.37152 2.00016
vertex 49.052640000000004 78.26352 2.00016
endloop
endfacet
facet normal -0.8608503500803732 -0.5088582069363713 0
outer loop
vertex 48.988800000000005 78.37152 6
vertex 49.052640000000004 78.26352 2.00016
vertex 49.052640000000004 78.26352 6
endloop
endfacet
facet normal -0.7893522173763323 -0.6139406135149127 0
outer loop
vertex 48.918240000000004 78.47568 6
vertex 48.84096 78.57504 6
vertex 48.84096 78.57504 2.00016
endloop
endfacet
facet normal -0.7893522173763323 -0.6139406135149127 0
outer loop
vertex 48.918240000000004 78.47568 6
vertex 48.84096 78.57504 2.00016
vertex 48.918240000000004 78.47568 2.00016
endloop
endfacet
facet normal -0.8279186904883133 -0.5608481451695427 0
outer loop
vertex 48.988800000000005 78.37152 2.00016
vertex 48.988800000000005 78.37152 6
vertex 48.918240000000004 78.47568 6
endloop
endfacet
facet normal -0.8279186904883133 -0.5608481451695427 0
outer loop
vertex 48.988800000000005 78.37152 2.00016
vertex 48.918240000000004 78.47568 6
vertex 48.918240000000004 78.47568 2.00016
endloop
endfacet
facet normal -0.7497262162755436 -0.6617481398758572 0
outer loop
vertex 48.84096 78.57504 2.00016
vertex 48.84096 78.57504 6
vertex 48.75792 78.66912 6
endloop
endfacet
facet normal -0.7497262162755436 -0.6617481398758572 0
outer loop
vertex 48.84096 78.57504 2.00016
vertex 48.75792 78.66912 6
vertex 48.75792 78.66912 2.00016
endloop
endfacet
facet normal -0.03063695259428858 -0.9995305783895435 0
outer loop
vertex 47.30016 79.29984 6
vertex 47.30016 79.29984 2.00016
vertex 47.42544 79.296 2.00016
endloop
endfacet
facet normal -0.03063695259428858 -0.9995305783895435 0
outer loop
vertex 47.30016 79.29984 6
vertex 47.42544 79.296 2.00016
vertex 47.42544 79.296 6
endloop
endfacet
facet normal -0.5608481451695164 -0.8279186904883311 0
outer loop
vertex 48.475680000000004 78.91824 6
vertex 48.371520000000004 78.9888 6
vertex 48.371520000000004 78.9888 2.00016
endloop
endfacet
facet normal -0.5608481451695164 -0.8279186904883311 0
outer loop
vertex 48.475680000000004 78.91824 6
vertex 48.371520000000004 78.9888 2.00016
vertex 48.475680000000004 78.91824 2.00016
endloop
endfacet
facet normal -0.61394061351494 -0.789352217376311 0
outer loop
vertex 48.57504 78.84096 2.00016
vertex 48.57504 78.84096 6
vertex 48.475680000000004 78.91824 6
endloop
endfacet
facet normal -0.61394061351494 -0.789352217376311 0
outer loop
vertex 48.57504 78.84096 2.00016
vertex 48.475680000000004 78.91824 6
vertex 48.475680000000004 78.91824 2.00016
endloop
endfacet
facet normal -0.09534903275495644 -0.9954439019616796 0
outer loop
vertex 47.55072 79.284 6
vertex 47.42544 79.296 6
vertex 47.42544 79.296 2.00016
endloop
endfacet
facet normal -0.09534903275495644 -0.9954439019616796 0
outer loop
vertex 47.55072 79.284 6
vertex 47.42544 79.296 2.00016
vertex 47.55072 79.284 2.00016
endloop
endfacet
facet normal -0.9881939076456802 -0.1532083577745056 0
outer loop
vertex 49.2648 77.67456 6
vertex 49.2648 77.67456 2.00016
vertex 49.284 77.55072 2.00016
endloop
endfacet
facet normal -0.9881939076456802 -0.1532083577745056 0
outer loop
vertex 49.2648 77.67456 6
vertex 49.284 77.55072 2.00016
vertex 49.284 77.55072 6
endloop
endfacet
facet normal -0.9752823267321155 -0.22096240215020965 0
outer loop
vertex 49.23696 77.79744000000001 6
vertex 49.23696 77.79744000000001 2.00016
vertex 49.2648 77.67456 2.00016
endloop
endfacet
facet normal -0.9752823267321155 -0.22096240215020965 0
outer loop
vertex 49.23696 77.79744000000001 6
vertex 49.2648 77.67456 2.00016
vertex 49.2648 77.67456 6
endloop
endfacet
facet normal -0.942000485660986 -0.3356115090613946 0
outer loop
vertex 49.15968 78.03648 6
vertex 49.15968 78.03648 2.00016
vertex 49.20192 77.91792 2.00016
endloop
endfacet
facet normal -0.942000485660986 -0.3356115090613946 0
outer loop
vertex 49.15968 78.03648 6
vertex 49.20192 77.91792 2.00016
vertex 49.20192 77.91792 6
endloop
endfacet
facet normal -0.9602139500114287 -0.27926541175636094 0
outer loop
vertex 49.20192 77.91792 6
vertex 49.20192 77.91792 2.00016
vertex 49.23696 77.79744000000001 2.00016
endloop
endfacet
facet normal -0.9602139500114287 -0.27926541175636094 0
outer loop
vertex 49.20192 77.91792 6
vertex 49.23696 77.79744000000001 2.00016
vertex 49.23696 77.79744000000001 6
endloop
endfacet
facet normal -0.6617481398758535 -0.7497262162755468 0
outer loop
vertex 48.66912 78.75792 6
vertex 48.57504 78.84096 6
vertex 48.57504 78.84096 2.00016
endloop
endfacet
facet normal -0.6617481398758535 -0.7497262162755468 0
outer loop
vertex 48.66912 78.75792 6
vertex 48.57504 78.84096 2.00016
vertex 48.66912 78.75792 2.00016
endloop
endfacet
facet normal -0.45484165924979714 -0.8905723244132906 0
outer loop
vertex 48.26352 79.05264 6
vertex 48.15168 79.10976000000001 6
vertex 48.15168 79.10976000000001 2.00016
endloop
endfacet
facet normal -0.45484165924979714 -0.8905723244132906 0
outer loop
vertex 48.26352 79.05264 6
vertex 48.15168 79.10976000000001 2.00016
vertex 48.26352 79.05264 2.00016
endloop
endfacet
facet normal -0.5088582069363713 -0.8608503500803732 0
outer loop
vertex 48.371520000000004 78.9888 2.00016
vertex 48.371520000000004 78.9888 6
vertex 48.26352 79.05264 6
endloop
endfacet
facet normal -0.5088582069363713 -0.8608503500803732 0
outer loop
vertex 48.371520000000004 78.9888 2.00016
vertex 48.26352 79.05264 6
vertex 48.26352 79.05264 2.00016
endloop
endfacet
facet normal -0.2792654117562783 -0.9602139500114525 0
outer loop
vertex 47.91792 79.20192 6
vertex 47.79744 79.23696 6
vertex 47.79744 79.23696 2.00016
endloop
endfacet
facet normal -0.2792654117562783 -0.9602139500114525 0
outer loop
vertex 47.91792 79.20192 6
vertex 47.79744 79.23696 2.00016
vertex 47.91792 79.20192 2.00016
endloop
endfacet
facet normal -0.1532083577745056 -0.9881939076456802 0
outer loop
vertex 47.67456 79.26480000000001 6
vertex 47.55072 79.284 6
vertex 47.55072 79.284 2.00016
endloop
endfacet
facet normal -0.1532083577745056 -0.9881939076456802 0
outer loop
vertex 47.67456 79.26480000000001 6
vertex 47.55072 79.284 2.00016
vertex 47.67456 79.26480000000001 2.00016
endloop
endfacet
facet normal -0.2209624021503291 -0.9752823267320885 0
outer loop
vertex 47.79744 79.23696 2.00016
vertex 47.79744 79.23696 6
vertex 47.67456 79.26480000000001 6
endloop
endfacet
facet normal -0.2209624021503291 -0.9752823267320885 0
outer loop
vertex 47.79744 79.23696 2.00016
vertex 47.67456 79.26480000000001 6
vertex 47.67456 79.26480000000001 2.00016
endloop
endfacet
facet normal -0.9954439019616792 -0.0953490327549618 0
outer loop
vertex 49.296 77.42544000000001 6
vertex 49.284 77.55072 6
vertex 49.284 77.55072 2.00016
endloop
endfacet
facet normal -0.9954439019616792 -0.0953490327549618 0
outer loop
vertex 49.296 77.42544000000001 6
vertex 49.284 77.55072 2.00016
vertex 49.296 77.42544000000001 2.00016
endloop
endfacet
facet normal -0.8905723244133364 -0.45484165924970743 0
outer loop
vertex 49.10976 78.15168 6
vertex 49.052640000000004 78.26352 6
vertex 49.052640000000004 78.26352 2.00016
endloop
endfacet
facet normal -0.8905723244133364 -0.45484165924970743 0
outer loop
vertex 49.10976 78.15168 6
vertex 49.052640000000004 78.26352 2.00016
vertex 49.10976 78.15168 2.00016
endloop
endfacet
facet normal -0.9175556253099254 -0.39760743763429723 0
outer loop
vertex 49.15968 78.03648 2.00016
vertex 49.15968 78.03648 6
vertex 49.10976 78.15168 6
endloop
endfacet
facet normal -0.9175556253099254 -0.39760743763429723 0
outer loop
vertex 49.15968 78.03648 2.00016
vertex 49.10976 78.15168 6
vertex 49.10976 78.15168 2.00016
endloop
endfacet
facet normal -0.3356115090613444 -0.9420004856610037 0
outer loop
vertex 48.036480000000005 79.15968000000001 6
vertex 47.91792 79.20192 6
vertex 47.91792 79.20192 2.00016
endloop
endfacet
facet normal -0.3356115090613444 -0.9420004856610037 0
outer loop
vertex 48.036480000000005 79.15968000000001 6
vertex 47.91792 79.20192 2.00016
vertex 48.036480000000005 79.15968000000001 2.00016
endloop
endfacet
facet normal -0.39760743763431794 -0.9175556253099165 0
outer loop
vertex 48.15168 79.10976000000001 2.00016
vertex 48.15168 79.10976000000001 6
vertex 48.036480000000005 79.15968000000001 6
endloop
endfacet
facet normal -0.39760743763431794 -0.9175556253099165 0
outer loop
vertex 48.15168 79.10976000000001 2.00016
vertex 48.036480000000005 79.15968000000001 6
vertex 48.036480000000005 79.15968000000001 2.00016
endloop
endfacet
facet normal 0 -0.9999999999999999 0
outer loop
vertex 8.700000000000001 79.29984 6
vertex 8.700000000000001 79.29984 2.00016
vertex 47.30016 79.29984 2.00016
endloop
endfacet
facet normal 0 -0.9999999999999999 0
outer loop
vertex 8.700000000000001 79.29984 6
vertex 47.30016 79.29984 2.00016
vertex 47.30016 79.29984 6
endloop
endfacet
facet normal 0.5116852424836654 -0.8591729817821512 0
outer loop
vertex 3.62832 74.98848 6
vertex 3.62832 74.98848 2.00016
vertex 3.73632 75.0528 2.00016
endloop
endfacet
facet normal 0.5116852424836654 -0.8591729817821512 0
outer loop
vertex 3.62832 74.98848 6
vertex 3.73632 75.0528 2.00016
vertex 3.73632 75.0528 6
endloop
endfacet
facet normal 0.6115562779473545 -0.7912009345944796 0
outer loop
vertex 3.52464 74.91792 6
vertex 3.42528 74.84112 6
vertex 3.42528 74.84112 2.00016
endloop
endfacet
facet normal 0.6115562779473545 -0.7912009345944796 0
outer loop
vertex 3.52464 74.91792 6
vertex 3.42528 74.84112 2.00016
vertex 3.52464 74.91792 2.00016
endloop
endfacet
facet normal 0.5626240433067122 -0.8267128799608767 0
outer loop
vertex 3.62832 74.98848 2.00016
vertex 3.62832 74.98848 6
vertex 3.52464 74.91792 6
endloop
endfacet
facet normal 0.5626240433067122 -0.8267128799608767 0
outer loop
vertex 3.62832 74.98848 2.00016
vertex 3.52464 74.91792 6
vertex 3.52464 74.91792 2.00016
endloop
endfacet
facet normal 0.659853701503184 -0.7513940993996074 0
outer loop
vertex 3.42528 74.84112 2.00016
vertex 3.42528 74.84112 6
vertex 3.33072 74.75808 6
endloop
endfacet
facet normal 0.659853701503184 -0.7513940993996074 0
outer loop
vertex 3.42528 74.84112 2.00016
vertex 3.33072 74.75808 6
vertex 3.33072 74.75808 2.00016
endloop
endfacet
facet normal 0.9995341524233314 -0.030520126791550944 0
outer loop
vertex 2.7 73.29984 6
vertex 2.7 73.29984 2.00016
vertex 2.70384 73.4256 2.00016
endloop
endfacet
facet normal 0.9995341524233314 -0.030520126791550944 0
outer loop
vertex 2.7 73.29984 6
vertex 2.70384 73.4256 2.00016
vertex 2.70384 73.4256 6
endloop
endfacet
facet normal 0.8267128799608716 -0.5626240433067196 0
outer loop
vertex 3.08208 74.47536 6
vertex 3.01152 74.37168 6
vertex 3.01152 74.37168 2.00016
endloop
endfacet
facet normal 0.8267128799608716 -0.5626240433067196 0
outer loop
vertex 3.08208 74.47536 6
vertex 3.01152 74.37168 2.00016
vertex 3.08208 74.47536 2.00016
endloop
endfacet
facet normal 0.7912009345944591 -0.6115562779473811 0
outer loop
vertex 3.15888 74.57472 2.00016
vertex 3.15888 74.57472 6
vertex 3.08208 74.47536 6
endloop
endfacet
facet normal 0.7912009345944591 -0.6115562779473811 0
outer loop
vertex 3.15888 74.57472 2.00016
vertex 3.08208 74.47536 6
vertex 3.08208 74.47536 2.00016
endloop
endfacet
facet normal 0.9954439019616806 -0.09534903275494759 0
outer loop
vertex 2.71584 73.55088 6
vertex 2.70384 73.4256 6
vertex 2.70384 73.4256 2.00016
endloop
endfacet
facet normal 0.9954439019616806 -0.09534903275494759 0
outer loop
vertex 2.71584 73.55088 6
vertex 2.70384 73.4256 2.00016
vertex 2.71584 73.55088 2.00016
endloop
endfacet
facet normal 0.15694534450091197 -0.9876072897865275 0
outer loop
vertex 4.32528 75.26448 6
vertex 4.32528 75.26448 2.00016
vertex 4.44912 75.28416 2.00016
endloop
endfacet
facet normal 0.15694534450091197 -0.9876072897865275 0
outer loop
vertex 4.32528 75.26448 6
vertex 4.44912 75.28416 2.00016
vertex 4.44912 75.28416 6
endloop
endfacet
facet normal 0.21733415596560465 -0.9760972618805556 0
outer loop
vertex 4.2024 75.23712 6
vertex 4.2024 75.23712 2.00016
vertex 4.32528 75.26448 2.00016
endloop
endfacet
facet normal 0.21733415596560465 -0.9760972618805556 0
outer loop
vertex 4.2024 75.23712 6
vertex 4.32528 75.26448 2.00016
vertex 4.32528 75.26448 6
endloop
endfacet
facet normal 0.3402080023592053 -0.9403502087683923 0
outer loop
vertex 3.9638400000000003 75.15936 6
vertex 3.9638400000000003 75.15936 2.00016
vertex 4.08192 75.20208 2.00016
endloop
endfacet
facet normal 0.3402080023592053 -0.9403502087683923 0
outer loop
vertex 3.9638400000000003 75.15936 6
vertex 4.08192 75.20208 2.00016
vertex 4.08192 75.20208 6
endloop
endfacet
facet normal 0.27926541175638464 -0.9602139500114217 0
outer loop
vertex 4.08192 75.20208 6
vertex 4.08192 75.20208 2.00016
vertex 4.2024 75.23712 2.00016
endloop
endfacet
facet normal 0.27926541175638464 -0.9602139500114217 0
outer loop
vertex 4.08192 75.20208 6
vertex 4.2024 75.23712 2.00016
vertex 4.2024 75.23712 6
endloop
endfacet
facet normal 0.7071067811864883 -0.7071067811866067 -1.52473399567011e-15
outer loop
vertex 7.27872 78.7056 4.4001600000000005
vertex 7.24752 78.6744 6
vertex 7.24224 78.66912 6
endloop
endfacet
facet normal 0.7071067811865218 -0.7071067811865733 0
outer loop
vertex 7.27872 78.7056 4.4001600000000005
vertex 7.24224 78.66912 6
vertex 7.24224 78.66912 2.00016
endloop
endfacet
facet normal 0.7071067811865158 -0.7071067811865793 1.8274048791178423e-16
outer loop
vertex 7.27872 78.7056 4.4001600000000005
vertex 7.24224 78.66912 2.00016
vertex 7.33104 78.75792 2.00016
endloop
endfacet
facet normal 0.7071067811865116 -0.7071067811865835 0
outer loop
vertex 7.27872 78.7056 4.4001600000000005
vertex 7.33104 78.75792 2.00016
vertex 7.33104 78.75792 6
endloop
endfacet
facet normal 0.7071067811865174 -0.7071067811865777 -3.878599477217555e-16
outer loop
vertex 7.27872 78.7056 4.4001600000000005
vertex 7.33104 78.75792 6
vertex 7.24752 78.6744 6
endloop
endfacet
facet normal 0.7071067811865722 -0.7071067811865228 0
outer loop
vertex 3.24192 74.66928 6
vertex 3.24192 74.66928 2.00016
vertex 3.33072 74.75808 2.00016
endloop
endfacet
facet normal 0.7071067811865722 -0.7071067811865228 0
outer loop
vertex 3.24192 74.66928 6
vertex 3.33072 74.75808 2.00016
vertex 3.33072 74.75808 6
endloop
endfacet
facet normal 0.7513940993995998 -0.6598537015031927 0
outer loop
vertex 3.24192 74.66928 6
vertex 3.15888 74.57472 6
vertex 3.15888 74.57472 2.00016
endloop
endfacet
facet normal 0.7513940993995998 -0.6598537015031927 0
outer loop
vertex 3.24192 74.66928 6
vertex 3.15888 74.57472 2.00016
vertex 3.24192 74.66928 2.00016
endloop
endfacet
facet normal 0.8928956643658026 -0.450263625620316 0
outer loop
vertex 2.9472 74.26368000000001 6
vertex 2.8905600000000002 74.15136 6
vertex 2.8905600000000002 74.15136 2.00016
endloop
endfacet
facet normal 0.8928956643658026 -0.450263625620316 0
outer loop
vertex 2.9472 74.26368000000001 6
vertex 2.8905600000000002 74.15136 2.00016
vertex 2.9472 74.26368000000001 2.00016
endloop
endfacet
facet normal 0.8591729817821625 -0.5116852424836464 0
outer loop
vertex 3.01152 74.37168 2.00016
vertex 3.01152 74.37168 6
vertex 2.9472 74.26368000000001 6
endloop
endfacet
facet normal 0.8591729817821625 -0.5116852424836464 0
outer loop
vertex 3.01152 74.37168 2.00016
vertex 2.9472 74.26368000000001 6
vertex 2.9472 74.26368000000001 2.00016
endloop
endfacet
facet normal 0.9602139500114422 -0.2792654117563142 0
outer loop
vertex 2.79792 73.91808 6
vertex 2.76288 73.7976 6
vertex 2.76288 73.7976 2.00016
endloop
endfacet
facet normal 0.9602139500114422 -0.2792654117563142 0
outer loop
vertex 2.79792 73.91808 6
vertex 2.76288 73.7976 2.00016
vertex 2.79792 73.91808 2.00016
endloop
endfacet
facet normal 0.9876072897865201 -0.15694534450095812 0
outer loop
vertex 2.73552 73.67472000000001 6
vertex 2.71584 73.55088 6
vertex 2.71584 73.55088 2.00016
endloop
endfacet
facet normal 0.9876072897865201 -0.15694534450095812 0
outer loop
vertex 2.73552 73.67472000000001 6
vertex 2.71584 73.55088 2.00016
vertex 2.73552 73.67472000000001 2.00016
endloop
endfacet
facet normal 0.9760972618805568 -0.21733415596560024 0
outer loop
vertex 2.76288 73.7976 2.00016
vertex 2.76288 73.7976 6
vertex 2.73552 73.67472000000001 6
endloop
endfacet
facet normal 0.9760972618805568 -0.21733415596560024 0
outer loop
vertex 2.76288 73.7976 2.00016
vertex 2.73552 73.67472000000001 6
vertex 2.73552 73.67472000000001 2.00016
endloop
endfacet
facet normal 0.09534903275495375 -0.9954439019616799 0
outer loop
vertex 4.5744 75.29616 6
vertex 4.44912 75.28416 6
vertex 4.44912 75.28416 2.00016
endloop
endfacet
facet normal 0.09534903275495375 -0.9954439019616799 0
outer loop
vertex 4.5744 75.29616 6
vertex 4.44912 75.28416 2.00016
vertex 4.5744 75.29616 2.00016
endloop
endfacet
facet normal 0.45026362562036276 -0.892895664365779 0
outer loop
vertex 3.84864 75.10944 6
vertex 3.73632 75.0528 6
vertex 3.73632 75.0528 2.00016
endloop
endfacet
facet normal 0.45026362562036276 -0.892895664365779 0
outer loop
vertex 3.84864 75.10944 6
vertex 3.73632 75.0528 2.00016
vertex 3.84864 75.10944 2.00016
endloop
endfacet
facet normal 0.3976074376343012 -0.9175556253099239 0
outer loop
vertex 3.9638400000000003 75.15936 2.00016
vertex 3.9638400000000003 75.15936 6
vertex 3.84864 75.10944 6
endloop
endfacet
facet normal 0.3976074376343012 -0.9175556253099239 0
outer loop
vertex 3.9638400000000003 75.15936 2.00016
vertex 3.84864 75.10944 6
vertex 3.84864 75.10944 2.00016
endloop
endfacet
facet normal 0.9403502087683555 -0.340208002359307 0
outer loop
vertex 2.84064 74.03616 6
vertex 2.79792 73.91808 6
vertex 2.79792 73.91808 2.00016
endloop
endfacet
facet normal 0.9403502087683555 -0.340208002359307 0
outer loop
vertex 2.84064 74.03616 6
vertex 2.79792 73.91808 2.00016
vertex 2.84064 74.03616 2.00016
endloop
endfacet
facet normal 0.9175556253099254 -0.39760743763429723 0
outer loop
vertex 2.8905600000000002 74.15136 2.00016
vertex 2.8905600000000002 74.15136 6
vertex 2.84064 74.03616 6
endloop
endfacet
facet normal 0.9175556253099254 -0.39760743763429723 0
outer loop
vertex 2.8905600000000002 74.15136 2.00016
vertex 2.84064 74.03616 6
vertex 2.84064 74.03616 2.00016
endloop
endfacet
facet normal 0.50718677103036 -0.8618361673147613 0
outer loop
vertex 7.62816 78.9888 6
vertex 7.62816 78.9888 2.00016
vertex 7.73664 79.05264 2.00016
endloop
endfacet
facet normal 0.50718677103036 -0.8618361673147613 0
outer loop
vertex 7.62816 78.9888 6
vertex 7.73664 79.05264 2.00016
vertex 7.73664 79.05264 6
endloop
endfacet
facet normal 0.6139406135149298 -0.7893522173763191 0
outer loop
vertex 7.5244800000000005 78.91824 6
vertex 7.425120000000001 78.84096 6
vertex 7.425120000000001 78.84096 2.00016
endloop
endfacet
facet normal 0.6139406135149298 -0.7893522173763191 0
outer loop
vertex 7.5244800000000005 78.91824 6
vertex 7.425120000000001 78.84096 2.00016
vertex 7.5244800000000005 78.91824 2.00016
endloop
endfacet
facet normal 0.5626240433067122 -0.8267128799608767 0
outer loop
vertex 7.62816 78.9888 2.00016
vertex 7.62816 78.9888 6
vertex 7.5244800000000005 78.91824 6
endloop
endfacet
facet normal 0.5626240433067122 -0.8267128799608767 0
outer loop
vertex 7.62816 78.9888 2.00016
vertex 7.5244800000000005 78.91824 6
vertex 7.5244800000000005 78.91824 2.00016
endloop
endfacet
facet normal 0.6617481398758429 -0.7497262162755561 0
outer loop
vertex 7.425120000000001 78.84096 2.00016
vertex 7.425120000000001 78.84096 6
vertex 7.33104 78.75792 6
endloop
endfacet
facet normal 0.6617481398758429 -0.7497262162755561 0
outer loop
vertex 7.425120000000001 78.84096 2.00016
vertex 7.33104 78.75792 6
vertex 7.33104 78.75792 2.00016
endloop
endfacet
facet normal 0.8279186904883133 -0.5608481451695427 0
outer loop
vertex 7.08192 78.47568 6
vertex 7.01136 78.37152 6
vertex 7.01136 78.37152 2.00016
endloop
endfacet
facet normal 0.8279186904883133 -0.5608481451695427 0
outer loop
vertex 7.08192 78.47568 6
vertex 7.01136 78.37152 2.00016
vertex 7.08192 78.47568 2.00016
endloop
endfacet
facet normal 0.7898044278422902 -0.6133587577924625 0
outer loop
vertex 7.12416 78.52992 4.4001600000000005
vertex 7.1592 78.57504 2.00016
vertex 7.1592 78.57504 6
endloop
endfacet
facet normal 0.7893522171030299 -0.6139406133023657 0.000026314372006268413
outer loop
vertex 7.12416 78.52992 4.4001600000000005
vertex 7.1592 78.57504 6
vertex 7.1390400000000005 78.54912 6
endloop
endfacet
facet normal 0.7893522171030534 -0.6139406133023355 0.000026314372005688904
outer loop
vertex 7.12416 78.52992 4.4001600000000005
vertex 7.1390400000000005 78.54912 6
vertex 7.08192 78.47568 6
endloop
endfacet
facet normal 0.7889761107100536 -0.6144238738272114 0
outer loop
vertex 7.12416 78.52992 4.4001600000000005
vertex 7.08192 78.47568 6
vertex 7.08192 78.47568 2.00016
endloop
endfacet
facet normal 0.7893522172549003 -0.6139406134204514 -0.00001754116038208242
outer loop
vertex 7.12416 78.52992 4.4001600000000005
vertex 7.08192 78.47568 2.00016
vertex 7.1592 78.57504 2.00016
endloop
endfacet
facet normal 0.9957946753884122 -0.0916131101357371 0.000050193070947119936
outer loop
vertex 6.70896 77.4768 4.4001600000000005
vertex 6.71568 77.55072 6
vertex 6.70464 77.43072000000001 6
endloop
endfacet
facet normal 0.9958932031609942 -0.09053574574201514 0.00008149032019720177
outer loop
vertex 6.70896 77.4768 4.4001600000000005
vertex 6.70464 77.43072000000001 6
vertex 6.70416 77.42544000000001 6
endloop
endfacet
facet normal 0.9956612082761586 -0.09305244937163175 0
outer loop
vertex 6.70896 77.4768 4.4001600000000005
vertex 6.70416 77.42544000000001 6
vertex 6.70416 77.42544000000001 2.00016
endloop
endfacet
facet normal 0.9957988518590384 -0.09156771051578119 -0.00003204869868095481
outer loop
vertex 6.70896 77.4768 4.4001600000000005
vertex 6.70416 77.42544000000001 2.00016
vertex 6.71568 77.55072 2.00016
endloop
endfacet
facet normal 0.9958932064677044 -0.09053574604251205 0
outer loop
vertex 6.70896 77.4768 4.4001600000000005
vertex 6.71568 77.55072 2.00016
vertex 6.71568 77.55072 6
endloop
endfacet
facet normal 0.15263062633015767 -0.9882833054878867 0
outer loop
vertex 8.32512 79.26480000000001 6
vertex 8.32512 79.26480000000001 2.00016
vertex 8.449440000000001 79.284 2.00016
endloop
endfacet
facet normal 0.15263062633015767 -0.9882833054878867 0
outer loop
vertex 8.32512 79.26480000000001 6
vertex 8.449440000000001 79.284 2.00016
vertex 8.449440000000001 79.284 6
endloop
endfacet
facet normal 0.22178637715860514 -0.9750952788865614 0
outer loop
vertex 8.20272 79.23696 6
vertex 8.20272 79.23696 2.00016
vertex 8.32512 79.26480000000001 2.00016
endloop
endfacet
facet normal 0.22178637715860514 -0.9750952788865614 0
outer loop
vertex 8.20272 79.23696 6
vertex 8.32512 79.26480000000001 2.00016
vertex 8.32512 79.26480000000001 6
endloop
endfacet
facet normal 0.336821286386048 -0.941568596033899 0
outer loop
vertex 7.96368 79.15968000000001 6
vertex 7.96368 79.15968000000001 2.00016
vertex 8.081760000000001 79.20192 2.00016
endloop
endfacet
facet normal 0.336821286386048 -0.941568596033899 0
outer loop
vertex 7.96368 79.15968000000001 6
vertex 8.081760000000001 79.20192 2.00016
vertex 8.081760000000001 79.20192 6
endloop
endfacet
facet normal 0.2782431690270313 -0.9605106656824768 0
outer loop
vertex 8.081760000000001 79.20192 6
vertex 8.081760000000001 79.20192 2.00016
vertex 8.20272 79.23696 2.00016
endloop
endfacet
facet normal 0.2782431690270313 -0.9605106656824768 0
outer loop
vertex 8.081760000000001 79.20192 6
vertex 8.20272 79.23696 2.00016
vertex 8.20272 79.23696 6
endloop
endfacet
facet normal 0.749726216275561 -0.6617481398758372 0
outer loop
vertex 7.24224 78.66912 6
vertex 7.1592 78.57504 6
vertex 7.1592 78.57504 2.00016
endloop
endfacet
facet normal 0.749726216275561 -0.6617481398758372 0
outer loop
vertex 7.24224 78.66912 6
vertex 7.1592 78.57504 2.00016
vertex 7.24224 78.66912 2.00016
endloop
endfacet
facet normal 0.8905723244133308 -0.45484165924971864 0
outer loop
vertex 6.94752 78.26352 6
vertex 6.8904000000000005 78.15168 6
vertex 6.8904000000000005 78.15168 2.00016
endloop
endfacet
facet normal 0.8905723244133308 -0.45484165924971864 0
outer loop
vertex 6.94752 78.26352 6
vertex 6.8904000000000005 78.15168 2.00016
vertex 6.94752 78.26352 2.00016
endloop
endfacet
facet normal 0.8608503500803701 -0.5088582069363765 0
outer loop
vertex 7.01136 78.37152 2.00016
vertex 7.01136 78.37152 6
vertex 6.94752 78.26352 6
endloop
endfacet
facet normal 0.8608503500803701 -0.5088582069363765 0
outer loop
vertex 7.01136 78.37152 2.00016
vertex 6.94752 78.26352 6
vertex 6.94752 78.26352 2.00016
endloop
endfacet
facet normal 0.9602139500114323 -0.2792654117563478 0
outer loop
vertex 6.79776 77.91792 6
vertex 6.76272 77.79744000000001 6
vertex 6.76272 77.79744000000001 2.00016
endloop
endfacet
facet normal 0.9602139500114323 -0.2792654117563478 0
outer loop
vertex 6.79776 77.91792 6
vertex 6.76272 77.79744000000001 2.00016
vertex 6.79776 77.91792 2.00016
endloop
endfacet
facet normal 0.9876072897865201 -0.15694534450095812 0
outer loop
vertex 6.73536 77.67456 6
vertex 6.71568 77.55072 6
vertex 6.71568 77.55072 2.00016
endloop
endfacet
facet normal 0.9876072897865201 -0.15694534450095812 0
outer loop
vertex 6.73536 77.67456 6
vertex 6.71568 77.55072 2.00016
vertex 6.73536 77.67456 2.00016
endloop
endfacet
facet normal 0.9760972618805621 -0.21733415596557626 0
outer loop
vertex 6.76272 77.79744000000001 2.00016
vertex 6.76272 77.79744000000001 6
vertex 6.73536 77.67456 6
endloop
endfacet
facet normal 0.9760972618805621 -0.21733415596557626 0
outer loop
vertex 6.76272 77.79744000000001 2.00016
vertex 6.73536 77.67456 6
vertex 6.73536 77.67456 2.00016
endloop
endfacet
facet normal 0.0957124066442624 -0.9954090291002806 0
outer loop
vertex 8.57424 79.296 6
vertex 8.449440000000001 79.284 6
vertex 8.449440000000001 79.284 2.00016
endloop
endfacet
facet normal 0.0957124066442624 -0.9954090291002806 0
outer loop
vertex 8.57424 79.296 6
vertex 8.449440000000001 79.284 2.00016
vertex 8.57424 79.296 2.00016
endloop
endfacet
facet normal 0.030520126791525826 -0.9995341524233321 0
outer loop
vertex 8.700000000000001 79.29984 2.00016
vertex 8.700000000000001 79.29984 6
vertex 8.57424 79.296 6
endloop
endfacet
facet normal 0.030520126791525826 -0.9995341524233321 0
outer loop
vertex 8.700000000000001 79.29984 2.00016
vertex 8.57424 79.296 6
vertex 8.57424 79.296 2.00016
endloop
endfacet
facet normal 0.4548416592498001 -0.8905723244132893 0
outer loop
vertex 7.84848 79.10976000000001 6
vertex 7.73664 79.05264 6
vertex 7.73664 79.05264 2.00016
endloop
endfacet
facet normal 0.4548416592498001 -0.8905723244132893 0
outer loop
vertex 7.84848 79.10976000000001 6
vertex 7.73664 79.05264 2.00016
vertex 7.84848 79.10976000000001 2.00016
endloop
endfacet
facet normal 0.39760743763430245 -0.9175556253099233 0
outer loop
vertex 7.96368 79.15968000000001 2.00016
vertex 7.96368 79.15968000000001 6
vertex 7.84848 79.10976000000001 6
endloop
endfacet
facet normal 0.39760743763430245 -0.9175556253099233 0
outer loop
vertex 7.96368 79.15968000000001 2.00016
vertex 7.84848 79.10976000000001 6
vertex 7.84848 79.10976000000001 2.00016
endloop
endfacet
facet normal 0.9407902632651565 -0.3389892041724597 0
outer loop
vertex 6.84048 78.03648 6
vertex 6.79776 77.91792 6
vertex 6.79776 77.91792 2.00016
endloop
endfacet
facet normal 0.9407902632651565 -0.3389892041724597 0
outer loop
vertex 6.84048 78.03648 6
vertex 6.79776 77.91792 2.00016
vertex 6.84048 78.03648 2.00016
endloop
endfacet
facet normal 0.9175556253099254 -0.39760743763429723 0
outer loop
vertex 6.8904000000000005 78.15168 2.00016
vertex 6.8904000000000005 78.15168 6
vertex 6.84048 78.03648 6
endloop
endfacet
facet normal 0.9175556253099254 -0.39760743763429723 0
outer loop
vertex 6.8904000000000005 78.15168 2.00016
vertex 6.84048 78.03648 6
vertex 6.84048 78.03648 2.00016
endloop
endfacet
facet normal 0 0 1
outer loop
vertex 27.99984 80.21616 6
vertex 7.2 80.79984 6
vertex 7.0742400000000005 80.796 6
endloop
endfacet
facet normal 0 0 1
outer loop
vertex 27.99984 80.21616 6
vertex 7.0742400000000005 80.796 6
vertex 6.94944 80.784 6
endloop
endfacet
facet normal 0 0 1
outer loop
vertex 27.99984 80.21616 6
vertex 6.94944 80.784 6
vertex 6.82512 80.76480000000001 6
endloop
endfacet
facet normal 0 0 1
outer loop
vertex 27.99984 80.21616 6
vertex 6.82512 80.76480000000001 6
vertex 6.70272 80.73696 6
endloop
endfacet
facet normal 0 0 1
outer loop
vertex 27.99984 80.21616 6
vertex 6.70272 80.73696 6
vertex 6.58176 80.70192 6
endloop
endfacet
facet normal 0 0 1
outer loop
vertex 27.99984 80.21616 6
vertex 6.58176 80.70192 6
vertex 6.46368 80.65968000000001 6
endloop
endfacet
facet normal 0 0 1
outer loop
vertex 27.99984 80.21616 6
vertex 6.46368 80.65968000000001 6
vertex 6.34848 80.60976000000001 6
endloop
endfacet
facet normal 0 0 1
outer loop
vertex 27.99984 80.21616 6
vertex 6.34848 80.60976000000001 6
vertex 6.23664 80.55264 6
endloop
endfacet
facet normal 0 0 0.9999999999999999
outer loop
vertex 27.99984 80.21616 6
vertex 6.23664 80.55264 6
vertex 6.12816 80.4888 6
endloop
endfacet
facet normal 0 0 1
outer loop
vertex 27.99984 80.21616 6
vertex 6.12816 80.4888 6
vertex 6.0244800000000005 80.41824 6
endloop
endfacet
facet normal 0 0 1
outer loop
vertex 27.99984 80.21616 6
vertex 6.0244800000000005 80.41824 6
vertex 5.92512 80.34096 6
endloop
endfacet
facet normal 0 0 1
outer loop
vertex 27.99984 80.21616 6
vertex 5.92512 80.34096 6
vertex 5.83104 80.25792 6
endloop
endfacet
facet normal 0 0 1
outer loop
vertex 27.99984 80.21616 6
vertex 5.83104 80.25792 6
vertex 5.74224 80.16912 6
endloop
endfacet
facet normal 0 0 1
outer loop
vertex 27.99984 80.21616 6
vertex 5.74224 80.16912 6
vertex 5.6592 80.07504 6
endloop
endfacet
facet normal 0 0 1
outer loop
vertex 27.99984 80.21616 6
vertex 5.6592 80.07504 6
vertex 5.58192 79.97568 6
endloop
endfacet
facet normal 0 0 1
outer loop
vertex 27.99984 80.21616 6
vertex 5.58192 79.97568 6
vertex 5.51136 79.87152 6
endloop
endfacet
facet normal 0 0 1
outer loop
vertex 27.99984 80.21616 6
vertex 5.51136 79.87152 6
vertex 5.44752 79.76352 6
endloop
endfacet
facet normal 0 0 1
outer loop
vertex 27.99984 80.21616 6
vertex 5.44752 79.76352 6
vertex 5.3904000000000005 79.65168 6
endloop
endfacet
facet normal 0 0 1
outer loop
vertex 27.99984 80.21616 6
vertex 5.3904000000000005 79.65168 6
vertex 5.34048 79.53648 6
endloop
endfacet
facet normal 0 0 1
outer loop
vertex 27.99984 80.21616 6
vertex 5.34048 79.53648 6
vertex 5.29776 79.41792 6
endloop
endfacet
facet normal 0 0 0.9999999999999999
outer loop
vertex 27.99984 80.21616 6
vertex 5.29776 79.41792 6
vertex 5.26368 79.29984 6
endloop
endfacet
facet normal 0 0 1
outer loop
vertex 27.99984 80.21616 6
vertex 5.26368 79.29984 6
vertex 8.700000000000001 79.29984 6
endloop
endfacet
facet normal 0 0 1
outer loop
vertex 27.99984 80.21616 6
vertex 8.700000000000001 79.29984 6
vertex 47.30016 79.29984 6
endloop
endfacet
facet normal 0 0 1
outer loop
vertex 27.99984 80.21616 6
vertex 47.30016 79.29984 6
vertex 50.73648 79.29984 6
endloop
endfacet
facet normal 0 0 1
outer loop
vertex 27.99984 80.21616 6
vertex 50.73648 79.29984 6
vertex 50.70192 79.41792 6
endloop
endfacet
facet normal 0 0 1
outer loop
vertex 27.99984 80.21616 6
vertex 50.70192 79.41792 6
vertex 50.65968 79.53648 6
endloop
endfacet
facet normal 0 0 1
outer loop
vertex 27.99984 80.21616 6
vertex 50.65968 79.53648 6
vertex 50.60976 79.65168 6
endloop
endfacet
facet normal 0 0 1
outer loop
vertex 27.99984 80.21616 6
vertex 50.60976 79.65168 6
vertex 50.552640000000004 79.76352 6
endloop
endfacet
facet normal 0 0 1
outer loop
vertex 27.99984 80.21616 6
vertex 50.552640000000004 79.76352 6
vertex 50.488800000000005 79.87152 6
endloop
endfacet
facet normal 0 0 1
outer loop
vertex 27.99984 80.21616 6
vertex 50.488800000000005 79.87152 6
vertex 50.418240000000004 79.97568 6
endloop
endfacet
facet normal 0 0 1
outer loop
vertex 27.99984 80.21616 6
vertex 50.418240000000004 79.97568 6
vertex 50.34096 80.07504 6
endloop
endfacet
facet normal 0 0 1
outer loop
vertex 27.99984 80.21616 6
vertex 50.34096 80.07504 6
vertex 50.25792 80.16912 6
endloop
endfacet
facet normal 0 0 1
outer loop
vertex 27.99984 80.21616 6
vertex 50.25792 80.16912 6
vertex 50.16912 80.25792 6
endloop
endfacet
facet normal 0 0 0.9999999999999999
outer loop
vertex 27.99984 80.21616 6
vertex 50.16912 80.25792 6
vertex 50.07504 80.34096 6
endloop
endfacet
facet normal 0 0 0.9999999999999999
outer loop
vertex 27.99984 80.21616 6
vertex 50.07504 80.34096 6
vertex 49.975680000000004 80.41824 6
endloop
endfacet
facet normal 0 0 1
outer loop
vertex 27.99984 80.21616 6
vertex 49.975680000000004 80.41824 6
vertex 49.871520000000004 80.4888 6
endloop
endfacet
facet normal 0 0 1
outer loop
vertex 27.99984 80.21616 6
vertex 49.871520000000004 80.4888 6
vertex 49.76352 80.55264 6
endloop
endfacet
facet normal 0 0 1
outer loop
vertex 27.99984 80.21616 6
vertex 49.76352 80.55264 6
vertex 49.65168 80.60976000000001 6
endloop
endfacet
facet normal 0 0 1
outer loop
vertex 27.99984 80.21616 6
vertex 49.65168 80.60976000000001 6
vertex 49.536480000000005 80.65968000000001 6
endloop
endfacet
facet normal 0 0 1
outer loop
vertex 27.99984 80.21616 6
vertex 49.536480000000005 80.65968000000001 6
vertex 49.41792 80.70192 6
endloop
endfacet
facet normal 0 0 1
outer loop
vertex 27.99984 80.21616 6
vertex 49.41792 80.70192 6
vertex 49.29744 80.73696 6
endloop
endfacet
facet normal 0 0 1
outer loop
vertex 27.99984 80.21616 6
vertex 49.29744 80.73696 6
vertex 49.17456 80.76480000000001 6
endloop
endfacet
facet normal 0 0 1
outer loop
vertex 27.99984 80.21616 6
vertex 49.17456 80.76480000000001 6
vertex 49.05072 80.784 6
endloop
endfacet
facet normal 0 0 1
outer loop
vertex 27.99984 80.21616 6
vertex 49.05072 80.784 6
vertex 48.92544 80.796 6
endloop
endfacet
facet normal 0 0 0.9999999999999999
outer loop
vertex 27.99984 80.21616 6
vertex 48.92544 80.796 6
vertex 48.80016 80.79984 6
endloop
endfacet
facet normal 0 0 1
outer loop
vertex 27.99984 80.21616 6
vertex 48.80016 80.79984 6
vertex 7.2 80.79984 6
endloop
endfacet
facet normal 0 0 1
outer loop
vertex 49.3872 79.29792 6
vertex 47.30016 79.29984 6
vertex 47.42544 79.296 6
endloop
endfacet
facet normal 0 0 1
outer loop
vertex 49.3872 79.29792 6
vertex 47.42544 79.296 6
vertex 50.73744 79.296 6
endloop
endfacet
facet normal 0 0 0.9999999999999999
outer loop
vertex 49.3872 79.29792 6
vertex 50.73744 79.296 6
vertex 50.73696 79.29744000000001 6
endloop
endfacet
facet normal 0 0 1
outer loop
vertex 49.3872 79.29792 6
vertex 50.73696 79.29744000000001 6
vertex 50.73648 79.29984 6
endloop
endfacet
facet normal 0 0 0.9999999999999999
outer loop
vertex 49.3872 79.29792 6
vertex 50.73648 79.29984 6
vertex 47.30016 79.29984 6
endloop
endfacet
facet normal 0 0 0.9999999999999999
outer loop
vertex 6.612480000000001 79.29792 6
vertex 5.26368 79.29984 6
vertex 5.26272 79.29744000000001 6
endloop
endfacet
facet normal 0 0 1
outer loop
vertex 6.612480000000001 79.29792 6
vertex 5.26272 79.29744000000001 6
vertex 5.26272 79.296 6
endloop
endfacet
facet normal 0 0 1
outer loop
vertex 6.612480000000001 79.29792 6
vertex 5.26272 79.296 6
vertex 8.57424 79.296 6
endloop
endfacet
facet normal 0 0 0.9999999999999999
outer loop
vertex 6.612480000000001 79.29792 6
vertex 8.57424 79.296 6
vertex 8.700000000000001 79.29984 6
endloop
endfacet
facet normal 0 0 1
outer loop
vertex 6.612480000000001 79.29792 6
vertex 8.700000000000001 79.29984 6
vertex 5.26368 79.29984 6
endloop
endfacet
facet normal 0 0 1
outer loop
vertex 47.42544 79.296 6
vertex 47.55072 79.284 6
vertex 50.740320000000004 79.284 6
endloop
endfacet
facet normal 0 0 1
outer loop
vertex 47.42544 79.296 6
vertex 50.740320000000004 79.284 6
vertex 50.73744 79.296 6
endloop
endfacet
facet normal 0 0 1
outer loop
vertex 5.26272 79.296 6
vertex 5.2598400000000005 79.284 6
vertex 8.449440000000001 79.284 6
endloop
endfacet
facet normal 0 0 1
outer loop
vertex 5.26272 79.296 6
vertex 8.449440000000001 79.284 6
vertex 8.57424 79.296 6
endloop
endfacet
facet normal 0 0 0.9999999999999999
outer loop
vertex 47.55072 79.284 6
vertex 47.67456 79.26480000000001 6
vertex 50.744640000000004 79.26480000000001 6
endloop
endfacet
facet normal 0 0 1
outer loop
vertex 47.55072 79.284 6
vertex 50.744640000000004 79.26480000000001 6
vertex 50.740320000000004 79.284 6
endloop
endfacet
facet normal 0 0 1
outer loop
vertex 5.2598400000000005 79.284 6
vertex 5.25552 79.26480000000001 6
vertex 8.32512 79.26480000000001 6
endloop
endfacet
facet normal 0 0 1
outer loop
vertex 5.2598400000000005 79.284 6
vertex 8.32512 79.26480000000001 6
vertex 8.449440000000001 79.284 6
endloop
endfacet
facet normal 0 0 1
outer loop
vertex 47.67456 79.26480000000001 6
vertex 47.79744 79.23696 6
vertex 50.7504 79.23696 6
endloop
endfacet
facet normal 0 0 1
outer loop
vertex 47.67456 79.26480000000001 6
vertex 50.7504 79.23696 6
vertex 50.744640000000004 79.26480000000001 6
endloop
endfacet
facet normal 0 0 1
outer loop
vertex 5.25552 79.26480000000001 6
vertex 5.24928 79.23696 6
vertex 8.20272 79.23696 6
endloop
endfacet
facet normal 0 0 1
outer loop
vertex 5.25552 79.26480000000001 6
vertex 8.20272 79.23696 6
vertex 8.32512 79.26480000000001 6
endloop
endfacet
facet normal 0 0 0.9999999999999999
outer loop
vertex 47.79744 79.23696 6
vertex 47.91792 79.20192 6
vertex 50.75856 79.20192 6
endloop
endfacet
facet normal 0 0 1
outer loop
vertex 47.79744 79.23696 6
vertex 50.75856 79.20192 6
vertex 50.7504 79.23696 6
endloop
endfacet
facet normal 0 0 1
outer loop
vertex 5.24928 79.23696 6
vertex 5.2416 79.20192 6
vertex 8.081760000000001 79.20192 6
endloop
endfacet
facet normal 0 0 1
outer loop
vertex 5.24928 79.23696 6
vertex 8.081760000000001 79.20192 6
vertex 8.20272 79.23696 6
endloop
endfacet
facet normal 0 0 0.9999999999999999
outer loop
vertex 49.6488 79.17936 6
vertex 47.91792 79.20192 6
vertex 48.036480000000005 79.15968000000001 6
endloop
endfacet
facet normal 0 0 1
outer loop
vertex 49.6488 79.17936 6
vertex 48.036480000000005 79.15968000000001 6
vertex 50.7672 79.15968000000001 6
endloop
endfacet
facet normal 0 0 1
outer loop
vertex 49.6488 79.17936 6
vertex 50.7672 79.15968000000001 6
vertex 50.7648 79.17456 6
endloop
endfacet
facet normal 0 0 1
outer loop
vertex 49.6488 79.17936 6
vertex 50.7648 79.17456 6
vertex 50.75856 79.20192 6
endloop
endfacet
facet normal 0 0 1
outer loop
vertex 49.6488 79.17936 6
vertex 50.75856 79.20192 6
vertex 47.91792 79.20192 6
endloop
endfacet
facet normal 0 0 0.9999999999999999
outer loop
vertex 6.35088 79.17936 6
vertex 5.2416 79.20192 6
vertex 5.23536 79.17456 6
endloop
endfacet
facet normal 0 0 1
outer loop
vertex 6.35088 79.17936 6
vertex 5.23536 79.17456 6
vertex 5.23296 79.15968000000001 6
endloop
endfacet
facet normal 0 0 0.9999999999999999
outer loop
vertex 6.35088 79.17936 6
vertex 5.23296 79.15968000000001 6
vertex 7.96368 79.15968000000001 6
endloop
endfacet
facet normal 0 0 1
outer loop
vertex 6.35088 79.17936 6
vertex 7.96368 79.15968000000001 6
vertex 8.081760000000001 79.20192 6
endloop
endfacet
facet normal 0 0 1
outer loop
vertex 6.35088 79.17936 6
vertex 8.081760000000001 79.20192 6
vertex 5.2416 79.20192 6
endloop
endfacet
facet normal 0 0 1
outer loop
vertex 48.036480000000005 79.15968000000001 6
vertex 48.15168 79.10976000000001 6
vertex 50.77488 79.10976000000001 6
endloop
endfacet
facet normal 0 0 1
outer loop
vertex 48.036480000000005 79.15968000000001 6
vertex 50.77488 79.10976000000001 6
vertex 50.7672 79.15968000000001 6
endloop
endfacet
facet normal 0 0 1
outer loop
vertex 5.23296 79.15968000000001 6
vertex 5.22528 79.10976000000001 6
vertex 7.84848 79.10976000000001 6
endloop
endfacet
facet normal 0 0 1
outer loop
vertex 5.23296 79.15968000000001 6
vertex 7.84848 79.10976000000001 6
vertex 7.96368 79.15968000000001 6
endloop
endfacet
facet normal 0 0 1
outer loop
vertex 48.15168 79.10976000000001 6
vertex 48.26352 79.05264 6
vertex 50.784 79.05264 6
endloop
endfacet
facet normal 0 0 1
outer loop
vertex 48.15168 79.10976000000001 6
vertex 50.784 79.05264 6
vertex 50.77488 79.10976000000001 6
endloop
endfacet
facet normal 0 0 1
outer loop
vertex 5.22528 79.10976000000001 6
vertex 5.21616 79.05264 6
vertex 7.73664 79.05264 6
endloop
endfacet
facet normal 0 0 1
outer loop
vertex 5.22528 79.10976000000001 6
vertex 7.73664 79.05264 6
vertex 7.84848 79.10976000000001 6
endloop
endfacet
facet normal 0 0 1
outer loop
vertex 49.79856 79.02672 6
vertex 48.26352 79.05264 6
vertex 48.371520000000004 78.9888 6
endloop
endfacet
facet normal 0 0 0.9999999999999999
outer loop
vertex 49.79856 79.02672 6
vertex 48.371520000000004 78.9888 6
vertex 50.790240000000004 78.9888 6
endloop
endfacet
facet normal 0 0 0.9999999999999999
outer loop
vertex 49.79856 79.02672 6
vertex 50.790240000000004 78.9888 6
vertex 50.784 79.05072 6
endloop
endfacet
facet normal 0 0 1
outer loop
vertex 49.79856 79.02672 6
vertex 50.784 79.05072 6
vertex 50.784 79.05264 6
endloop
endfacet
facet normal 0 0 1
outer loop
vertex 49.79856 79.02672 6
vertex 50.784 79.05264 6
vertex 48.26352 79.05264 6
endloop
endfacet
facet normal 0 0 1
outer loop
vertex 6.20112 79.02672 6
vertex 5.21616 79.05264 6
vertex 5.21568 79.05072 6
endloop
endfacet
facet normal 0 0 0.9999999999999999
outer loop
vertex 6.20112 79.02672 6
vertex 5.21568 79.05072 6
vertex 5.20992 78.9888 6
endloop
endfacet
facet normal 0 0 1
outer loop
vertex 6.20112 79.02672 6
vertex 5.20992 78.9888 6
vertex 7.62816 78.9888 6
endloop
endfacet
facet normal 0 0 1
outer loop
vertex 6.20112 79.02672 6
vertex 7.62816 78.9888 6
vertex 7.73664 79.05264 6
endloop
endfacet
facet normal 0 0 1
outer loop
vertex 6.20112 79.02672 6
vertex 7.73664 79.05264 6
vertex 5.21616 79.05264 6
endloop
endfacet
facet normal 0 0 0.9999999999999999
outer loop
vertex 49.84608 78.94800000000001 6
vertex 48.371520000000004 78.9888 6
vertex 48.475680000000004 78.91824 6
endloop
endfacet
facet normal 0 0 1
outer loop
vertex 49.84608 78.94800000000001 6
vertex 48.475680000000004 78.91824 6
vertex 50.79648 78.91824 6
endloop
endfacet
facet normal 0 0 1
outer loop
vertex 49.84608 78.94800000000001 6
vertex 50.79648 78.91824 6
vertex 50.796 78.92544000000001 6
endloop
endfacet
facet normal 0 0 1
outer loop
vertex 49.84608 78.94800000000001 6
vertex 50.796 78.92544000000001 6
vertex 50.790240000000004 78.9888 6
endloop
endfacet
facet normal 0 0 1
outer loop
vertex 49.84608 78.94800000000001 6
vertex 50.790240000000004 78.9888 6
vertex 48.371520000000004 78.9888 6
endloop
endfacet
facet normal 0 0 1
outer loop
vertex 6.15408 78.94800000000001 6
vertex 5.20992 78.9888 6
vertex 5.20416 78.92544000000001 6
endloop
endfacet
facet normal 0 0 0.9999999999999999
outer loop
vertex 6.15408 78.94800000000001 6
vertex 5.20416 78.92544000000001 6
vertex 5.20368 78.91824 6
endloop
endfacet
facet normal 0 0 1
outer loop
vertex 6.15408 78.94800000000001 6
vertex 5.20368 78.91824 6
vertex 7.5244800000000005 78.91824 6
endloop
endfacet
facet normal 0 0 1
outer loop
vertex 6.15408 78.94800000000001 6
vertex 7.5244800000000005 78.91824 6
vertex 7.62816 78.9888 6
endloop
endfacet
facet normal 0 0 1
outer loop
vertex 6.15408 78.94800000000001 6
vertex 7.62816 78.9888 6
vertex 5.20992 78.9888 6
endloop
endfacet
facet normal 0 0 1
outer loop
vertex 48.475680000000004 78.91824 6
vertex 48.57504 78.84096 6
vertex 50.798880000000004 78.84096 6
endloop
endfacet
facet normal 0 0 1
outer loop
vertex 48.475680000000004 78.91824 6
vertex 50.798880000000004 78.84096 6
vertex 50.79648 78.91824 6
endloop
endfacet
facet normal 0 0 1
outer loop
vertex 5.20368 78.91824 6
vertex 5.201280000000001 78.84096 6
vertex 7.425120000000001 78.84096 6
endloop
endfacet
facet normal 0 0 1
outer loop
vertex 5.20368 78.91824 6
vertex 7.425120000000001 78.84096 6
vertex 7.5244800000000005 78.91824 6
endloop
endfacet
facet normal 0 0 1
outer loop
vertex 48.57504 78.84096 6
vertex 48.66912 78.75792 6
vertex 50.80128 78.75792 6
endloop
endfacet
facet normal 0 0 1
outer loop
vertex 48.57504 78.84096 6
vertex 50.80128 78.75792 6
vertex 50.798880000000004 78.84096 6
endloop
endfacet
facet normal 0 0 0.9999999999999999
outer loop
vertex 5.201280000000001 78.84096 6
vertex 5.19888 78.75792 6
vertex 7.33104 78.75792 6
endloop
endfacet
facet normal 0 0 1
outer loop
vertex 5.201280000000001 78.84096 6
vertex 7.33104 78.75792 6
vertex 7.425120000000001 78.84096 6
endloop
endfacet
facet normal 0 0 1
outer loop
vertex 48.66912 78.75792 6
vertex 48.75264 78.6744 6
vertex 50.80416 78.6744 6
endloop
endfacet
facet normal 0 0 0.9999999999999999
outer loop
vertex 48.66912 78.75792 6
vertex 50.80416 78.6744 6
vertex 50.80128 78.75792 6
endloop
endfacet
facet normal 0 0 1
outer loop
vertex 5.19888 78.75792 6
vertex 5.196 78.6744 6
vertex 7.24752 78.6744 6
endloop
endfacet
facet normal 0 0 1
outer loop
vertex 5.19888 78.75792 6
vertex 7.24752 78.6744 6
vertex 7.33104 78.75792 6
endloop
endfacet
facet normal 0 0 0.9999999999999999
outer loop
vertex 48.75264 78.6744 6
vertex 48.75792 78.66912 6
vertex 50.80464 78.66912 6
endloop
endfacet
facet normal 0 0 0.9999999999999999
outer loop
vertex 48.75264 78.6744 6
vertex 50.80464 78.66912 6
vertex 50.80416 78.6744 6
endloop
endfacet
facet normal 0 0 1
outer loop
vertex 5.196 78.6744 6
vertex 5.19552 78.66912 6
vertex 7.24224 78.66912 6
endloop
endfacet
facet normal 0 0 1
outer loop
vertex 5.196 78.6744 6
vertex 7.24224 78.66912 6
vertex 7.24752 78.6744 6
endloop
endfacet
facet normal 0 0 1
outer loop
vertex 48.75792 78.66912 6
vertex 48.84096 78.57504 6
vertex 50.81328 78.57504 6
endloop
endfacet
facet normal 0 0 0.9999999999999999
outer loop
vertex 48.75792 78.66912 6
vertex 50.81328 78.57504 6
vertex 50.80464 78.66912 6
endloop
endfacet
facet normal 0 0 1
outer loop
vertex 5.19552 78.66912 6
vertex 5.18688 78.57504 6
vertex 7.1592 78.57504 6
endloop
endfacet
facet normal 0 0 1
outer loop
vertex 5.19552 78.66912 6
vertex 7.1592 78.57504 6
vertex 7.24224 78.66912 6
endloop
endfacet
facet normal 0 0 0.9999999999999999
outer loop
vertex 48.84096 78.57504 6
vertex 48.860640000000004 78.54912 6
vertex 50.81568 78.54912 6
endloop
endfacet
facet normal 0 0 1
outer loop
vertex 48.84096 78.57504 6
vertex 50.81568 78.54912 6
vertex 50.81328 78.57504 6
endloop
endfacet
facet normal 0 0 1
outer loop
vertex 5.18688 78.57504 6
vertex 5.184 78.54912 6
vertex 7.1390400000000005 78.54912 6
endloop
endfacet
facet normal 0 0 1
outer loop
vertex 5.18688 78.57504 6
vertex 7.1390400000000005 78.54912 6
vertex 7.1592 78.57504 6
endloop
endfacet
facet normal 0 0 1
outer loop
vertex 48.860640000000004 78.54912 6
vertex 48.918240000000004 78.47568 6
vertex 50.82768 78.47568 6
endloop
endfacet
facet normal 0 0 1
outer loop
vertex 48.860640000000004 78.54912 6
vertex 50.82768 78.47568 6
vertex 50.81568 78.54912 6
endloop
endfacet
facet normal 0 0 1
outer loop
vertex 5.184 78.54912 6
vertex 5.17248 78.47568 6
vertex 7.08192 78.47568 6
endloop
endfacet
facet normal 0 0 1
outer loop
vertex 5.184 78.54912 6
vertex 7.08192 78.47568 6
vertex 7.1390400000000005 78.54912 6
endloop
endfacet
facet normal 0 0 1
outer loop
vertex 48.918240000000004 78.47568 6
vertex 48.95232 78.42528 6
vertex 50.83536 78.42528 6
endloop
endfacet
facet normal 0 0 1
outer loop
vertex 48.918240000000004 78.47568 6
vertex 50.83536 78.42528 6
vertex 50.82768 78.47568 6
endloop
endfacet
facet normal 0 0 1
outer loop
vertex 5.17248 78.47568 6
vertex 5.1648000000000005 78.42528 6
vertex 7.04784 78.42528 6
endloop
endfacet
facet normal 0 0 1
outer loop
vertex 5.17248 78.47568 6
vertex 7.04784 78.42528 6
vertex 7.08192 78.47568 6
endloop
endfacet
facet normal 0 0 1
outer loop
vertex 48.95232 78.42528 6
vertex 48.988800000000005 78.37152 6
vertex 50.84736 78.37152 6
endloop
endfacet
facet normal 0 0 1
outer loop
vertex 48.95232 78.42528 6
vertex 50.84736 78.37152 6
vertex 50.83536 78.42528 6
endloop
endfacet
facet normal 0 0 0.9999999999999999
outer loop
vertex 5.1648000000000005 78.42528 6
vertex 5.1528 78.37152 6
vertex 7.01136 78.37152 6
endloop
endfacet
facet normal 0 0 1
outer loop
vertex 5.1648000000000005 78.42528 6
vertex 7.01136 78.37152 6
vertex 7.04784 78.42528 6
endloop
endfacet
facet normal 0 0 1
outer loop
vertex 48.988800000000005 78.37152 6
vertex 49.0296 78.3024 6
vertex 50.86272 78.3024 6
endloop
endfacet
facet normal 0 0 1
outer loop
vertex 48.988800000000005 78.37152 6
vertex 50.86272 78.3024 6
vertex 50.84736 78.37152 6
endloop
endfacet
facet normal 0 0 1
outer loop
vertex 5.1528 78.37152 6
vertex 5.13696 78.3024 6
vertex 6.97056 78.3024 6
endloop
endfacet
facet normal 0 0 1
outer loop
vertex 5.1528 78.37152 6
vertex 6.97056 78.3024 6
vertex 7.01136 78.37152 6
endloop
endfacet
facet normal 0 0 1
outer loop
vertex 49.0296 78.3024 6
vertex 49.052640000000004 78.26352 6
vertex 50.87424 78.26352 6
endloop
endfacet
facet normal 0 0 1
outer loop
vertex 49.0296 78.3024 6
vertex 50.87424 78.26352 6
vertex 50.86272 78.3024 6
endloop
endfacet
facet normal 0 0 1
outer loop
vertex 5.13696 78.3024 6
vertex 5.12592 78.26352 6
vertex 6.94752 78.26352 6
endloop
endfacet
facet normal 0 0 1
outer loop
vertex 5.13696 78.3024 6
vertex 6.94752 78.26352 6
vertex 6.97056 78.3024 6
endloop
endfacet
facet normal 0 0 1
outer loop
vertex 49.052640000000004 78.26352 6
vertex 49.0944 78.18192 6
vertex 50.89776 78.18192 6
endloop
endfacet
facet normal 0 0 1
outer loop
vertex 49.052640000000004 78.26352 6
vertex 50.89776 78.18192 6
vertex 50.87424 78.26352 6
endloop
endfacet
facet normal 0 0 1
outer loop
vertex 5.12592 78.26352 6
vertex 5.10192 78.18192 6
vertex 6.90576 78.18192 6
endloop
endfacet
facet normal 0 0 1
outer loop
vertex 5.12592 78.26352 6
vertex 6.90576 78.18192 6
vertex 6.94752 78.26352 6
endloop
endfacet
facet normal 0 0 1
outer loop
vertex 49.0944 78.18192 6
vertex 49.10976 78.15168 6
vertex 50.9088 78.15168 6
endloop
endfacet
facet normal 0 0 1
outer loop
vertex 49.0944 78.18192 6
vertex 50.9088 78.15168 6
vertex 50.89776 78.18192 6
endloop
endfacet
facet normal 0 0 1
outer loop
vertex 5.10192 78.18192 6
vertex 5.09136 78.15168 6
vertex 6.8904000000000005 78.15168 6
endloop
endfacet
facet normal 0 0 0.9999999999999999
outer loop
vertex 5.10192 78.18192 6
vertex 6.8904000000000005 78.15168 6
vertex 6.90576 78.18192 6
endloop
endfacet
facet normal 0 0 1
outer loop
vertex 49.10976 78.15168 6
vertex 49.14768 78.06384 6
vertex 50.94048 78.06384 6
endloop
endfacet
facet normal 0 0 1
outer loop
vertex 49.10976 78.15168 6
vertex 50.94048 78.06384 6
vertex 50.9088 78.15168 6
endloop
endfacet
facet normal 0 0 1
outer loop
vertex 5.09136 78.15168 6
vertex 5.05968 78.06384 6
vertex 6.85248 78.06384 6
endloop
endfacet
facet normal 0 0 1
outer loop
vertex 5.09136 78.15168 6
vertex 6.85248 78.06384 6
vertex 6.8904000000000005 78.15168 6
endloop
endfacet
facet normal 0 0 1
outer loop
vertex 49.14768 78.06384 6
vertex 49.15968 78.03648 6
vertex 50.95248 78.03648 6
endloop
endfacet
facet normal 0 0 1
outer loop
vertex 49.14768 78.06384 6
vertex 50.95248 78.03648 6
vertex 50.94048 78.06384 6
endloop
endfacet
facet normal 0 0 1
outer loop
vertex 5.05968 78.06384 6
vertex 5.04768 78.03648 6
vertex 6.84048 78.03648 6
endloop
endfacet
facet normal 0 0 1
outer loop
vertex 5.05968 78.06384 6
vertex 6.84048 78.03648 6
vertex 6.85248 78.06384 6
endloop
endfacet
facet normal 0 0 1
outer loop
vertex 49.15968 78.03648 6
vertex 49.19136 77.94864 6
vertex 50.9904 77.94864 6
endloop
endfacet
facet normal 0 0 1
outer loop
vertex 49.15968 78.03648 6
vertex 50.9904 77.94864 6
vertex 50.95248 78.03648 6
endloop
endfacet
facet normal 0 0 0.9999999999999999
outer loop
vertex 5.04768 78.03648 6
vertex 5.00976 77.94864 6
vertex 6.8088 77.94864 6
endloop
endfacet
facet normal 0 0 1
outer loop
vertex 5.04768 78.03648 6
vertex 6.8088 77.94864 6
vertex 6.84048 78.03648 6
endloop
endfacet
facet normal 0 0 1
outer loop
vertex 49.19136 77.94864 6
vertex 49.20192 77.91792 6
vertex 51.00576 77.91792 6
endloop
endfacet
facet normal 0 0 0.9999999999999999
outer loop
vertex 49.19136 77.94864 6
vertex 51.00576 77.91792 6
vertex 50.9904 77.94864 6
endloop
endfacet
facet normal 0 0 1
outer loop
vertex 5.00976 77.94864 6
vertex 4.9944 77.91792 6
vertex 6.79776 77.91792 6
endloop
endfacet
facet normal 0 0 0.9999999999999999
outer loop
vertex 5.00976 77.94864 6
vertex 6.79776 77.91792 6
vertex 6.8088 77.94864 6
endloop
endfacet
facet normal 0 0 1
outer loop
vertex 49.20192 77.91792 6
vertex 49.22592 77.83632 6
vertex 51.04752 77.83632 6
endloop
endfacet
facet normal 0 0 1
outer loop
vertex 49.20192 77.91792 6
vertex 51.04752 77.83632 6
vertex 51.00576 77.91792 6
endloop
endfacet
facet normal 0 0 0.9999999999999999
outer loop
vertex 4.9944 77.91792 6
vertex 4.95264 77.83632 6
vertex 6.77424 77.83632 6
endloop
endfacet
facet normal 0 0 1
outer loop
vertex 4.9944 77.91792 6
vertex 6.77424 77.83632 6
vertex 6.79776 77.91792 6
endloop
endfacet
facet normal 0 0 1
outer loop
vertex 49.22592 77.83632 6
vertex 49.23696 77.79744000000001 6
vertex 51.07056 77.79744000000001 6
endloop
endfacet
facet normal 0 0 1
outer loop
vertex 49.22592 77.83632 6
vertex 51.07056 77.79744000000001 6
vertex 51.04752 77.83632 6
endloop
endfacet
facet normal 0 0 1
outer loop
vertex 4.95264 77.83632 6
vertex 4.9296 77.79744000000001 6
vertex 6.76272 77.79744000000001 6
endloop
endfacet
facet normal 0 0 1
outer loop
vertex 4.95264 77.83632 6
vertex 6.76272 77.79744000000001 6
vertex 6.77424 77.83632 6
endloop
endfacet
facet normal 0 0 1
outer loop
vertex 49.23696 77.79744000000001 6
vertex 49.2528 77.72832 6
vertex 51.111360000000005 77.72832 6
endloop
endfacet
facet normal 0 0 1
outer loop
vertex 49.23696 77.79744000000001 6
vertex 51.111360000000005 77.72832 6
vertex 51.07056 77.79744000000001 6
endloop
endfacet
facet normal 0 0 1
outer loop
vertex 4.9296 77.79744000000001 6
vertex 4.8888 77.72832 6
vertex 6.7473600000000005 77.72832 6
endloop
endfacet
facet normal 0 0 1
outer loop
vertex 4.9296 77.79744000000001 6
vertex 6.7473600000000005 77.72832 6
vertex 6.76272 77.79744000000001 6
endloop
endfacet
facet normal 0 0 1
outer loop
vertex 49.2528 77.72832 6
vertex 49.2648 77.67456 6
vertex 51.14784 77.67456 6
endloop
endfacet
facet normal 0 0 1
outer loop
vertex 49.2528 77.72832 6
vertex 51.14784 77.67456 6
vertex 51.111360000000005 77.72832 6
endloop
endfacet
facet normal 0 0 1
outer loop
vertex 4.8888 77.72832 6
vertex 4.85232 77.67456 6
vertex 6.73536 77.67456 6
endloop
endfacet
facet normal 0 0 1
outer loop
vertex 4.8888 77.72832 6
vertex 6.73536 77.67456 6
vertex 6.7473600000000005 77.72832 6
endloop
endfacet
facet normal 0 0 0.9999999999999999
outer loop
vertex 49.2648 77.67456 6
vertex 49.27248 77.62464 6
vertex 51.18192 77.62464 6
endloop
endfacet
facet normal 0 0 1
outer loop
vertex 49.2648 77.67456 6
vertex 51.18192 77.62464 6
vertex 51.14784 77.67456 6
endloop
endfacet
facet normal 0 0 1
outer loop
vertex 4.85232 77.67456 6
vertex 4.81824 77.62464 6
vertex 6.72768 77.62464 6
endloop
endfacet
facet normal 0 0 1
outer loop
vertex 4.85232 77.67456 6
vertex 6.72768 77.62464 6
vertex 6.73536 77.67456 6
endloop
endfacet
facet normal 0 0 1
outer loop
vertex 49.27248 77.62464 6
vertex 49.284 77.55072 6
vertex 51.23904 77.55072 6
endloop
endfacet
facet normal 0 0 1
outer loop
vertex 49.27248 77.62464 6
vertex 51.23904 77.55072 6
vertex 51.18192 77.62464 6
endloop
endfacet
facet normal 0 0 1
outer loop
vertex 4.81824 77.62464 6
vertex 4.76064 77.55072 6
vertex 6.71568 77.55072 6
endloop
endfacet
facet normal 0 0 1
outer loop
vertex 4.81824 77.62464 6
vertex 6.71568 77.55072 6
vertex 6.72768 77.62464 6
endloop
endfacet
facet normal 0 0 1
outer loop
vertex 49.284 77.55072 6
vertex 49.286880000000004 77.52528 6
vertex 51.2592 77.52528 6
endloop
endfacet
facet normal 0 0 1
outer loop
vertex 49.284 77.55072 6
vertex 51.2592 77.52528 6
vertex 51.23904 77.55072 6
endloop
endfacet
facet normal 0 0 1
outer loop
vertex 4.76064 77.55072 6
vertex 4.74096 77.52528 6
vertex 6.71328 77.52528 6
endloop
endfacet
facet normal 0 0 1
outer loop
vertex 4.76064 77.55072 6
vertex 6.71328 77.52528 6
vertex 6.71568 77.55072 6
endloop
endfacet
facet normal 0 0 1
outer loop
vertex 49.286880000000004 77.52528 6
vertex 49.29552 77.43072000000001 6
vertex 51.342240000000004 77.43072000000001 6
endloop
endfacet
facet normal 0 0 0.9999999999999999
outer loop
vertex 49.286880000000004 77.52528 6
vertex 51.342240000000004 77.43072000000001 6
vertex 51.2592 77.52528 6
endloop
endfacet
facet normal 0 0 1
outer loop
vertex 4.74096 77.52528 6
vertex 4.65792 77.43072000000001 6
vertex 6.70464 77.43072000000001 6
endloop
endfacet
facet normal 0 0 1
outer loop
vertex 4.74096 77.52528 6
vertex 6.70464 77.43072000000001 6
vertex 6.71328 77.52528 6
endloop
endfacet
facet normal 0 0 0.9999999999999999
outer loop
vertex 49.29552 77.43072000000001 6
vertex 49.296 77.42544000000001 6
vertex 51.34752 77.42544000000001 6
endloop
endfacet
facet normal 0 0 0.9999999999999999
outer loop
vertex 49.29552 77.43072000000001 6
vertex 51.34752 77.42544000000001 6
vertex 51.342240000000004 77.43072000000001 6
endloop
endfacet
facet normal 0 0 1
outer loop
vertex 4.65792 77.43072000000001 6
vertex 4.65264 77.42544000000001 6
vertex 6.70416 77.42544000000001 6
endloop
endfacet
facet normal 0 0 0.9999999999999999
outer loop
vertex 4.65792 77.43072000000001 6
vertex 6.70416 77.42544000000001 6
vertex 6.70464 77.43072000000001 6
endloop
endfacet
facet normal 0 0 0.9999999999999999
outer loop
vertex 49.296 77.42544000000001 6
vertex 49.298880000000004 77.34192 6
vertex 51.43104 77.34192 6
endloop
endfacet
facet normal 0 0 1
outer loop
vertex 49.296 77.42544000000001 6
vertex 51.43104 77.34192 6
vertex 51.34752 77.42544000000001 6
endloop
endfacet
facet normal 0 0 0.9999999999999999
outer loop
vertex 4.65264 77.42544000000001 6
vertex 4.56912 77.34192 6
vertex 6.701280000000001 77.34192 6
endloop
endfacet
facet normal 0 0 1
outer loop
vertex 4.65264 77.42544000000001 6
vertex 6.701280000000001 77.34192 6
vertex 6.70416 77.42544000000001 6
endloop
endfacet
facet normal 0 0 1
outer loop
vertex 49.298880000000004 77.34192 6
vertex 49.30128 77.25888 6
vertex 51.52512 77.25888 6
endloop
endfacet
facet normal 0 0 1
outer loop
vertex 49.298880000000004 77.34192 6
vertex 51.52512 77.25888 6
vertex 51.43104 77.34192 6
endloop
endfacet
facet normal 0 0 1
outer loop
vertex 4.56912 77.34192 6
vertex 4.47504 77.25888 6
vertex 6.69888 77.25888 6
endloop
endfacet
facet normal 0 0 0.9999999999999999
outer loop
vertex 4.56912 77.34192 6
vertex 6.69888 77.25888 6
vertex 6.701280000000001 77.34192 6
endloop
endfacet
facet normal 0 0 1
outer loop
vertex 49.30128 77.25888 6
vertex 49.30368 77.18208 6
vertex 51.62448 77.18208 6
endloop
endfacet
facet normal 0 0 1
outer loop
vertex 49.30128 77.25888 6
vertex 51.62448 77.18208 6
vertex 51.52512 77.25888 6
endloop
endfacet
facet normal 0 0 1
outer loop
vertex 4.47504 77.25888 6
vertex 4.37568 77.18208 6
vertex 6.69648 77.18208 6
endloop
endfacet
facet normal 0 0 1
outer loop
vertex 4.47504 77.25888 6
vertex 6.69648 77.18208 6
vertex 6.69888 77.25888 6
endloop
endfacet
facet normal 0 0 1
outer loop
vertex 50.25408 77.15232 6
vertex 49.30368 77.18208 6
vertex 49.30416 77.1744 6
endloop
endfacet
facet normal 0 0 1
outer loop
vertex 50.25408 77.15232 6
vertex 49.30416 77.1744 6
vertex 49.30992 77.11152 6
endloop
endfacet
facet normal 0 0 1
outer loop
vertex 50.25408 77.15232 6
vertex 49.30992 77.11152 6
vertex 51.72816 77.11152 6
endloop
endfacet
facet normal 0 0 1
outer loop
vertex 50.25408 77.15232 6
vertex 51.72816 77.11152 6
vertex 51.62448 77.18208 6
endloop
endfacet
facet normal 0 0 1
outer loop
vertex 50.25408 77.15232 6
vertex 51.62448 77.18208 6
vertex 49.30368 77.18208 6
endloop
endfacet
facet normal 0 0 0.9999999999999999
outer loop
vertex 5.74608 77.15232 6
vertex 4.37568 77.18208 6
vertex 4.27152 77.11152 6
endloop
endfacet
facet normal 0 0 1
outer loop
vertex 5.74608 77.15232 6
vertex 4.27152 77.11152 6
vertex 6.69024 77.11152 6
endloop
endfacet
facet normal 0 0 0.9999999999999999
outer loop
vertex 5.74608 77.15232 6
vertex 6.69024 77.11152 6
vertex 6.696 77.1744 6
endloop
endfacet
facet normal 0 0 1
outer loop
vertex 5.74608 77.15232 6
vertex 6.696 77.1744 6
vertex 6.69648 77.18208 6
endloop
endfacet
facet normal 0 0 1
outer loop
vertex 5.74608 77.15232 6
vertex 6.69648 77.18208 6
vertex 4.37568 77.18208 6
endloop
endfacet
facet normal 0 0 0.9999999999999999
outer loop
vertex 50.301120000000004 77.07312 6
vertex 49.30992 77.11152 6
vertex 49.31568 77.04912 6
endloop
endfacet
facet normal 0 0 1
outer loop
vertex 50.301120000000004 77.07312 6
vertex 49.31568 77.04912 6
vertex 49.31616 77.0472 6
endloop
endfacet
facet normal 0 0 1
outer loop
vertex 50.301120000000004 77.07312 6
vertex 49.31616 77.0472 6
vertex 51.83664 77.0472 6
endloop
endfacet
facet normal 0 0 0.9999999999999999
outer loop
vertex 50.301120000000004 77.07312 6
vertex 51.83664 77.0472 6
vertex 51.72816 77.11152 6
endloop
endfacet
facet normal 0 0 1
outer loop
vertex 50.301120000000004 77.07312 6
vertex 51.72816 77.11152 6
vertex 49.30992 77.11152 6
endloop
endfacet
facet normal 0 0 1
outer loop
vertex 5.6985600000000005 77.07312 6
vertex 4.27152 77.11152 6
vertex 4.16352 77.0472 6
endloop
endfacet
facet normal 0 0 1
outer loop
vertex 5.6985600000000005 77.07312 6
vertex 4.16352 77.0472 6
vertex 6.684 77.0472 6
endloop
endfacet
facet normal 0 0 1
outer loop
vertex 5.6985600000000005 77.07312 6
vertex 6.684 77.0472 6
vertex 6.684 77.04912 6
endloop
endfacet
facet normal 0 0 1
outer loop
vertex 5.6985600000000005 77.07312 6
vertex 6.684 77.04912 6
vertex 6.69024 77.11152 6
endloop
endfacet
facet normal 0 0 1
outer loop
vertex 5.6985600000000005 77.07312 6
vertex 6.69024 77.11152 6
vertex 4.27152 77.11152 6
endloop
endfacet
facet normal 0 0 1
outer loop
vertex 49.31616 77.0472 6
vertex 49.32528 76.99056 6
vertex 51.94848 76.99056 6
endloop
endfacet
facet normal 0 0 1
outer loop
vertex 49.31616 77.0472 6
vertex 51.94848 76.99056 6
vertex 51.83664 77.0472 6
endloop
endfacet
facet normal 0 0 1
outer loop
vertex 4.16352 77.0472 6
vertex 4.05168 76.99056 6
vertex 6.67488 76.99056 6
endloop
endfacet
facet normal 0 0 1
outer loop
vertex 4.16352 77.0472 6
vertex 6.67488 76.99056 6
vertex 6.684 77.0472 6
endloop
endfacet
facet normal 0 0 1
outer loop
vertex 49.32528 76.99056 6
vertex 49.33296 76.94064 6
vertex 52.06368 76.94064 6
endloop
endfacet
facet normal 0 0 1
outer loop
vertex 49.32528 76.99056 6
vertex 52.06368 76.94064 6
vertex 51.94848 76.99056 6
endloop
endfacet
facet normal 0 0 1
outer loop
vertex 4.05168 76.99056 6
vertex 3.93648 76.94064 6
vertex 6.6672 76.94064 6
endloop
endfacet
facet normal 0 0 1
outer loop
vertex 4.05168 76.99056 6
vertex 6.6672 76.94064 6
vertex 6.67488 76.99056 6
endloop
endfacet
facet normal 0 0 1
outer loop
vertex 50.45088 76.92048 6
vertex 49.33296 76.94064 6
vertex 49.33536 76.92528 6
endloop
endfacet
facet normal 0 0 1
outer loop
vertex 50.45088 76.92048 6
vertex 49.33536 76.92528 6
vertex 49.3416 76.89792 6
endloop
endfacet
facet normal 0 0 1
outer loop
vertex 50.45088 76.92048 6
vertex 49.3416 76.89792 6
vertex 52.181760000000004 76.89792 6
endloop
endfacet
facet normal 0 0 1
outer loop
vertex 50.45088 76.92048 6
vertex 52.181760000000004 76.89792 6
vertex 52.06368 76.94064 6
endloop
endfacet
facet normal 0 0 1
outer loop
vertex 50.45088 76.92048 6
vertex 52.06368 76.94064 6
vertex 49.33296 76.94064 6
endloop
endfacet
facet normal 0 0 0.9999999999999999
outer loop
vertex 5.5488 76.92048 6
vertex 3.93648 76.94064 6
vertex 3.81792 76.89792 6
endloop
endfacet
facet normal 0 0 1
outer loop
vertex 5.5488 76.92048 6
vertex 3.81792 76.89792 6
vertex 6.6585600000000005 76.89792 6
endloop
endfacet
facet normal 0 0 1
outer loop
vertex 5.5488 76.92048 6
vertex 6.6585600000000005 76.89792 6
vertex 6.6648000000000005 76.92528 6
endloop
endfacet
facet normal 0 0 1
outer loop
vertex 5.5488 76.92048 6
vertex 6.6648000000000005 76.92528 6
vertex 6.6672 76.94064 6
endloop
endfacet
facet normal 0 0 1
outer loop
vertex 5.5488 76.92048 6
vertex 6.6672 76.94064 6
vertex 3.93648 76.94064 6
endloop
endfacet
facet normal 0 0 0.9999999999999999
outer loop
vertex 49.3416 76.89792 6
vertex 49.34928 76.86288 6
vertex 52.30272 76.86288 6
endloop
endfacet
facet normal 0 0 1
outer loop
vertex 49.3416 76.89792 6
vertex 52.30272 76.86288 6
vertex 52.181760000000004 76.89792 6
endloop
endfacet
facet normal 0 0 1
outer loop
vertex 3.81792 76.89792 6
vertex 3.6974400000000003 76.86288 6
vertex 6.6504 76.86288 6
endloop
endfacet
facet normal 0 0 1
outer loop
vertex 3.81792 76.89792 6
vertex 6.6504 76.86288 6
vertex 6.6585600000000005 76.89792 6
endloop
endfacet
facet normal 0 0 1
outer loop
vertex 49.34928 76.86288 6
vertex 49.35552 76.83552 6
vertex 52.42512 76.83552 6
endloop
endfacet
facet normal 0 0 0.9999999999999999
outer loop
vertex 49.34928 76.86288 6
vertex 52.42512 76.83552 6
vertex 52.30272 76.86288 6
endloop
endfacet
facet normal 0 0 1
outer loop
vertex 3.6974400000000003 76.86288 6
vertex 3.57456 76.83552 6
vertex 6.64464 76.83552 6
endloop
endfacet
facet normal 0 0 1
outer loop
vertex 3.6974400000000003 76.86288 6
vertex 6.64464 76.83552 6
vertex 6.6504 76.86288 6
endloop
endfacet
facet normal 0 0 1
outer loop
vertex 49.35552 76.83552 6
vertex 49.35984 76.81584000000001 6
vertex 52.549440000000004 76.81584000000001 6
endloop
endfacet
facet normal 0 0 1
outer loop
vertex 49.35552 76.83552 6
vertex 52.549440000000004 76.81584000000001 6
vertex 52.42512 76.83552 6
endloop
endfacet
facet normal 0 0 1
outer loop
vertex 3.57456 76.83552 6
vertex 3.45072 76.81584000000001 6
vertex 6.64032 76.81584000000001 6
endloop
endfacet
facet normal 0 0 1
outer loop
vertex 3.57456 76.83552 6
vertex 6.64032 76.81584000000001 6
vertex 6.64464 76.83552 6
endloop
endfacet
facet normal 0 0 1
outer loop
vertex 49.35984 76.81584000000001 6
vertex 49.36272 76.80384000000001 6
vertex 52.674240000000005 76.80384000000001 6
endloop
endfacet
facet normal 0 0 1
outer loop
vertex 49.35984 76.81584000000001 6
vertex 52.674240000000005 76.80384000000001 6
vertex 52.549440000000004 76.81584000000001 6
endloop
endfacet
facet normal 0 0 1
outer loop
vertex 3.45072 76.81584000000001 6
vertex 3.32544 76.80384000000001 6
vertex 6.63744 76.80384000000001 6
endloop
endfacet
facet normal 0 0 1
outer loop
vertex 3.45072 76.81584000000001 6
vertex 6.63744 76.80384000000001 6
vertex 6.64032 76.81584000000001 6
endloop
endfacet
facet normal 0 0 1
outer loop
vertex 52.04976 76.05024 6
vertex 49.36272 76.80384000000001 6
vertex 49.36272 76.8024 6
endloop
endfacet
facet normal 0 0 1
outer loop
vertex 52.04976 76.05024 6
vertex 49.36272 76.8024 6
vertex 49.39776 76.68192 6
endloop
endfacet
facet normal 0 0 1
outer loop
vertex 52.04976 76.05024 6
vertex 49.39776 76.68192 6
vertex 49.44048 76.56384 6
endloop
endfacet
facet normal 0 0 1
outer loop
vertex 52.04976 76.05024 6
vertex 49.44048 76.56384 6
vertex 49.4904 76.44864 6
endloop
endfacet
facet normal 0 0 1
outer loop
vertex 52.04976 76.05024 6
vertex 49.4904 76.44864 6
vertex 49.54752 76.33632 6
endloop
endfacet
facet normal 0 0 1
outer loop
vertex 52.04976 76.05024 6
vertex 49.54752 76.33632 6
vertex 49.611360000000005 76.22832 6
endloop
endfacet
facet normal 0 0 1
outer loop
vertex 52.04976 76.05024 6
vertex 49.611360000000005 76.22832 6
vertex 49.68192 76.12464 6
endloop
endfacet
facet normal 0 0 0.9999999999999999
outer loop
vertex 52.04976 76.05024 6
vertex 49.68192 76.12464 6
vertex 49.7592 76.02528 6
endloop
endfacet
facet normal 0 0 1
outer loop
vertex 52.04976 76.05024 6
vertex 49.7592 76.02528 6
vertex 49.842240000000004 75.93072000000001 6
endloop
endfacet
facet normal 0 0 1
outer loop
vertex 52.04976 76.05024 6
vertex 49.842240000000004 75.93072000000001 6
vertex 49.93104 75.84192 6
endloop
endfacet
facet normal 0 0 1
outer loop
vertex 52.04976 76.05024 6
vertex 49.93104 75.84192 6
vertex 50.02512 75.75888 6
endloop
endfacet
facet normal 0 0 1
outer loop
vertex 52.04976 76.05024 6
vertex 50.02512 75.75888 6
vertex 50.12448 75.68208 6
endloop
endfacet
facet normal 0 0 0.9999999999999999
outer loop
vertex 52.04976 76.05024 6
vertex 50.12448 75.68208 6
vertex 50.22816 75.61152 6
endloop
endfacet
facet normal 0 0 1
outer loop
vertex 52.04976 76.05024 6
vertex 50.22816 75.61152 6
vertex 50.33664 75.5472 6
endloop
endfacet
facet normal 0 0 1
outer loop
vertex 52.04976 76.05024 6
vertex 50.33664 75.5472 6
vertex 50.44848 75.49056 6
endloop
endfacet
facet normal 0 0 1
outer loop
vertex 52.04976 76.05024 6
vertex 50.44848 75.49056 6
vertex 50.56368 75.44064 6
endloop
endfacet
facet normal 0 0 1
outer loop
vertex 52.04976 76.05024 6
vertex 50.56368 75.44064 6
vertex 50.681760000000004 75.39792 6
endloop
endfacet
facet normal 0 0 1
outer loop
vertex 52.04976 76.05024 6
vertex 50.681760000000004 75.39792 6
vertex 50.80272 75.36288 6
endloop
endfacet
facet normal 0 0 1
outer loop
vertex 52.04976 76.05024 6
vertex 50.80272 75.36288 6
vertex 50.92512 75.33552 6
endloop
endfacet
facet normal 0 0 1
outer loop
vertex 52.04976 76.05024 6
vertex 50.92512 75.33552 6
vertex 51.049440000000004 75.31584000000001 6
endloop
endfacet
facet normal 0 0 1
outer loop
vertex 52.04976 76.05024 6
vertex 51.049440000000004 75.31584000000001 6
vertex 51.174240000000005 75.30384000000001 6
endloop
endfacet
facet normal 0 0 0.9999999999999999
outer loop
vertex 52.04976 76.05024 6
vertex 51.174240000000005 75.30384000000001 6
vertex 51.425760000000004 75.29616 6
endloop
endfacet
facet normal 0 0 1
outer loop
vertex 52.04976 76.05024 6
vertex 51.425760000000004 75.29616 6
vertex 54.73728 75.29616 6
endloop
endfacet
facet normal 0 0 0.9999999999999999
outer loop
vertex 52.04976 76.05024 6
vertex 54.73728 75.29616 6
vertex 54.73728 75.2976 6
endloop
endfacet
facet normal 0 0 1
outer loop
vertex 52.04976 76.05024 6
vertex 54.73728 75.2976 6
vertex 54.70224 75.41808 6
endloop
endfacet
facet normal 0 0 1
outer loop
vertex 52.04976 76.05024 6
vertex 54.70224 75.41808 6
vertex 54.65952 75.53616 6
endloop
endfacet
facet normal 0 0 1
outer loop
vertex 52.04976 76.05024 6
vertex 54.65952 75.53616 6
vertex 54.6096 75.65136 6
endloop
endfacet
facet normal 0 0 1
outer loop
vertex 52.04976 76.05024 6
vertex 54.6096 75.65136 6
vertex 54.55248 75.76368000000001 6
endloop
endfacet
facet normal 0 0 1
outer loop
vertex 52.04976 76.05024 6
vertex 54.55248 75.76368000000001 6
vertex 54.488640000000004 75.87168 6
endloop
endfacet
facet normal 0 0 0.9999999999999999
outer loop
vertex 52.04976 76.05024 6
vertex 54.488640000000004 75.87168 6
vertex 54.41808 75.97536 6
endloop
endfacet
facet normal 0 0 1
outer loop
vertex 52.04976 76.05024 6
vertex 54.41808 75.97536 6
vertex 54.3408 76.07472 6
endloop
endfacet
facet normal 0 0 0.9999999999999999
outer loop
vertex 52.04976 76.05024 6
vertex 54.3408 76.07472 6
vertex 54.257760000000005 76.16928 6
endloop
endfacet
facet normal 0 0 0.9999999999999999
outer loop
vertex 52.04976 76.05024 6
vertex 54.257760000000005 76.16928 6
vertex 54.16896 76.25808 6
endloop
endfacet
facet normal 0 0 1
outer loop
vertex 52.04976 76.05024 6
vertex 54.16896 76.25808 6
vertex 54.07488 76.34112 6
endloop
endfacet
facet normal 0 0 0.9999999999999999
outer loop
vertex 52.04976 76.05024 6
vertex 54.07488 76.34112 6
vertex 53.97552 76.41792 6
endloop
endfacet
facet normal 0 0 1
outer loop
vertex 52.04976 76.05024 6
vertex 53.97552 76.41792 6
vertex 53.87184 76.48848 6
endloop
endfacet
facet normal 0 0 1
outer loop
vertex 52.04976 76.05024 6
vertex 53.87184 76.48848 6
vertex 53.76336 76.5528 6
endloop
endfacet
facet normal 0 0 1
outer loop
vertex 52.04976 76.05024 6
vertex 53.76336 76.5528 6
vertex 53.65152 76.60944 6
endloop
endfacet
facet normal 0 0 0.9999999999999999
outer loop
vertex 52.04976 76.05024 6
vertex 53.65152 76.60944 6
vertex 53.53632 76.65936 6
endloop
endfacet
facet normal 0 0 1
outer loop
vertex 52.04976 76.05024 6
vertex 53.53632 76.65936 6
vertex 53.418240000000004 76.70208 6
endloop
endfacet
facet normal 0 0 1
outer loop
vertex 52.04976 76.05024 6
vertex 53.418240000000004 76.70208 6
vertex 53.29728 76.73712 6
endloop
endfacet
facet normal 0 0 1
outer loop
vertex 52.04976 76.05024 6
vertex 53.29728 76.73712 6
vertex 53.17488 76.76448 6
endloop
endfacet
facet normal 0 0 1
outer loop
vertex 52.04976 76.05024 6
vertex 53.17488 76.76448 6
vertex 53.050560000000004 76.78416 6
endloop
endfacet
facet normal 0 0 1
outer loop
vertex 52.04976 76.05024 6
vertex 53.050560000000004 76.78416 6
vertex 52.925760000000004 76.79616 6
endloop
endfacet
facet normal 0 0 1
outer loop
vertex 52.04976 76.05024 6
vertex 52.925760000000004 76.79616 6
vertex 52.674240000000005 76.80384000000001 6
endloop
endfacet
facet normal 0 0 1
outer loop
vertex 52.04976 76.05024 6
vertex 52.674240000000005 76.80384000000001 6
vertex 49.36272 76.80384000000001 6
endloop
endfacet
facet normal 0 0 1
outer loop
vertex 3.94992 76.05024 6
vertex 3.32544 76.80384000000001 6
vertex 3.0744000000000002 76.79616 6
endloop
endfacet
facet normal 0 0 1
outer loop
vertex 3.94992 76.05024 6
vertex 3.0744000000000002 76.79616 6
vertex 2.94912 76.78416 6
endloop
endfacet
facet normal 0 0 0.9999999999999999
outer loop
vertex 3.94992 76.05024 6
vertex 2.94912 76.78416 6
vertex 2.8252800000000002 76.76448 6
endloop
endfacet
facet normal 0 0 1
outer loop
vertex 3.94992 76.05024 6
vertex 2.8252800000000002 76.76448 6
vertex 2.7024 76.73712 6
endloop
endfacet
facet normal 0 0 1
outer loop
vertex 3.94992 76.05024 6
vertex 2.7024 76.73712 6
vertex 2.58192 76.70208 6
endloop
endfacet
facet normal 0 0 1
outer loop
vertex 3.94992 76.05024 6
vertex 2.58192 76.70208 6
vertex 2.4638400000000003 76.65936 6
endloop
endfacet
facet normal 0 0 1
outer loop
vertex 3.94992 76.05024 6
vertex 2.4638400000000003 76.65936 6
vertex 2.34864 76.60944 6
endloop
endfacet
facet normal 0 0 1
outer loop
vertex 3.94992 76.05024 6
vertex 2.34864 76.60944 6
vertex 2.23632 76.5528 6
endloop
endfacet
facet normal 0 0 1
outer loop
vertex 3.94992 76.05024 6
vertex 2.23632 76.5528 6
vertex 2.12832 76.48848 6
endloop
endfacet
facet normal 0 0 1
outer loop
vertex 3.94992 76.05024 6
vertex 2.12832 76.48848 6
vertex 2.02464 76.41792 6
endloop
endfacet
facet normal 0 0 1
outer loop
vertex 3.94992 76.05024 6
vertex 2.02464 76.41792 6
vertex 1.92528 76.34112 6
endloop
endfacet
facet normal 0 0 1
outer loop
vertex 3.94992 76.05024 6
vertex 1.92528 76.34112 6
vertex 1.8307200000000001 76.25808 6
endloop
endfacet
facet normal 0 0 1
outer loop
vertex 3.94992 76.05024 6
vertex 1.8307200000000001 76.25808 6
vertex 1.7419200000000001 76.16928 6
endloop
endfacet
facet normal 0 0 1
outer loop
vertex 3.94992 76.05024 6
vertex 1.7419200000000001 76.16928 6
vertex 1.6588800000000001 76.07472 6
endloop
endfacet
facet normal 0 0 1
outer loop
vertex 3.94992 76.05024 6
vertex 1.6588800000000001 76.07472 6
vertex 1.58208 75.97536 6
endloop
endfacet
facet normal 0 0 1
outer loop
vertex 3.94992 76.05024 6
vertex 1.58208 75.97536 6
vertex 1.51152 75.87168 6
endloop
endfacet
facet normal 0 0 1
outer loop
vertex 3.94992 76.05024 6
vertex 1.51152 75.87168 6
vertex 1.4472 75.76368000000001 6
endloop
endfacet
facet normal 0 0 1
outer loop
vertex 3.94992 76.05024 6
vertex 1.4472 75.76368000000001 6
vertex 1.39056 75.65136 6
endloop
endfacet
facet normal 0 0 1
outer loop
vertex 3.94992 76.05024 6
vertex 1.39056 75.65136 6
vertex 1.34064 75.53616 6
endloop
endfacet
facet normal 0 0 1
outer loop
vertex 3.94992 76.05024 6
vertex 1.34064 75.53616 6
vertex 1.29792 75.41808 6
endloop
endfacet
facet normal 0 0 1
outer loop
vertex 3.94992 76.05024 6
vertex 1.29792 75.41808 6
vertex 1.26288 75.2976 6
endloop
endfacet
facet normal 0 0 1
outer loop
vertex 3.94992 76.05024 6
vertex 1.26288 75.2976 6
vertex 1.2624 75.29616 6
endloop
endfacet
facet normal 0 0 1
outer loop
vertex 3.94992 76.05024 6
vertex 1.2624 75.29616 6
vertex 4.5744 75.29616 6
endloop
endfacet
facet normal 0 0 0.9999999999999999
outer loop
vertex 3.94992 76.05024 6
vertex 4.5744 75.29616 6
vertex 4.82544 75.30384000000001 6
endloop
endfacet
facet normal 0 0 1
outer loop
vertex 3.94992 76.05024 6
vertex 4.82544 75.30384000000001 6
vertex 4.9507200000000005 75.31584000000001 6
endloop
endfacet
facet normal 0 0 1
outer loop
vertex 3.94992 76.05024 6
vertex 4.9507200000000005 75.31584000000001 6
vertex 5.07456 75.33552 6
endloop
endfacet
facet normal 0 0 1
outer loop
vertex 3.94992 76.05024 6
vertex 5.07456 75.33552 6
vertex 5.19744 75.36288 6
endloop
endfacet
facet normal 0 0 1
outer loop
vertex 3.94992 76.05024 6
vertex 5.19744 75.36288 6
vertex 5.31792 75.39792 6
endloop
endfacet
facet normal 0 0 1
outer loop
vertex 3.94992 76.05024 6
vertex 5.31792 75.39792 6
vertex 5.43648 75.44064 6
endloop
endfacet
facet normal 0 0 1
outer loop
vertex 3.94992 76.05024 6
vertex 5.43648 75.44064 6
vertex 5.55168 75.49056 6
endloop
endfacet
facet normal 0 0 0.9999999999999999
outer loop
vertex 3.94992 76.05024 6
vertex 5.55168 75.49056 6
vertex 5.66352 75.5472 6
endloop
endfacet
facet normal 0 0 1
outer loop
vertex 3.94992 76.05024 6
vertex 5.66352 75.5472 6
vertex 5.77152 75.61152 6
endloop
endfacet
facet normal 0 0 1
outer loop
vertex 3.94992 76.05024 6
vertex 5.77152 75.61152 6
vertex 5.87568 75.68208 6
endloop
endfacet
facet normal 0 0 1
outer loop
vertex 3.94992 76.05024 6
vertex 5.87568 75.68208 6
vertex 5.97504 75.75888 6
endloop
endfacet
facet normal 0 0 1
outer loop
vertex 3.94992 76.05024 6
vertex 5.97504 75.75888 6
vertex 6.06912 75.84192 6
endloop
endfacet
facet normal 0 0 1
outer loop
vertex 3.94992 76.05024 6
vertex 6.06912 75.84192 6
vertex 6.15792 75.93072000000001 6
endloop
endfacet
facet normal 0 0 0.9999999999999999
outer loop
vertex 3.94992 76.05024 6
vertex 6.15792 75.93072000000001 6
vertex 6.24096 76.02528 6
endloop
endfacet
facet normal 0 0 0.9999999999999999
outer loop
vertex 3.94992 76.05024 6
vertex 6.24096 76.02528 6
vertex 6.31824 76.12464 6
endloop
endfacet
facet normal 0 0 1
outer loop
vertex 3.94992 76.05024 6
vertex 6.31824 76.12464 6
vertex 6.3888 76.22832 6
endloop
endfacet
facet normal 0 0 1
outer loop
vertex 3.94992 76.05024 6
vertex 6.3888 76.22832 6
vertex 6.452640000000001 76.33632 6
endloop
endfacet
facet normal 0 0 1
outer loop
vertex 3.94992 76.05024 6
vertex 6.452640000000001 76.33632 6
vertex 6.50976 76.44864 6
endloop
endfacet
facet normal 0 0 1
outer loop
vertex 3.94992 76.05024 6
vertex 6.50976 76.44864 6
vertex 6.55968 76.56384 6
endloop
endfacet
facet normal 0 0 1
outer loop
vertex 3.94992 76.05024 6
vertex 6.55968 76.56384 6
vertex 6.60192 76.68192 6
endloop
endfacet
facet normal 0 0 1
outer loop
vertex 3.94992 76.05024 6
vertex 6.60192 76.68192 6
vertex 6.63696 76.8024 6
endloop
endfacet
facet normal 0 0 0.9999999999999999
outer loop
vertex 3.94992 76.05024 6
vertex 6.63696 76.8024 6
vertex 6.63744 76.80384000000001 6
endloop
endfacet
facet normal 0 0 1
outer loop
vertex 3.94992 76.05024 6
vertex 6.63744 76.80384000000001 6
vertex 3.32544 76.80384000000001 6
endloop
endfacet
facet normal 0 0 1
outer loop
vertex 51.425760000000004 75.29616 6
vertex 51.550560000000004 75.28416 6
vertex 54.74016 75.28416 6
endloop
endfacet
facet normal 0 0 1
outer loop
vertex 51.425760000000004 75.29616 6
vertex 54.74016 75.28416 6
vertex 54.73728 75.29616 6
endloop
endfacet
facet normal 0 0 0.9999999999999999
outer loop
vertex 1.2624 75.29616 6
vertex 1.26 75.28416 6
vertex 4.44912 75.28416 6
endloop
endfacet
facet normal 0 0 1
outer loop
vertex 1.2624 75.29616 6
vertex 4.44912 75.28416 6
vertex 4.5744 75.29616 6
endloop
endfacet
facet normal 0 0 1
outer loop
vertex 51.550560000000004 75.28416 6
vertex 51.67488 75.26448 6
vertex 54.74448 75.26448 6
endloop
endfacet
facet normal 0 0 1
outer loop
vertex 51.550560000000004 75.28416 6
vertex 54.74448 75.26448 6
vertex 54.74016 75.28416 6
endloop
endfacet
facet normal 0 0 0.9999999999999999
outer loop
vertex 1.26 75.28416 6
vertex 1.2556800000000001 75.26448 6
vertex 4.32528 75.26448 6
endloop
endfacet
facet normal 0 0 1
outer loop
vertex 1.26 75.28416 6
vertex 4.32528 75.26448 6
vertex 4.44912 75.28416 6
endloop
endfacet
facet normal 0 0 1
outer loop
vertex 51.67488 75.26448 6
vertex 51.79728 75.23712 6
vertex 54.75072 75.23712 6
endloop
endfacet
facet normal 0 0 1
outer loop
vertex 51.67488 75.26448 6
vertex 54.75072 75.23712 6
vertex 54.74448 75.26448 6
endloop
endfacet
facet normal 0 0 1
outer loop
vertex 1.2556800000000001 75.26448 6
vertex 1.24944 75.23712 6
vertex 4.2024 75.23712 6
endloop
endfacet
facet normal 0 0 1
outer loop
vertex 1.2556800000000001 75.26448 6
vertex 4.2024 75.23712 6
vertex 4.32528 75.26448 6
endloop
endfacet
facet normal 0 0 1
outer loop
vertex 51.79728 75.23712 6
vertex 51.918240000000004 75.20208 6
vertex 54.7584 75.20208 6
endloop
endfacet
facet normal 0 0 1
outer loop
vertex 51.79728 75.23712 6
vertex 54.7584 75.20208 6
vertex 54.75072 75.23712 6
endloop
endfacet
facet normal 0 0 1
outer loop
vertex 1.24944 75.23712 6
vertex 1.24176 75.20208 6
vertex 4.08192 75.20208 6
endloop
endfacet
facet normal 0 0 1
outer loop
vertex 1.24944 75.23712 6
vertex 4.08192 75.20208 6
vertex 4.2024 75.23712 6
endloop
endfacet
facet normal 0 0 1
outer loop
vertex 53.64912 75.17952 6
vertex 51.918240000000004 75.20208 6
vertex 52.03632 75.15936 6
endloop
endfacet
facet normal 0 0 0.9999999999999999
outer loop
vertex 53.64912 75.17952 6
vertex 52.03632 75.15936 6
vertex 54.76704 75.15936 6
endloop
endfacet
facet normal 0 0 1
outer loop
vertex 53.64912 75.17952 6
vertex 54.76704 75.15936 6
vertex 54.76464 75.17472000000001 6
endloop
endfacet
facet normal 0 0 1
outer loop
vertex 53.64912 75.17952 6
vertex 54.76464 75.17472000000001 6
vertex 54.7584 75.20208 6
endloop
endfacet
facet normal 0 0 1
outer loop
vertex 53.64912 75.17952 6
vertex 54.7584 75.20208 6
vertex 51.918240000000004 75.20208 6
endloop
endfacet
facet normal 0 0 1
outer loop
vertex 2.3510400000000002 75.17952 6
vertex 1.24176 75.20208 6
vertex 1.23552 75.17472000000001 6
endloop
endfacet
facet normal 0 0 1
outer loop
vertex 2.3510400000000002 75.17952 6
vertex 1.23552 75.17472000000001 6
vertex 1.23312 75.15936 6
endloop
endfacet
facet normal 0 0 1
outer loop
vertex 2.3510400000000002 75.17952 6
vertex 1.23312 75.15936 6
vertex 3.9638400000000003 75.15936 6
endloop
endfacet
facet normal 0 0 1
outer loop
vertex 2.3510400000000002 75.17952 6
vertex 3.9638400000000003 75.15936 6
vertex 4.08192 75.20208 6
endloop
endfacet
facet normal 0 0 1
outer loop
vertex 2.3510400000000002 75.17952 6
vertex 4.08192 75.20208 6
vertex 1.24176 75.20208 6
endloop
endfacet
facet normal 0 0 1
outer loop
vertex 52.03632 75.15936 6
vertex 52.15152 75.10944 6
vertex 54.77472 75.10944 6
endloop
endfacet
facet normal 0 0 1
outer loop
vertex 52.03632 75.15936 6
vertex 54.77472 75.10944 6
vertex 54.76704 75.15936 6
endloop
endfacet
facet normal 0 0 1
outer loop
vertex 1.23312 75.15936 6
vertex 1.22496 75.10944 6
vertex 3.84864 75.10944 6
endloop
endfacet
facet normal 0 0 1
outer loop
vertex 1.23312 75.15936 6
vertex 3.84864 75.10944 6
vertex 3.9638400000000003 75.15936 6
endloop
endfacet
facet normal 0 0 1
outer loop
vertex 52.15152 75.10944 6
vertex 52.26336 75.0528 6
vertex 54.78384 75.0528 6
endloop
endfacet
facet normal 0 0 1
outer loop
vertex 52.15152 75.10944 6
vertex 54.78384 75.0528 6
vertex 54.77472 75.10944 6
endloop
endfacet
facet normal 0 0 1
outer loop
vertex 1.22496 75.10944 6
vertex 1.21584 75.0528 6
vertex 3.73632 75.0528 6
endloop
endfacet
facet normal 0 0 1
outer loop
vertex 1.22496 75.10944 6
vertex 3.73632 75.0528 6
vertex 3.84864 75.10944 6
endloop
endfacet
facet normal 0 0 1
outer loop
vertex 53.798880000000004 75.02688 6
vertex 52.26336 75.0528 6
vertex 52.37184 74.98848 6
endloop
endfacet
facet normal 0 0 1
outer loop
vertex 53.798880000000004 75.02688 6
vertex 52.37184 74.98848 6
vertex 54.79008 74.98848 6
endloop
endfacet
facet normal 0 0 1
outer loop
vertex 53.798880000000004 75.02688 6
vertex 54.79008 74.98848 6
vertex 54.78432 75.05088 6
endloop
endfacet
facet normal 0 0 1
outer loop
vertex 53.798880000000004 75.02688 6
vertex 54.78432 75.05088 6
vertex 54.78384 75.0528 6
endloop
endfacet
facet normal 0 0 1
outer loop
vertex 53.798880000000004 75.02688 6
vertex 54.78384 75.0528 6
vertex 52.26336 75.0528 6
endloop
endfacet
facet normal 0 0 1
outer loop
vertex 2.20128 75.02688 6
vertex 1.21584 75.0528 6
vertex 1.21584 75.05088 6
endloop
endfacet
facet normal 0 0 0.9999999999999999
outer loop
vertex 2.20128 75.02688 6
vertex 1.21584 75.05088 6
vertex 1.21008 74.98848 6
endloop
endfacet
facet normal 0 0 1
outer loop
vertex 2.20128 75.02688 6
vertex 1.21008 74.98848 6
vertex 3.62832 74.98848 6
endloop
endfacet
facet normal 0 0 1
outer loop
vertex 2.20128 75.02688 6
vertex 3.62832 74.98848 6
vertex 3.73632 75.0528 6
endloop
endfacet
facet normal 0 0 1
outer loop
vertex 2.20128 75.02688 6
vertex 3.73632 75.0528 6
vertex 1.21584 75.0528 6
endloop
endfacet
facet normal 0 0 1
outer loop
vertex 53.84592 74.94768 6
vertex 52.37184 74.98848 6
vertex 52.47552 74.91792 6
endloop
endfacet
facet normal 0 0 1
outer loop
vertex 53.84592 74.94768 6
vertex 52.47552 74.91792 6
vertex 54.79632 74.91792 6
endloop
endfacet
facet normal 0 0 1
outer loop
vertex 53.84592 74.94768 6
vertex 54.79632 74.91792 6
vertex 54.79584 74.9256 6
endloop
endfacet
facet normal 0 0 0.9999999999999999
outer loop
vertex 53.84592 74.94768 6
vertex 54.79584 74.9256 6
vertex 54.79008 74.98848 6
endloop
endfacet
facet normal 0 0 1
outer loop
vertex 53.84592 74.94768 6
vertex 54.79008 74.98848 6
vertex 52.37184 74.98848 6
endloop
endfacet
facet normal 0 0 1
outer loop
vertex 2.15424 74.94768 6
vertex 1.21008 74.98848 6
vertex 1.20384 74.9256 6
endloop
endfacet
facet normal 0 0 1
outer loop
vertex 2.15424 74.94768 6
vertex 1.20384 74.9256 6
vertex 1.20384 74.91792 6
endloop
endfacet
facet normal 0 0 1
outer loop
vertex 2.15424 74.94768 6
vertex 1.20384 74.91792 6
vertex 3.52464 74.91792 6
endloop
endfacet
facet normal 0 0 1
outer loop
vertex 2.15424 74.94768 6
vertex 3.52464 74.91792 6
vertex 3.62832 74.98848 6
endloop
endfacet
facet normal 0 0 1
outer loop
vertex 2.15424 74.94768 6
vertex 3.62832 74.98848 6
vertex 1.21008 74.98848 6
endloop
endfacet
facet normal 0 0 1
outer loop
vertex 52.47552 74.91792 6
vertex 52.57488 74.84112 6
vertex 54.79872 74.84112 6
endloop
endfacet
facet normal 0 0 0.9999999999999999
outer loop
vertex 52.47552 74.91792 6
vertex 54.79872 74.84112 6
vertex 54.79632 74.91792 6
endloop
endfacet
facet normal 0 0 0.9999999999999999
outer loop
vertex 1.20384 74.91792 6
vertex 1.20144 74.84112 6
vertex 3.42528 74.84112 6
endloop
endfacet
facet normal 0 0 1
outer loop
vertex 1.20384 74.91792 6
vertex 3.42528 74.84112 6
vertex 3.52464 74.91792 6
endloop
endfacet
facet normal 0 0 1
outer loop
vertex 53.92848 74.79984 6
vertex 52.57488 74.84112 6
vertex 52.66896 74.75808 6
endloop
endfacet
facet normal 0 0 1
outer loop
vertex 53.92848 74.79984 6
vertex 52.66896 74.75808 6
vertex 54.80016 74.75808 6
endloop
endfacet
facet normal 0 0 1
outer loop
vertex 53.92848 74.79984 6
vertex 54.80016 74.75808 6
vertex 54.80016 74.79984 6
endloop
endfacet
facet normal 0 0 1
outer loop
vertex 53.92848 74.79984 6
vertex 54.80016 74.79984 6
vertex 54.79872 74.84112 6
endloop
endfacet
facet normal 0 0 1
outer loop
vertex 53.92848 74.79984 6
vertex 54.79872 74.84112 6
vertex 52.57488 74.84112 6
endloop
endfacet
facet normal 0 0 1
outer loop
vertex 2.07168 74.79984 6
vertex 1.20144 74.84112 6
vertex 1.2 74.79984 6
endloop
endfacet
facet normal 0 0 1
outer loop
vertex 2.07168 74.79984 6
vertex 1.2 74.79984 6
vertex 1.2 74.75808 6
endloop
endfacet
facet normal 0 0 1
outer loop
vertex 2.07168 74.79984 6
vertex 1.2 74.75808 6
vertex 3.33072 74.75808 6
endloop
endfacet
facet normal 0 0 0.9999999999999999
outer loop
vertex 2.07168 74.79984 6
vertex 3.33072 74.75808 6
vertex 3.42528 74.84112 6
endloop
endfacet
facet normal 0 0 1
outer loop
vertex 2.07168 74.79984 6
vertex 3.42528 74.84112 6
vertex 1.20144 74.84112 6
endloop
endfacet
facet normal 0 0 0.9999999999999999
outer loop
vertex 52.66896 74.75808 6
vertex 52.757760000000005 74.66928 6
vertex 54.80016 74.66928 6
endloop
endfacet
facet normal 0 0 1
outer loop
vertex 52.66896 74.75808 6
vertex 54.80016 74.66928 6
vertex 54.80016 74.75808 6
endloop
endfacet
facet normal 0 0 1
outer loop
vertex 1.2 74.75808 6
vertex 1.2 74.66928 6
vertex 3.24192 74.66928 6
endloop
endfacet
facet normal 0 0 1
outer loop
vertex 1.2 74.75808 6
vertex 3.24192 74.66928 6
vertex 3.33072 74.75808 6
endloop
endfacet
facet normal 0 0 1
outer loop
vertex 52.757760000000005 74.66928 6
vertex 52.8408 74.57472 6
vertex 54.80016 74.57472 6
endloop
endfacet
facet normal 0 0 1
outer loop
vertex 52.757760000000005 74.66928 6
vertex 54.80016 74.57472 6
vertex 54.80016 74.66928 6
endloop
endfacet
facet normal 0 0 0.9999999999999999
outer loop
vertex 1.2 74.66928 6
vertex 1.2 74.57472 6
vertex 3.15888 74.57472 6
endloop
endfacet
facet normal 0 0 1
outer loop
vertex 1.2 74.66928 6
vertex 3.15888 74.57472 6
vertex 3.24192 74.66928 6
endloop
endfacet
facet normal 0 0 0.9999999999999999
outer loop
vertex 52.8408 74.57472 6
vertex 52.91808 74.47536 6
vertex 54.80016 74.47536 6
endloop
endfacet
facet normal 0 0 0.9999999999999999
outer loop
vertex 52.8408 74.57472 6
vertex 54.80016 74.47536 6
vertex 54.80016 74.57472 6
endloop
endfacet
facet normal 0 0 1
outer loop
vertex 1.2 74.57472 6
vertex 1.2 74.47536 6
vertex 3.08208 74.47536 6
endloop
endfacet
facet normal 0 0 1
outer loop
vertex 1.2 74.57472 6
vertex 3.08208 74.47536 6
vertex 3.15888 74.57472 6
endloop
endfacet
facet normal 0 0 1
outer loop
vertex 52.91808 74.47536 6
vertex 52.988640000000004 74.37168 6
vertex 54.80016 74.37168 6
endloop
endfacet
facet normal 0 0 1
outer loop
vertex 52.91808 74.47536 6
vertex 54.80016 74.37168 6
vertex 54.80016 74.47536 6
endloop
endfacet
facet normal 0 0 1
outer loop
vertex 1.2 74.47536 6
vertex 1.2 74.37168 6
vertex 3.01152 74.37168 6
endloop
endfacet
facet normal 0 0 1
outer loop
vertex 1.2 74.47536 6
vertex 3.01152 74.37168 6
vertex 3.08208 74.47536 6
endloop
endfacet
facet normal 0 0 1
outer loop
vertex 52.988640000000004 74.37168 6
vertex 53.05248 74.26368000000001 6
vertex 54.80016 74.26368000000001 6
endloop
endfacet
facet normal 0 0 1
outer loop
vertex 52.988640000000004 74.37168 6
vertex 54.80016 74.26368000000001 6
vertex 54.80016 74.37168 6
endloop
endfacet
facet normal 0 0 1
outer loop
vertex 1.2 74.37168 6
vertex 1.2 74.26368000000001 6
vertex 2.9472 74.26368000000001 6
endloop
endfacet
facet normal 0 0 1
outer loop
vertex 1.2 74.37168 6
vertex 2.9472 74.26368000000001 6
vertex 3.01152 74.37168 6
endloop
endfacet
facet normal 0 0 1
outer loop
vertex 53.05248 74.26368000000001 6
vertex 53.1096 74.15136 6
vertex 54.80016 74.15136 6
endloop
endfacet
facet normal 0 0 1
outer loop
vertex 53.05248 74.26368000000001 6
vertex 54.80016 74.15136 6
vertex 54.80016 74.26368000000001 6
endloop
endfacet
facet normal 0 0 0.9999999999999999
outer loop
vertex 1.2 74.26368000000001 6
vertex 1.2 74.15136 6
vertex 2.8905600000000002 74.15136 6
endloop
endfacet
facet normal 0 0 1
outer loop
vertex 1.2 74.26368000000001 6
vertex 2.8905600000000002 74.15136 6
vertex 2.9472 74.26368000000001 6
endloop
endfacet
facet normal 0 0 1
outer loop
vertex 53.1096 74.15136 6
vertex 53.15952 74.03616 6
vertex 54.80016 74.03616 6
endloop
endfacet
facet normal 0 0 1
outer loop
vertex 53.1096 74.15136 6
vertex 54.80016 74.03616 6
vertex 54.80016 74.15136 6
endloop
endfacet
facet normal 0 0 1
outer loop
vertex 1.2 74.15136 6
vertex 1.2 74.03616 6
vertex 2.84064 74.03616 6
endloop
endfacet
facet normal 0 0 1
outer loop
vertex 1.2 74.15136 6
vertex 2.84064 74.03616 6
vertex 2.8905600000000002 74.15136 6
endloop
endfacet
facet normal 0 0 1
outer loop
vertex 53.15952 74.03616 6
vertex 53.20224 73.91808 6
vertex 54.80016 73.91808 6
endloop
endfacet
facet normal 0 0 1
outer loop
vertex 53.15952 74.03616 6
vertex 54.80016 73.91808 6
vertex 54.80016 74.03616 6
endloop
endfacet
facet normal 0 0 1
outer loop
vertex 1.2 74.03616 6
vertex 1.2 73.91808 6
vertex 2.79792 73.91808 6
endloop
endfacet
facet normal 0 0 1
outer loop
vertex 1.2 74.03616 6
vertex 2.79792 73.91808 6
vertex 2.84064 74.03616 6
endloop
endfacet
facet normal 0 0 1
outer loop
vertex 53.20224 73.91808 6
vertex 53.23728 73.7976 6
vertex 54.80016 73.7976 6
endloop
endfacet
facet normal 0 0 0.9999999999999999
outer loop
vertex 53.20224 73.91808 6
vertex 54.80016 73.7976 6
vertex 54.80016 73.91808 6
endloop
endfacet
facet normal 0 0 1
outer loop
vertex 1.2 73.91808 6
vertex 1.2 73.7976 6
vertex 2.76288 73.7976 6
endloop
endfacet
facet normal 0 0 1
outer loop
vertex 1.2 73.91808 6
vertex 2.76288 73.7976 6
vertex 2.79792 73.91808 6
endloop
endfacet
facet normal 0 0 1
outer loop
vertex 53.23728 73.7976 6
vertex 53.26464 73.67472000000001 6
vertex 54.80016 73.67472000000001 6
endloop
endfacet
facet normal 0 0 1
outer loop
vertex 53.23728 73.7976 6
vertex 54.80016 73.67472000000001 6
vertex 54.80016 73.7976 6
endloop
endfacet
facet normal 0 0 1
outer loop
vertex 1.2 73.7976 6
vertex 1.2 73.67472000000001 6
vertex 2.73552 73.67472000000001 6
endloop
endfacet
facet normal 0 0 1
outer loop
vertex 1.2 73.7976 6
vertex 2.73552 73.67472000000001 6
vertex 2.76288 73.7976 6
endloop
endfacet
facet normal 0 0 0.9999999999999999
outer loop
vertex 53.26464 73.67472000000001 6
vertex 53.28432 73.55088 6
vertex 54.80016 73.55088 6
endloop
endfacet
facet normal 0 0 0.9999999999999999
outer loop
vertex 53.26464 73.67472000000001 6
vertex 54.80016 73.55088 6
vertex 54.80016 73.67472000000001 6
endloop
endfacet
facet normal 0 0 1
outer loop
vertex 1.2 73.67472000000001 6
vertex 1.2 73.55088 6
vertex 2.71584 73.55088 6
endloop
endfacet
facet normal 0 0 1
outer loop
vertex 1.2 73.67472000000001 6
vertex 2.71584 73.55088 6
vertex 2.73552 73.67472000000001 6
endloop
endfacet
facet normal 0 0 1
outer loop
vertex 53.28432 73.55088 6
vertex 53.29584 73.4256 6
vertex 54.80016 73.4256 6
endloop
endfacet
facet normal 0 0 1
outer loop
vertex 53.28432 73.55088 6
vertex 54.80016 73.4256 6
vertex 54.80016 73.55088 6
endloop
endfacet
facet normal 0 0 1
outer loop
vertex 1.2 73.55088 6
vertex 1.2 73.4256 6
vertex 2.70384 73.4256 6
endloop
endfacet
facet normal 0 0 1
outer loop
vertex 1.2 73.55088 6
vertex 2.70384 73.4256 6
vertex 2.71584 73.55088 6
endloop
endfacet
facet normal 0 0 1
outer loop
vertex 53.29584 73.4256 6
vertex 53.30016 73.29984 6
vertex 54.80016 73.29984 6
endloop
endfacet
facet normal 0 0 1
outer loop
vertex 53.29584 73.4256 6
vertex 54.80016 73.29984 6
vertex 54.80016 73.4256 6
endloop
endfacet
facet normal 0 0 1
outer loop
vertex 1.2 73.4256 6
vertex 1.2 73.29984 6
vertex 2.7 73.29984 6
endloop
endfacet
facet normal 0 0 0.9999999999999999
outer loop
vertex 1.2 73.4256 6
vertex 2.7 73.29984 6
vertex 2.70384 73.4256 6
endloop
endfacet
facet normal 0 0 0.9999999999999999
outer loop
vertex 53.30016 73.29984 6
vertex 53.30016 8.700000000000001 6
vertex 54.80016 8.700000000000001 6
endloop
endfacet
facet normal 0 0 0.9999999999999999
outer loop
vertex 53.30016 73.29984 6
vertex 54.80016 8.700000000000001 6
vertex 54.80016 73.29984 6
endloop
endfacet
facet normal 0 0 1
outer loop
vertex 1.2 73.29984 6
vertex 1.2 8.700000000000001 6
vertex 2.7 8.700000000000001 6
endloop
endfacet
facet normal 0 0 1
outer loop
vertex 1.2 73.29984 6
vertex 2.7 8.700000000000001 6
vertex 2.7 73.29984 6
endloop
endfacet
facet normal 0 0 1
outer loop
vertex 53.30016 8.700000000000001 6
vertex 53.29584 8.57424 6
vertex 54.80016 8.57424 6
endloop
endfacet
facet normal 0 0 1
outer loop
vertex 53.30016 8.700000000000001 6
vertex 54.80016 8.57424 6
vertex 54.80016 8.700000000000001 6
endloop
endfacet
facet normal 0 0 1
outer loop
vertex 1.2 8.700000000000001 6
vertex 1.2 8.57424 6
vertex 2.70384 8.57424 6
endloop
endfacet
facet normal 0 0 1
outer loop
vertex 1.2 8.700000000000001 6
vertex 2.70384 8.57424 6
vertex 2.7 8.700000000000001 6
endloop
endfacet
facet normal 0 0 1
outer loop
vertex 53.29584 8.57424 6
vertex 53.28432 8.449440000000001 6
vertex 54.80016 8.449440000000001 6
endloop
endfacet
facet normal 0 0 0.9999999999999999
outer loop
vertex 53.29584 8.57424 6
vertex 54.80016 8.449440000000001 6
vertex 54.80016 8.57424 6
endloop
endfacet
facet normal 0 0 0.9999999999999999
outer loop
vertex 1.2 8.57424 6
vertex 1.2 8.449440000000001 6
vertex 2.71584 8.449440000000001 6
endloop
endfacet
facet normal 0 0 1
outer loop
vertex 1.2 8.57424 6
vertex 2.71584 8.449440000000001 6
vertex 2.70384 8.57424 6
endloop
endfacet
facet normal 0 0 1
outer loop
vertex 53.28432 8.449440000000001 6
vertex 53.26464 8.32512 6
vertex 54.80016 8.32512 6
endloop
endfacet
facet normal 0 0 1
outer loop
vertex 53.28432 8.449440000000001 6
vertex 54.80016 8.32512 6
vertex 54.80016 8.449440000000001 6
endloop
endfacet
facet normal 0 0 0.9999999999999999
outer loop
vertex 1.2 8.449440000000001 6
vertex 1.2 8.32512 6
vertex 2.73552 8.32512 6
endloop
endfacet
facet normal 0 0 1
outer loop
vertex 1.2 8.449440000000001 6
vertex 2.73552 8.32512 6
vertex 2.71584 8.449440000000001 6
endloop
endfacet
facet normal 0 0 1
outer loop
vertex 53.26464 8.32512 6
vertex 53.23728 8.20272 6
vertex 54.80016 8.20272 6
endloop
endfacet
facet normal 0 0 1
outer loop
vertex 53.26464 8.32512 6
vertex 54.80016 8.20272 6
vertex 54.80016 8.32512 6
endloop
endfacet
facet normal 0 0 1
outer loop
vertex 1.2 8.32512 6
vertex 1.2 8.20272 6
vertex 2.76288 8.20272 6
endloop
endfacet
facet normal 0 0 1
outer loop
vertex 1.2 8.32512 6
vertex 2.76288 8.20272 6
vertex 2.73552 8.32512 6
endloop
endfacet
facet normal 0 0 1
outer loop
vertex 53.23728 8.20272 6
vertex 53.20224 8.081760000000001 6
vertex 54.80016 8.081760000000001 6
endloop
endfacet
facet normal 0 0 1
outer loop
vertex 53.23728 8.20272 6
vertex 54.80016 8.081760000000001 6
vertex 54.80016 8.20272 6
endloop
endfacet
facet normal 0 0 1
outer loop
vertex 1.2 8.20272 6
vertex 1.2 8.081760000000001 6
vertex 2.79792 8.081760000000001 6
endloop
endfacet
facet normal 0 0 1
outer loop
vertex 1.2 8.20272 6
vertex 2.79792 8.081760000000001 6
vertex 2.76288 8.20272 6
endloop
endfacet
facet normal 0 0 0.9999999999999999
outer loop
vertex 53.20224 8.081760000000001 6
vertex 53.15952 7.96368 6
vertex 54.80016 7.96368 6
endloop
endfacet
facet normal 0 0 1
outer loop
vertex 53.20224 8.081760000000001 6
vertex 54.80016 7.96368 6
vertex 54.80016 8.081760000000001 6
endloop
endfacet
facet normal 0 0 1
outer loop
vertex 1.2 8.081760000000001 6
vertex 1.2 7.96368 6
vertex 2.84064 7.96368 6
endloop
endfacet
facet normal 0 0 1
outer loop
vertex 1.2 8.081760000000001 6
vertex 2.84064 7.96368 6
vertex 2.79792 8.081760000000001 6
endloop
endfacet
facet normal 0 0 1
outer loop
vertex 53.15952 7.96368 6
vertex 53.1096 7.84848 6
vertex 54.80016 7.84848 6
endloop
endfacet
facet normal 0 0 0.9999999999999999
outer loop
vertex 53.15952 7.96368 6
vertex 54.80016 7.84848 6
vertex 54.80016 7.96368 6
endloop
endfacet
facet normal 0 0 1
outer loop
vertex 1.2 7.96368 6
vertex 1.2 7.84848 6
vertex 2.8905600000000002 7.84848 6
endloop
endfacet
facet normal 0 0 1
outer loop
vertex 1.2 7.96368 6
vertex 2.8905600000000002 7.84848 6
vertex 2.84064 7.96368 6
endloop
endfacet
facet normal 0 0 1
outer loop
vertex 53.1096 7.84848 6
vertex 53.05248 7.73664 6
vertex 54.80016 7.73664 6
endloop
endfacet
facet normal 0 0 1
outer loop
vertex 53.1096 7.84848 6
vertex 54.80016 7.73664 6
vertex 54.80016 7.84848 6
endloop
endfacet
facet normal 0 0 1
outer loop
vertex 1.2 7.84848 6
vertex 1.2 7.73664 6
vertex 2.9472 7.73664 6
endloop
endfacet
facet normal 0 0 0.9999999999999999
outer loop
vertex 1.2 7.84848 6
vertex 2.9472 7.73664 6
vertex 2.8905600000000002 7.84848 6
endloop
endfacet
facet normal 0 0 1
outer loop
vertex 53.05248 7.73664 6
vertex 52.988640000000004 7.62816 6
vertex 54.80016 7.62816 6
endloop
endfacet
facet normal 0 0 1
outer loop
vertex 53.05248 7.73664 6
vertex 54.80016 7.62816 6
vertex 54.80016 7.73664 6
endloop
endfacet
facet normal 0 0 0.9999999999999999
outer loop
vertex 1.2 7.73664 6
vertex 1.2 7.62816 6
vertex 3.01152 7.62816 6
endloop
endfacet
facet normal 0 0 1
outer loop
vertex 1.2 7.73664 6
vertex 3.01152 7.62816 6
vertex 2.9472 7.73664 6
endloop
endfacet
facet normal 0 0 1
outer loop
vertex 52.988640000000004 7.62816 6
vertex 52.91808 7.5244800000000005 6
vertex 54.80016 7.5244800000000005 6
endloop
endfacet
facet normal 0 0 1
outer loop
vertex 52.988640000000004 7.62816 6
vertex 54.80016 7.5244800000000005 6
vertex 54.80016 7.62816 6
endloop
endfacet
facet normal 0 0 1
outer loop
vertex 1.2 7.62816 6
vertex 1.2 7.5244800000000005 6
vertex 3.08208 7.5244800000000005 6
endloop
endfacet
facet normal 0 0 0.9999999999999999
outer loop
vertex 1.2 7.62816 6
vertex 3.08208 7.5244800000000005 6
vertex 3.01152 7.62816 6
endloop
endfacet
facet normal 0 0 1
outer loop
vertex 52.91808 7.5244800000000005 6
vertex 52.8408 7.425120000000001 6
vertex 54.80016 7.425120000000001 6
endloop
endfacet
facet normal 0 0 0.9999999999999999
outer loop
vertex 52.91808 7.5244800000000005 6
vertex 54.80016 7.425120000000001 6
vertex 54.80016 7.5244800000000005 6
endloop
endfacet
facet normal 0 0 1
outer loop
vertex 1.2 7.5244800000000005 6
vertex 1.2 7.425120000000001 6
vertex 3.15888 7.425120000000001 6
endloop
endfacet
facet normal 0 0 1
outer loop
vertex 1.2 7.5244800000000005 6
vertex 3.15888 7.425120000000001 6
vertex 3.08208 7.5244800000000005 6
endloop
endfacet
facet normal 0 0 1
outer loop
vertex 52.8408 7.425120000000001 6
vertex 52.757760000000005 7.33104 6
vertex 54.80016 7.33104 6
endloop
endfacet
facet normal 0 0 1
outer loop
vertex 52.8408 7.425120000000001 6
vertex 54.80016 7.33104 6
vertex 54.80016 7.425120000000001 6
endloop
endfacet
facet normal 0 0 1
outer loop
vertex 1.2 7.425120000000001 6
vertex 1.2 7.33104 6
vertex 3.24192 7.33104 6
endloop
endfacet
facet normal 0 0 1
outer loop
vertex 1.2 7.425120000000001 6
vertex 3.24192 7.33104 6
vertex 3.15888 7.425120000000001 6
endloop
endfacet
facet normal 0 0 1
outer loop
vertex 52.757760000000005 7.33104 6
vertex 52.66896 7.24224 6
vertex 54.80016 7.24224 6
endloop
endfacet
facet normal 0 0 1
outer loop
vertex 52.757760000000005 7.33104 6
vertex 54.80016 7.24224 6
vertex 54.80016 7.33104 6
endloop
endfacet
facet normal 0 0 0.9999999999999999
outer loop
vertex 1.2 7.33104 6
vertex 1.2 7.24224 6
vertex 3.33072 7.24224 6
endloop
endfacet
facet normal 0 0 0.9999999999999999
outer loop
vertex 1.2 7.33104 6
vertex 3.33072 7.24224 6
vertex 3.24192 7.33104 6
endloop
endfacet
facet normal 0 0 0.9999999999999999
outer loop
vertex 53.92848 7.20048 6
vertex 52.66896 7.24224 6
vertex 52.57488 7.1592 6
endloop
endfacet
facet normal 0 0 1
outer loop
vertex 53.92848 7.20048 6
vertex 52.57488 7.1592 6
vertex 54.79872 7.1592 6
endloop
endfacet
facet normal 0 0 1
outer loop
vertex 53.92848 7.20048 6
vertex 54.79872 7.1592 6
vertex 54.80016 7.2 6
endloop
endfacet
facet normal 0 0 1
outer loop
vertex 53.92848 7.20048 6
vertex 54.80016 7.2 6
vertex 54.80016 7.24224 6
endloop
endfacet
facet normal 0 0 0.9999999999999999
outer loop
vertex 53.92848 7.20048 6
vertex 54.80016 7.24224 6
vertex 52.66896 7.24224 6
endloop
endfacet
facet normal 0 0 1
outer loop
vertex 2.07168 7.20048 6
vertex 1.2 7.24224 6
vertex 1.2 7.2 6
endloop
endfacet
facet normal 0 0 1
outer loop
vertex 2.07168 7.20048 6
vertex 1.2 7.2 6
vertex 1.20144 7.1592 6
endloop
endfacet
facet normal 0 0 1
outer loop
vertex 2.07168 7.20048 6
vertex 1.20144 7.1592 6
vertex 3.42528 7.1592 6
endloop
endfacet
facet normal 0 0 1
outer loop
vertex 2.07168 7.20048 6
vertex 3.42528 7.1592 6
vertex 3.33072 7.24224 6
endloop
endfacet
facet normal 0 0 1
outer loop
vertex 2.07168 7.20048 6
vertex 3.33072 7.24224 6
vertex 1.2 7.24224 6
endloop
endfacet
facet normal 0 0 1
outer loop
vertex 52.57488 7.1592 6
vertex 52.47552 7.08192 6
vertex 54.79632 7.08192 6
endloop
endfacet
facet normal 0 0 1
outer loop
vertex 52.57488 7.1592 6
vertex 54.79632 7.08192 6
vertex 54.79872 7.1592 6
endloop
endfacet
facet normal 0 0 1
outer loop
vertex 1.20144 7.1592 6
vertex 1.20384 7.08192 6
vertex 3.52464 7.08192 6
endloop
endfacet
facet normal 0 0 1
outer loop
vertex 1.20144 7.1592 6
vertex 3.52464 7.08192 6
vertex 3.42528 7.1592 6
endloop
endfacet
facet normal 0 0 1
outer loop
vertex 53.84592 7.05216 6
vertex 52.47552 7.08192 6
vertex 52.37184 7.01136 6
endloop
endfacet
facet normal 0 0 1
outer loop
vertex 53.84592 7.05216 6
vertex 52.37184 7.01136 6
vertex 54.79008 7.01136 6
endloop
endfacet
facet normal 0 0 1
outer loop
vertex 53.84592 7.05216 6
vertex 54.79008 7.01136 6
vertex 54.79584 7.0742400000000005 6
endloop
endfacet
facet normal 0 0 0.9999999999999999
outer loop
vertex 53.84592 7.05216 6
vertex 54.79584 7.0742400000000005 6
vertex 54.79632 7.08192 6
endloop
endfacet
facet normal 0 0 1
outer loop
vertex 53.84592 7.05216 6
vertex 54.79632 7.08192 6
vertex 52.47552 7.08192 6
endloop
endfacet
facet normal 0 0 1
outer loop
vertex 2.15424 7.05216 6
vertex 1.20384 7.08192 6
vertex 1.20384 7.0742400000000005 6
endloop
endfacet
facet normal 0 0 0.9999999999999999
outer loop
vertex 2.15424 7.05216 6
vertex 1.20384 7.0742400000000005 6
vertex 1.21008 7.01136 6
endloop
endfacet
facet normal 0 0 0.9999999999999999
outer loop
vertex 2.15424 7.05216 6
vertex 1.21008 7.01136 6
vertex 3.62832 7.01136 6
endloop
endfacet
facet normal 0 0 1
outer loop
vertex 2.15424 7.05216 6
vertex 3.62832 7.01136 6
vertex 3.52464 7.08192 6
endloop
endfacet
facet normal 0 0 1
outer loop
vertex 2.15424 7.05216 6
vertex 3.52464 7.08192 6
vertex 1.20384 7.08192 6
endloop
endfacet
facet normal 0 0 1
outer loop
vertex 53.798880000000004 6.97344 6
vertex 52.37184 7.01136 6
vertex 52.26336 6.94752 6
endloop
endfacet
facet normal 0 0 1
outer loop
vertex 53.798880000000004 6.97344 6
vertex 52.26336 6.94752 6
vertex 54.78384 6.94752 6
endloop
endfacet
facet normal 0 0 1
outer loop
vertex 53.798880000000004 6.97344 6
vertex 54.78384 6.94752 6
vertex 54.78432 6.94944 6
endloop
endfacet
facet normal 0 0 1
outer loop
vertex 53.798880000000004 6.97344 6
vertex 54.78432 6.94944 6
vertex 54.79008 7.01136 6
endloop
endfacet
facet normal 0 0 1
outer loop
vertex 53.798880000000004 6.97344 6
vertex 54.79008 7.01136 6
vertex 52.37184 7.01136 6
endloop
endfacet
facet normal 0 0 1
outer loop
vertex 2.20128 6.97344 6
vertex 1.21008 7.01136 6
vertex 1.21584 6.94944 6
endloop
endfacet
facet normal 0 0 1
outer loop
vertex 2.20128 6.97344 6
vertex 1.21584 6.94944 6
vertex 1.21584 6.94752 6
endloop
endfacet
facet normal 0 0 1
outer loop
vertex 2.20128 6.97344 6
vertex 1.21584 6.94752 6
vertex 3.73632 6.94752 6
endloop
endfacet
facet normal 0 0 1
outer loop
vertex 2.20128 6.97344 6
vertex 3.73632 6.94752 6
vertex 3.62832 7.01136 6
endloop
endfacet
facet normal 0 0 1
outer loop
vertex 2.20128 6.97344 6
vertex 3.62832 7.01136 6
vertex 1.21008 7.01136 6
endloop
endfacet
facet normal 0 0 1
outer loop
vertex 52.26336 6.94752 6
vertex 52.15152 6.8904000000000005 6
vertex 54.77472 6.8904000000000005 6
endloop
endfacet
facet normal 0 0 1
outer loop
vertex 52.26336 6.94752 6
vertex 54.77472 6.8904000000000005 6
vertex 54.78384 6.94752 6
endloop
endfacet
facet normal 0 0 1
outer loop
vertex 1.21584 6.94752 6
vertex 1.22496 6.8904000000000005 6
vertex 3.84864 6.8904000000000005 6
endloop
endfacet
facet normal 0 0 1
outer loop
vertex 1.21584 6.94752 6
vertex 3.84864 6.8904000000000005 6
vertex 3.73632 6.94752 6
endloop
endfacet
facet normal 0 0 1
outer loop
vertex 52.15152 6.8904000000000005 6
vertex 52.03632 6.84048 6
vertex 54.76704 6.84048 6
endloop
endfacet
facet normal 0 0 1
outer loop
vertex 52.15152 6.8904000000000005 6
vertex 54.76704 6.84048 6
vertex 54.77472 6.8904000000000005 6
endloop
endfacet
facet normal 0 0 1
outer loop
vertex 1.22496 6.8904000000000005 6
vertex 1.23312 6.84048 6
vertex 3.9638400000000003 6.84048 6
endloop
endfacet
facet normal 0 0 1
outer loop
vertex 1.22496 6.8904000000000005 6
vertex 3.9638400000000003 6.84048 6
vertex 3.84864 6.8904000000000005 6
endloop
endfacet
facet normal 0 0 1
outer loop
vertex 53.64912 6.820320000000001 6
vertex 52.03632 6.84048 6
vertex 51.918240000000004 6.79776 6
endloop
endfacet
facet normal 0 0 1
outer loop
vertex 53.64912 6.820320000000001 6
vertex 51.918240000000004 6.79776 6
vertex 54.7584 6.79776 6
endloop
endfacet
facet normal 0 0 1
outer loop
vertex 53.64912 6.820320000000001 6
vertex 54.7584 6.79776 6
vertex 54.76464 6.82512 6
endloop
endfacet
facet normal 0 0 1
outer loop
vertex 53.64912 6.820320000000001 6
vertex 54.76464 6.82512 6
vertex 54.76704 6.84048 6
endloop
endfacet
facet normal 0 0 0.9999999999999999
outer loop
vertex 53.64912 6.820320000000001 6
vertex 54.76704 6.84048 6
vertex 52.03632 6.84048 6
endloop
endfacet
facet normal 0 0 1
outer loop
vertex 2.3510400000000002 6.820320000000001 6
vertex 1.23312 6.84048 6
vertex 1.23552 6.82512 6
endloop
endfacet
facet normal 0 0 1
outer loop
vertex 2.3510400000000002 6.820320000000001 6
vertex 1.23552 6.82512 6
vertex 1.24176 6.79776 6
endloop
endfacet
facet normal 0 0 1
outer loop
vertex 2.3510400000000002 6.820320000000001 6
vertex 1.24176 6.79776 6
vertex 4.08192 6.79776 6
endloop
endfacet
facet normal 0 0 1
outer loop
vertex 2.3510400000000002 6.820320000000001 6
vertex 4.08192 6.79776 6
vertex 3.9638400000000003 6.84048 6
endloop
endfacet
facet normal 0 0 1
outer loop
vertex 2.3510400000000002 6.820320000000001 6
vertex 3.9638400000000003 6.84048 6
vertex 1.23312 6.84048 6
endloop
endfacet
facet normal 0 0 0.9999999999999999
outer loop
vertex 51.918240000000004 6.79776 6
vertex 51.79728 6.76272 6
vertex 54.75072 6.76272 6
endloop
endfacet
facet normal 0 0 1
outer loop
vertex 51.918240000000004 6.79776 6
vertex 54.75072 6.76272 6
vertex 54.7584 6.79776 6
endloop
endfacet
facet normal 0 0 1
outer loop
vertex 1.24176 6.79776 6
vertex 1.24944 6.76272 6
vertex 4.2024 6.76272 6
endloop
endfacet
facet normal 0 0 0.9999999999999999
outer loop
vertex 1.24176 6.79776 6
vertex 4.2024 6.76272 6
vertex 4.08192 6.79776 6
endloop
endfacet
facet normal 0 0 1
outer loop
vertex 51.79728 6.76272 6
vertex 51.67488 6.73536 6
vertex 54.74448 6.73536 6
endloop
endfacet
facet normal 0 0 1
outer loop
vertex 51.79728 6.76272 6
vertex 54.74448 6.73536 6
vertex 54.75072 6.76272 6
endloop
endfacet
facet normal 0 0 1
outer loop
vertex 1.24944 6.76272 6
vertex 1.2556800000000001 6.73536 6
vertex 4.32528 6.73536 6
endloop
endfacet
facet normal 0 0 1
outer loop
vertex 1.24944 6.76272 6
vertex 4.32528 6.73536 6
vertex 4.2024 6.76272 6
endloop
endfacet
facet normal 0 0 1
outer loop
vertex 51.67488 6.73536 6
vertex 51.550560000000004 6.71568 6
vertex 54.74016 6.71568 6
endloop
endfacet
facet normal 0 0 1
outer loop
vertex 51.67488 6.73536 6
vertex 54.74016 6.71568 6
vertex 54.74448 6.73536 6
endloop
endfacet
facet normal 0 0 1
outer loop
vertex 1.2556800000000001 6.73536 6
vertex 1.26 6.71568 6
vertex 4.44912 6.71568 6
endloop
endfacet
facet normal 0 0 1
outer loop
vertex 1.2556800000000001 6.73536 6
vertex 4.44912 6.71568 6
vertex 4.32528 6.73536 6
endloop
endfacet
facet normal 0 0 1
outer loop
vertex 51.550560000000004 6.71568 6
vertex 51.425760000000004 6.70416 6
vertex 54.73728 6.70416 6
endloop
endfacet
facet normal 0 0 0.9999999999999999
outer loop
vertex 51.550560000000004 6.71568 6
vertex 54.73728 6.70416 6
vertex 54.74016 6.71568 6
endloop
endfacet
facet normal 0 0 1
outer loop
vertex 1.26 6.71568 6
vertex 1.2624 6.70416 6
vertex 4.5744 6.70416 6
endloop
endfacet
facet normal 0 0 1
outer loop
vertex 1.26 6.71568 6
vertex 4.5744 6.70416 6
vertex 4.44912 6.71568 6
endloop
endfacet
facet normal 0 0 1
outer loop
vertex 52.04976 5.95008 6
vertex 51.425760000000004 6.70416 6
vertex 51.174240000000005 6.696 6
endloop
endfacet
facet normal 0 0 0.9999999999999999
outer loop
vertex 52.04976 5.95008 6
vertex 51.174240000000005 6.696 6
vertex 51.049440000000004 6.684 6
endloop
endfacet
facet normal 0 0 1
outer loop
vertex 52.04976 5.95008 6
vertex 51.049440000000004 6.684 6
vertex 50.92512 6.6648000000000005 6
endloop
endfacet
facet normal 0 0 1
outer loop
vertex 52.04976 5.95008 6
vertex 50.92512 6.6648000000000005 6
vertex 50.80272 6.63696 6
endloop
endfacet
facet normal 0 0 1
outer loop
vertex 52.04976 5.95008 6
vertex 50.80272 6.63696 6
vertex 50.681760000000004 6.60192 6
endloop
endfacet
facet normal 0 0 1
outer loop
vertex 52.04976 5.95008 6
vertex 50.681760000000004 6.60192 6
vertex 50.56368 6.55968 6
endloop
endfacet
facet normal 0 0 1
outer loop
vertex 52.04976 5.95008 6
vertex 50.56368 6.55968 6
vertex 50.44848 6.50976 6
endloop
endfacet
facet normal 0 0 1
outer loop
vertex 52.04976 5.95008 6
vertex 50.44848 6.50976 6
vertex 50.33664 6.452640000000001 6
endloop
endfacet
facet normal 0 0 1
outer loop
vertex 52.04976 5.95008 6
vertex 50.33664 6.452640000000001 6
vertex 50.22816 6.3888 6
endloop
endfacet
facet normal 0 0 1
outer loop
vertex 52.04976 5.95008 6
vertex 50.22816 6.3888 6
vertex 50.12448 6.31824 6
endloop
endfacet
facet normal 0 0 1
outer loop
vertex 52.04976 5.95008 6
vertex 50.12448 6.31824 6
vertex 50.02512 6.24096 6
endloop
endfacet
facet normal 0 0 0.9999999999999999
outer loop
vertex 52.04976 5.95008 6
vertex 50.02512 6.24096 6
vertex 49.93104 6.15792 6
endloop
endfacet
facet normal 0 0 1
outer loop
vertex 52.04976 5.95008 6
vertex 49.93104 6.15792 6
vertex 49.842240000000004 6.06912 6
endloop
endfacet
facet normal 0 0 1
outer loop
vertex 52.04976 5.95008 6
vertex 49.842240000000004 6.06912 6
vertex 49.7592 5.97504 6
endloop
endfacet
facet normal 0 0 0.9999999999999999
outer loop
vertex 52.04976 5.95008 6
vertex 49.7592 5.97504 6
vertex 49.68192 5.87568 6
endloop
endfacet
facet normal 0 0 1
outer loop
vertex 52.04976 5.95008 6
vertex 49.68192 5.87568 6
vertex 49.611360000000005 5.77152 6
endloop
endfacet
facet normal 0 0 1
outer loop
vertex 52.04976 5.95008 6
vertex 49.611360000000005 5.77152 6
vertex 49.54752 5.66352 6
endloop
endfacet
facet normal 0 0 1
outer loop
vertex 52.04976 5.95008 6
vertex 49.54752 5.66352 6
vertex 49.4904 5.55168 6
endloop
endfacet
facet normal 0 0 1
outer loop
vertex 52.04976 5.95008 6
vertex 49.4904 5.55168 6
vertex 49.44048 5.43648 6
endloop
endfacet
facet normal 0 0 1
outer loop
vertex 52.04976 5.95008 6
vertex 49.44048 5.43648 6
vertex 49.39776 5.31792 6
endloop
endfacet
facet normal 0 0 1
outer loop
vertex 52.04976 5.95008 6
vertex 49.39776 5.31792 6
vertex 49.36272 5.19744 6
endloop
endfacet
facet normal 0 0 1
outer loop
vertex 52.04976 5.95008 6
vertex 49.36272 5.19744 6
vertex 49.36272 5.196 6
endloop
endfacet
facet normal 0 0 1
outer loop
vertex 52.04976 5.95008 6
vertex 49.36272 5.196 6
vertex 52.674240000000005 5.196 6
endloop
endfacet
facet normal 0 0 1
outer loop
vertex 52.04976 5.95008 6
vertex 52.674240000000005 5.196 6
vertex 52.925760000000004 5.20416 6
endloop
endfacet
facet normal 0 0 1
outer loop
vertex 52.04976 5.95008 6
vertex 52.925760000000004 5.20416 6
vertex 53.050560000000004 5.21568 6
endloop
endfacet
facet normal 0 0 1
outer loop
vertex 52.04976 5.95008 6
vertex 53.050560000000004 5.21568 6
vertex 53.17488 5.23536 6
endloop
endfacet
facet normal 0 0 1
outer loop
vertex 52.04976 5.95008 6
vertex 53.17488 5.23536 6
vertex 53.29728 5.26272 6
endloop
endfacet
facet normal 0 0 1
outer loop
vertex 52.04976 5.95008 6
vertex 53.29728 5.26272 6
vertex 53.418240000000004 5.29776 6
endloop
endfacet
facet normal 0 0 1
outer loop
vertex 52.04976 5.95008 6
vertex 53.418240000000004 5.29776 6
vertex 53.53632 5.34048 6
endloop
endfacet
facet normal 0 0 1
outer loop
vertex 52.04976 5.95008 6
vertex 53.53632 5.34048 6
vertex 53.65152 5.3904000000000005 6
endloop
endfacet
facet normal 0 0 1
outer loop
vertex 52.04976 5.95008 6
vertex 53.65152 5.3904000000000005 6
vertex 53.76336 5.44752 6
endloop
endfacet
facet normal 0 0 1
outer loop
vertex 52.04976 5.95008 6
vertex 53.76336 5.44752 6
vertex 53.87184 5.51136 6
endloop
endfacet
facet normal 0 0 0.9999999999999999
outer loop
vertex 52.04976 5.95008 6
vertex 53.87184 5.51136 6
vertex 53.97552 5.58192 6
endloop
endfacet
facet normal 0 0 1
outer loop
vertex 52.04976 5.95008 6
vertex 53.97552 5.58192 6
vertex 54.07488 5.6592 6
endloop
endfacet
facet normal 0 0 1
outer loop
vertex 52.04976 5.95008 6
vertex 54.07488 5.6592 6
vertex 54.16896 5.74224 6
endloop
endfacet
facet normal 0 0 1
outer loop
vertex 52.04976 5.95008 6
vertex 54.16896 5.74224 6
vertex 54.257760000000005 5.83104 6
endloop
endfacet
facet normal 0 0 1
outer loop
vertex 52.04976 5.95008 6
vertex 54.257760000000005 5.83104 6
vertex 54.3408 5.92512 6
endloop
endfacet
facet normal 0 0 1
outer loop
vertex 52.04976 5.95008 6
vertex 54.3408 5.92512 6
vertex 54.41808 6.0244800000000005 6
endloop
endfacet
facet normal 0 0 1
outer loop
vertex 52.04976 5.95008 6
vertex 54.41808 6.0244800000000005 6
vertex 54.488640000000004 6.12816 6
endloop
endfacet
facet normal 0 0 1
outer loop
vertex 52.04976 5.95008 6
vertex 54.488640000000004 6.12816 6
vertex 54.55248 6.23664 6
endloop
endfacet
facet normal 0 0 1
outer loop
vertex 52.04976 5.95008 6
vertex 54.55248 6.23664 6
vertex 54.6096 6.34848 6
endloop
endfacet
facet normal 0 0 1
outer loop
vertex 52.04976 5.95008 6
vertex 54.6096 6.34848 6
vertex 54.65952 6.46368 6
endloop
endfacet
facet normal 0 0 1
outer loop
vertex 52.04976 5.95008 6
vertex 54.65952 6.46368 6
vertex 54.70224 6.58176 6
endloop
endfacet
facet normal 0 0 1
outer loop
vertex 52.04976 5.95008 6
vertex 54.70224 6.58176 6
vertex 54.73728 6.70272 6
endloop
endfacet
facet normal 0 0 1
outer loop
vertex 52.04976 5.95008 6
vertex 54.73728 6.70272 6
vertex 54.73728 6.70416 6
endloop
endfacet
facet normal 0 0 1
outer loop
vertex 52.04976 5.95008 6
vertex 54.73728 6.70416 6
vertex 51.425760000000004 6.70416 6
endloop
endfacet
facet normal 0 0 1
outer loop
vertex 3.94992 5.95008 6
vertex 1.2624 6.70416 6
vertex 1.26288 6.70272 6
endloop
endfacet
facet normal 0 0 1
outer loop
vertex 3.94992 5.95008 6
vertex 1.26288 6.70272 6
vertex 1.29792 6.58176 6
endloop
endfacet
facet normal 0 0 1
outer loop
vertex 3.94992 5.95008 6
vertex 1.29792 6.58176 6
vertex 1.34064 6.46368 6
endloop
endfacet
facet normal 0 0 1
outer loop
vertex 3.94992 5.95008 6
vertex 1.34064 6.46368 6
vertex 1.39056 6.34848 6
endloop
endfacet
facet normal 0 0 1
outer loop
vertex 3.94992 5.95008 6
vertex 1.39056 6.34848 6
vertex 1.4472 6.23664 6
endloop
endfacet
facet normal 0 0 1
outer loop
vertex 3.94992 5.95008 6
vertex 1.4472 6.23664 6
vertex 1.51152 6.12816 6
endloop
endfacet
facet normal 0 0 0.9999999999999999
outer loop
vertex 3.94992 5.95008 6
vertex 1.51152 6.12816 6
vertex 1.58208 6.0244800000000005 6
endloop
endfacet
facet normal 0 0 1
outer loop
vertex 3.94992 5.95008 6
vertex 1.58208 6.0244800000000005 6
vertex 1.6588800000000001 5.92512 6
endloop
endfacet
facet normal 0 0 1
outer loop
vertex 3.94992 5.95008 6
vertex 1.6588800000000001 5.92512 6
vertex 1.7419200000000001 5.83104 6
endloop
endfacet
facet normal 0 0 1
outer loop
vertex 3.94992 5.95008 6
vertex 1.7419200000000001 5.83104 6
vertex 1.8307200000000001 5.74224 6
endloop
endfacet
facet normal 0 0 1
outer loop
vertex 3.94992 5.95008 6
vertex 1.8307200000000001 5.74224 6
vertex 1.92528 5.6592 6
endloop
endfacet
facet normal 0 0 1
outer loop
vertex 3.94992 5.95008 6
vertex 1.92528 5.6592 6
vertex 2.02464 5.58192 6
endloop
endfacet
facet normal 0 0 1
outer loop
vertex 3.94992 5.95008 6
vertex 2.02464 5.58192 6
vertex 2.12832 5.51136 6
endloop
endfacet
facet normal 0 0 1
outer loop
vertex 3.94992 5.95008 6
vertex 2.12832 5.51136 6
vertex 2.23632 5.44752 6
endloop
endfacet
facet normal 0 0 1
outer loop
vertex 3.94992 5.95008 6
vertex 2.23632 5.44752 6
vertex 2.34864 5.3904000000000005 6
endloop
endfacet
facet normal 0 0 1
outer loop
vertex 3.94992 5.95008 6
vertex 2.34864 5.3904000000000005 6
vertex 2.4638400000000003 5.34048 6
endloop
endfacet
facet normal 0 0 1
outer loop
vertex 3.94992 5.95008 6
vertex 2.4638400000000003 5.34048 6
vertex 2.58192 5.29776 6
endloop
endfacet
facet normal 0 0 1
outer loop
vertex 3.94992 5.95008 6
vertex 2.58192 5.29776 6
vertex 2.7024 5.26272 6
endloop
endfacet
facet normal 0 0 1
outer loop
vertex 3.94992 5.95008 6
vertex 2.7024 5.26272 6
vertex 2.8252800000000002 5.23536 6
endloop
endfacet
facet normal 0 0 1
outer loop
vertex 3.94992 5.95008 6
vertex 2.8252800000000002 5.23536 6
vertex 2.94912 5.21568 6
endloop
endfacet
facet normal 0 0 1
outer loop
vertex 3.94992 5.95008 6
vertex 2.94912 5.21568 6
vertex 3.0744000000000002 5.20416 6
endloop
endfacet
facet normal 0 0 0.9999999999999999
outer loop
vertex 3.94992 5.95008 6
vertex 3.0744000000000002 5.20416 6
vertex 3.32544 5.196 6
endloop
endfacet
facet normal 0 0 1
outer loop
vertex 3.94992 5.95008 6
vertex 3.32544 5.196 6
vertex 6.63744 5.196 6
endloop
endfacet
facet normal 0 0 0.9999999999999999
outer loop
vertex 3.94992 5.95008 6
vertex 6.63744 5.196 6
vertex 6.63696 5.19744 6
endloop
endfacet
facet normal 0 0 1
outer loop
vertex 3.94992 5.95008 6
vertex 6.63696 5.19744 6
vertex 6.60192 5.31792 6
endloop
endfacet
facet normal 0 0 1
outer loop
vertex 3.94992 5.95008 6
vertex 6.60192 5.31792 6
vertex 6.55968 5.43648 6
endloop
endfacet
facet normal 0 0 1
outer loop
vertex 3.94992 5.95008 6
vertex 6.55968 5.43648 6
vertex 6.50976 5.55168 6
endloop
endfacet
facet normal 0 0 0.9999999999999999
outer loop
vertex 3.94992 5.95008 6
vertex 6.50976 5.55168 6
vertex 6.452640000000001 5.66352 6
endloop
endfacet
facet normal 0 0 1
outer loop
vertex 3.94992 5.95008 6
vertex 6.452640000000001 5.66352 6
vertex 6.3888 5.77152 6
endloop
endfacet
facet normal 0 0 1
outer loop
vertex 3.94992 5.95008 6
vertex 6.3888 5.77152 6
vertex 6.31824 5.87568 6
endloop
endfacet
facet normal 0 0 1
outer loop
vertex 3.94992 5.95008 6
vertex 6.31824 5.87568 6
vertex 6.24096 5.97504 6
endloop
endfacet
facet normal 0 0 1
outer loop
vertex 3.94992 5.95008 6
vertex 6.24096 5.97504 6
vertex 6.15792 6.06912 6
endloop
endfacet
facet normal 0 0 1
outer loop
vertex 3.94992 5.95008 6
vertex 6.15792 6.06912 6
vertex 6.06912 6.15792 6
endloop
endfacet
facet normal 0 0 1
outer loop
vertex 3.94992 5.95008 6
vertex 6.06912 6.15792 6
vertex 5.97504 6.24096 6
endloop
endfacet
facet normal 0 0 1
outer loop
vertex 3.94992 5.95008 6
vertex 5.97504 6.24096 6
vertex 5.87568 6.31824 6
endloop
endfacet
facet normal 0 0 1
outer loop
vertex 3.94992 5.95008 6
vertex 5.87568 6.31824 6
vertex 5.77152 6.3888 6
endloop
endfacet
facet normal 0 0 1
outer loop
vertex 3.94992 5.95008 6
vertex 5.77152 6.3888 6
vertex 5.66352 6.452640000000001 6
endloop
endfacet
facet normal 0 0 1
outer loop
vertex 3.94992 5.95008 6
vertex 5.66352 6.452640000000001 6
vertex 5.55168 6.50976 6
endloop
endfacet
facet normal 0 0 1
outer loop
vertex 3.94992 5.95008 6
vertex 5.55168 6.50976 6
vertex 5.43648 6.55968 6
endloop
endfacet
facet normal 0 0 1
outer loop
vertex 3.94992 5.95008 6
vertex 5.43648 6.55968 6
vertex 5.31792 6.60192 6
endloop
endfacet
facet normal 0 0 1
outer loop
vertex 3.94992 5.95008 6
vertex 5.31792 6.60192 6
vertex 5.19744 6.63696 6
endloop
endfacet
facet normal 0 0 1
outer loop
vertex 3.94992 5.95008 6
vertex 5.19744 6.63696 6
vertex 5.07456 6.6648000000000005 6
endloop
endfacet
facet normal 0 0 1
outer loop
vertex 3.94992 5.95008 6
vertex 5.07456 6.6648000000000005 6
vertex 4.9507200000000005 6.684 6
endloop
endfacet
facet normal 0 0 1
outer loop
vertex 3.94992 5.95008 6
vertex 4.9507200000000005 6.684 6
vertex 4.82544 6.696 6
endloop
endfacet
facet normal 0 0 1
outer loop
vertex 3.94992 5.95008 6
vertex 4.82544 6.696 6
vertex 4.5744 6.70416 6
endloop
endfacet
facet normal 0 0 1
outer loop
vertex 3.94992 5.95008 6
vertex 4.5744 6.70416 6
vertex 1.2624 6.70416 6
endloop
endfacet
facet normal 0 0 1
outer loop
vertex 49.36272 5.196 6
vertex 49.35984 5.184 6
vertex 52.549440000000004 5.184 6
endloop
endfacet
facet normal 0 0 1
outer loop
vertex 49.36272 5.196 6
vertex 52.549440000000004 5.184 6
vertex 52.674240000000005 5.196 6
endloop
endfacet
facet normal 0 0 1
outer loop
vertex 3.32544 5.196 6
vertex 3.45072 5.184 6
vertex 6.64032 5.184 6
endloop
endfacet
facet normal 0 0 0.9999999999999999
outer loop
vertex 3.32544 5.196 6
vertex 6.64032 5.184 6
vertex 6.63744 5.196 6
endloop
endfacet
facet normal 0 0 1
outer loop
vertex 49.35984 5.184 6
vertex 49.35552 5.1648000000000005 6
vertex 52.42512 5.1648000000000005 6
endloop
endfacet
facet normal 0 0 1
outer loop
vertex 49.35984 5.184 6
vertex 52.42512 5.1648000000000005 6
vertex 52.549440000000004 5.184 6
endloop
endfacet
facet normal 0 0 1
outer loop
vertex 3.45072 5.184 6
vertex 3.57456 5.1648000000000005 6
vertex 6.64464 5.1648000000000005 6
endloop
endfacet
facet normal 0 0 1
outer loop
vertex 3.45072 5.184 6
vertex 6.64464 5.1648000000000005 6
vertex 6.64032 5.184 6
endloop
endfacet
facet normal 0 0 1
outer loop
vertex 49.35552 5.1648000000000005 6
vertex 49.34928 5.13696 6
vertex 52.30272 5.13696 6
endloop
endfacet
facet normal 0 0 1
outer loop
vertex 49.35552 5.1648000000000005 6
vertex 52.30272 5.13696 6
vertex 52.42512 5.1648000000000005 6
endloop
endfacet
facet normal 0 0 1
outer loop
vertex 3.57456 5.1648000000000005 6
vertex 3.6974400000000003 5.13696 6
vertex 6.6504 5.13696 6
endloop
endfacet
facet normal 0 0 1
outer loop
vertex 3.57456 5.1648000000000005 6
vertex 6.6504 5.13696 6
vertex 6.64464 5.1648000000000005 6
endloop
endfacet
facet normal 0 0 1
outer loop
vertex 49.34928 5.13696 6
vertex 49.3416 5.10192 6
vertex 52.181760000000004 5.10192 6
endloop
endfacet
facet normal 0 0 1
outer loop
vertex 49.34928 5.13696 6
vertex 52.181760000000004 5.10192 6
vertex 52.30272 5.13696 6
endloop
endfacet
facet normal 0 0 1
outer loop
vertex 3.6974400000000003 5.13696 6
vertex 3.81792 5.10192 6
vertex 6.6585600000000005 5.10192 6
endloop
endfacet
facet normal 0 0 1
outer loop
vertex 3.6974400000000003 5.13696 6
vertex 6.6585600000000005 5.10192 6
vertex 6.6504 5.13696 6
endloop
endfacet
facet normal 0 0 0.9999999999999999
outer loop
vertex 50.45088 5.07936 6
vertex 49.3416 5.10192 6
vertex 49.33536 5.07456 6
endloop
endfacet
facet normal 0 0 1
outer loop
vertex 50.45088 5.07936 6
vertex 49.33536 5.07456 6
vertex 49.33296 5.05968 6
endloop
endfacet
facet normal 0 0 1
outer loop
vertex 50.45088 5.07936 6
vertex 49.33296 5.05968 6
vertex 52.06368 5.05968 6
endloop
endfacet
facet normal 0 0 1
outer loop
vertex 50.45088 5.07936 6
vertex 52.06368 5.05968 6
vertex 52.181760000000004 5.10192 6
endloop
endfacet
facet normal 0 0 1
outer loop
vertex 50.45088 5.07936 6
vertex 52.181760000000004 5.10192 6
vertex 49.3416 5.10192 6
endloop
endfacet
facet normal 0 0 1
outer loop
vertex 5.5488 5.07936 6
vertex 3.81792 5.10192 6
vertex 3.93648 5.05968 6
endloop
endfacet
facet normal 0 0 1
outer loop
vertex 5.5488 5.07936 6
vertex 3.93648 5.05968 6
vertex 6.6672 5.05968 6
endloop
endfacet
facet normal 0 0 1
outer loop
vertex 5.5488 5.07936 6
vertex 6.6672 5.05968 6
vertex 6.6648000000000005 5.07456 6
endloop
endfacet
facet normal 0 0 1
outer loop
vertex 5.5488 5.07936 6
vertex 6.6648000000000005 5.07456 6
vertex 6.6585600000000005 5.10192 6
endloop
endfacet
facet normal 0 0 1
outer loop
vertex 5.5488 5.07936 6
vertex 6.6585600000000005 5.10192 6
vertex 3.81792 5.10192 6
endloop
endfacet
facet normal 0 0 1
outer loop
vertex 49.33296 5.05968 6
vertex 49.32528 5.00976 6
vertex 51.94848 5.00976 6
endloop
endfacet
facet normal 0 0 1
outer loop
vertex 49.33296 5.05968 6
vertex 51.94848 5.00976 6
vertex 52.06368 5.05968 6
endloop
endfacet
facet normal 0 0 1
outer loop
vertex 3.93648 5.05968 6
vertex 4.05168 5.00976 6
vertex 6.67488 5.00976 6
endloop
endfacet
facet normal 0 0 1
outer loop
vertex 3.93648 5.05968 6
vertex 6.67488 5.00976 6
vertex 6.6672 5.05968 6
endloop
endfacet
facet normal 0 0 1
outer loop
vertex 49.32528 5.00976 6
vertex 49.31616 4.95264 6
vertex 51.83664 4.95264 6
endloop
endfacet
facet normal 0 0 1
outer loop
vertex 49.32528 5.00976 6
vertex 51.83664 4.95264 6
vertex 51.94848 5.00976 6
endloop
endfacet
facet normal 0 0 1
outer loop
vertex 4.05168 5.00976 6
vertex 4.16352 4.95264 6
vertex 6.684 4.95264 6
endloop
endfacet
facet normal 0 0 1
outer loop
vertex 4.05168 5.00976 6
vertex 6.684 4.95264 6
vertex 6.67488 5.00976 6
endloop
endfacet
facet normal 0 0 1
outer loop
vertex 50.301120000000004 4.92672 6
vertex 49.31616 4.95264 6
vertex 49.31568 4.9507200000000005 6
endloop
endfacet
facet normal 0 0 1
outer loop
vertex 50.301120000000004 4.92672 6
vertex 49.31568 4.9507200000000005 6
vertex 49.30992 4.8888 6
endloop
endfacet
facet normal 0 0 1
outer loop
vertex 50.301120000000004 4.92672 6
vertex 49.30992 4.8888 6
vertex 51.72816 4.8888 6
endloop
endfacet
facet normal 0 0 1
outer loop
vertex 50.301120000000004 4.92672 6
vertex 51.72816 4.8888 6
vertex 51.83664 4.95264 6
endloop
endfacet
facet normal 0 0 1
outer loop
vertex 50.301120000000004 4.92672 6
vertex 51.83664 4.95264 6
vertex 49.31616 4.95264 6
endloop
endfacet
facet normal 0 0 1
outer loop
vertex 5.6985600000000005 4.92672 6
vertex 4.16352 4.95264 6
vertex 4.27152 4.8888 6
endloop
endfacet
facet normal 0 0 0.9999999999999999
outer loop
vertex 5.6985600000000005 4.92672 6
vertex 4.27152 4.8888 6
vertex 6.69024 4.8888 6
endloop
endfacet
facet normal 0 0 1
outer loop
vertex 5.6985600000000005 4.92672 6
vertex 6.69024 4.8888 6
vertex 6.684 4.9507200000000005 6
endloop
endfacet
facet normal 0 0 0.9999999999999999
outer loop
vertex 5.6985600000000005 4.92672 6
vertex 6.684 4.9507200000000005 6
vertex 6.684 4.95264 6
endloop
endfacet
facet normal 0 0 1
outer loop
vertex 5.6985600000000005 4.92672 6
vertex 6.684 4.95264 6
vertex 4.16352 4.95264 6
endloop
endfacet
facet normal 0 0 1
outer loop
vertex 50.25408 4.848 6
vertex 49.30992 4.8888 6
vertex 49.30416 4.82544 6
endloop
endfacet
facet normal 0 0 1
outer loop
vertex 50.25408 4.848 6
vertex 49.30416 4.82544 6
vertex 49.30368 4.81824 6
endloop
endfacet
facet normal 0 0 1
outer loop
vertex 50.25408 4.848 6
vertex 49.30368 4.81824 6
vertex 51.62448 4.81824 6
endloop
endfacet
facet normal 0 0 1
outer loop
vertex 50.25408 4.848 6
vertex 51.62448 4.81824 6
vertex 51.72816 4.8888 6
endloop
endfacet
facet normal 0 0 1
outer loop
vertex 50.25408 4.848 6
vertex 51.72816 4.8888 6
vertex 49.30992 4.8888 6
endloop
endfacet
facet normal 0 0 0.9999999999999999
outer loop
vertex 5.74608 4.848 6
vertex 4.27152 4.8888 6
vertex 4.37568 4.81824 6
endloop
endfacet
facet normal 0 0 1
outer loop
vertex 5.74608 4.848 6
vertex 4.37568 4.81824 6
vertex 6.69648 4.81824 6
endloop
endfacet
facet normal 0 0 1
outer loop
vertex 5.74608 4.848 6
vertex 6.69648 4.81824 6
vertex 6.696 4.82544 6
endloop
endfacet
facet normal 0 0 0.9999999999999999
outer loop
vertex 5.74608 4.848 6
vertex 6.696 4.82544 6
vertex 6.69024 4.8888 6
endloop
endfacet
facet normal 0 0 1
outer loop
vertex 5.74608 4.848 6
vertex 6.69024 4.8888 6
vertex 4.27152 4.8888 6
endloop
endfacet
facet normal 0 0 1
outer loop
vertex 49.30368 4.81824 6
vertex 49.30128 4.74096 6
vertex 51.52512 4.74096 6
endloop
endfacet
facet normal 0 0 1
outer loop
vertex 49.30368 4.81824 6
vertex 51.52512 4.74096 6
vertex 51.62448 4.81824 6
endloop
endfacet
facet normal 0 0 1
outer loop
vertex 4.37568 4.81824 6
vertex 4.47504 4.74096 6
vertex 6.69888 4.74096 6
endloop
endfacet
facet normal 0 0 1
outer loop
vertex 4.37568 4.81824 6
vertex 6.69888 4.74096 6
vertex 6.69648 4.81824 6
endloop
endfacet
facet normal 0 0 1
outer loop
vertex 49.30128 4.74096 6
vertex 49.298880000000004 4.65792 6
vertex 51.43104 4.65792 6
endloop
endfacet
facet normal 0 0 1
outer loop
vertex 49.30128 4.74096 6
vertex 51.43104 4.65792 6
vertex 51.52512 4.74096 6
endloop
endfacet
facet normal 0 0 1
outer loop
vertex 4.47504 4.74096 6
vertex 4.56912 4.65792 6
vertex 6.701280000000001 4.65792 6
endloop
endfacet
facet normal 0 0 1
outer loop
vertex 4.47504 4.74096 6
vertex 6.701280000000001 4.65792 6
vertex 6.69888 4.74096 6
endloop
endfacet
facet normal 0 0 1
outer loop
vertex 49.298880000000004 4.65792 6
vertex 49.296 4.5744 6
vertex 51.34752 4.5744 6
endloop
endfacet
facet normal 0 0 0.9999999999999999
outer loop
vertex 49.298880000000004 4.65792 6
vertex 51.34752 4.5744 6
vertex 51.43104 4.65792 6
endloop
endfacet
facet normal 0 0 1
outer loop
vertex 4.56912 4.65792 6
vertex 4.65264 4.5744 6
vertex 6.70416 4.5744 6
endloop
endfacet
facet normal 0 0 1
outer loop
vertex 4.56912 4.65792 6
vertex 6.70416 4.5744 6
vertex 6.701280000000001 4.65792 6
endloop
endfacet
facet normal 0 0 1
outer loop
vertex 49.296 4.5744 6
vertex 49.29552 4.56912 6
vertex 51.342240000000004 4.56912 6
endloop
endfacet
facet normal 0 0 1
outer loop
vertex 49.296 4.5744 6
vertex 51.342240000000004 4.56912 6
vertex 51.34752 4.5744 6
endloop
endfacet
facet normal 0 0 1
outer loop
vertex 4.65264 4.5744 6
vertex 4.65792 4.56912 6
vertex 6.70464 4.56912 6
endloop
endfacet
facet normal 0 0 0.9999999999999999
outer loop
vertex 4.65264 4.5744 6
vertex 6.70464 4.56912 6
vertex 6.70416 4.5744 6
endloop
endfacet
facet normal 0 0 1
outer loop
vertex 49.29552 4.56912 6
vertex 49.286880000000004 4.47504 6
vertex 51.2592 4.47504 6
endloop
endfacet
facet normal 0 0 1
outer loop
vertex 49.29552 4.56912 6
vertex 51.2592 4.47504 6
vertex 51.342240000000004 4.56912 6
endloop
endfacet
facet normal 0 0 1
outer loop
vertex 4.65792 4.56912 6
vertex 4.74096 4.47504 6
vertex 6.71328 4.47504 6
endloop
endfacet
facet normal 0 0 1
outer loop
vertex 4.65792 4.56912 6
vertex 6.71328 4.47504 6
vertex 6.70464 4.56912 6
endloop
endfacet
facet normal 0 0 1
outer loop
vertex 49.286880000000004 4.47504 6
vertex 49.284 4.44912 6
vertex 51.23904 4.44912 6
endloop
endfacet
facet normal 0 0 1
outer loop
vertex 49.286880000000004 4.47504 6
vertex 51.23904 4.44912 6
vertex 51.2592 4.47504 6
endloop
endfacet
facet normal 0 0 1
outer loop
vertex 4.74096 4.47504 6
vertex 4.76064 4.44912 6
vertex 6.71568 4.44912 6
endloop
endfacet
facet normal 0 0 1
outer loop
vertex 4.74096 4.47504 6
vertex 6.71568 4.44912 6
vertex 6.71328 4.47504 6
endloop
endfacet
facet normal 0 0 1
outer loop
vertex 49.284 4.44912 6
vertex 49.27248 4.37568 6
vertex 51.18192 4.37568 6
endloop
endfacet
facet normal 0 0 1
outer loop
vertex 49.284 4.44912 6
vertex 51.18192 4.37568 6
vertex 51.23904 4.44912 6
endloop
endfacet
facet normal 0 0 0.9999999999999999
outer loop
vertex 4.76064 4.44912 6
vertex 4.81824 4.37568 6
vertex 6.72768 4.37568 6
endloop
endfacet
facet normal 0 0 1
outer loop
vertex 4.76064 4.44912 6
vertex 6.72768 4.37568 6
vertex 6.71568 4.44912 6
endloop
endfacet
facet normal 0 0 0.9999999999999999
outer loop
vertex 49.27248 4.37568 6
vertex 49.2648 4.32528 6
vertex 51.14784 4.32528 6
endloop
endfacet
facet normal 0 0 1
outer loop
vertex 49.27248 4.37568 6
vertex 51.14784 4.32528 6
vertex 51.18192 4.37568 6
endloop
endfacet
facet normal 0 0 1
outer loop
vertex 4.81824 4.37568 6
vertex 4.85232 4.32528 6
vertex 6.73536 4.32528 6
endloop
endfacet
facet normal 0 0 1
outer loop
vertex 4.81824 4.37568 6
vertex 6.73536 4.32528 6
vertex 6.72768 4.37568 6
endloop
endfacet
facet normal 0 0 1
outer loop
vertex 49.2648 4.32528 6
vertex 49.2528 4.27152 6
vertex 51.111360000000005 4.27152 6
endloop
endfacet
facet normal 0 0 1
outer loop
vertex 49.2648 4.32528 6
vertex 51.111360000000005 4.27152 6
vertex 51.14784 4.32528 6
endloop
endfacet
facet normal 0 0 1
outer loop
vertex 4.85232 4.32528 6
vertex 4.8888 4.27152 6
vertex 6.7473600000000005 4.27152 6
endloop
endfacet
facet normal 0 0 1
outer loop
vertex 4.85232 4.32528 6
vertex 6.7473600000000005 4.27152 6
vertex 6.73536 4.32528 6
endloop
endfacet
facet normal 0 0 1
outer loop
vertex 49.2528 4.27152 6
vertex 49.23696 4.2024 6
vertex 51.07056 4.2024 6
endloop
endfacet
facet normal 0 0 1
outer loop
vertex 49.2528 4.27152 6
vertex 51.07056 4.2024 6
vertex 51.111360000000005 4.27152 6
endloop
endfacet
facet normal 0 0 1
outer loop
vertex 4.8888 4.27152 6
vertex 4.9296 4.2024 6
vertex 6.76272 4.2024 6
endloop
endfacet
facet normal 0 0 1
outer loop
vertex 4.8888 4.27152 6
vertex 6.76272 4.2024 6
vertex 6.7473600000000005 4.27152 6
endloop
endfacet
facet normal 0 0 1
outer loop
vertex 49.23696 4.2024 6
vertex 49.22592 4.16352 6
vertex 51.04752 4.16352 6
endloop
endfacet
facet normal 0 0 1
outer loop
vertex 49.23696 4.2024 6
vertex 51.04752 4.16352 6
vertex 51.07056 4.2024 6
endloop
endfacet
facet normal 0 0 1
outer loop
vertex 4.9296 4.2024 6
vertex 4.95264 4.16352 6
vertex 6.77424 4.16352 6
endloop
endfacet
facet normal 0 0 1
outer loop
vertex 4.9296 4.2024 6
vertex 6.77424 4.16352 6
vertex 6.76272 4.2024 6
endloop
endfacet
facet normal 0 0 1
outer loop
vertex 49.22592 4.16352 6
vertex 49.20192 4.08192 6
vertex 51.00576 4.08192 6
endloop
endfacet
facet normal 0 0 1
outer loop
vertex 49.22592 4.16352 6
vertex 51.00576 4.08192 6
vertex 51.04752 4.16352 6
endloop
endfacet
facet normal 0 0 1
outer loop
vertex 4.95264 4.16352 6
vertex 4.9944 4.08192 6
vertex 6.79776 4.08192 6
endloop
endfacet
facet normal 0 0 1
outer loop
vertex 4.95264 4.16352 6
vertex 6.79776 4.08192 6
vertex 6.77424 4.16352 6
endloop
endfacet
facet normal 0 0 1
outer loop
vertex 49.20192 4.08192 6
vertex 49.19136 4.05168 6
vertex 50.9904 4.05168 6
endloop
endfacet
facet normal 0 0 1
outer loop
vertex 49.20192 4.08192 6
vertex 50.9904 4.05168 6
vertex 51.00576 4.08192 6
endloop
endfacet
facet normal 0 0 1
outer loop
vertex 4.9944 4.08192 6
vertex 5.00976 4.05168 6
vertex 6.8088 4.05168 6
endloop
endfacet
facet normal 0 0 1
outer loop
vertex 4.9944 4.08192 6
vertex 6.8088 4.05168 6
vertex 6.79776 4.08192 6
endloop
endfacet
facet normal 0 0 1
outer loop
vertex 49.19136 4.05168 6
vertex 49.15968 3.9638400000000003 6
vertex 50.95248 3.9638400000000003 6
endloop
endfacet
facet normal 0 0 1
outer loop
vertex 49.19136 4.05168 6
vertex 50.95248 3.9638400000000003 6
vertex 50.9904 4.05168 6
endloop
endfacet
facet normal 0 0 0.9999999999999999
outer loop
vertex 5.00976 4.05168 6
vertex 5.04768 3.9638400000000003 6
vertex 6.84048 3.9638400000000003 6
endloop
endfacet
facet normal 0 0 0.9999999999999999
outer loop
vertex 5.00976 4.05168 6
vertex 6.84048 3.9638400000000003 6
vertex 6.8088 4.05168 6
endloop
endfacet
facet normal 0 0 1
outer loop
vertex 49.15968 3.9638400000000003 6
vertex 49.14768 3.93648 6
vertex 50.94048 3.93648 6
endloop
endfacet
facet normal 0 0 1
outer loop
vertex 49.15968 3.9638400000000003 6
vertex 50.94048 3.93648 6
vertex 50.95248 3.9638400000000003 6
endloop
endfacet
facet normal 0 0 0.9999999999999999
outer loop
vertex 5.04768 3.9638400000000003 6
vertex 5.05968 3.93648 6
vertex 6.85248 3.93648 6
endloop
endfacet
facet normal 0 0 1
outer loop
vertex 5.04768 3.9638400000000003 6
vertex 6.85248 3.93648 6
vertex 6.84048 3.9638400000000003 6
endloop
endfacet
facet normal 0 0 1
outer loop
vertex 49.14768 3.93648 6
vertex 49.10976 3.84864 6
vertex 50.9088 3.84864 6
endloop
endfacet
facet normal 0 0 1
outer loop
vertex 49.14768 3.93648 6
vertex 50.9088 3.84864 6
vertex 50.94048 3.93648 6
endloop
endfacet
facet normal 0 0 1
outer loop
vertex 5.05968 3.93648 6
vertex 5.09136 3.84864 6
vertex 6.8904000000000005 3.84864 6
endloop
endfacet
facet normal 0 0 1
outer loop
vertex 5.05968 3.93648 6
vertex 6.8904000000000005 3.84864 6
vertex 6.85248 3.93648 6
endloop
endfacet
facet normal 0 0 0.9999999999999999
outer loop
vertex 49.10976 3.84864 6
vertex 49.0944 3.81792 6
vertex 50.89776 3.81792 6
endloop
endfacet
facet normal 0 0 1
outer loop
vertex 49.10976 3.84864 6
vertex 50.89776 3.81792 6
vertex 50.9088 3.84864 6
endloop
endfacet
facet normal 0 0 1
outer loop
vertex 5.09136 3.84864 6
vertex 5.10192 3.81792 6
vertex 6.90576 3.81792 6
endloop
endfacet
facet normal 0 0 1
outer loop
vertex 5.09136 3.84864 6
vertex 6.90576 3.81792 6
vertex 6.8904000000000005 3.84864 6
endloop
endfacet
facet normal 0 0 1
outer loop
vertex 49.0944 3.81792 6
vertex 49.052640000000004 3.73632 6
vertex 50.87424 3.73632 6
endloop
endfacet
facet normal 0 0 1
outer loop
vertex 49.0944 3.81792 6
vertex 50.87424 3.73632 6
vertex 50.89776 3.81792 6
endloop
endfacet
facet normal 0 0 1
outer loop
vertex 5.10192 3.81792 6
vertex 5.12592 3.73632 6
vertex 6.94752 3.73632 6
endloop
endfacet
facet normal 0 0 1
outer loop
vertex 5.10192 3.81792 6
vertex 6.94752 3.73632 6
vertex 6.90576 3.81792 6
endloop
endfacet
facet normal 0 0 1
outer loop
vertex 49.052640000000004 3.73632 6
vertex 49.0296 3.6974400000000003 6
vertex 50.86272 3.6974400000000003 6
endloop
endfacet
facet normal 0 0 1
outer loop
vertex 49.052640000000004 3.73632 6
vertex 50.86272 3.6974400000000003 6
vertex 50.87424 3.73632 6
endloop
endfacet
facet normal 0 0 1
outer loop
vertex 5.12592 3.73632 6
vertex 5.13696 3.6974400000000003 6
vertex 6.97056 3.6974400000000003 6
endloop
endfacet
facet normal 0 0 1
outer loop
vertex 5.12592 3.73632 6
vertex 6.97056 3.6974400000000003 6
vertex 6.94752 3.73632 6
endloop
endfacet
facet normal 0 0 1
outer loop
vertex 49.0296 3.6974400000000003 6
vertex 48.988800000000005 3.62832 6
vertex 50.84736 3.62832 6
endloop
endfacet
facet normal 0 0 1
outer loop
vertex 49.0296 3.6974400000000003 6
vertex 50.84736 3.62832 6
vertex 50.86272 3.6974400000000003 6
endloop
endfacet
facet normal 0 0 1
outer loop
vertex 5.13696 3.6974400000000003 6
vertex 5.1528 3.62832 6
vertex 7.01136 3.62832 6
endloop
endfacet
facet normal 0 0 1
outer loop
vertex 5.13696 3.6974400000000003 6
vertex 7.01136 3.62832 6
vertex 6.97056 3.6974400000000003 6
endloop
endfacet
facet normal 0 0 1
outer loop
vertex 48.988800000000005 3.62832 6
vertex 48.95232 3.57456 6
vertex 50.83536 3.57456 6
endloop
endfacet
facet normal 0 0 1
outer loop
vertex 48.988800000000005 3.62832 6
vertex 50.83536 3.57456 6
vertex 50.84736 3.62832 6
endloop
endfacet
facet normal 0 0 0.9999999999999999
outer loop
vertex 5.1528 3.62832 6
vertex 5.1648000000000005 3.57456 6
vertex 7.04784 3.57456 6
endloop
endfacet
facet normal 0 0 1
outer loop
vertex 5.1528 3.62832 6
vertex 7.04784 3.57456 6
vertex 7.01136 3.62832 6
endloop
endfacet
facet normal 0 0 1
outer loop
vertex 48.95232 3.57456 6
vertex 48.918240000000004 3.52464 6
vertex 50.82768 3.52464 6
endloop
endfacet
facet normal 0 0 1
outer loop
vertex 48.95232 3.57456 6
vertex 50.82768 3.52464 6
vertex 50.83536 3.57456 6
endloop
endfacet
facet normal 0 0 1
outer loop
vertex 5.1648000000000005 3.57456 6
vertex 5.17248 3.52464 6
vertex 7.08192 3.52464 6
endloop
endfacet
facet normal 0 0 1
outer loop
vertex 5.1648000000000005 3.57456 6
vertex 7.08192 3.52464 6
vertex 7.04784 3.57456 6
endloop
endfacet
facet normal 0 0 0.9999999999999999
outer loop
vertex 48.918240000000004 3.52464 6
vertex 48.860640000000004 3.45072 6
vertex 50.81568 3.45072 6
endloop
endfacet
facet normal 0 0 1
outer loop
vertex 48.918240000000004 3.52464 6
vertex 50.81568 3.45072 6
vertex 50.82768 3.52464 6
endloop
endfacet
facet normal 0 0 1
outer loop
vertex 5.17248 3.52464 6
vertex 5.184 3.45072 6
vertex 7.1390400000000005 3.45072 6
endloop
endfacet
facet normal 0 0 1
outer loop
vertex 5.17248 3.52464 6
vertex 7.1390400000000005 3.45072 6
vertex 7.08192 3.52464 6
endloop
endfacet
facet normal 0 0 1
outer loop
vertex 48.860640000000004 3.45072 6
vertex 48.84096 3.42528 6
vertex 50.81328 3.42528 6
endloop
endfacet
facet normal 0 0 1
outer loop
vertex 48.860640000000004 3.45072 6
vertex 50.81328 3.42528 6
vertex 50.81568 3.45072 6
endloop
endfacet
facet normal 0 0 0.9999999999999999
outer loop
vertex 5.184 3.45072 6
vertex 5.18688 3.42528 6
vertex 7.1592 3.42528 6
endloop
endfacet
facet normal 0 0 1
outer loop
vertex 5.184 3.45072 6
vertex 7.1592 3.42528 6
vertex 7.1390400000000005 3.45072 6
endloop
endfacet
facet normal 0 0 1
outer loop
vertex 48.84096 3.42528 6
vertex 48.75792 3.33072 6
vertex 50.80464 3.33072 6
endloop
endfacet
facet normal 0 0 1
outer loop
vertex 48.84096 3.42528 6
vertex 50.80464 3.33072 6
vertex 50.81328 3.42528 6
endloop
endfacet
facet normal 0 0 1
outer loop
vertex 5.18688 3.42528 6
vertex 5.19552 3.33072 6
vertex 7.24224 3.33072 6
endloop
endfacet
facet normal 0 0 1
outer loop
vertex 5.18688 3.42528 6
vertex 7.24224 3.33072 6
vertex 7.1592 3.42528 6
endloop
endfacet
facet normal 0 0 1
outer loop
vertex 48.75792 3.33072 6
vertex 48.75264 3.32544 6
vertex 50.80416 3.32544 6
endloop
endfacet
facet normal 0 0 1
outer loop
vertex 48.75792 3.33072 6
vertex 50.80416 3.32544 6
vertex 50.80464 3.33072 6
endloop
endfacet
facet normal 0 0 0.9999999999999999
outer loop
vertex 5.19552 3.33072 6
vertex 5.196 3.32544 6
vertex 7.24752 3.32544 6
endloop
endfacet
facet normal 0 0 1
outer loop
vertex 5.19552 3.33072 6
vertex 7.24752 3.32544 6
vertex 7.24224 3.33072 6
endloop
endfacet
facet normal 0 0 0.9999999999999999
outer loop
vertex 48.75264 3.32544 6
vertex 48.66912 3.24192 6
vertex 50.80128 3.24192 6
endloop
endfacet
facet normal 0 0 1
outer loop
vertex 48.75264 3.32544 6
vertex 50.80128 3.24192 6
vertex 50.80416 3.32544 6
endloop
endfacet
facet normal 0 0 0.9999999999999999
outer loop
vertex 5.196 3.32544 6
vertex 5.19888 3.24192 6
vertex 7.33104 3.24192 6
endloop
endfacet
facet normal 0 0 1
outer loop
vertex 5.196 3.32544 6
vertex 7.33104 3.24192 6
vertex 7.24752 3.32544 6
endloop
endfacet
facet normal 0 0 1
outer loop
vertex 48.66912 3.24192 6
vertex 48.57504 3.15888 6
vertex 50.798880000000004 3.15888 6
endloop
endfacet
facet normal 0 0 1
outer loop
vertex 48.66912 3.24192 6
vertex 50.798880000000004 3.15888 6
vertex 50.80128 3.24192 6
endloop
endfacet
facet normal 0 0 1
outer loop
vertex 5.19888 3.24192 6
vertex 5.201280000000001 3.15888 6
vertex 7.425120000000001 3.15888 6
endloop
endfacet
facet normal 0 0 1
outer loop
vertex 5.19888 3.24192 6
vertex 7.425120000000001 3.15888 6
vertex 7.33104 3.24192 6
endloop
endfacet
facet normal 0 0 1
outer loop
vertex 48.57504 3.15888 6
vertex 48.475680000000004 3.08208 6
vertex 50.79648 3.08208 6
endloop
endfacet
facet normal 0 0 1
outer loop
vertex 48.57504 3.15888 6
vertex 50.79648 3.08208 6
vertex 50.798880000000004 3.15888 6
endloop
endfacet
facet normal 0 0 1
outer loop
vertex 5.201280000000001 3.15888 6
vertex 5.20368 3.08208 6
vertex 7.5244800000000005 3.08208 6
endloop
endfacet
facet normal 0 0 1
outer loop
vertex 5.201280000000001 3.15888 6
vertex 7.5244800000000005 3.08208 6
vertex 7.425120000000001 3.15888 6
endloop
endfacet
facet normal 0 0 1
outer loop
vertex 49.84608 3.05232 6
vertex 48.475680000000004 3.08208 6
vertex 48.371520000000004 3.01152 6
endloop
endfacet
facet normal 0 0 1
outer loop
vertex 49.84608 3.05232 6
vertex 48.371520000000004 3.01152 6
vertex 50.790240000000004 3.01152 6
endloop
endfacet
facet normal 0 0 0.9999999999999999
outer loop
vertex 49.84608 3.05232 6
vertex 50.790240000000004 3.01152 6
vertex 50.796 3.0744000000000002 6
endloop
endfacet
facet normal 0 0 1
outer loop
vertex 49.84608 3.05232 6
vertex 50.796 3.0744000000000002 6
vertex 50.79648 3.08208 6
endloop
endfacet
facet normal 0 0 1
outer loop
vertex 49.84608 3.05232 6
vertex 50.79648 3.08208 6
vertex 48.475680000000004 3.08208 6
endloop
endfacet
facet normal 0 0 1
outer loop
vertex 6.15408 3.05232 6
vertex 5.20368 3.08208 6
vertex 5.20416 3.0744000000000002 6
endloop
endfacet
facet normal 0 0 1
outer loop
vertex 6.15408 3.05232 6
vertex 5.20416 3.0744000000000002 6
vertex 5.20992 3.01152 6
endloop
endfacet
facet normal 0 0 0.9999999999999999
outer loop
vertex 6.15408 3.05232 6
vertex 5.20992 3.01152 6
vertex 7.62816 3.01152 6
endloop
endfacet
facet normal 0 0 1
outer loop
vertex 6.15408 3.05232 6
vertex 7.62816 3.01152 6
vertex 7.5244800000000005 3.08208 6
endloop
endfacet
facet normal 0 0 1
outer loop
vertex 6.15408 3.05232 6
vertex 7.5244800000000005 3.08208 6
vertex 5.20368 3.08208 6
endloop
endfacet
facet normal 0 0 1
outer loop
vertex 49.79856 2.97312 6
vertex 48.371520000000004 3.01152 6
vertex 48.26352 2.9472 6
endloop
endfacet
facet normal 0 0 1
outer loop
vertex 49.79856 2.97312 6
vertex 48.26352 2.9472 6
vertex 50.784 2.9472 6
endloop
endfacet
facet normal 0 0 1
outer loop
vertex 49.79856 2.97312 6
vertex 50.784 2.9472 6
vertex 50.784 2.94912 6
endloop
endfacet
facet normal 0 0 1
outer loop
vertex 49.79856 2.97312 6
vertex 50.784 2.94912 6
vertex 50.790240000000004 3.01152 6
endloop
endfacet
facet normal 0 0 1
outer loop
vertex 49.79856 2.97312 6
vertex 50.790240000000004 3.01152 6
vertex 48.371520000000004 3.01152 6
endloop
endfacet
facet normal 0 0 1
outer loop
vertex 6.20112 2.97312 6
vertex 5.20992 3.01152 6
vertex 5.21568 2.94912 6
endloop
endfacet
facet normal 0 0 0.9999999999999999
outer loop
vertex 6.20112 2.97312 6
vertex 5.21568 2.94912 6
vertex 5.21616 2.9472 6
endloop
endfacet
facet normal 0 0 1
outer loop
vertex 6.20112 2.97312 6
vertex 5.21616 2.9472 6
vertex 7.73664 2.9472 6
endloop
endfacet
facet normal 0 0 1
outer loop
vertex 6.20112 2.97312 6
vertex 7.73664 2.9472 6
vertex 7.62816 3.01152 6
endloop
endfacet
facet normal 0 0 1
outer loop
vertex 6.20112 2.97312 6
vertex 7.62816 3.01152 6
vertex 5.20992 3.01152 6
endloop
endfacet
facet normal 0 0 1
outer loop
vertex 48.26352 2.9472 6
vertex 48.15168 2.8905600000000002 6
vertex 50.77488 2.8905600000000002 6
endloop
endfacet
facet normal 0 0 1
outer loop
vertex 48.26352 2.9472 6
vertex 50.77488 2.8905600000000002 6
vertex 50.784 2.9472 6
endloop
endfacet
facet normal 0 0 1
outer loop
vertex 5.21616 2.9472 6
vertex 5.22528 2.8905600000000002 6
vertex 7.84848 2.8905600000000002 6
endloop
endfacet
facet normal 0 0 1
outer loop
vertex 5.21616 2.9472 6
vertex 7.84848 2.8905600000000002 6
vertex 7.73664 2.9472 6
endloop
endfacet
facet normal 0 0 1
outer loop
vertex 48.15168 2.8905600000000002 6
vertex 48.036480000000005 2.84064 6
vertex 50.7672 2.84064 6
endloop
endfacet
facet normal 0 0 1
outer loop
vertex 48.15168 2.8905600000000002 6
vertex 50.7672 2.84064 6
vertex 50.77488 2.8905600000000002 6
endloop
endfacet
facet normal 0 0 1
outer loop
vertex 5.22528 2.8905600000000002 6
vertex 5.23296 2.84064 6
vertex 7.96368 2.84064 6
endloop
endfacet
facet normal 0 0 1
outer loop
vertex 5.22528 2.8905600000000002 6
vertex 7.96368 2.84064 6
vertex 7.84848 2.8905600000000002 6
endloop
endfacet
facet normal 0 0 1
outer loop
vertex 49.6488 2.82048 6
vertex 48.036480000000005 2.84064 6
vertex 47.91792 2.79792 6
endloop
endfacet
facet normal 0 0 1
outer loop
vertex 49.6488 2.82048 6
vertex 47.91792 2.79792 6
vertex 50.75856 2.79792 6
endloop
endfacet
facet normal 0 0 1
outer loop
vertex 49.6488 2.82048 6
vertex 50.75856 2.79792 6
vertex 50.7648 2.8252800000000002 6
endloop
endfacet
facet normal 0 0 1
outer loop
vertex 49.6488 2.82048 6
vertex 50.7648 2.8252800000000002 6
vertex 50.7672 2.84064 6
endloop
endfacet
facet normal 0 0 0.9999999999999999
outer loop
vertex 49.6488 2.82048 6
vertex 50.7672 2.84064 6
vertex 48.036480000000005 2.84064 6
endloop
endfacet
facet normal 0 0 1
outer loop
vertex 6.35088 2.82048 6
vertex 5.23296 2.84064 6
vertex 5.23536 2.8252800000000002 6
endloop
endfacet
facet normal 0 0 1
outer loop
vertex 6.35088 2.82048 6
vertex 5.23536 2.8252800000000002 6
vertex 5.2416 2.79792 6
endloop
endfacet
facet normal 0 0 1
outer loop
vertex 6.35088 2.82048 6
vertex 5.2416 2.79792 6
vertex 8.081760000000001 2.79792 6
endloop
endfacet
facet normal 0 0 1
outer loop
vertex 6.35088 2.82048 6
vertex 8.081760000000001 2.79792 6
vertex 7.96368 2.84064 6
endloop
endfacet
facet normal 0 0 1
outer loop
vertex 6.35088 2.82048 6
vertex 7.96368 2.84064 6
vertex 5.23296 2.84064 6
endloop
endfacet
facet normal 0 0 1
outer loop
vertex 47.91792 2.79792 6
vertex 47.79744 2.76288 6
vertex 50.7504 2.76288 6
endloop
endfacet
facet normal 0 0 1
outer loop
vertex 47.91792 2.79792 6
vertex 50.7504 2.76288 6
vertex 50.75856 2.79792 6
endloop
endfacet
facet normal 0 0 1
outer loop
vertex 5.2416 2.79792 6
vertex 5.24928 2.76288 6
vertex 8.20272 2.76288 6
endloop
endfacet
facet normal 0 0 1
outer loop
vertex 5.2416 2.79792 6
vertex 8.20272 2.76288 6
vertex 8.081760000000001 2.79792 6
endloop
endfacet
facet normal 0 0 1
outer loop
vertex 47.79744 2.76288 6
vertex 47.67456 2.73552 6
vertex 50.744640000000004 2.73552 6
endloop
endfacet
facet normal 0 0 1
outer loop
vertex 47.79744 2.76288 6
vertex 50.744640000000004 2.73552 6
vertex 50.7504 2.76288 6
endloop
endfacet
facet normal 0 0 1
outer loop
vertex 5.24928 2.76288 6
vertex 5.25552 2.73552 6
vertex 8.32512 2.73552 6
endloop
endfacet
facet normal 0 0 1
outer loop
vertex 5.24928 2.76288 6
vertex 8.32512 2.73552 6
vertex 8.20272 2.76288 6
endloop
endfacet
facet normal 0 0 1
outer loop
vertex 47.67456 2.73552 6
vertex 47.55072 2.71584 6
vertex 50.740320000000004 2.71584 6
endloop
endfacet
facet normal 0 0 1
outer loop
vertex 47.67456 2.73552 6
vertex 50.740320000000004 2.71584 6
vertex 50.744640000000004 2.73552 6
endloop
endfacet
facet normal 0 0 1
outer loop
vertex 5.25552 2.73552 6
vertex 5.2598400000000005 2.71584 6
vertex 8.449440000000001 2.71584 6
endloop
endfacet
facet normal 0 0 1
outer loop
vertex 5.25552 2.73552 6
vertex 8.449440000000001 2.71584 6
vertex 8.32512 2.73552 6
endloop
endfacet
facet normal 0 0 1
outer loop
vertex 47.55072 2.71584 6
vertex 47.42544 2.70384 6
vertex 50.73744 2.70384 6
endloop
endfacet
facet normal 0 0 1
outer loop
vertex 47.55072 2.71584 6
vertex 50.73744 2.70384 6
vertex 50.740320000000004 2.71584 6
endloop
endfacet
facet normal 0 0 1
outer loop
vertex 5.2598400000000005 2.71584 6
vertex 5.26272 2.70384 6
vertex 8.57424 2.70384 6
endloop
endfacet
facet normal 0 0 1
outer loop
vertex 5.2598400000000005 2.71584 6
vertex 8.57424 2.70384 6
vertex 8.449440000000001 2.71584 6
endloop
endfacet
facet normal 0 0 1
outer loop
vertex 49.3872 2.70192 6
vertex 47.42544 2.70384 6
vertex 47.30016 2.7 6
endloop
endfacet
facet normal 0 0 1
outer loop
vertex 49.3872 2.70192 6
vertex 47.30016 2.7 6
vertex 50.73648 2.7 6
endloop
endfacet
facet normal 0 0 1
outer loop
vertex 49.3872 2.70192 6
vertex 50.73648 2.7 6
vertex 50.73696 2.7024 6
endloop
endfacet
facet normal 0 0 1
outer loop
vertex 49.3872 2.70192 6
vertex 50.73696 2.7024 6
vertex 50.73744 2.70384 6
endloop
endfacet
facet normal 0 0 1
outer loop
vertex 49.3872 2.70192 6
vertex 50.73744 2.70384 6
vertex 47.42544 2.70384 6
endloop
endfacet
facet normal 0 0 1
outer loop
vertex 6.612480000000001 2.70192 6
vertex 5.26272 2.70384 6
vertex 5.26272 2.7024 6
endloop
endfacet
facet normal 0 0 1
outer loop
vertex 6.612480000000001 2.70192 6
vertex 5.26272 2.7024 6
vertex 5.26368 2.7 6
endloop
endfacet
facet normal 0 0 1
outer loop
vertex 6.612480000000001 2.70192 6
vertex 5.26368 2.7 6
vertex 8.700000000000001 2.7 6
endloop
endfacet
facet normal 0 0 1
outer loop
vertex 6.612480000000001 2.70192 6
vertex 8.700000000000001 2.7 6
vertex 8.57424 2.70384 6
endloop
endfacet
facet normal 0 0 1
outer loop
vertex 6.612480000000001 2.70192 6
vertex 8.57424 2.70384 6
vertex 5.26272 2.70384 6
endloop
endfacet
facet normal 0 0 1
outer loop
vertex 27.99984 1.7836800000000002 6
vertex 47.30016 2.7 6
vertex 8.700000000000001 2.7 6
endloop
endfacet
facet normal 0 0 1
outer loop
vertex 27.99984 1.7836800000000002 6
vertex 8.700000000000001 2.7 6
vertex 5.26368 2.7 6
endloop
endfacet
facet normal 0 0 1
outer loop
vertex 27.99984 1.7836800000000002 6
vertex 5.26368 2.7 6
vertex 5.29776 2.58192 6
endloop
endfacet
facet normal 0 0 0.9999999999999999
outer loop
vertex 27.99984 1.7836800000000002 6
vertex 5.29776 2.58192 6
vertex 5.34048 2.4638400000000003 6
endloop
endfacet
facet normal 0 0 1
outer loop
vertex 27.99984 1.7836800000000002 6
vertex 5.34048 2.4638400000000003 6
vertex 5.3904000000000005 2.34864 6
endloop
endfacet
facet normal 0 0 1
outer loop
vertex 27.99984 1.7836800000000002 6
vertex 5.3904000000000005 2.34864 6
vertex 5.44752 2.23632 6
endloop
endfacet
facet normal 0 0 1
outer loop
vertex 27.99984 1.7836800000000002 6
vertex 5.44752 2.23632 6
vertex 5.51136 2.12832 6
endloop
endfacet
facet normal 0 0 1
outer loop
vertex 27.99984 1.7836800000000002 6
vertex 5.51136 2.12832 6
vertex 5.58192 2.02464 6
endloop
endfacet
facet normal 0 0 1
outer loop
vertex 27.99984 1.7836800000000002 6
vertex 5.58192 2.02464 6
vertex 5.6592 1.92528 6
endloop
endfacet
facet normal 0 0 1
outer loop
vertex 27.99984 1.7836800000000002 6
vertex 5.6592 1.92528 6
vertex 5.74224 1.8307200000000001 6
endloop
endfacet
facet normal 0 0 1
outer loop
vertex 27.99984 1.7836800000000002 6
vertex 5.74224 1.8307200000000001 6
vertex 5.83104 1.7419200000000001 6
endloop
endfacet
facet normal 0 0 1
outer loop
vertex 27.99984 1.7836800000000002 6
vertex 5.83104 1.7419200000000001 6
vertex 5.92512 1.6588800000000001 6
endloop
endfacet
facet normal 0 0 0.9999999999999999
outer loop
vertex 27.99984 1.7836800000000002 6
vertex 5.92512 1.6588800000000001 6
vertex 6.0244800000000005 1.58208 6
endloop
endfacet
facet normal 0 0 1
outer loop
vertex 27.99984 1.7836800000000002 6
vertex 6.0244800000000005 1.58208 6
vertex 6.12816 1.51152 6
endloop
endfacet
facet normal 0 0 1
outer loop
vertex 27.99984 1.7836800000000002 6
vertex 6.12816 1.51152 6
vertex 6.23664 1.4472 6
endloop
endfacet
facet normal 0 0 1
outer loop
vertex 27.99984 1.7836800000000002 6
vertex 6.23664 1.4472 6
vertex 6.34848 1.39056 6
endloop
endfacet
facet normal 0 0 1
outer loop
vertex 27.99984 1.7836800000000002 6
vertex 6.34848 1.39056 6
vertex 6.46368 1.34064 6
endloop
endfacet
facet normal 0 0 1
outer loop
vertex 27.99984 1.7836800000000002 6
vertex 6.46368 1.34064 6
vertex 6.58176 1.29792 6
endloop
endfacet
facet normal 0 0 1
outer loop
vertex 27.99984 1.7836800000000002 6
vertex 6.58176 1.29792 6
vertex 6.70272 1.26288 6
endloop
endfacet
facet normal 0 0 1
outer loop
vertex 27.99984 1.7836800000000002 6
vertex 6.70272 1.26288 6
vertex 6.82512 1.23552 6
endloop
endfacet
facet normal 0 0 1
outer loop
vertex 27.99984 1.7836800000000002 6
vertex 6.82512 1.23552 6
vertex 6.94944 1.21584 6
endloop
endfacet
facet normal 0 0 0.9999999999999999
outer loop
vertex 27.99984 1.7836800000000002 6
vertex 6.94944 1.21584 6
vertex 7.0742400000000005 1.20384 6
endloop
endfacet
facet normal 0 0 1
outer loop
vertex 27.99984 1.7836800000000002 6
vertex 7.0742400000000005 1.20384 6
vertex 7.2 1.2 6
endloop
endfacet
facet normal 0 0 1
outer loop
vertex 27.99984 1.7836800000000002 6
vertex 7.2 1.2 6
vertex 48.80016 1.2 6
endloop
endfacet
facet normal 0 0 1
outer loop
vertex 27.99984 1.7836800000000002 6
vertex 48.80016 1.2 6
vertex 48.92544 1.20384 6
endloop
endfacet
facet normal 0 0 1
outer loop
vertex 27.99984 1.7836800000000002 6
vertex 48.92544 1.20384 6
vertex 49.05072 1.21584 6
endloop
endfacet
facet normal 0 0 1
outer loop
vertex 27.99984 1.7836800000000002 6
vertex 49.05072 1.21584 6
vertex 49.17456 1.23552 6
endloop
endfacet
facet normal 0 0 1
outer loop
vertex 27.99984 1.7836800000000002 6
vertex 49.17456 1.23552 6
vertex 49.29744 1.26288 6
endloop
endfacet
facet normal 0 0 0.9999999999999999
outer loop
vertex 27.99984 1.7836800000000002 6
vertex 49.29744 1.26288 6
vertex 49.41792 1.29792 6
endloop
endfacet
facet normal 0 0 1
outer loop
vertex 27.99984 1.7836800000000002 6
vertex 49.41792 1.29792 6
vertex 49.536480000000005 1.34064 6
endloop
endfacet
facet normal 0 0 1
outer loop
vertex 27.99984 1.7836800000000002 6
vertex 49.536480000000005 1.34064 6
vertex 49.65168 1.39056 6
endloop
endfacet
facet normal 0 0 0.9999999999999999
outer loop
vertex 27.99984 1.7836800000000002 6
vertex 49.65168 1.39056 6
vertex 49.76352 1.4472 6
endloop
endfacet
facet normal 0 0 1
outer loop
vertex 27.99984 1.7836800000000002 6
vertex 49.76352 1.4472 6
vertex 49.871520000000004 1.51152 6
endloop
endfacet
facet normal 0 0 1
outer loop
vertex 27.99984 1.7836800000000002 6
vertex 49.871520000000004 1.51152 6
vertex 49.975680000000004 1.58208 6
endloop
endfacet
facet normal 0 0 1
outer loop
vertex 27.99984 1.7836800000000002 6
vertex 49.975680000000004 1.58208 6
vertex 50.07504 1.6588800000000001 6
endloop
endfacet
facet normal 0 0 1
outer loop
vertex 27.99984 1.7836800000000002 6
vertex 50.07504 1.6588800000000001 6
vertex 50.16912 1.7419200000000001 6
endloop
endfacet
facet normal 0 0 1
outer loop
vertex 27.99984 1.7836800000000002 6
vertex 50.16912 1.7419200000000001 6
vertex 50.25792 1.8307200000000001 6
endloop
endfacet
facet normal 0 0 1
outer loop
vertex 27.99984 1.7836800000000002 6
vertex 50.25792 1.8307200000000001 6
vertex 50.34096 1.92528 6
endloop
endfacet
facet normal 0 0 1
outer loop
vertex 27.99984 1.7836800000000002 6
vertex 50.34096 1.92528 6
vertex 50.418240000000004 2.02464 6
endloop
endfacet
facet normal 0 0 1
outer loop
vertex 27.99984 1.7836800000000002 6
vertex 50.418240000000004 2.02464 6
vertex 50.488800000000005 2.12832 6
endloop
endfacet
facet normal 0 0 1
outer loop
vertex 27.99984 1.7836800000000002 6
vertex 50.488800000000005 2.12832 6
vertex 50.552640000000004 2.23632 6
endloop
endfacet
facet normal 0 0 1
outer loop
vertex 27.99984 1.7836800000000002 6
vertex 50.552640000000004 2.23632 6
vertex 50.60976 2.34864 6
endloop
endfacet
facet normal 0 0 1
outer loop
vertex 27.99984 1.7836800000000002 6
vertex 50.60976 2.34864 6
vertex 50.65968 2.4638400000000003 6
endloop
endfacet
facet normal 0 0 1
outer loop
vertex 27.99984 1.7836800000000002 6
vertex 50.65968 2.4638400000000003 6
vertex 50.70192 2.58192 6
endloop
endfacet
facet normal 0 0 1
outer loop
vertex 27.99984 1.7836800000000002 6
vertex 50.70192 2.58192 6
vertex 50.73648 2.7 6
endloop
endfacet
facet normal 0 0 1
outer loop
vertex 27.99984 1.7836800000000002 6
vertex 50.73648 2.7 6
vertex 47.30016 2.7 6
endloop
endfacet
facet normal -0.9949983293103586 -0.099891564556749 0
outer loop
vertex 3.7502400000000002 2.4998400000000003 0
vertex 3.7502400000000002 2.4998400000000003 2.00016
vertex 3.72576 2.74368 2.00016
endloop
endfacet
facet normal -0.9949983293103586 -0.099891564556749 0
outer loop
vertex 3.7502400000000002 2.4998400000000003 0
vertex 3.72576 2.74368 2.00016
vertex 3.72576 2.74368 0
endloop
endfacet
facet normal -0.9571231196767275 -0.28968143499418303 0
outer loop
vertex 3.72576 2.74368 0
vertex 3.72576 2.74368 2.00016
vertex 3.65472 2.9784 2.00016
endloop
endfacet
facet normal -0.9571231196767275 -0.28968143499418303 0
outer loop
vertex 3.72576 2.74368 0
vertex 3.65472 2.9784 2.00016
vertex 3.65472 2.9784 0
endloop
endfacet
facet normal -0.8823529411764699 -0.47058823529411864 0
outer loop
vertex 3.65472 2.9784 0
vertex 3.65472 2.9784 2.00016
vertex 3.53952 3.1944 2.00016
endloop
endfacet
facet normal -0.8823529411764699 -0.47058823529411864 0
outer loop
vertex 3.65472 2.9784 0
vertex 3.53952 3.1944 2.00016
vertex 3.53952 3.1944 0
endloop
endfacet
facet normal -0.7731718078570657 -0.634196622140986 0
outer loop
vertex 3.53952 3.1944 0
vertex 3.53952 3.1944 2.00016
vertex 3.384 3.384 2.00016
endloop
endfacet
facet normal -0.7731718078570657 -0.634196622140986 0
outer loop
vertex 3.53952 3.1944 0
vertex 3.384 3.384 2.00016
vertex 3.384 3.384 0
endloop
endfacet
facet normal -0.634196622140986 -0.7731718078570657 0
outer loop
vertex 3.384 3.384 0
vertex 3.384 3.384 2.00016
vertex 3.1944 3.53952 2.00016
endloop
endfacet
facet normal -0.634196622140986 -0.7731718078570657 0
outer loop
vertex 3.384 3.384 0
vertex 3.1944 3.53952 2.00016
vertex 3.1944 3.53952 0
endloop
endfacet
facet normal -0.47058823529411864 -0.8823529411764699 0
outer loop
vertex 3.1944 3.53952 0
vertex 3.1944 3.53952 2.00016
vertex 2.9784 3.65472 2.00016
endloop
endfacet
facet normal -0.47058823529411864 -0.8823529411764699 0
outer loop
vertex 3.1944 3.53952 0
vertex 2.9784 3.65472 2.00016
vertex 2.9784 3.65472 0
endloop
endfacet
facet normal -0.28968143499418303 -0.9571231196767275 0
outer loop
vertex 2.9784 3.65472 0
vertex 2.9784 3.65472 2.00016
vertex 2.74368 3.72576 2.00016
endloop
endfacet
facet normal -0.28968143499418303 -0.9571231196767275 0
outer loop
vertex 2.9784 3.65472 0
vertex 2.74368 3.72576 2.00016
vertex 2.74368 3.72576 0
endloop
endfacet
facet normal 0.09989156455674882 -0.9949983293103587 0
outer loop
vertex 2.4998400000000003 3.7502400000000002 0
vertex 2.4998400000000003 3.7502400000000002 2.00016
vertex 2.2560000000000002 3.72576 2.00016
endloop
endfacet
facet normal 0.09989156455674882 -0.9949983293103587 0
outer loop
vertex 2.4998400000000003 3.7502400000000002 0
vertex 2.2560000000000002 3.72576 2.00016
vertex 2.2560000000000002 3.72576 0
endloop
endfacet
facet normal 0.29022509123243845 -0.9569584089285819 0
outer loop
vertex 2.2560000000000002 3.72576 0
vertex 2.2560000000000002 3.72576 2.00016
vertex 2.02176 3.65472 2.00016
endloop
endfacet
facet normal 0.29022509123243845 -0.9569584089285819 0
outer loop
vertex 2.2560000000000002 3.72576 0
vertex 2.02176 3.65472 2.00016
vertex 2.02176 3.65472 0
endloop
endfacet
facet normal 0.4705882352941183 -0.8823529411764702 0
outer loop
vertex 2.02176 3.65472 0
vertex 2.02176 3.65472 2.00016
vertex 1.80576 3.53952 2.00016
endloop
endfacet
facet normal 0.4705882352941183 -0.8823529411764702 0
outer loop
vertex 2.02176 3.65472 0
vertex 1.80576 3.53952 2.00016
vertex 1.80576 3.53952 0
endloop
endfacet
facet normal 0.634196622140986 -0.7731718078570657 0
outer loop
vertex 1.80576 3.53952 0
vertex 1.80576 3.53952 2.00016
vertex 1.61616 3.384 2.00016
endloop
endfacet
facet normal 0.634196622140986 -0.7731718078570657 0
outer loop
vertex 1.80576 3.53952 0
vertex 1.61616 3.384 2.00016
vertex 1.61616 3.384 0
endloop
endfacet
facet normal 0.7731718078570657 -0.634196622140986 0
outer loop
vertex 1.61616 3.384 0
vertex 1.61616 3.384 2.00016
vertex 1.46064 3.1944 2.00016
endloop
endfacet
facet normal 0.7731718078570657 -0.634196622140986 0
outer loop
vertex 1.61616 3.384 0
vertex 1.46064 3.1944 2.00016
vertex 1.46064 3.1944 0
endloop
endfacet
facet normal 0.8815382083324408 -0.47211268490693 0
outer loop
vertex 1.46064 3.1944 0
vertex 1.46064 3.1944 2.00016
vertex 1.34496 2.9784 2.00016
endloop
endfacet
facet normal 0.8815382083324408 -0.47211268490693 0
outer loop
vertex 1.46064 3.1944 0
vertex 1.34496 2.9784 2.00016
vertex 1.34496 2.9784 0
endloop
endfacet
facet normal 0.9571231196767275 -0.28968143499418303 0
outer loop
vertex 1.34496 2.9784 0
vertex 1.34496 2.9784 2.00016
vertex 1.27392 2.74368 2.00016
endloop
endfacet
facet normal 0.9571231196767275 -0.28968143499418303 0
outer loop
vertex 1.34496 2.9784 0
vertex 1.27392 2.74368 2.00016
vertex 1.27392 2.74368 0
endloop
endfacet
facet normal 0.9951911516010016 -0.09795188500009791 0
outer loop
vertex 1.27392 2.74368 0
vertex 1.27392 2.74368 2.00016
vertex 1.2499200000000001 2.4998400000000003 2.00016
endloop
endfacet
facet normal 0.9951911516010016 -0.09795188500009791 0
outer loop
vertex 1.27392 2.74368 0
vertex 1.2499200000000001 2.4998400000000003 2.00016
vertex 1.2499200000000001 2.4998400000000003 0
endloop
endfacet
facet normal 0.9951911516010016 0.09795188500009774 0
outer loop
vertex 1.2499200000000001 2.4998400000000003 0
vertex 1.2499200000000001 2.4998400000000003 2.00016
vertex 1.27392 2.2560000000000002 2.00016
endloop
endfacet
facet normal 0.9951911516010016 0.09795188500009774 0
outer loop
vertex 1.2499200000000001 2.4998400000000003 0
vertex 1.27392 2.2560000000000002 2.00016
vertex 1.27392 2.2560000000000002 0
endloop
endfacet
facet normal 0.9569584089285819 0.29022509123243845 0
outer loop
vertex 1.27392 2.2560000000000002 0
vertex 1.27392 2.2560000000000002 2.00016
vertex 1.34496 2.02176 2.00016
endloop
endfacet
facet normal 0.9569584089285819 0.29022509123243845 0
outer loop
vertex 1.27392 2.2560000000000002 0
vertex 1.34496 2.02176 2.00016
vertex 1.34496 2.02176 0
endloop
endfacet
facet normal 0.8815382083324411 0.47211268490692965 0
outer loop
vertex 1.34496 2.02176 0
vertex 1.34496 2.02176 2.00016
vertex 1.46064 1.80576 2.00016
endloop
endfacet
facet normal 0.8815382083324411 0.47211268490692965 0
outer loop
vertex 1.34496 2.02176 0
vertex 1.46064 1.80576 2.00016
vertex 1.46064 1.80576 0
endloop
endfacet
facet normal 0.7731718078570657 0.634196622140986 0
outer loop
vertex 1.46064 1.80576 0
vertex 1.46064 1.80576 2.00016
vertex 1.61616 1.61616 2.00016
endloop
endfacet
facet normal 0.7731718078570657 0.634196622140986 0
outer loop
vertex 1.46064 1.80576 0
vertex 1.61616 1.61616 2.00016
vertex 1.61616 1.61616 0
endloop
endfacet
facet normal 0.634196622140986 0.7731718078570657 0
outer loop
vertex 1.61616 1.61616 0
vertex 1.61616 1.61616 2.00016
vertex 1.80576 1.46064 2.00016
endloop
endfacet
facet normal 0.634196622140986 0.7731718078570657 0
outer loop
vertex 1.61616 1.61616 0
vertex 1.80576 1.46064 2.00016
vertex 1.80576 1.46064 0
endloop
endfacet
facet normal 0.47211268490692965 0.8815382083324411 0
outer loop
vertex 1.80576 1.46064 0
vertex 1.80576 1.46064 2.00016
vertex 2.02176 1.34496 2.00016
endloop
endfacet
facet normal 0.47211268490692965 0.8815382083324411 0
outer loop
vertex 1.80576 1.46064 0
vertex 2.02176 1.34496 2.00016
vertex 2.02176 1.34496 0
endloop
endfacet
facet normal 0.29022509123243845 0.9569584089285819 0
outer loop
vertex 2.02176 1.34496 0
vertex 2.02176 1.34496 2.00016
vertex 2.2560000000000002 1.27392 2.00016
endloop
endfacet
facet normal 0.29022509123243845 0.9569584089285819 0
outer loop
vertex 2.02176 1.34496 0
vertex 2.2560000000000002 1.27392 2.00016
vertex 2.2560000000000002 1.27392 0
endloop
endfacet
facet normal 0.09795188500009774 0.9951911516010016 0
outer loop
vertex 2.2560000000000002 1.27392 0
vertex 2.2560000000000002 1.27392 2.00016
vertex 2.4998400000000003 1.2499200000000001 2.00016
endloop
endfacet
facet normal 0.09795188500009774 0.9951911516010016 0
outer loop
vertex 2.2560000000000002 1.27392 0
vertex 2.4998400000000003 1.2499200000000001 2.00016
vertex 2.4998400000000003 1.2499200000000001 0
endloop
endfacet
facet normal -0.09795188500009791 0.9951911516010016 0
outer loop
vertex 2.4998400000000003 1.2499200000000001 0
vertex 2.4998400000000003 1.2499200000000001 2.00016
vertex 2.74368 1.27392 2.00016
endloop
endfacet
facet normal -0.09795188500009791 0.9951911516010016 0
outer loop
vertex 2.4998400000000003 1.2499200000000001 0
vertex 2.74368 1.27392 2.00016
vertex 2.74368 1.27392 0
endloop
endfacet
facet normal -0.28968143499418303 0.9571231196767275 0
outer loop
vertex 2.74368 1.27392 0
vertex 2.74368 1.27392 2.00016
vertex 2.9784 1.34496 2.00016
endloop
endfacet
facet normal -0.28968143499418303 0.9571231196767275 0
outer loop
vertex 2.74368 1.27392 0
vertex 2.9784 1.34496 2.00016
vertex 2.9784 1.34496 0
endloop
endfacet
facet normal -0.47211268490693 0.8815382083324408 0
outer loop
vertex 2.9784 1.34496 0
vertex 2.9784 1.34496 2.00016
vertex 3.1944 1.46064 2.00016
endloop
endfacet
facet normal -0.47211268490693 0.8815382083324408 0
outer loop
vertex 2.9784 1.34496 0
vertex 3.1944 1.46064 2.00016
vertex 3.1944 1.46064 0
endloop
endfacet
facet normal -0.634196622140986 0.7731718078570657 0
outer loop
vertex 3.1944 1.46064 0
vertex 3.1944 1.46064 2.00016
vertex 3.384 1.61616 2.00016
endloop
endfacet
facet normal -0.634196622140986 0.7731718078570657 0
outer loop
vertex 3.1944 1.46064 0
vertex 3.384 1.61616 2.00016
vertex 3.384 1.61616 0
endloop
endfacet
facet normal -0.77395729920332 0.6332377902572638 0
outer loop
vertex 3.45312 1.7006400000000002 1.2
vertex 3.384 1.61616 0
vertex 3.384 1.61616 2.00016
endloop
endfacet
facet normal -0.7731825813668624 0.6341834656155224 0.0001667655857848923
outer loop
vertex 3.45312 1.7006400000000002 1.2
vertex 3.384 1.61616 2.00016
vertex 3.4190400000000003 1.6588800000000001 2.00016
endloop
endfacet
facet normal -0.7731686603300225 0.6342004370680892 0.0001682442360482119
outer loop
vertex 3.45312 1.7006400000000002 1.2
vertex 3.4190400000000003 1.6588800000000001 2.00016
vertex 3.53952 1.80576 2.00016
endloop
endfacet
facet normal -0.7725408420731376 0.6349650756765508 0
outer loop
vertex 3.45312 1.7006400000000002 1.2
vertex 3.53952 1.80576 2.00016
vertex 3.53952 1.80576 0
endloop
endfacet
facet normal -0.7731718029429112 0.6341966181101353 -0.00011274606544170115
outer loop
vertex 3.45312 1.7006400000000002 1.2
vertex 3.53952 1.80576 0
vertex 3.384 1.61616 0
endloop
endfacet
facet normal -0.9569584089285819 0.29022509123243845 0
outer loop
vertex 3.65472 2.02176 0
vertex 3.65472 2.02176 2.00016
vertex 3.72576 2.2560000000000002 2.00016
endloop
endfacet
facet normal -0.9569584089285819 0.29022509123243845 0
outer loop
vertex 3.65472 2.02176 0
vertex 3.72576 2.2560000000000002 2.00016
vertex 3.72576 2.2560000000000002 0
endloop
endfacet
facet normal -0.9949983293103587 0.09989156455674882 0
outer loop
vertex 3.72576 2.2560000000000002 0
vertex 3.72576 2.2560000000000002 2.00016
vertex 3.7502400000000002 2.4998400000000003 2.00016
endloop
endfacet
facet normal -0.9949983293103587 0.09989156455674882 0
outer loop
vertex 3.72576 2.2560000000000002 0
vertex 3.7502400000000002 2.4998400000000003 2.00016
vertex 3.7502400000000002 2.4998400000000003 0
endloop
endfacet
facet normal -0.9949983293103599 -0.09989156455673644 0
outer loop
vertex 54.75024 2.4998400000000003 0
vertex 54.75024 2.4998400000000003 2.00016
vertex 54.72576 2.74368 2.00016
endloop
endfacet
facet normal -0.9949983293103599 -0.09989156455673644 0
outer loop
vertex 54.75024 2.4998400000000003 0
vertex 54.72576 2.74368 2.00016
vertex 54.72576 2.74368 0
endloop
endfacet
facet normal -0.9571231196767312 -0.28968143499416965 0
outer loop
vertex 54.72576 2.74368 0
vertex 54.72576 2.74368 2.00016
vertex 54.654720000000005 2.9784 2.00016
endloop
endfacet
facet normal -0.9571231196767312 -0.28968143499416965 0
outer loop
vertex 54.72576 2.74368 0
vertex 54.654720000000005 2.9784 2.00016
vertex 54.654720000000005 2.9784 0
endloop
endfacet
facet normal -0.8823529411764678 -0.4705882352941229 0
outer loop
vertex 54.654720000000005 2.9784 0
vertex 54.654720000000005 2.9784 2.00016
vertex 54.53952 3.1944 2.00016
endloop
endfacet
facet normal -0.8823529411764678 -0.4705882352941229 0
outer loop
vertex 54.654720000000005 2.9784 0
vertex 54.53952 3.1944 2.00016
vertex 54.53952 3.1944 0
endloop
endfacet
facet normal -0.7731718078570605 -0.6341966221409926 0
outer loop
vertex 54.53952 3.1944 0
vertex 54.53952 3.1944 2.00016
vertex 54.384 3.384 2.00016
endloop
endfacet
facet normal -0.7731718078570605 -0.6341966221409926 0
outer loop
vertex 54.53952 3.1944 0
vertex 54.384 3.384 2.00016
vertex 54.384 3.384 0
endloop
endfacet
facet normal -0.6341966221409887 -0.7731718078570635 0
outer loop
vertex 54.384 3.384 0
vertex 54.384 3.384 2.00016
vertex 54.1944 3.53952 2.00016
endloop
endfacet
facet normal -0.6341966221409887 -0.7731718078570635 0
outer loop
vertex 54.384 3.384 0
vertex 54.1944 3.53952 2.00016
vertex 54.1944 3.53952 0
endloop
endfacet
facet normal -0.47058823529411636 -0.8823529411764711 0
outer loop
vertex 54.1944 3.53952 0
vertex 54.1944 3.53952 2.00016
vertex 53.9784 3.65472 2.00016
endloop
endfacet
facet normal -0.47058823529411636 -0.8823529411764711 0
outer loop
vertex 54.1944 3.53952 0
vertex 53.9784 3.65472 2.00016
vertex 53.9784 3.65472 0
endloop
endfacet
facet normal -0.289681434994188 -0.9571231196767258 0
outer loop
vertex 53.9784 3.65472 0
vertex 53.9784 3.65472 2.00016
vertex 53.743680000000005 3.72576 2.00016
endloop
endfacet
facet normal -0.289681434994188 -0.9571231196767258 0
outer loop
vertex 53.9784 3.65472 0
vertex 53.743680000000005 3.72576 2.00016
vertex 53.743680000000005 3.72576 0
endloop
endfacet
facet normal -0.09989156455674647 -0.9949983293103588 0
outer loop
vertex 53.743680000000005 3.72576 0
vertex 53.743680000000005 3.72576 2.00016
vertex 53.49984 3.7502400000000002 2.00016
endloop
endfacet
facet normal -0.09989156455674647 -0.9949983293103588 0
outer loop
vertex 53.743680000000005 3.72576 0
vertex 53.49984 3.7502400000000002 2.00016
vertex 53.49984 3.7502400000000002 0
endloop
endfacet
facet normal 0.09989156455674934 -0.9949983293103585 0
outer loop
vertex 53.49984 3.7502400000000002 0
vertex 53.49984 3.7502400000000002 2.00016
vertex 53.256 3.72576 2.00016
endloop
endfacet
facet normal 0.09989156455674934 -0.9949983293103585 0
outer loop
vertex 53.49984 3.7502400000000002 0
vertex 53.256 3.72576 2.00016
vertex 53.256 3.72576 0
endloop
endfacet
facet normal 0.29022509123243895 -0.9569584089285816 0
outer loop
vertex 53.256 3.72576 0
vertex 53.256 3.72576 2.00016
vertex 53.02176 3.65472 2.00016
endloop
endfacet
facet normal 0.29022509123243895 -0.9569584089285816 0
outer loop
vertex 53.256 3.72576 0
vertex 53.02176 3.65472 2.00016
vertex 53.02176 3.65472 0
endloop
endfacet
facet normal 0.47058823529411636 -0.8823529411764711 0
outer loop
vertex 53.02176 3.65472 0
vertex 53.02176 3.65472 2.00016
vertex 52.80576 3.53952 2.00016
endloop
endfacet
facet normal 0.47058823529411636 -0.8823529411764711 0
outer loop
vertex 53.02176 3.65472 0
vertex 52.80576 3.53952 2.00016
vertex 52.80576 3.53952 0
endloop
endfacet
facet normal 0.6341966221409887 -0.7731718078570635 0
outer loop
vertex 52.80576 3.53952 0
vertex 52.80576 3.53952 2.00016
vertex 52.61616 3.384 2.00016
endloop
endfacet
facet normal 0.6341966221409887 -0.7731718078570635 0
outer loop
vertex 52.80576 3.53952 0
vertex 52.61616 3.384 2.00016
vertex 52.61616 3.384 0
endloop
endfacet
facet normal 0.7731718078570605 -0.6341966221409926 0
outer loop
vertex 52.61616 3.384 0
vertex 52.61616 3.384 2.00016
vertex 52.46064 3.1944 2.00016
endloop
endfacet
facet normal 0.7731718078570605 -0.6341966221409926 0
outer loop
vertex 52.61616 3.384 0
vertex 52.46064 3.1944 2.00016
vertex 52.46064 3.1944 0
endloop
endfacet
facet normal 0.881538208332445 -0.47211268490692226 0
outer loop
vertex 52.46064 3.1944 0
vertex 52.46064 3.1944 2.00016
vertex 52.34496 2.9784 2.00016
endloop
endfacet
facet normal 0.881538208332445 -0.47211268490692226 0
outer loop
vertex 52.46064 3.1944 0
vertex 52.34496 2.9784 2.00016
vertex 52.34496 2.9784 0
endloop
endfacet
facet normal 0.9571231196767312 -0.28968143499416965 0
outer loop
vertex 52.34496 2.9784 0
vertex 52.34496 2.9784 2.00016
vertex 52.273920000000004 2.74368 2.00016
endloop
endfacet
facet normal 0.9571231196767312 -0.28968143499416965 0
outer loop
vertex 52.34496 2.9784 0
vertex 52.273920000000004 2.74368 2.00016
vertex 52.273920000000004 2.74368 0
endloop
endfacet
facet normal 0.9951911516010011 -0.0979518850001024 0
outer loop
vertex 52.273920000000004 2.74368 0
vertex 52.273920000000004 2.74368 2.00016
vertex 52.24992 2.4998400000000003 2.00016
endloop
endfacet
facet normal 0.9951911516010011 -0.0979518850001024 0
outer loop
vertex 52.273920000000004 2.74368 0
vertex 52.24992 2.4998400000000003 2.00016
vertex 52.24992 2.4998400000000003 0
endloop
endfacet
facet normal 0.9952569790010023 0.09728075734593511 0
outer loop
vertex 52.2624 2.37216 1.2
vertex 52.24992 2.4998400000000003 0
vertex 52.24992 2.4998400000000003 2.00016
endloop
endfacet
facet normal 0.9951923584206643 0.09793956543186164 -0.00010613262504213507
outer loop
vertex 52.2624 2.37216 1.2
vertex 52.24992 2.4998400000000003 2.00016
vertex 52.2648 2.34864 2.00016
endloop
endfacet
facet normal 0.9951891669482458 0.09797199052861515 -0.00010516994531627184
outer loop
vertex 52.2624 2.37216 1.2
vertex 52.2648 2.34864 2.00016
vertex 52.273920000000004 2.2560000000000002 2.00016
endloop
endfacet
facet normal 0.9951182839507507 0.09868941659019509 0
outer loop
vertex 52.2624 2.37216 1.2
vertex 52.273920000000004 2.2560000000000002 2.00016
vertex 52.273920000000004 2.2560000000000002 0
endloop
endfacet
facet normal 0.9951911490148271 0.09795188474555754 0.00007209258717604735
outer loop
vertex 52.2624 2.37216 1.2
vertex 52.273920000000004 2.2560000000000002 0
vertex 52.24992 2.4998400000000003 0
endloop
endfacet
facet normal 0.9569584089285857 0.2902250912324252 0
outer loop
vertex 52.273920000000004 2.2560000000000002 0
vertex 52.273920000000004 2.2560000000000002 2.00016
vertex 52.34496 2.02176 2.00016
endloop
endfacet
facet normal 0.9569584089285857 0.2902250912324252 0
outer loop
vertex 52.273920000000004 2.2560000000000002 0
vertex 52.34496 2.02176 2.00016
vertex 52.34496 2.02176 0
endloop
endfacet
facet normal 0.8815382083324451 0.4721126849069218 0
outer loop
vertex 52.34496 2.02176 0
vertex 52.34496 2.02176 2.00016
vertex 52.46064 1.80576 2.00016
endloop
endfacet
facet normal 0.8815382083324451 0.4721126849069218 0
outer loop
vertex 52.34496 2.02176 0
vertex 52.46064 1.80576 2.00016
vertex 52.46064 1.80576 0
endloop
endfacet
facet normal 0.7725408420731199 0.6349650756765721 0
outer loop
vertex 52.54704 1.7006400000000002 1.2
vertex 52.46064 1.80576 0
vertex 52.46064 1.80576 2.00016
endloop
endfacet
facet normal 0.7731686603300203 0.634200437068092 0.00016824423605231695
outer loop
vertex 52.54704 1.7006400000000002 1.2
vertex 52.46064 1.80576 2.00016
vertex 52.58112 1.6588800000000001 2.00016
endloop
endfacet
facet normal 0.7731825813668468 0.6341834656155416 0.00016676558579042147
outer loop
vertex 52.54704 1.7006400000000002 1.2
vertex 52.58112 1.6588800000000001 2.00016
vertex 52.61616 1.61616 2.00016
endloop
endfacet
facet normal 0.7739572992033301 0.6332377902572516 0
outer loop
vertex 52.54704 1.7006400000000002 1.2
vertex 52.61616 1.61616 2.00016
vertex 52.61616 1.61616 0
endloop
endfacet
facet normal 0.7731718029429059 0.6341966181101417 -0.00011274606544389924
outer loop
vertex 52.54704 1.7006400000000002 1.2
vertex 52.61616 1.61616 0
vertex 52.46064 1.80576 0
endloop
endfacet
facet normal 0.6341966221409887 0.7731718078570635 0
outer loop
vertex 52.61616 1.61616 0
vertex 52.61616 1.61616 2.00016
vertex 52.80576 1.46064 2.00016
endloop
endfacet
facet normal 0.6341966221409887 0.7731718078570635 0
outer loop
vertex 52.61616 1.61616 0
vertex 52.80576 1.46064 2.00016
vertex 52.80576 1.46064 0
endloop
endfacet
facet normal 0.4721126849069277 0.881538208332442 0
outer loop
vertex 52.80576 1.46064 0
vertex 52.80576 1.46064 2.00016
vertex 53.02176 1.34496 2.00016
endloop
endfacet
facet normal 0.4721126849069277 0.881538208332442 0
outer loop
vertex 52.80576 1.46064 0
vertex 53.02176 1.34496 2.00016
vertex 53.02176 1.34496 0
endloop
endfacet
facet normal 0.29022509123243895 0.9569584089285816 0
outer loop
vertex 53.02176 1.34496 0
vertex 53.02176 1.34496 2.00016
vertex 53.256 1.27392 2.00016
endloop
endfacet
facet normal 0.29022509123243895 0.9569584089285816 0
outer loop
vertex 53.02176 1.34496 0
vertex 53.256 1.27392 2.00016
vertex 53.256 1.27392 0
endloop
endfacet
facet normal 0.09795188500009826 0.9951911516010014 0
outer loop
vertex 53.256 1.27392 0
vertex 53.256 1.27392 2.00016
vertex 53.49984 1.2499200000000001 2.00016
endloop
endfacet
facet normal 0.09795188500009826 0.9951911516010014 0
outer loop
vertex 53.256 1.27392 0
vertex 53.49984 1.2499200000000001 2.00016
vertex 53.49984 1.2499200000000001 0
endloop
endfacet
facet normal -0.09795188500009544 0.9951911516010018 0
outer loop
vertex 53.49984 1.2499200000000001 0
vertex 53.49984 1.2499200000000001 2.00016
vertex 53.743680000000005 1.27392 2.00016
endloop
endfacet
facet normal -0.09795188500009544 0.9951911516010018 0
outer loop
vertex 53.49984 1.2499200000000001 0
vertex 53.743680000000005 1.27392 2.00016
vertex 53.743680000000005 1.27392 0
endloop
endfacet
facet normal -0.289681434994188 0.9571231196767258 0
outer loop
vertex 53.743680000000005 1.27392 0
vertex 53.743680000000005 1.27392 2.00016
vertex 53.9784 1.34496 2.00016
endloop
endfacet
facet normal -0.289681434994188 0.9571231196767258 0
outer loop
vertex 53.743680000000005 1.27392 0
vertex 53.9784 1.34496 2.00016
vertex 53.9784 1.34496 0
endloop
endfacet
facet normal -0.4721126849069277 0.881538208332442 0
outer loop
vertex 53.9784 1.34496 0
vertex 53.9784 1.34496 2.00016
vertex 54.1944 1.46064 2.00016
endloop
endfacet
facet normal -0.4721126849069277 0.881538208332442 0
outer loop
vertex 53.9784 1.34496 0
vertex 54.1944 1.46064 2.00016
vertex 54.1944 1.46064 0
endloop
endfacet
facet normal -0.6341966221409887 0.7731718078570635 0
outer loop
vertex 54.1944 1.46064 0
vertex 54.1944 1.46064 2.00016
vertex 54.384 1.61616 2.00016
endloop
endfacet
facet normal -0.6341966221409887 0.7731718078570635 0
outer loop
vertex 54.1944 1.46064 0
vertex 54.384 1.61616 2.00016
vertex 54.384 1.61616 0
endloop
endfacet
facet normal -0.7731718078570605 0.6341966221409926 0
outer loop
vertex 54.384 1.61616 0
vertex 54.384 1.61616 2.00016
vertex 54.53952 1.80576 2.00016
endloop
endfacet
facet normal -0.7731718078570605 0.6341966221409926 0
outer loop
vertex 54.384 1.61616 0
vertex 54.53952 1.80576 2.00016
vertex 54.53952 1.80576 0
endloop
endfacet
facet normal -0.8823529411764679 0.4705882352941225 0
outer loop
vertex 54.53952 1.80576 0
vertex 54.53952 1.80576 2.00016
vertex 54.654720000000005 2.02176 2.00016
endloop
endfacet
facet normal -0.8823529411764679 0.4705882352941225 0
outer loop
vertex 54.53952 1.80576 0
vertex 54.654720000000005 2.02176 2.00016
vertex 54.654720000000005 2.02176 0
endloop
endfacet
facet normal -0.9569584089285857 0.2902250912324252 0
outer loop
vertex 54.654720000000005 2.02176 0
vertex 54.654720000000005 2.02176 2.00016
vertex 54.72576 2.2560000000000002 2.00016
endloop
endfacet
facet normal -0.9569584089285857 0.2902250912324252 0
outer loop
vertex 54.654720000000005 2.02176 0
vertex 54.72576 2.2560000000000002 2.00016
vertex 54.72576 2.2560000000000002 0
endloop
endfacet
facet normal -0.99499832931036 0.09989156455673627 0
outer loop
vertex 54.72576 2.2560000000000002 0
vertex 54.72576 2.2560000000000002 2.00016
vertex 54.75024 2.4998400000000003 2.00016
endloop
endfacet
facet normal -0.99499832931036 0.09989156455673627 0
outer loop
vertex 54.72576 2.2560000000000002 0
vertex 54.75024 2.4998400000000003 2.00016
vertex 54.75024 2.4998400000000003 0
endloop
endfacet
facet normal -0.9949983293103588 -0.09989156455674647 0
outer loop
vertex 3.7502400000000002 79.5 0
vertex 3.7502400000000002 79.5 2.00016
vertex 3.72576 79.74384 2.00016
endloop
endfacet
facet normal -0.9949983293103588 -0.09989156455674647 0
outer loop
vertex 3.7502400000000002 79.5 0
vertex 3.72576 79.74384 2.00016
vertex 3.72576 79.74384 0
endloop
endfacet
facet normal -0.9571231196767258 -0.289681434994188 0
outer loop
vertex 3.72576 79.74384 0
vertex 3.72576 79.74384 2.00016
vertex 3.65472 79.97856 2.00016
endloop
endfacet
facet normal -0.9571231196767258 -0.289681434994188 0
outer loop
vertex 3.72576 79.74384 0
vertex 3.65472 79.97856 2.00016
vertex 3.65472 79.97856 0
endloop
endfacet
facet normal -0.8823529411764648 -0.47058823529412847 0
outer loop
vertex 3.65472 79.97856 0
vertex 3.65472 79.97856 2.00016
vertex 3.53952 80.19456 2.00016
endloop
endfacet
facet normal -0.8823529411764648 -0.47058823529412847 0
outer loop
vertex 3.65472 79.97856 0
vertex 3.53952 80.19456 2.00016
vertex 3.53952 80.19456 0
endloop
endfacet
facet normal -0.7723827421057751 -0.6351573818331671 0
outer loop
vertex 3.53952 80.19456 0
vertex 3.53952 80.19456 2.00016
vertex 3.384 80.38368 2.00016
endloop
endfacet
facet normal -0.7723827421057751 -0.6351573818331671 0
outer loop
vertex 3.53952 80.19456 0
vertex 3.384 80.38368 2.00016
vertex 3.384 80.38368 0
endloop
endfacet
facet normal -0.6341966221410099 -0.7731718078570462 0
outer loop
vertex 3.384 80.38368 0
vertex 3.384 80.38368 2.00016
vertex 3.1944 80.53920000000001 2.00016
endloop
endfacet
facet normal -0.6341966221410099 -0.7731718078570462 0
outer loop
vertex 3.384 80.38368 0
vertex 3.1944 80.53920000000001 2.00016
vertex 3.1944 80.53920000000001 0
endloop
endfacet
facet normal -0.47211268490692226 -0.881538208332445 0
outer loop
vertex 3.1944 80.53920000000001 0
vertex 3.1944 80.53920000000001 2.00016
vertex 2.9784 80.65488 2.00016
endloop
endfacet
facet normal -0.47211268490692226 -0.881538208332445 0
outer loop
vertex 3.1944 80.53920000000001 0
vertex 2.9784 80.65488 2.00016
vertex 2.9784 80.65488 0
endloop
endfacet
facet normal -0.28968143499416965 -0.9571231196767312 0
outer loop
vertex 2.9784 80.65488 0
vertex 2.9784 80.65488 2.00016
vertex 2.74368 80.72592 2.00016
endloop
endfacet
facet normal -0.28968143499416965 -0.9571231196767312 0
outer loop
vertex 2.9784 80.65488 0
vertex 2.74368 80.72592 2.00016
vertex 2.74368 80.72592 0
endloop
endfacet
facet normal -0.0979518850001024 -0.9951911516010011 0
outer loop
vertex 2.74368 80.72592 0
vertex 2.74368 80.72592 2.00016
vertex 2.4998400000000003 80.74992 2.00016
endloop
endfacet
facet normal -0.0979518850001024 -0.9951911516010011 0
outer loop
vertex 2.74368 80.72592 0
vertex 2.4998400000000003 80.74992 2.00016
vertex 2.4998400000000003 80.74992 0
endloop
endfacet
facet normal 0.2902250912324252 -0.9569584089285857 0
outer loop
vertex 2.2560000000000002 80.72592 0
vertex 2.2560000000000002 80.72592 2.00016
vertex 2.02176 80.65488 2.00016
endloop
endfacet
facet normal 0.2902250912324252 -0.9569584089285857 0
outer loop
vertex 2.2560000000000002 80.72592 0
vertex 2.02176 80.65488 2.00016
vertex 2.02176 80.65488 0
endloop
endfacet
facet normal 0.4721126849069218 -0.8815382083324451 0
outer loop
vertex 2.02176 80.65488 0
vertex 2.02176 80.65488 2.00016
vertex 1.80576 80.53920000000001 2.00016
endloop
endfacet
facet normal 0.4721126849069218 -0.8815382083324451 0
outer loop
vertex 2.02176 80.65488 0
vertex 1.80576 80.53920000000001 2.00016
vertex 1.80576 80.53920000000001 0
endloop
endfacet
facet normal 0.6341966221410099 -0.7731718078570462 0
outer loop
vertex 1.80576 80.53920000000001 0
vertex 1.80576 80.53920000000001 2.00016
vertex 1.61616 80.38368 2.00016
endloop
endfacet
facet normal 0.6341966221410099 -0.7731718078570462 0
outer loop
vertex 1.80576 80.53920000000001 0
vertex 1.61616 80.38368 2.00016
vertex 1.61616 80.38368 0
endloop
endfacet
facet normal 0.7723827421057751 -0.6351573818331671 0
outer loop
vertex 1.61616 80.38368 0
vertex 1.61616 80.38368 2.00016
vertex 1.46064 80.19456 2.00016
endloop
endfacet
facet normal 0.7723827421057751 -0.6351573818331671 0
outer loop
vertex 1.61616 80.38368 0
vertex 1.46064 80.19456 2.00016
vertex 1.46064 80.19456 0
endloop
endfacet
facet normal 0.8815382083324356 -0.4721126849069398 0
outer loop
vertex 1.46064 80.19456 0
vertex 1.46064 80.19456 2.00016
vertex 1.34496 79.97856 2.00016
endloop
endfacet
facet normal 0.8815382083324356 -0.4721126849069398 0
outer loop
vertex 1.46064 80.19456 0
vertex 1.34496 79.97856 2.00016
vertex 1.34496 79.97856 0
endloop
endfacet
facet normal 0.9571231196767258 -0.289681434994188 0
outer loop
vertex 1.34496 79.97856 0
vertex 1.34496 79.97856 2.00016
vertex 1.27392 79.74384 2.00016
endloop
endfacet
facet normal 0.9571231196767258 -0.289681434994188 0
outer loop
vertex 1.34496 79.97856 0
vertex 1.27392 79.74384 2.00016
vertex 1.27392 79.74384 0
endloop
endfacet
facet normal 0.9951911516010018 -0.09795188500009544 0
outer loop
vertex 1.27392 79.74384 0
vertex 1.27392 79.74384 2.00016
vertex 1.2499200000000001 79.5 2.00016
endloop
endfacet
facet normal 0.9951911516010018 -0.09795188500009544 0
outer loop
vertex 1.27392 79.74384 0
vertex 1.2499200000000001 79.5 2.00016
vertex 1.2499200000000001 79.5 0
endloop
endfacet
facet normal 0.9951911516010012 0.09795188500010109 0
outer loop
vertex 1.2499200000000001 79.5 0
vertex 1.2499200000000001 79.5 2.00016
vertex 1.27392 79.25616000000001 2.00016
endloop
endfacet
facet normal 0.9951911516010012 0.09795188500010109 0
outer loop
vertex 1.2499200000000001 79.5 0
vertex 1.27392 79.25616000000001 2.00016
vertex 1.27392 79.25616000000001 0
endloop
endfacet
facet normal 0.9571231196767308 0.289681434994172 0
outer loop
vertex 1.27392 79.25616000000001 0
vertex 1.27392 79.25616000000001 2.00016
vertex 1.34496 79.02144 2.00016
endloop
endfacet
facet normal 0.9571231196767308 0.289681434994172 0
outer loop
vertex 1.27392 79.25616000000001 0
vertex 1.34496 79.02144 2.00016
vertex 1.34496 79.02144 0
endloop
endfacet
facet normal 0.8815382083324356 0.4721126849069398 0
outer loop
vertex 1.34496 79.02144 0
vertex 1.34496 79.02144 2.00016
vertex 1.46064 78.80544 2.00016
endloop
endfacet
facet normal 0.8815382083324356 0.4721126849069398 0
outer loop
vertex 1.34496 79.02144 0
vertex 1.46064 78.80544 2.00016
vertex 1.46064 78.80544 0
endloop
endfacet
facet normal 0.7723827421057751 0.6351573818331671 0
outer loop
vertex 1.46064 78.80544 0
vertex 1.46064 78.80544 2.00016
vertex 1.61616 78.61632 2.00016
endloop
endfacet
facet normal 0.7723827421057751 0.6351573818331671 0
outer loop
vertex 1.46064 78.80544 0
vertex 1.61616 78.61632 2.00016
vertex 1.61616 78.61632 0
endloop
endfacet
facet normal 0.6341966221409753 0.7731718078570746 0
outer loop
vertex 1.61616 78.61632 0
vertex 1.61616 78.61632 2.00016
vertex 1.80576 78.4608 2.00016
endloop
endfacet
facet normal 0.6341966221409753 0.7731718078570746 0
outer loop
vertex 1.61616 78.61632 0
vertex 1.80576 78.4608 2.00016
vertex 1.80576 78.4608 0
endloop
endfacet
facet normal 0.29022509123247836 0.9569584089285698 0
outer loop
vertex 2.02176 78.34512000000001 0
vertex 2.02176 78.34512000000001 2.00016
vertex 2.2560000000000002 78.27408 2.00016
endloop
endfacet
facet normal 0.29022509123247836 0.9569584089285698 0
outer loop
vertex 2.02176 78.34512000000001 0
vertex 2.2560000000000002 78.27408 2.00016
vertex 2.2560000000000002 78.27408 0
endloop
endfacet
facet normal 0.09795188500010221 0.995191151601001 0
outer loop
vertex 2.2560000000000002 78.27408 0
vertex 2.2560000000000002 78.27408 2.00016
vertex 2.4998400000000003 78.25008 2.00016
endloop
endfacet
facet normal 0.09795188500010221 0.995191151601001 0
outer loop
vertex 2.2560000000000002 78.27408 0
vertex 2.4998400000000003 78.25008 2.00016
vertex 2.4998400000000003 78.25008 0
endloop
endfacet
facet normal -0.0979518850001024 0.9951911516010011 0
outer loop
vertex 2.4998400000000003 78.25008 0
vertex 2.4998400000000003 78.25008 2.00016
vertex 2.74368 78.27408 2.00016
endloop
endfacet
facet normal -0.0979518850001024 0.9951911516010011 0
outer loop
vertex 2.4998400000000003 78.25008 0
vertex 2.74368 78.27408 2.00016
vertex 2.74368 78.27408 0
endloop
endfacet
facet normal -0.28968143499422283 0.9571231196767154 0
outer loop
vertex 2.74368 78.27408 0
vertex 2.74368 78.27408 2.00016
vertex 2.9784 78.34512000000001 2.00016
endloop
endfacet
facet normal -0.28968143499422283 0.9571231196767154 0
outer loop
vertex 2.74368 78.27408 0
vertex 2.9784 78.34512000000001 2.00016
vertex 2.9784 78.34512000000001 0
endloop
endfacet
facet normal -0.47211268490692226 0.881538208332445 0
outer loop
vertex 2.9784 78.34512000000001 0
vertex 2.9784 78.34512000000001 2.00016
vertex 3.1944 78.4608 2.00016
endloop
endfacet
facet normal -0.47211268490692226 0.881538208332445 0
outer loop
vertex 2.9784 78.34512000000001 0
vertex 3.1944 78.4608 2.00016
vertex 3.1944 78.4608 0
endloop
endfacet
facet normal -0.6341966221409753 0.7731718078570746 0
outer loop
vertex 3.1944 78.4608 0
vertex 3.1944 78.4608 2.00016
vertex 3.384 78.61632 2.00016
endloop
endfacet
facet normal -0.6341966221409753 0.7731718078570746 0
outer loop
vertex 3.1944 78.4608 0
vertex 3.384 78.61632 2.00016
vertex 3.384 78.61632 0
endloop
endfacet
facet normal -0.7723827421057751 0.6351573818331671 0
outer loop
vertex 3.384 78.61632 0
vertex 3.384 78.61632 2.00016
vertex 3.53952 78.80544 2.00016
endloop
endfacet
facet normal -0.7723827421057751 0.6351573818331671 0
outer loop
vertex 3.384 78.61632 0
vertex 3.53952 78.80544 2.00016
vertex 3.53952 78.80544 0
endloop
endfacet
facet normal -0.8823529411764648 0.47058823529412847 0
outer loop
vertex 3.53952 78.80544 0
vertex 3.53952 78.80544 2.00016
vertex 3.65472 79.02144 2.00016
endloop
endfacet
facet normal -0.8823529411764648 0.47058823529412847 0
outer loop
vertex 3.53952 78.80544 0
vertex 3.65472 79.02144 2.00016
vertex 3.65472 79.02144 0
endloop
endfacet
facet normal -0.9571231196767308 0.289681434994172 0
outer loop
vertex 3.65472 79.02144 0
vertex 3.65472 79.02144 2.00016
vertex 3.72576 79.25616000000001 2.00016
endloop
endfacet
facet normal -0.9571231196767308 0.289681434994172 0
outer loop
vertex 3.65472 79.02144 0
vertex 3.72576 79.25616000000001 2.00016
vertex 3.72576 79.25616000000001 0
endloop
endfacet
facet normal -0.9949983293103583 0.09989156455675223 0
outer loop
vertex 3.72576 79.25616000000001 0
vertex 3.72576 79.25616000000001 2.00016
vertex 3.7502400000000002 79.5 2.00016
endloop
endfacet
facet normal -0.9949983293103583 0.09989156455675223 0
outer loop
vertex 3.72576 79.25616000000001 0
vertex 3.7502400000000002 79.5 2.00016
vertex 3.7502400000000002 79.5 0
endloop
endfacet
facet normal -0.9949983293103601 -0.09989156455673391 0
outer loop
vertex 54.75024 79.5 0
vertex 54.75024 79.5 2.00016
vertex 54.72576 79.74384 2.00016
endloop
endfacet
facet normal -0.9949983293103601 -0.09989156455673391 0
outer loop
vertex 54.75024 79.5 0
vertex 54.72576 79.74384 2.00016
vertex 54.72576 79.74384 0
endloop
endfacet
facet normal -0.9571231196767298 -0.2896814349941747 0
outer loop
vertex 54.72576 79.74384 0
vertex 54.72576 79.74384 2.00016
vertex 54.654720000000005 79.97856 2.00016
endloop
endfacet
facet normal -0.9571231196767298 -0.2896814349941747 0
outer loop
vertex 54.72576 79.74384 0
vertex 54.654720000000005 79.97856 2.00016
vertex 54.654720000000005 79.97856 0
endloop
endfacet
facet normal -0.8823529411764627 -0.47058823529413274 0
outer loop
vertex 54.654720000000005 79.97856 0
vertex 54.654720000000005 79.97856 2.00016
vertex 54.53952 80.19456 2.00016
endloop
endfacet
facet normal -0.8823529411764627 -0.47058823529413274 0
outer loop
vertex 54.654720000000005 79.97856 0
vertex 54.53952 80.19456 2.00016
vertex 54.53952 80.19456 0
endloop
endfacet
facet normal -0.7723827421057697 -0.6351573818331736 0
outer loop
vertex 54.53952 80.19456 0
vertex 54.53952 80.19456 2.00016
vertex 54.384 80.38368 2.00016
endloop
endfacet
facet normal -0.7723827421057697 -0.6351573818331736 0
outer loop
vertex 54.53952 80.19456 0
vertex 54.384 80.38368 2.00016
vertex 54.384 80.38368 0
endloop
endfacet
facet normal -0.6341966221410125 -0.773171807857044 0
outer loop
vertex 54.384 80.38368 0
vertex 54.384 80.38368 2.00016
vertex 54.1944 80.53920000000001 2.00016
endloop
endfacet
facet normal -0.6341966221410125 -0.773171807857044 0
outer loop
vertex 54.384 80.38368 0
vertex 54.1944 80.53920000000001 2.00016
vertex 54.1944 80.53920000000001 0
endloop
endfacet
facet normal -0.47211268490692 -0.8815382083324462 0
outer loop
vertex 54.1944 80.53920000000001 0
vertex 54.1944 80.53920000000001 2.00016
vertex 53.9784 80.65488 2.00016
endloop
endfacet
facet normal -0.47211268490692 -0.8815382083324462 0
outer loop
vertex 54.1944 80.53920000000001 0
vertex 53.9784 80.65488 2.00016
vertex 53.9784 80.65488 0
endloop
endfacet
facet normal -0.2896814349941747 -0.9571231196767298 0
outer loop
vertex 53.9784 80.65488 0
vertex 53.9784 80.65488 2.00016
vertex 53.743680000000005 80.72592 2.00016
endloop
endfacet
facet normal -0.2896814349941747 -0.9571231196767298 0
outer loop
vertex 53.9784 80.65488 0
vertex 53.743680000000005 80.72592 2.00016
vertex 53.743680000000005 80.72592 0
endloop
endfacet
facet normal -0.09795188500009994 -0.9951911516010014 0
outer loop
vertex 53.743680000000005 80.72592 0
vertex 53.743680000000005 80.72592 2.00016
vertex 53.49984 80.74992 2.00016
endloop
endfacet
facet normal -0.09795188500009994 -0.9951911516010014 0
outer loop
vertex 53.743680000000005 80.72592 0
vertex 53.49984 80.74992 2.00016
vertex 53.49984 80.74992 0
endloop
endfacet
facet normal 0.09795188500010274 -0.9951911516010009 0
outer loop
vertex 53.49984 80.74992 0
vertex 53.49984 80.74992 2.00016
vertex 53.256 80.72592 2.00016
endloop
endfacet
facet normal 0.09795188500010274 -0.9951911516010009 0
outer loop
vertex 53.49984 80.74992 0
vertex 53.256 80.72592 2.00016
vertex 53.256 80.72592 0
endloop
endfacet
facet normal 0.2902250912324257 -0.9569584089285856 0
outer loop
vertex 53.256 80.72592 0
vertex 53.256 80.72592 2.00016
vertex 53.02176 80.65488 2.00016
endloop
endfacet
facet normal 0.2902250912324257 -0.9569584089285856 0
outer loop
vertex 53.256 80.72592 0
vertex 53.02176 80.65488 2.00016
vertex 53.02176 80.65488 0
endloop
endfacet
facet normal 0.47211268490692 -0.8815382083324462 0
outer loop
vertex 53.02176 80.65488 0
vertex 53.02176 80.65488 2.00016
vertex 52.80576 80.53920000000001 2.00016
endloop
endfacet
facet normal 0.47211268490692 -0.8815382083324462 0
outer loop
vertex 53.02176 80.65488 0
vertex 52.80576 80.53920000000001 2.00016
vertex 52.80576 80.53920000000001 0
endloop
endfacet
facet normal 0.6341966221410125 -0.773171807857044 0
outer loop
vertex 52.80576 80.53920000000001 0
vertex 52.80576 80.53920000000001 2.00016
vertex 52.61616 80.38368 2.00016
endloop
endfacet
facet normal 0.6341966221410125 -0.773171807857044 0
outer loop
vertex 52.80576 80.53920000000001 0
vertex 52.61616 80.38368 2.00016
vertex 52.61616 80.38368 0
endloop
endfacet
facet normal 0.7723827421057697 -0.6351573818331736 0
outer loop
vertex 52.61616 80.38368 0
vertex 52.61616 80.38368 2.00016
vertex 52.46064 80.19456 2.00016
endloop
endfacet
facet normal 0.7723827421057697 -0.6351573818331736 0
outer loop
vertex 52.61616 80.38368 0
vertex 52.46064 80.19456 2.00016
vertex 52.46064 80.19456 0
endloop
endfacet
facet normal 0.8815382083324397 -0.47211268490693203 0
outer loop
vertex 52.46064 80.19456 0
vertex 52.46064 80.19456 2.00016
vertex 52.34496 79.97856 2.00016
endloop
endfacet
facet normal 0.8815382083324397 -0.47211268490693203 0
outer loop
vertex 52.46064 80.19456 0
vertex 52.34496 79.97856 2.00016
vertex 52.34496 79.97856 0
endloop
endfacet
facet normal 0.9571231196767298 -0.2896814349941747 0
outer loop
vertex 52.34496 79.97856 0
vertex 52.34496 79.97856 2.00016
vertex 52.273920000000004 79.74384 2.00016
endloop
endfacet
facet normal 0.9571231196767298 -0.2896814349941747 0
outer loop
vertex 52.34496 79.97856 0
vertex 52.273920000000004 79.74384 2.00016
vertex 52.273920000000004 79.74384 0
endloop
endfacet
facet normal 0.9951911516010014 -0.09795188500009994 0
outer loop
vertex 52.273920000000004 79.74384 0
vertex 52.273920000000004 79.74384 2.00016
vertex 52.24992 79.5 2.00016
endloop
endfacet
facet normal 0.9951911516010014 -0.09795188500009994 0
outer loop
vertex 52.273920000000004 79.74384 0
vertex 52.24992 79.5 2.00016
vertex 52.24992 79.5 0
endloop
endfacet
facet normal 0.9571231196767348 0.2896814349941587 0
outer loop
vertex 52.273920000000004 79.25616000000001 0
vertex 52.273920000000004 79.25616000000001 2.00016
vertex 52.34496 79.02144 2.00016
endloop
endfacet
facet normal 0.9571231196767348 0.2896814349941587 0
outer loop
vertex 52.273920000000004 79.25616000000001 0
vertex 52.34496 79.02144 2.00016
vertex 52.34496 79.02144 0
endloop
endfacet
facet normal 0.8815382083324397 0.47211268490693203 0
outer loop
vertex 52.34496 79.02144 0
vertex 52.34496 79.02144 2.00016
vertex 52.46064 78.80544 2.00016
endloop
endfacet
facet normal 0.8815382083324397 0.47211268490693203 0
outer loop
vertex 52.34496 79.02144 0
vertex 52.46064 78.80544 2.00016
vertex 52.46064 78.80544 0
endloop
endfacet
facet normal 0.7723827421057697 0.6351573818331736 0
outer loop
vertex 52.46064 78.80544 0
vertex 52.46064 78.80544 2.00016
vertex 52.61616 78.61632 2.00016
endloop
endfacet
facet normal 0.7723827421057697 0.6351573818331736 0
outer loop
vertex 52.46064 78.80544 0
vertex 52.61616 78.61632 2.00016
vertex 52.61616 78.61632 0
endloop
endfacet
facet normal 0.6341966221409779 0.7731718078570724 0
outer loop
vertex 52.61616 78.61632 0
vertex 52.61616 78.61632 2.00016
vertex 52.80576 78.4608 2.00016
endloop
endfacet
facet normal 0.6341966221409779 0.7731718078570724 0
outer loop
vertex 52.61616 78.61632 0
vertex 52.80576 78.4608 2.00016
vertex 52.80576 78.4608 0
endloop
endfacet
facet normal 0.47211268490692 0.8815382083324462 0
outer loop
vertex 52.80576 78.4608 0
vertex 52.80576 78.4608 2.00016
vertex 53.02176 78.34512000000001 2.00016
endloop
endfacet
facet normal 0.47211268490692 0.8815382083324462 0
outer loop
vertex 52.80576 78.4608 0
vertex 53.02176 78.34512000000001 2.00016
vertex 53.02176 78.34512000000001 0
endloop
endfacet
facet normal 0.29022509123247886 0.9569584089285696 0
outer loop
vertex 53.02176 78.34512000000001 0
vertex 53.02176 78.34512000000001 2.00016
vertex 53.256 78.27408 2.00016
endloop
endfacet
facet normal 0.29022509123247886 0.9569584089285696 0
outer loop
vertex 53.02176 78.34512000000001 0
vertex 53.256 78.27408 2.00016
vertex 53.256 78.27408 0
endloop
endfacet
facet normal 0.09795188500010274 0.9951911516010009 0
outer loop
vertex 53.256 78.27408 0
vertex 53.256 78.27408 2.00016
vertex 53.49984 78.25008 2.00016
endloop
endfacet
facet normal 0.09795188500010274 0.9951911516010009 0
outer loop
vertex 53.256 78.27408 0
vertex 53.49984 78.25008 2.00016
vertex 53.49984 78.25008 0
endloop
endfacet
facet normal -0.09795188500009994 0.9951911516010014 0
outer loop
vertex 53.49984 78.25008 0
vertex 53.49984 78.25008 2.00016
vertex 53.743680000000005 78.27408 2.00016
endloop
endfacet
facet normal -0.09795188500009994 0.9951911516010014 0
outer loop
vertex 53.49984 78.25008 0
vertex 53.743680000000005 78.27408 2.00016
vertex 53.743680000000005 78.27408 0
endloop
endfacet
facet normal -0.2896814349942278 0.9571231196767137 0
outer loop
vertex 53.743680000000005 78.27408 0
vertex 53.743680000000005 78.27408 2.00016
vertex 53.9784 78.34512000000001 2.00016
endloop
endfacet
facet normal -0.2896814349942278 0.9571231196767137 0
outer loop
vertex 53.743680000000005 78.27408 0
vertex 53.9784 78.34512000000001 2.00016
vertex 53.9784 78.34512000000001 0
endloop
endfacet
facet normal -0.47211268490692 0.8815382083324462 0
outer loop
vertex 53.9784 78.34512000000001 0
vertex 53.9784 78.34512000000001 2.00016
vertex 54.1944 78.4608 2.00016
endloop
endfacet
facet normal -0.47211268490692 0.8815382083324462 0
outer loop
vertex 53.9784 78.34512000000001 0
vertex 54.1944 78.4608 2.00016
vertex 54.1944 78.4608 0
endloop
endfacet
facet normal -0.7723827421057697 0.6351573818331736 0
outer loop
vertex 54.384 78.61632 0
vertex 54.384 78.61632 2.00016
vertex 54.53952 78.80544 2.00016
endloop
endfacet
facet normal -0.7723827421057697 0.6351573818331736 0
outer loop
vertex 54.384 78.61632 0
vertex 54.53952 78.80544 2.00016
vertex 54.53952 78.80544 0
endloop
endfacet
facet normal -0.8823529411764627 0.47058823529413274 0
outer loop
vertex 54.53952 78.80544 0
vertex 54.53952 78.80544 2.00016
vertex 54.654720000000005 79.02144 2.00016
endloop
endfacet
facet normal -0.8823529411764627 0.47058823529413274 0
outer loop
vertex 54.53952 78.80544 0
vertex 54.654720000000005 79.02144 2.00016
vertex 54.654720000000005 79.02144 0
endloop
endfacet
facet normal -0.9571231196767348 0.2896814349941587 0
outer loop
vertex 54.654720000000005 79.02144 0
vertex 54.654720000000005 79.02144 2.00016
vertex 54.72576 79.25616000000001 2.00016
endloop
endfacet
facet normal -0.9571231196767348 0.2896814349941587 0
outer loop
vertex 54.654720000000005 79.02144 0
vertex 54.72576 79.25616000000001 2.00016
vertex 54.72576 79.25616000000001 0
endloop
endfacet
facet normal -0.9949983293103596 0.09989156455673968 0
outer loop
vertex 54.72576 79.25616000000001 0
vertex 54.72576 79.25616000000001 2.00016
vertex 54.75024 79.5 2.00016
endloop
endfacet
facet normal -0.9949983293103596 0.09989156455673968 0
outer loop
vertex 54.72576 79.25616000000001 0
vertex 54.75024 79.5 2.00016
vertex 54.75024 79.5 0
endloop
endfacet
facet normal -0.099891564556749 -0.9949983293103586 0
outer loop
vertex 2.4998400000000003 3.7502400000000002 2.00016
vertex 2.4998400000000003 3.7502400000000002 0
vertex 2.74368 3.72576 0
endloop
endfacet
facet normal -0.099891564556749 -0.9949983293103586 0
outer loop
vertex 2.4998400000000003 3.7502400000000002 2.00016
vertex 2.74368 3.72576 0
vertex 2.74368 3.72576 2.00016
endloop
endfacet
facet normal -0.8823529411764702 0.4705882352941183 0
outer loop
vertex 3.65472 2.02176 2.00016
vertex 3.65472 2.02176 0
vertex 3.53952 1.80576 0
endloop
endfacet
facet normal -0.8823529411764702 0.4705882352941183 0
outer loop
vertex 3.65472 2.02176 2.00016
vertex 3.53952 1.80576 0
vertex 3.53952 1.80576 2.00016
endloop
endfacet
facet normal 0.09795188500010221 -0.995191151601001 0
outer loop
vertex 2.2560000000000002 80.72592 2.00016
vertex 2.2560000000000002 80.72592 0
vertex 2.4998400000000003 80.74992 0
endloop
endfacet
facet normal 0.09795188500010221 -0.995191151601001 0
outer loop
vertex 2.2560000000000002 80.72592 2.00016
vertex 2.4998400000000003 80.74992 0
vertex 2.4998400000000003 80.74992 2.00016
endloop
endfacet
facet normal 0.4721126849069218 0.8815382083324451 0
outer loop
vertex 2.02176 78.34512000000001 2.00016
vertex 2.02176 78.34512000000001 0
vertex 1.80576 78.4608 0
endloop
endfacet
facet normal 0.4721126849069218 0.8815382083324451 0
outer loop
vertex 2.02176 78.34512000000001 2.00016
vertex 1.80576 78.4608 0
vertex 1.80576 78.4608 2.00016
endloop
endfacet
facet normal 0.9951911516010008 0.09795188500010558 0
outer loop
vertex 52.273920000000004 79.25616000000001 2.00016
vertex 52.273920000000004 79.25616000000001 0
vertex 52.24992 79.5 0
endloop
endfacet
facet normal 0.9951911516010008 0.09795188500010558 0
outer loop
vertex 52.273920000000004 79.25616000000001 2.00016
vertex 52.24992 79.5 0
vertex 52.24992 79.5 2.00016
endloop
endfacet
facet normal -0.6341966221409779 0.7731718078570724 0
outer loop
vertex 54.384 78.61632 2.00016
vertex 54.384 78.61632 0
vertex 54.1944 78.4608 0
endloop
endfacet
facet normal -0.6341966221409779 0.7731718078570724 0
outer loop
vertex 54.384 78.61632 2.00016
vertex 54.1944 78.4608 0
vertex 54.1944 78.4608 2.00016
endloop
endfacet
facet normal 0 0 -0.9999999999999999
outer loop
vertex 27.99984 81.47184 0
vertex 53.00016 81.99984 0
vertex 53.188320000000004 81.99408 0
endloop
endfacet
facet normal 0 0 -0.9999999999999999
outer loop
vertex 27.99984 81.47184 0
vertex 53.188320000000004 81.99408 0
vertex 53.376000000000005 81.97632 0
endloop
endfacet
facet normal 0 0 -1
outer loop
vertex 27.99984 81.47184 0
vertex 53.376000000000005 81.97632 0
vertex 53.56224 81.94704 0
endloop
endfacet
facet normal 0 0 -1
outer loop
vertex 27.99984 81.47184 0
vertex 53.56224 81.94704 0
vertex 53.74608 81.90576 0
endloop
endfacet
facet normal 0 0 -1
outer loop
vertex 27.99984 81.47184 0
vertex 53.74608 81.90576 0
vertex 53.92704 81.85296 0
endloop
endfacet
facet normal 0 0 -1
outer loop
vertex 27.99984 81.47184 0
vertex 53.92704 81.85296 0
vertex 54.10416 81.78912 0
endloop
endfacet
facet normal 0 0 -1
outer loop
vertex 27.99984 81.47184 0
vertex 54.10416 81.78912 0
vertex 54.27744 81.71472 0
endloop
endfacet
facet normal 0 0 -1
outer loop
vertex 27.99984 81.47184 0
vertex 54.27744 81.71472 0
vertex 54.44544 81.6288 0
endloop
endfacet
facet normal 0 0 -1
outer loop
vertex 27.99984 81.47184 0
vertex 54.44544 81.6288 0
vertex 54.60768 81.53280000000001 0
endloop
endfacet
facet normal 0 0 -1
outer loop
vertex 27.99984 81.47184 0
vertex 54.60768 81.53280000000001 0
vertex 54.763200000000005 81.4272 0
endloop
endfacet
facet normal 0 0 -1
outer loop
vertex 27.99984 81.47184 0
vertex 54.763200000000005 81.4272 0
vertex 54.91248 81.31152 0
endloop
endfacet
facet normal 0 0 -1
outer loop
vertex 27.99984 81.47184 0
vertex 54.91248 81.31152 0
vertex 55.0536 81.18672000000001 0
endloop
endfacet
facet normal 0 0 -1
outer loop
vertex 27.99984 81.47184 0
vertex 55.0536 81.18672000000001 0
vertex 55.18704 81.05376 0
endloop
endfacet
facet normal 0 0 -1
outer loop
vertex 27.99984 81.47184 0
vertex 55.18704 81.05376 0
vertex 55.31136 80.91216 0
endloop
endfacet
facet normal 0 0 -0.9999999999999999
outer loop
vertex 27.99984 81.47184 0
vertex 55.31136 80.91216 0
vertex 55.42704 80.76336 0
endloop
endfacet
facet normal 0 0 -1
outer loop
vertex 27.99984 81.47184 0
vertex 55.42704 80.76336 0
vertex 55.43616 80.74992 0
endloop
endfacet
facet normal 0 0 -1
outer loop
vertex 27.99984 81.47184 0
vertex 55.43616 80.74992 0
vertex 53.49984 80.74992 0
endloop
endfacet
facet normal 0 0 -1
outer loop
vertex 27.99984 81.47184 0
vertex 53.49984 80.74992 0
vertex 2.4998400000000003 80.74992 0
endloop
endfacet
facet normal 0 0 -1
outer loop
vertex 27.99984 81.47184 0
vertex 2.4998400000000003 80.74992 0
vertex 0.5640000000000001 80.74992 0
endloop
endfacet
facet normal 0 0 -1
outer loop
vertex 27.99984 81.47184 0
vertex 0.5640000000000001 80.74992 0
vertex 0.57312 80.76336 0
endloop
endfacet
facet normal 0 0 -0.9999999999999999
outer loop
vertex 27.99984 81.47184 0
vertex 0.57312 80.76336 0
vertex 0.68832 80.91216 0
endloop
endfacet
facet normal 0 0 -0.9999999999999999
outer loop
vertex 27.99984 81.47184 0
vertex 0.68832 80.91216 0
vertex 0.8131200000000001 81.05376 0
endloop
endfacet
facet normal 0 0 -1
outer loop
vertex 27.99984 81.47184 0
vertex 0.8131200000000001 81.05376 0
vertex 0.9465600000000001 81.18672000000001 0
endloop
endfacet
facet normal 0 0 -1
outer loop
vertex 27.99984 81.47184 0
vertex 0.9465600000000001 81.18672000000001 0
vertex 1.08768 81.31152 0
endloop
endfacet
facet normal 0 0 -0.9999999999999999
outer loop
vertex 27.99984 81.47184 0
vertex 1.08768 81.31152 0
vertex 1.23648 81.4272 0
endloop
endfacet
facet normal 0 0 -0.9999999999999999
outer loop
vertex 27.99984 81.47184 0
vertex 1.23648 81.4272 0
vertex 1.39248 81.53280000000001 0
endloop
endfacet
facet normal 0 0 -1
outer loop
vertex 27.99984 81.47184 0
vertex 1.39248 81.53280000000001 0
vertex 1.55472 81.6288 0
endloop
endfacet
facet normal 0 0 -1
outer loop
vertex 27.99984 81.47184 0
vertex 1.55472 81.6288 0
vertex 1.72272 81.71472 0
endloop
endfacet
facet normal 0 0 -1
outer loop
vertex 27.99984 81.47184 0
vertex 1.72272 81.71472 0
vertex 1.89552 81.78912 0
endloop
endfacet
facet normal 0 0 -1
outer loop
vertex 27.99984 81.47184 0
vertex 1.89552 81.78912 0
vertex 2.07312 81.85296 0
endloop
endfacet
facet normal 0 0 -1
outer loop
vertex 27.99984 81.47184 0
vertex 2.07312 81.85296 0
vertex 2.25408 81.90576 0
endloop
endfacet
facet normal 0 0 -1
outer loop
vertex 27.99984 81.47184 0
vertex 2.25408 81.90576 0
vertex 2.43792 81.94704 0
endloop
endfacet
facet normal 0 0 -1
outer loop
vertex 27.99984 81.47184 0
vertex 2.43792 81.94704 0
vertex 2.6241600000000003 81.97632 0
endloop
endfacet
facet normal 0 0 -1
outer loop
vertex 27.99984 81.47184 0
vertex 2.6241600000000003 81.97632 0
vertex 2.81184 81.99408 0
endloop
endfacet
facet normal 0 0 -1
outer loop
vertex 27.99984 81.47184 0
vertex 2.81184 81.99408 0
vertex 3 81.99984 0
endloop
endfacet
facet normal 0 0 -1
outer loop
vertex 27.99984 81.47184 0
vertex 3 81.99984 0
vertex 53.00016 81.99984 0
endloop
endfacet
facet normal 0 0 -1
outer loop
vertex 2.4998400000000003 80.74992 0
vertex 2.2560000000000002 80.72592 0
vertex 0.5476800000000001 80.72592 0
endloop
endfacet
facet normal 0 0 -1
outer loop
vertex 2.4998400000000003 80.74992 0
vertex 0.5476800000000001 80.72592 0
vertex 0.5640000000000001 80.74992 0
endloop
endfacet
facet normal 0 0 -1
outer loop
vertex 53.49984 80.74992 0
vertex 53.256 80.72592 0
vertex 2.74368 80.72592 0
endloop
endfacet
facet normal 0 0 -1
outer loop
vertex 53.49984 80.74992 0
vertex 2.74368 80.72592 0
vertex 2.4998400000000003 80.74992 0
endloop
endfacet
facet normal 0 0 -1
outer loop
vertex 55.43616 80.74992 0
vertex 55.45248 80.72592 0
vertex 53.743680000000005 80.72592 0
endloop
endfacet
facet normal 0 0 -1
outer loop
vertex 55.43616 80.74992 0
vertex 53.743680000000005 80.72592 0
vertex 53.49984 80.74992 0
endloop
endfacet
facet normal 0 0 -1
outer loop
vertex 2.2560000000000002 80.72592 0
vertex 2.02176 80.65488 0
vertex 0.49920000000000003 80.65488 0
endloop
endfacet
facet normal 0 0 -1
outer loop
vertex 2.2560000000000002 80.72592 0
vertex 0.49920000000000003 80.65488 0
vertex 0.5476800000000001 80.72592 0
endloop
endfacet
facet normal 0 0 -1
outer loop
vertex 53.256 80.72592 0
vertex 53.02176 80.65488 0
vertex 2.9784 80.65488 0
endloop
endfacet
facet normal 0 0 -0.9999999999999999
outer loop
vertex 53.256 80.72592 0
vertex 2.9784 80.65488 0
vertex 2.74368 80.72592 0
endloop
endfacet
facet normal 0 0 -1
outer loop
vertex 55.45248 80.72592 0
vertex 55.50096 80.65488 0
vertex 53.9784 80.65488 0
endloop
endfacet
facet normal 0 0 -0.9999999999999999
outer loop
vertex 55.45248 80.72592 0
vertex 53.9784 80.65488 0
vertex 53.743680000000005 80.72592 0
endloop
endfacet
facet normal 0 0 -1
outer loop
vertex 1.044 80.5992 0
vertex 2.02176 80.65488 0
vertex 1.80576 80.53920000000001 0
endloop
endfacet
facet normal 0 0 -1
outer loop
vertex 1.044 80.5992 0
vertex 1.80576 80.53920000000001 0
vertex 0.42672 80.53920000000001 0
endloop
endfacet
facet normal 0 0 -1
outer loop
vertex 1.044 80.5992 0
vertex 0.42672 80.53920000000001 0
vertex 0.46704 80.60736 0
endloop
endfacet
facet normal 0 0 -1
outer loop
vertex 1.044 80.5992 0
vertex 0.46704 80.60736 0
vertex 0.49920000000000003 80.65488 0
endloop
endfacet
facet normal 0 0 -0.9999999999999999
outer loop
vertex 1.044 80.5992 0
vertex 0.49920000000000003 80.65488 0
vertex 2.02176 80.65488 0
endloop
endfacet
facet normal 0 0 -1
outer loop
vertex 53.02176 80.65488 0
vertex 52.80576 80.53920000000001 0
vertex 3.1944 80.53920000000001 0
endloop
endfacet
facet normal 0 0 -1
outer loop
vertex 53.02176 80.65488 0
vertex 3.1944 80.53920000000001 0
vertex 2.9784 80.65488 0
endloop
endfacet
facet normal 0 0 -1
outer loop
vertex 54.956160000000004 80.5992 0
vertex 55.50096 80.65488 0
vertex 55.533120000000004 80.60736 0
endloop
endfacet
facet normal 0 0 -1
outer loop
vertex 54.956160000000004 80.5992 0
vertex 55.533120000000004 80.60736 0
vertex 55.57344 80.53920000000001 0
endloop
endfacet
facet normal 0 0 -1
outer loop
vertex 54.956160000000004 80.5992 0
vertex 55.57344 80.53920000000001 0
vertex 54.1944 80.53920000000001 0
endloop
endfacet
facet normal 0 0 -1
outer loop
vertex 54.956160000000004 80.5992 0
vertex 54.1944 80.53920000000001 0
vertex 53.9784 80.65488 0
endloop
endfacet
facet normal 0 0 -1
outer loop
vertex 54.956160000000004 80.5992 0
vertex 53.9784 80.65488 0
vertex 55.50096 80.65488 0
endloop
endfacet
facet normal 0 0 -1
outer loop
vertex 0.912 80.45808 0
vertex 1.80576 80.53920000000001 0
vertex 1.61616 80.38368 0
endloop
endfacet
facet normal 0 0 -1
outer loop
vertex 0.912 80.45808 0
vertex 1.61616 80.38368 0
vertex 0.33984000000000003 80.38368 0
endloop
endfacet
facet normal 0 0 -1
outer loop
vertex 0.912 80.45808 0
vertex 0.33984000000000003 80.38368 0
vertex 0.37104000000000004 80.44512 0
endloop
endfacet
facet normal 0 0 -0.9999999999999999
outer loop
vertex 0.912 80.45808 0
vertex 0.37104000000000004 80.44512 0
vertex 0.42672 80.53920000000001 0
endloop
endfacet
facet normal 0 0 -1
outer loop
vertex 0.912 80.45808 0
vertex 0.42672 80.53920000000001 0
vertex 1.80576 80.53920000000001 0
endloop
endfacet
facet normal 0 0 -0.9999999999999999
outer loop
vertex 52.80576 80.53920000000001 0
vertex 52.61616 80.38368 0
vertex 3.384 80.38368 0
endloop
endfacet
facet normal 0 0 -1
outer loop
vertex 52.80576 80.53920000000001 0
vertex 3.384 80.38368 0
vertex 3.1944 80.53920000000001 0
endloop
endfacet
facet normal 0 0 -1
outer loop
vertex 55.08816 80.45808 0
vertex 55.57344 80.53920000000001 0
vertex 55.62912 80.44512 0
endloop
endfacet
facet normal 0 0 -1
outer loop
vertex 55.08816 80.45808 0
vertex 55.62912 80.44512 0
vertex 55.66032 80.38368 0
endloop
endfacet
facet normal 0 0 -1
outer loop
vertex 55.08816 80.45808 0
vertex 55.66032 80.38368 0
vertex 54.384 80.38368 0
endloop
endfacet
facet normal 0 0 -1
outer loop
vertex 55.08816 80.45808 0
vertex 54.384 80.38368 0
vertex 54.1944 80.53920000000001 0
endloop
endfacet
facet normal 0 0 -1
outer loop
vertex 55.08816 80.45808 0
vertex 54.1944 80.53920000000001 0
vertex 55.57344 80.53920000000001 0
endloop
endfacet
facet normal 0 0 -1
outer loop
vertex 0.79056 80.28672 0
vertex 1.61616 80.38368 0
vertex 1.46064 80.19456 0
endloop
endfacet
facet normal 0 0 -1
outer loop
vertex 0.79056 80.28672 0
vertex 1.46064 80.19456 0
vertex 0.24960000000000002 80.19456 0
endloop
endfacet
facet normal 0 0 -1
outer loop
vertex 0.79056 80.28672 0
vertex 0.24960000000000002 80.19456 0
vertex 0.2856 80.27712 0
endloop
endfacet
facet normal 0 0 -1
outer loop
vertex 0.79056 80.28672 0
vertex 0.2856 80.27712 0
vertex 0.33984000000000003 80.38368 0
endloop
endfacet
facet normal 0 0 -1
outer loop
vertex 0.79056 80.28672 0
vertex 0.33984000000000003 80.38368 0
vertex 1.61616 80.38368 0
endloop
endfacet
facet normal 0 0 -1
outer loop
vertex 52.61616 80.38368 0
vertex 52.46064 80.19456 0
vertex 3.53952 80.19456 0
endloop
endfacet
facet normal 0 0 -1
outer loop
vertex 52.61616 80.38368 0
vertex 3.53952 80.19456 0
vertex 3.384 80.38368 0
endloop
endfacet
facet normal 0 0 -1
outer loop
vertex 55.2096 80.28672 0
vertex 55.66032 80.38368 0
vertex 55.71456 80.27712 0
endloop
endfacet
facet normal 0 0 -1
outer loop
vertex 55.2096 80.28672 0
vertex 55.71456 80.27712 0
vertex 55.75056 80.19456 0
endloop
endfacet
facet normal 0 0 -1
outer loop
vertex 55.2096 80.28672 0
vertex 55.75056 80.19456 0
vertex 54.53952 80.19456 0
endloop
endfacet
facet normal 0 0 -1
outer loop
vertex 55.2096 80.28672 0
vertex 54.53952 80.19456 0
vertex 54.384 80.38368 0
endloop
endfacet
facet normal 0 0 -1
outer loop
vertex 55.2096 80.28672 0
vertex 54.384 80.38368 0
vertex 55.66032 80.38368 0
endloop
endfacet
facet normal 0 0 -1
outer loop
vertex 0.6864 80.08992 0
vertex 1.46064 80.19456 0
vertex 1.34496 79.97856 0
endloop
endfacet
facet normal 0 0 -1
outer loop
vertex 0.6864 80.08992 0
vertex 1.34496 79.97856 0
vertex 0.16512000000000002 79.97856 0
endloop
endfacet
facet normal 0 0 -1
outer loop
vertex 0.6864 80.08992 0
vertex 0.16512000000000002 79.97856 0
vertex 0.21072000000000002 80.10432 0
endloop
endfacet
facet normal 0 0 -1
outer loop
vertex 0.6864 80.08992 0
vertex 0.21072000000000002 80.10432 0
vertex 0.24960000000000002 80.19456 0
endloop
endfacet
facet normal 0 0 -1
outer loop
vertex 0.6864 80.08992 0
vertex 0.24960000000000002 80.19456 0
vertex 1.46064 80.19456 0
endloop
endfacet
facet normal 0 0 -0.9999999999999999
outer loop
vertex 52.46064 80.19456 0
vertex 52.34496 79.97856 0
vertex 3.65472 79.97856 0
endloop
endfacet
facet normal 0 0 -1
outer loop
vertex 52.46064 80.19456 0
vertex 3.65472 79.97856 0
vertex 3.53952 80.19456 0
endloop
endfacet
facet normal 0 0 -1
outer loop
vertex 55.31376 80.08992 0
vertex 55.75056 80.19456 0
vertex 55.78944 80.10432 0
endloop
endfacet
facet normal 0 0 -1
outer loop
vertex 55.31376 80.08992 0
vertex 55.78944 80.10432 0
vertex 55.83456 79.97856 0
endloop
endfacet
facet normal 0 0 -1
outer loop
vertex 55.31376 80.08992 0
vertex 55.83456 79.97856 0
vertex 54.654720000000005 79.97856 0
endloop
endfacet
facet normal 0 0 -1
outer loop
vertex 55.31376 80.08992 0
vertex 54.654720000000005 79.97856 0
vertex 54.53952 80.19456 0
endloop
endfacet
facet normal 0 0 -1
outer loop
vertex 55.31376 80.08992 0
vertex 54.53952 80.19456 0
vertex 55.75056 80.19456 0
endloop
endfacet
facet normal 0 0 -0.9999999999999999
outer loop
vertex 0.51984 79.85328 0
vertex 1.34496 79.97856 0
vertex 1.27392 79.74384 0
endloop
endfacet
facet normal 0 0 -1
outer loop
vertex 0.51984 79.85328 0
vertex 1.27392 79.74384 0
vertex 0.0936 79.74384 0
endloop
endfacet
facet normal 0 0 -0.9999999999999999
outer loop
vertex 0.51984 79.85328 0
vertex 0.0936 79.74384 0
vertex 0.09408 79.74624 0
endloop
endfacet
facet normal 0 0 -1
outer loop
vertex 0.51984 79.85328 0
vertex 0.09408 79.74624 0
vertex 0.14688 79.9272 0
endloop
endfacet
facet normal 0 0 -1
outer loop
vertex 0.51984 79.85328 0
vertex 0.14688 79.9272 0
vertex 0.16512000000000002 79.97856 0
endloop
endfacet
facet normal 0 0 -1
outer loop
vertex 0.51984 79.85328 0
vertex 0.16512000000000002 79.97856 0
vertex 1.34496 79.97856 0
endloop
endfacet
facet normal 0 0 -0.9999999999999999
outer loop
vertex 52.34496 79.97856 0
vertex 52.273920000000004 79.74384 0
vertex 3.72576 79.74384 0
endloop
endfacet
facet normal 0 0 -1
outer loop
vertex 52.34496 79.97856 0
vertex 3.72576 79.74384 0
vertex 3.65472 79.97856 0
endloop
endfacet
facet normal 0 0 -1
outer loop
vertex 55.47984 79.85328 0
vertex 55.83456 79.97856 0
vertex 55.85328 79.9272 0
endloop
endfacet
facet normal 0 0 -1
outer loop
vertex 55.47984 79.85328 0
vertex 55.85328 79.9272 0
vertex 55.9056 79.74624 0
endloop
endfacet
facet normal 0 0 -1
outer loop
vertex 55.47984 79.85328 0
vertex 55.9056 79.74624 0
vertex 55.90608 79.74384 0
endloop
endfacet
facet normal 0 0 -1
outer loop
vertex 55.47984 79.85328 0
vertex 55.90608 79.74384 0
vertex 54.72576 79.74384 0
endloop
endfacet
facet normal 0 0 -1
outer loop
vertex 55.47984 79.85328 0
vertex 54.72576 79.74384 0
vertex 54.654720000000005 79.97856 0
endloop
endfacet
facet normal 0 0 -1
outer loop
vertex 55.47984 79.85328 0
vertex 54.654720000000005 79.97856 0
vertex 55.83456 79.97856 0
endloop
endfacet
facet normal 0 0 -0.9999999999999999
outer loop
vertex 0.54288 79.60992 0
vertex 1.27392 79.74384 0
vertex 1.2499200000000001 79.5 0
endloop
endfacet
facet normal 0 0 -1
outer loop
vertex 0.54288 79.60992 0
vertex 1.2499200000000001 79.5 0
vertex 0.0432 79.5 0
endloop
endfacet
facet normal 0 0 -1
outer loop
vertex 0.54288 79.60992 0
vertex 0.0432 79.5 0
vertex 0.05328 79.56192 0
endloop
endfacet
facet normal 0 0 -1
outer loop
vertex 0.54288 79.60992 0
vertex 0.05328 79.56192 0
vertex 0.0936 79.74384 0
endloop
endfacet
facet normal 0 0 -1
outer loop
vertex 0.54288 79.60992 0
vertex 0.0936 79.74384 0
vertex 1.27392 79.74384 0
endloop
endfacet
facet normal 0 0 -1
outer loop
vertex 52.273920000000004 79.74384 0
vertex 52.24992 79.5 0
vertex 3.7502400000000002 79.5 0
endloop
endfacet
facet normal 0 0 -1
outer loop
vertex 52.273920000000004 79.74384 0
vertex 3.7502400000000002 79.5 0
vertex 3.72576 79.74384 0
endloop
endfacet
facet normal 0 0 -0.9999999999999999
outer loop
vertex 55.3392 79.59168 0
vertex 55.90608 79.74384 0
vertex 55.94688 79.56192 0
endloop
endfacet
facet normal 0 0 -1
outer loop
vertex 55.3392 79.59168 0
vertex 55.94688 79.56192 0
vertex 55.95648 79.5 0
endloop
endfacet
facet normal 0 0 -1
outer loop
vertex 55.3392 79.59168 0
vertex 55.95648 79.5 0
vertex 54.75024 79.5 0
endloop
endfacet
facet normal 0 0 -1
outer loop
vertex 55.3392 79.59168 0
vertex 54.75024 79.5 0
vertex 54.74976 79.5 0
endloop
endfacet
facet normal 0 0 -1
outer loop
vertex 55.3392 79.59168 0
vertex 54.74976 79.5 0
vertex 54.72576 79.74384 0
endloop
endfacet
facet normal 0 0 -0.9999999999999999
outer loop
vertex 55.3392 79.59168 0
vertex 54.72576 79.74384 0
vertex 55.90608 79.74384 0
endloop
endfacet
facet normal 0 0 -1
outer loop
vertex 0.5208 79.3776 0
vertex 1.2499200000000001 79.5 0
vertex 1.27392 79.25616000000001 0
endloop
endfacet
facet normal 0 0 -1
outer loop
vertex 0.5208 79.3776 0
vertex 1.27392 79.25616000000001 0
vertex 0.01248 79.25616000000001 0
endloop
endfacet
facet normal 0 0 -0.9999999999999999
outer loop
vertex 0.5208 79.3776 0
vertex 0.01248 79.25616000000001 0
vertex 0.02352 79.37616 0
endloop
endfacet
facet normal 0 0 -0.9999999999999999
outer loop
vertex 0.5208 79.3776 0
vertex 0.02352 79.37616 0
vertex 0.0432 79.5 0
endloop
endfacet
facet normal 0 0 -0.9999999999999999
outer loop
vertex 0.5208 79.3776 0
vertex 0.0432 79.5 0
vertex 1.2499200000000001 79.5 0
endloop
endfacet
facet normal 0 0 -1
outer loop
vertex 52.24992 79.5 0
vertex 52.273920000000004 79.25616000000001 0
vertex 3.72576 79.25616000000001 0
endloop
endfacet
facet normal 0 0 -1
outer loop
vertex 52.24992 79.5 0
vertex 3.72576 79.25616000000001 0
vertex 3.7502400000000002 79.5 0
endloop
endfacet
facet normal 0 0 -0.9999999999999999
outer loop
vertex 55.47936 79.3776 0
vertex 55.95648 79.5 0
vertex 55.97616 79.37616 0
endloop
endfacet
facet normal 0 0 -1
outer loop
vertex 55.47936 79.3776 0
vertex 55.97616 79.37616 0
vertex 55.987680000000005 79.25616000000001 0
endloop
endfacet
facet normal 0 0 -0.9999999999999999
outer loop
vertex 55.47936 79.3776 0
vertex 55.987680000000005 79.25616000000001 0
vertex 54.72576 79.25616000000001 0
endloop
endfacet
facet normal 0 0 -0.9999999999999999
outer loop
vertex 55.47936 79.3776 0
vertex 54.72576 79.25616000000001 0
vertex 54.75024 79.5 0
endloop
endfacet
facet normal 0 0 -1
outer loop
vertex 55.47936 79.3776 0
vertex 54.75024 79.5 0
vertex 55.95648 79.5 0
endloop
endfacet
facet normal 0 0 -1
outer loop
vertex 0.52752 79.14864 0
vertex 1.27392 79.25616000000001 0
vertex 1.34496 79.02144 0
endloop
endfacet
facet normal 0 0 -1
outer loop
vertex 0.52752 79.14864 0
vertex 1.34496 79.02144 0
vertex 0.00048 79.02144 0
endloop
endfacet
facet normal 0 0 -1
outer loop
vertex 0.52752 79.14864 0
vertex 0.00048 79.02144 0
vertex 0.00576 79.18848 0
endloop
endfacet
facet normal 0 0 -1
outer loop
vertex 0.52752 79.14864 0
vertex 0.00576 79.18848 0
vertex 0.01248 79.25616000000001 0
endloop
endfacet
facet normal 0 0 -1
outer loop
vertex 0.52752 79.14864 0
vertex 0.01248 79.25616000000001 0
vertex 1.27392 79.25616000000001 0
endloop
endfacet
facet normal 0 0 -1
outer loop
vertex 52.273920000000004 79.25616000000001 0
vertex 52.34496 79.02144 0
vertex 3.65472 79.02144 0
endloop
endfacet
facet normal 0 0 -1
outer loop
vertex 52.273920000000004 79.25616000000001 0
vertex 3.65472 79.02144 0
vertex 3.72576 79.25616000000001 0
endloop
endfacet
facet normal 0 0 -1
outer loop
vertex 55.47216 79.14864 0
vertex 55.987680000000005 79.25616000000001 0
vertex 55.99392 79.18848 0
endloop
endfacet
facet normal 0 0 -1
outer loop
vertex 55.47216 79.14864 0
vertex 55.99392 79.18848 0
vertex 55.9992 79.02144 0
endloop
endfacet
facet normal 0 0 -1
outer loop
vertex 55.47216 79.14864 0
vertex 55.9992 79.02144 0
vertex 54.654720000000005 79.02144 0
endloop
endfacet
facet normal 0 0 -1
outer loop
vertex 55.47216 79.14864 0
vertex 54.654720000000005 79.02144 0
vertex 54.72576 79.25616000000001 0
endloop
endfacet
facet normal 0 0 -1
outer loop
vertex 55.47216 79.14864 0
vertex 54.72576 79.25616000000001 0
vertex 55.987680000000005 79.25616000000001 0
endloop
endfacet
facet normal 0 0 -1
outer loop
vertex 0.5611200000000001 78.93072000000001 0
vertex 1.34496 79.02144 0
vertex 1.46064 78.80544 0
endloop
endfacet
facet normal 0 0 -1
outer loop
vertex 0.5611200000000001 78.93072000000001 0
vertex 1.46064 78.80544 0
vertex 0 78.80544 0
endloop
endfacet
facet normal 0 0 -0.9999999999999999
outer loop
vertex 0.5611200000000001 78.93072000000001 0
vertex 0 78.80544 0
vertex 0 78.99984 0
endloop
endfacet
facet normal 0 0 -1
outer loop
vertex 0.5611200000000001 78.93072000000001 0
vertex 0 78.99984 0
vertex 0.00048 79.02144 0
endloop
endfacet
facet normal 0 0 -1
outer loop
vertex 0.5611200000000001 78.93072000000001 0
vertex 0.00048 79.02144 0
vertex 1.34496 79.02144 0
endloop
endfacet
facet normal 0 0 -1
outer loop
vertex 52.34496 79.02144 0
vertex 52.46064 78.80544 0
vertex 3.53952 78.80544 0
endloop
endfacet
facet normal 0 0 -0.9999999999999999
outer loop
vertex 52.34496 79.02144 0
vertex 3.53952 78.80544 0
vertex 3.65472 79.02144 0
endloop
endfacet
facet normal 0 0 -0.9999999999999999
outer loop
vertex 55.43856 78.93072000000001 0
vertex 55.9992 79.02144 0
vertex 56.00016 78.99984 0
endloop
endfacet
facet normal 0 0 -1
outer loop
vertex 55.43856 78.93072000000001 0
vertex 56.00016 78.99984 0
vertex 56.00016 78.80544 0
endloop
endfacet
facet normal 0 0 -1
outer loop
vertex 55.43856 78.93072000000001 0
vertex 56.00016 78.80544 0
vertex 54.53952 78.80544 0
endloop
endfacet
facet normal 0 0 -1
outer loop
vertex 55.43856 78.93072000000001 0
vertex 54.53952 78.80544 0
vertex 54.654720000000005 79.02144 0
endloop
endfacet
facet normal 0 0 -1
outer loop
vertex 55.43856 78.93072000000001 0
vertex 54.654720000000005 79.02144 0
vertex 55.9992 79.02144 0
endloop
endfacet
facet normal 0 0 -1
outer loop
vertex 1.46064 78.80544 0
vertex 1.61616 78.61632 0
vertex 0 78.61632 0
endloop
endfacet
facet normal 0 0 -1
outer loop
vertex 1.46064 78.80544 0
vertex 0 78.61632 0
vertex 0 78.80544 0
endloop
endfacet
facet normal 0 0 -1
outer loop
vertex 52.46064 78.80544 0
vertex 52.61616 78.61632 0
vertex 3.384 78.61632 0
endloop
endfacet
facet normal 0 0 -1
outer loop
vertex 52.46064 78.80544 0
vertex 3.384 78.61632 0
vertex 3.53952 78.80544 0
endloop
endfacet
facet normal 0 0 -0.9999999999999999
outer loop
vertex 56.00016 78.80544 0
vertex 56.00016 78.61632 0
vertex 54.384 78.61632 0
endloop
endfacet
facet normal 0 0 -1
outer loop
vertex 56.00016 78.80544 0
vertex 54.384 78.61632 0
vertex 54.53952 78.80544 0
endloop
endfacet
facet normal 0 0 -1
outer loop
vertex 1.61616 78.61632 0
vertex 1.80576 78.4608 0
vertex 0 78.4608 0
endloop
endfacet
facet normal 0 0 -1
outer loop
vertex 1.61616 78.61632 0
vertex 0 78.4608 0
vertex 0 78.61632 0
endloop
endfacet
facet normal 0 0 -0.9999999999999999
outer loop
vertex 52.61616 78.61632 0
vertex 52.80576 78.4608 0
vertex 3.1944 78.4608 0
endloop
endfacet
facet normal 0 0 -1
outer loop
vertex 52.61616 78.61632 0
vertex 3.1944 78.4608 0
vertex 3.384 78.61632 0
endloop
endfacet
facet normal 0 0 -1
outer loop
vertex 56.00016 78.61632 0
vertex 56.00016 78.4608 0
vertex 54.1944 78.4608 0
endloop
endfacet
facet normal 0 0 -1
outer loop
vertex 56.00016 78.61632 0
vertex 54.1944 78.4608 0
vertex 54.384 78.61632 0
endloop
endfacet
facet normal 0 0 -1
outer loop
vertex 1.80576 78.4608 0
vertex 2.02176 78.34512000000001 0
vertex 0 78.34512000000001 0
endloop
endfacet
facet normal 0 0 -1
outer loop
vertex 1.80576 78.4608 0
vertex 0 78.34512000000001 0
vertex 0 78.4608 0
endloop
endfacet
facet normal 0 0 -1
outer loop
vertex 52.80576 78.4608 0
vertex 53.02176 78.34512000000001 0
vertex 2.9784 78.34512000000001 0
endloop
endfacet
facet normal 0 0 -1
outer loop
vertex 52.80576 78.4608 0
vertex 2.9784 78.34512000000001 0
vertex 3.1944 78.4608 0
endloop
endfacet
facet normal 0 0 -1
outer loop
vertex 56.00016 78.4608 0
vertex 56.00016 78.34512000000001 0
vertex 53.9784 78.34512000000001 0
endloop
endfacet
facet normal 0 0 -0.9999999999999999
outer loop
vertex 56.00016 78.4608 0
vertex 53.9784 78.34512000000001 0
vertex 54.1944 78.4608 0
endloop
endfacet
facet normal 0 0 -1
outer loop
vertex 2.02176 78.34512000000001 0
vertex 2.2560000000000002 78.27408 0
vertex 0 78.27408 0
endloop
endfacet
facet normal 0 0 -1
outer loop
vertex 2.02176 78.34512000000001 0
vertex 0 78.27408 0
vertex 0 78.34512000000001 0
endloop
endfacet
facet normal 0 0 -1
outer loop
vertex 53.02176 78.34512000000001 0
vertex 53.256 78.27408 0
vertex 2.74368 78.27408 0
endloop
endfacet
facet normal 0 0 -0.9999999999999999
outer loop
vertex 53.02176 78.34512000000001 0
vertex 2.74368 78.27408 0
vertex 2.9784 78.34512000000001 0
endloop
endfacet
facet normal 0 0 -1
outer loop
vertex 56.00016 78.34512000000001 0
vertex 56.00016 78.27408 0
vertex 53.743680000000005 78.27408 0
endloop
endfacet
facet normal 0 0 -1
outer loop
vertex 56.00016 78.34512000000001 0
vertex 53.743680000000005 78.27408 0
vertex 53.9784 78.34512000000001 0
endloop
endfacet
facet normal 0 0 -0.9999999999999999
outer loop
vertex 2.2560000000000002 78.27408 0
vertex 2.4998400000000003 78.25008 0
vertex 0 78.25008 0
endloop
endfacet
facet normal 0 0 -1
outer loop
vertex 2.2560000000000002 78.27408 0
vertex 0 78.25008 0
vertex 0 78.27408 0
endloop
endfacet
facet normal 0 0 -1
outer loop
vertex 53.256 78.27408 0
vertex 53.49984 78.25008 0
vertex 2.4998400000000003 78.25008 0
endloop
endfacet
facet normal 0 0 -1
outer loop
vertex 53.256 78.27408 0
vertex 2.4998400000000003 78.25008 0
vertex 2.74368 78.27408 0
endloop
endfacet
facet normal 0 0 -0.9999999999999999
outer loop
vertex 56.00016 78.27408 0
vertex 56.00016 78.25008 0
vertex 53.49984 78.25008 0
endloop
endfacet
facet normal 0 0 -1
outer loop
vertex 56.00016 78.27408 0
vertex 53.49984 78.25008 0
vertex 53.743680000000005 78.27408 0
endloop
endfacet
facet normal 0 0 -0.9999999999999999
outer loop
vertex 27.99984 41.00016 0
vertex 2.4998400000000003 78.25008 0
vertex 53.49984 78.25008 0
endloop
endfacet
facet normal 0 0 -1
outer loop
vertex 27.99984 41.00016 0
vertex 53.49984 78.25008 0
vertex 56.00016 78.25008 0
endloop
endfacet
facet normal 0 0 -1
outer loop
vertex 27.99984 41.00016 0
vertex 56.00016 78.25008 0
vertex 56.00016 3.7502400000000002 0
endloop
endfacet
facet normal 0 0 -1
outer loop
vertex 27.99984 41.00016 0
vertex 56.00016 3.7502400000000002 0
vertex 53.49984 3.7502400000000002 0
endloop
endfacet
facet normal 0 0 -1
outer loop
vertex 27.99984 41.00016 0
vertex 53.49984 3.7502400000000002 0
vertex 2.4998400000000003 3.7502400000000002 0
endloop
endfacet
facet normal 0 0 -0.9999999999999999
outer loop
vertex 27.99984 41.00016 0
vertex 2.4998400000000003 3.7502400000000002 0
vertex 0 3.7502400000000002 0
endloop
endfacet
facet normal 0 0 -1
outer loop
vertex 27.99984 41.00016 0
vertex 0 3.7502400000000002 0
vertex 0 78.25008 0
endloop
endfacet
facet normal 0 0 -1
outer loop
vertex 27.99984 41.00016 0
vertex 0 78.25008 0
vertex 2.4998400000000003 78.25008 0
endloop
endfacet
facet normal 0 0 -0.9999999999999999
outer loop
vertex 2.4998400000000003 3.7502400000000002 0
vertex 2.2560000000000002 3.72576 0
vertex 0 3.72576 0
endloop
endfacet
facet normal 0 0 -0.9999999999999999
outer loop
vertex 2.4998400000000003 3.7502400000000002 0
vertex 0 3.72576 0
vertex 0 3.7502400000000002 0
endloop
endfacet
facet normal 0 0 -1
outer loop
vertex 53.49984 3.7502400000000002 0
vertex 53.256 3.72576 0
vertex 2.74368 3.72576 0
endloop
endfacet
facet normal 0 0 -0.9999999999999999
outer loop
vertex 53.49984 3.7502400000000002 0
vertex 2.74368 3.72576 0
vertex 2.4998400000000003 3.7502400000000002 0
endloop
endfacet
facet normal 0 0 -0.9999999999999999
outer loop
vertex 56.00016 3.7502400000000002 0
vertex 56.00016 3.72576 0
vertex 53.743680000000005 3.72576 0
endloop
endfacet
facet normal 0 0 -0.9999999999999999
outer loop
vertex 56.00016 3.7502400000000002 0
vertex 53.743680000000005 3.72576 0
vertex 53.49984 3.7502400000000002 0
endloop
endfacet
facet normal 0 0 -1
outer loop
vertex 2.2560000000000002 3.72576 0
vertex 2.02176 3.65472 0
vertex 0 3.65472 0
endloop
endfacet
facet normal 0 0 -1
outer loop
vertex 2.2560000000000002 3.72576 0
vertex 0 3.65472 0
vertex 0 3.72576 0
endloop
endfacet
facet normal 0 0 -0.9999999999999999
outer loop
vertex 53.256 3.72576 0
vertex 53.02176 3.65472 0
vertex 2.9784 3.65472 0
endloop
endfacet
facet normal 0 0 -0.9999999999999999
outer loop
vertex 53.256 3.72576 0
vertex 2.9784 3.65472 0
vertex 2.74368 3.72576 0
endloop
endfacet
facet normal 0 0 -1
outer loop
vertex 56.00016 3.72576 0
vertex 56.00016 3.65472 0
vertex 53.9784 3.65472 0
endloop
endfacet
facet normal 0 0 -1
outer loop
vertex 56.00016 3.72576 0
vertex 53.9784 3.65472 0
vertex 53.743680000000005 3.72576 0
endloop
endfacet
facet normal 0 0 -0.9999999999999999
outer loop
vertex 2.02176 3.65472 0
vertex 1.80576 3.53952 0
vertex 0 3.53952 0
endloop
endfacet
facet normal 0 0 -1
outer loop
vertex 2.02176 3.65472 0
vertex 0 3.53952 0
vertex 0 3.65472 0
endloop
endfacet
facet normal 0 0 -1
outer loop
vertex 53.02176 3.65472 0
vertex 52.80576 3.53952 0
vertex 3.1944 3.53952 0
endloop
endfacet
facet normal 0 0 -1
outer loop
vertex 53.02176 3.65472 0
vertex 3.1944 3.53952 0
vertex 2.9784 3.65472 0
endloop
endfacet
facet normal 0 0 -1
outer loop
vertex 56.00016 3.65472 0
vertex 56.00016 3.53952 0
vertex 54.1944 3.53952 0
endloop
endfacet
facet normal 0 0 -1
outer loop
vertex 56.00016 3.65472 0
vertex 54.1944 3.53952 0
vertex 53.9784 3.65472 0
endloop
endfacet
facet normal 0 0 -1
outer loop
vertex 1.80576 3.53952 0
vertex 1.61616 3.384 0
vertex 0 3.384 0
endloop
endfacet
facet normal 0 0 -1
outer loop
vertex 1.80576 3.53952 0
vertex 0 3.384 0
vertex 0 3.53952 0
endloop
endfacet
facet normal 0 0 -1
outer loop
vertex 52.80576 3.53952 0
vertex 52.61616 3.384 0
vertex 3.384 3.384 0
endloop
endfacet
facet normal 0 0 -0.9999999999999999
outer loop
vertex 52.80576 3.53952 0
vertex 3.384 3.384 0
vertex 3.1944 3.53952 0
endloop
endfacet
facet normal 0 0 -1
outer loop
vertex 56.00016 3.53952 0
vertex 56.00016 3.384 0
vertex 54.384 3.384 0
endloop
endfacet
facet normal 0 0 -1
outer loop
vertex 56.00016 3.53952 0
vertex 54.384 3.384 0
vertex 54.1944 3.53952 0
endloop
endfacet
facet normal 0 0 -1
outer loop
vertex 1.61616 3.384 0
vertex 1.46064 3.1944 0
vertex 0 3.1944 0
endloop
endfacet
facet normal 0 0 -1
outer loop
vertex 1.61616 3.384 0
vertex 0 3.1944 0
vertex 0 3.384 0
endloop
endfacet
facet normal 0 0 -1
outer loop
vertex 52.61616 3.384 0
vertex 52.46064 3.1944 0
vertex 3.53952 3.1944 0
endloop
endfacet
facet normal 0 0 -1
outer loop
vertex 52.61616 3.384 0
vertex 3.53952 3.1944 0
vertex 3.384 3.384 0
endloop
endfacet
facet normal 0 0 -1
outer loop
vertex 56.00016 3.384 0
vertex 56.00016 3.1944 0
vertex 54.53952 3.1944 0
endloop
endfacet
facet normal 0 0 -1
outer loop
vertex 56.00016 3.384 0
vertex 54.53952 3.1944 0
vertex 54.384 3.384 0
endloop
endfacet
facet normal 0 0 -1
outer loop
vertex 0.5611200000000001 3.0691200000000003 0
vertex 1.46064 3.1944 0
vertex 1.34496 2.9784 0
endloop
endfacet
facet normal 0 0 -1
outer loop
vertex 0.5611200000000001 3.0691200000000003 0
vertex 1.34496 2.9784 0
vertex 0.00048 2.9784 0
endloop
endfacet
facet normal 0 0 -1
outer loop
vertex 0.5611200000000001 3.0691200000000003 0
vertex 0.00048 2.9784 0
vertex 0 3 0
endloop
endfacet
facet normal 0 0 -1
outer loop
vertex 0.5611200000000001 3.0691200000000003 0
vertex 0 3 0
vertex 0 3.1944 0
endloop
endfacet
facet normal 0 0 -1
outer loop
vertex 0.5611200000000001 3.0691200000000003 0
vertex 0 3.1944 0
vertex 1.46064 3.1944 0
endloop
endfacet
facet normal 0 0 -1
outer loop
vertex 52.46064 3.1944 0
vertex 52.34496 2.9784 0
vertex 3.65472 2.9784 0
endloop
endfacet
facet normal 0 0 -1
outer loop
vertex 52.46064 3.1944 0
vertex 3.65472 2.9784 0
vertex 3.53952 3.1944 0
endloop
endfacet
facet normal 0 0 -1
outer loop
vertex 55.43856 3.0691200000000003 0
vertex 56.00016 3.1944 0
vertex 56.00016 3 0
endloop
endfacet
facet normal 0 0 -1
outer loop
vertex 55.43856 3.0691200000000003 0
vertex 56.00016 3 0
vertex 55.9992 2.9784 0
endloop
endfacet
facet normal 0 0 -0.9999999999999999
outer loop
vertex 55.43856 3.0691200000000003 0
vertex 55.9992 2.9784 0
vertex 54.654720000000005 2.9784 0
endloop
endfacet
facet normal 0 0 -0.9999999999999999
outer loop
vertex 55.43856 3.0691200000000003 0
vertex 54.654720000000005 2.9784 0
vertex 54.53952 3.1944 0
endloop
endfacet
facet normal 0 0 -1
outer loop
vertex 55.43856 3.0691200000000003 0
vertex 54.53952 3.1944 0
vertex 56.00016 3.1944 0
endloop
endfacet
facet normal 0 0 -1
outer loop
vertex 0.52752 2.8512 0
vertex 1.34496 2.9784 0
vertex 1.27392 2.74368 0
endloop
endfacet
facet normal 0 0 -1
outer loop
vertex 0.52752 2.8512 0
vertex 1.27392 2.74368 0
vertex 0.01248 2.74368 0
endloop
endfacet
facet normal 0 0 -1
outer loop
vertex 0.52752 2.8512 0
vertex 0.01248 2.74368 0
vertex 0.00576 2.81184 0
endloop
endfacet
facet normal 0 0 -1
outer loop
vertex 0.52752 2.8512 0
vertex 0.00576 2.81184 0
vertex 0.00048 2.9784 0
endloop
endfacet
facet normal 0 0 -1
outer loop
vertex 0.52752 2.8512 0
vertex 0.00048 2.9784 0
vertex 1.34496 2.9784 0
endloop
endfacet
facet normal 0 0 -1
outer loop
vertex 52.34496 2.9784 0
vertex 52.273920000000004 2.74368 0
vertex 3.72576 2.74368 0
endloop
endfacet
facet normal 0 0 -1
outer loop
vertex 52.34496 2.9784 0
vertex 3.72576 2.74368 0
vertex 3.65472 2.9784 0
endloop
endfacet
facet normal 0 0 -0.9999999999999999
outer loop
vertex 55.47216 2.8512 0
vertex 55.9992 2.9784 0
vertex 55.99392 2.81184 0
endloop
endfacet
facet normal 0 0 -1
outer loop
vertex 55.47216 2.8512 0
vertex 55.99392 2.81184 0
vertex 55.987680000000005 2.74368 0
endloop
endfacet
facet normal 0 0 -1
outer loop
vertex 55.47216 2.8512 0
vertex 55.987680000000005 2.74368 0
vertex 54.72576 2.74368 0
endloop
endfacet
facet normal 0 0 -1
outer loop
vertex 55.47216 2.8512 0
vertex 54.72576 2.74368 0
vertex 54.654720000000005 2.9784 0
endloop
endfacet
facet normal 0 0 -1
outer loop
vertex 55.47216 2.8512 0
vertex 54.654720000000005 2.9784 0
vertex 55.9992 2.9784 0
endloop
endfacet
facet normal 0 0 -1
outer loop
vertex 0.5208 2.62224 0
vertex 1.27392 2.74368 0
vertex 1.2499200000000001 2.4998400000000003 0
endloop
endfacet
facet normal 0 0 -1
outer loop
vertex 0.5208 2.62224 0
vertex 1.2499200000000001 2.4998400000000003 0
vertex 0.0432 2.4998400000000003 0
endloop
endfacet
facet normal 0 0 -1
outer loop
vertex 0.5208 2.62224 0
vertex 0.0432 2.4998400000000003 0
vertex 0.02352 2.6241600000000003 0
endloop
endfacet
facet normal 0 0 -0.9999999999999999
outer loop
vertex 0.5208 2.62224 0
vertex 0.02352 2.6241600000000003 0
vertex 0.01248 2.74368 0
endloop
endfacet
facet normal 0 0 -1
outer loop
vertex 0.5208 2.62224 0
vertex 0.01248 2.74368 0
vertex 1.27392 2.74368 0
endloop
endfacet
facet normal 0 0 -1
outer loop
vertex 52.273920000000004 2.74368 0
vertex 52.24992 2.4998400000000003 0
vertex 3.7502400000000002 2.4998400000000003 0
endloop
endfacet
facet normal 0 0 -1
outer loop
vertex 52.273920000000004 2.74368 0
vertex 3.7502400000000002 2.4998400000000003 0
vertex 3.72576 2.74368 0
endloop
endfacet
facet normal 0 0 -1
outer loop
vertex 55.47936 2.62224 0
vertex 55.987680000000005 2.74368 0
vertex 55.97616 2.6241600000000003 0
endloop
endfacet
facet normal 0 0 -1
outer loop
vertex 55.47936 2.62224 0
vertex 55.97616 2.6241600000000003 0
vertex 55.95648 2.4998400000000003 0
endloop
endfacet
facet normal 0 0 -1
outer loop
vertex 55.47936 2.62224 0
vertex 55.95648 2.4998400000000003 0
vertex 54.75024 2.4998400000000003 0
endloop
endfacet
facet normal 0 0 -1
outer loop
vertex 55.47936 2.62224 0
vertex 54.75024 2.4998400000000003 0
vertex 54.72576 2.74368 0
endloop
endfacet
facet normal 0 0 -1
outer loop
vertex 55.47936 2.62224 0
vertex 54.72576 2.74368 0
vertex 55.987680000000005 2.74368 0
endloop
endfacet
facet normal 0 0 -1
outer loop
vertex 0.54288 2.38992 0
vertex 1.2499200000000001 2.4998400000000003 0
vertex 1.27392 2.2560000000000002 0
endloop
endfacet
facet normal 0 0 -0.9999999999999999
outer loop
vertex 0.54288 2.38992 0
vertex 1.27392 2.2560000000000002 0
vertex 0.0936 2.2560000000000002 0
endloop
endfacet
facet normal 0 0 -1
outer loop
vertex 0.54288 2.38992 0
vertex 0.0936 2.2560000000000002 0
vertex 0.05328 2.43792 0
endloop
endfacet
facet normal 0 0 -1
outer loop
vertex 0.54288 2.38992 0
vertex 0.05328 2.43792 0
vertex 0.0432 2.4998400000000003 0
endloop
endfacet
facet normal 0 0 -1
outer loop
vertex 0.54288 2.38992 0
vertex 0.0432 2.4998400000000003 0
vertex 1.2499200000000001 2.4998400000000003 0
endloop
endfacet
facet normal 0 0 -1
outer loop
vertex 52.24992 2.4998400000000003 0
vertex 52.273920000000004 2.2560000000000002 0
vertex 3.72576 2.2560000000000002 0
endloop
endfacet
facet normal 0 0 -1
outer loop
vertex 52.24992 2.4998400000000003 0
vertex 3.72576 2.2560000000000002 0
vertex 3.7502400000000002 2.4998400000000003 0
endloop
endfacet
facet normal 0 0 -1
outer loop
vertex 55.457280000000004 2.38992 0
vertex 55.95648 2.4998400000000003 0
vertex 55.94688 2.43792 0
endloop
endfacet
facet normal 0 0 -1
outer loop
vertex 55.457280000000004 2.38992 0
vertex 55.94688 2.43792 0
vertex 55.90608 2.2560000000000002 0
endloop
endfacet
facet normal 0 0 -1
outer loop
vertex 55.457280000000004 2.38992 0
vertex 55.90608 2.2560000000000002 0
vertex 54.72576 2.2560000000000002 0
endloop
endfacet
facet normal 0 0 -1
outer loop
vertex 55.457280000000004 2.38992 0
vertex 54.72576 2.2560000000000002 0
vertex 54.75024 2.4998400000000003 0
endloop
endfacet
facet normal 0 0 -1
outer loop
vertex 55.457280000000004 2.38992 0
vertex 54.75024 2.4998400000000003 0
vertex 55.95648 2.4998400000000003 0
endloop
endfacet
facet normal 0 0 -0.9999999999999999
outer loop
vertex 0.51984 2.14704 0
vertex 1.27392 2.2560000000000002 0
vertex 1.34496 2.02176 0
endloop
endfacet
facet normal 0 0 -1
outer loop
vertex 0.51984 2.14704 0
vertex 1.34496 2.02176 0
vertex 0.16512000000000002 2.02176 0
endloop
endfacet
facet normal 0 0 -1
outer loop
vertex 0.51984 2.14704 0
vertex 0.16512000000000002 2.02176 0
vertex 0.14688 2.07312 0
endloop
endfacet
facet normal 0 0 -1
outer loop
vertex 0.51984 2.14704 0
vertex 0.14688 2.07312 0
vertex 0.09408 2.25408 0
endloop
endfacet
facet normal 0 0 -1
outer loop
vertex 0.51984 2.14704 0
vertex 0.09408 2.25408 0
vertex 0.0936 2.2560000000000002 0
endloop
endfacet
facet normal 0 0 -1
outer loop
vertex 0.51984 2.14704 0
vertex 0.0936 2.2560000000000002 0
vertex 1.27392 2.2560000000000002 0
endloop
endfacet
facet normal 0 0 -0.9999999999999999
outer loop
vertex 52.273920000000004 2.2560000000000002 0
vertex 52.34496 2.02176 0
vertex 3.65472 2.02176 0
endloop
endfacet
facet normal 0 0 -1
outer loop
vertex 52.273920000000004 2.2560000000000002 0
vertex 3.65472 2.02176 0
vertex 3.72576 2.2560000000000002 0
endloop
endfacet
facet normal 0 0 -1
outer loop
vertex 55.47984 2.14704 0
vertex 55.90608 2.2560000000000002 0
vertex 55.9056 2.25408 0
endloop
endfacet
facet normal 0 0 -1
outer loop
vertex 55.47984 2.14704 0
vertex 55.9056 2.25408 0
vertex 55.85328 2.07312 0
endloop
endfacet
facet normal 0 0 -1
outer loop
vertex 55.47984 2.14704 0
vertex 55.85328 2.07312 0
vertex 55.83456 2.02176 0
endloop
endfacet
facet normal 0 0 -1
outer loop
vertex 55.47984 2.14704 0
vertex 55.83456 2.02176 0
vertex 54.654720000000005 2.02176 0
endloop
endfacet
facet normal 0 0 -1
outer loop
vertex 55.47984 2.14704 0
vertex 54.654720000000005 2.02176 0
vertex 54.72576 2.2560000000000002 0
endloop
endfacet
facet normal 0 0 -1
outer loop
vertex 55.47984 2.14704 0
vertex 54.72576 2.2560000000000002 0
vertex 55.90608 2.2560000000000002 0
endloop
endfacet
facet normal 0 0 -1
outer loop
vertex 0.6864 1.90992 0
vertex 1.34496 2.02176 0
vertex 1.46064 1.80576 0
endloop
endfacet
facet normal 0 0 -1
outer loop
vertex 0.6864 1.90992 0
vertex 1.46064 1.80576 0
vertex 0.24960000000000002 1.80576 0
endloop
endfacet
facet normal 0 0 -1
outer loop
vertex 0.6864 1.90992 0
vertex 0.24960000000000002 1.80576 0
vertex 0.21072000000000002 1.89552 0
endloop
endfacet
facet normal 0 0 -1
outer loop
vertex 0.6864 1.90992 0
vertex 0.21072000000000002 1.89552 0
vertex 0.16512000000000002 2.02176 0
endloop
endfacet
facet normal 0 0 -1
outer loop
vertex 0.6864 1.90992 0
vertex 0.16512000000000002 2.02176 0
vertex 1.34496 2.02176 0
endloop
endfacet
facet normal 0 0 -1
outer loop
vertex 52.34496 2.02176 0
vertex 52.46064 1.80576 0
vertex 3.53952 1.80576 0
endloop
endfacet
facet normal 0 0 -1
outer loop
vertex 52.34496 2.02176 0
vertex 3.53952 1.80576 0
vertex 3.65472 2.02176 0
endloop
endfacet
facet normal 0 0 -0.9999999999999999
outer loop
vertex 55.31376 1.90992 0
vertex 55.83456 2.02176 0
vertex 55.78944 1.89552 0
endloop
endfacet
facet normal 0 0 -1
outer loop
vertex 55.31376 1.90992 0
vertex 55.78944 1.89552 0
vertex 55.75056 1.80576 0
endloop
endfacet
facet normal 0 0 -1
outer loop
vertex 55.31376 1.90992 0
vertex 55.75056 1.80576 0
vertex 54.53952 1.80576 0
endloop
endfacet
facet normal 0 0 -1
outer loop
vertex 55.31376 1.90992 0
vertex 54.53952 1.80576 0
vertex 54.654720000000005 2.02176 0
endloop
endfacet
facet normal 0 0 -1
outer loop
vertex 55.31376 1.90992 0
vertex 54.654720000000005 2.02176 0
vertex 55.83456 2.02176 0
endloop
endfacet
facet normal 0 0 -1
outer loop
vertex 0.79056 1.71312 0
vertex 1.46064 1.80576 0
vertex 1.61616 1.61616 0
endloop
endfacet
facet normal 0 0 -1
outer loop
vertex 0.79056 1.71312 0
vertex 1.61616 1.61616 0
vertex 0.33984000000000003 1.61616 0
endloop
endfacet
facet normal 0 0 -1
outer loop
vertex 0.79056 1.71312 0
vertex 0.33984000000000003 1.61616 0
vertex 0.2856 1.72272 0
endloop
endfacet
facet normal 0 0 -1
outer loop
vertex 0.79056 1.71312 0
vertex 0.2856 1.72272 0
vertex 0.24960000000000002 1.80576 0
endloop
endfacet
facet normal 0 0 -1
outer loop
vertex 0.79056 1.71312 0
vertex 0.24960000000000002 1.80576 0
vertex 1.46064 1.80576 0
endloop
endfacet
facet normal 0 0 -1
outer loop
vertex 52.46064 1.80576 0
vertex 52.61616 1.61616 0
vertex 3.384 1.61616 0
endloop
endfacet
facet normal 0 0 -1
outer loop
vertex 52.46064 1.80576 0
vertex 3.384 1.61616 0
vertex 3.53952 1.80576 0
endloop
endfacet
facet normal 0 0 -1
outer loop
vertex 55.2096 1.71312 0
vertex 55.75056 1.80576 0
vertex 55.71456 1.72272 0
endloop
endfacet
facet normal 0 0 -1
outer loop
vertex 55.2096 1.71312 0
vertex 55.71456 1.72272 0
vertex 55.66032 1.61616 0
endloop
endfacet
facet normal 0 0 -1
outer loop
vertex 55.2096 1.71312 0
vertex 55.66032 1.61616 0
vertex 54.384 1.61616 0
endloop
endfacet
facet normal 0 0 -1
outer loop
vertex 55.2096 1.71312 0
vertex 54.384 1.61616 0
vertex 54.53952 1.80576 0
endloop
endfacet
facet normal 0 0 -1
outer loop
vertex 55.2096 1.71312 0
vertex 54.53952 1.80576 0
vertex 55.75056 1.80576 0
endloop
endfacet
facet normal 0 0 -0.9999999999999999
outer loop
vertex 0.912 1.54176 0
vertex 1.61616 1.61616 0
vertex 1.80576 1.46064 0
endloop
endfacet
facet normal 0 0 -1
outer loop
vertex 0.912 1.54176 0
vertex 1.80576 1.46064 0
vertex 0.42672 1.46064 0
endloop
endfacet
facet normal 0 0 -1
outer loop
vertex 0.912 1.54176 0
vertex 0.42672 1.46064 0
vertex 0.37104000000000004 1.55472 0
endloop
endfacet
facet normal 0 0 -1
outer loop
vertex 0.912 1.54176 0
vertex 0.37104000000000004 1.55472 0
vertex 0.33984000000000003 1.61616 0
endloop
endfacet
facet normal 0 0 -0.9999999999999999
outer loop
vertex 0.912 1.54176 0
vertex 0.33984000000000003 1.61616 0
vertex 1.61616 1.61616 0
endloop
endfacet
facet normal 0 0 -0.9999999999999999
outer loop
vertex 52.61616 1.61616 0
vertex 52.80576 1.46064 0
vertex 3.1944 1.46064 0
endloop
endfacet
facet normal 0 0 -0.9999999999999999
outer loop
vertex 52.61616 1.61616 0
vertex 3.1944 1.46064 0
vertex 3.384 1.61616 0
endloop
endfacet
facet normal 0 0 -1
outer loop
vertex 55.08816 1.54176 0
vertex 55.66032 1.61616 0
vertex 55.62912 1.55472 0
endloop
endfacet
facet normal 0 0 -1
outer loop
vertex 55.08816 1.54176 0
vertex 55.62912 1.55472 0
vertex 55.57344 1.46064 0
endloop
endfacet
facet normal 0 0 -0.9999999999999999
outer loop
vertex 55.08816 1.54176 0
vertex 55.57344 1.46064 0
vertex 54.1944 1.46064 0
endloop
endfacet
facet normal 0 0 -0.9999999999999999
outer loop
vertex 55.08816 1.54176 0
vertex 54.1944 1.46064 0
vertex 54.384 1.61616 0
endloop
endfacet
facet normal 0 0 -1
outer loop
vertex 55.08816 1.54176 0
vertex 54.384 1.61616 0
vertex 55.66032 1.61616 0
endloop
endfacet
facet normal 0 0 -1
outer loop
vertex 1.044 1.40064 0
vertex 1.80576 1.46064 0
vertex 2.02176 1.34496 0
endloop
endfacet
facet normal 0 0 -0.9999999999999999
outer loop
vertex 1.044 1.40064 0
vertex 2.02176 1.34496 0
vertex 0.49920000000000003 1.34496 0
endloop
endfacet
facet normal 0 0 -0.9999999999999999
outer loop
vertex 1.044 1.40064 0
vertex 0.49920000000000003 1.34496 0
vertex 0.46704 1.39248 0
endloop
endfacet
facet normal 0 0 -1
outer loop
vertex 1.044 1.40064 0
vertex 0.46704 1.39248 0
vertex 0.42672 1.46064 0
endloop
endfacet
facet normal 0 0 -1
outer loop
vertex 1.044 1.40064 0
vertex 0.42672 1.46064 0
vertex 1.80576 1.46064 0
endloop
endfacet
facet normal 0 0 -1
outer loop
vertex 52.80576 1.46064 0
vertex 53.02176 1.34496 0
vertex 2.9784 1.34496 0
endloop
endfacet
facet normal 0 0 -1
outer loop
vertex 52.80576 1.46064 0
vertex 2.9784 1.34496 0
vertex 3.1944 1.46064 0
endloop
endfacet
facet normal 0 0 -1
outer loop
vertex 54.956160000000004 1.40064 0
vertex 55.57344 1.46064 0
vertex 55.533120000000004 1.39248 0
endloop
endfacet
facet normal 0 0 -0.9999999999999999
outer loop
vertex 54.956160000000004 1.40064 0
vertex 55.533120000000004 1.39248 0
vertex 55.50096 1.34496 0
endloop
endfacet
facet normal 0 0 -1
outer loop
vertex 54.956160000000004 1.40064 0
vertex 55.50096 1.34496 0
vertex 53.9784 1.34496 0
endloop
endfacet
facet normal 0 0 -1
outer loop
vertex 54.956160000000004 1.40064 0
vertex 53.9784 1.34496 0
vertex 54.1944 1.46064 0
endloop
endfacet
facet normal 0 0 -1
outer loop
vertex 54.956160000000004 1.40064 0
vertex 54.1944 1.46064 0
vertex 55.57344 1.46064 0
endloop
endfacet
facet normal 0 0 -1
outer loop
vertex 2.02176 1.34496 0
vertex 2.2560000000000002 1.27392 0
vertex 0.5476800000000001 1.27392 0
endloop
endfacet
facet normal 0 0 -0.9999999999999999
outer loop
vertex 2.02176 1.34496 0
vertex 0.5476800000000001 1.27392 0
vertex 0.49920000000000003 1.34496 0
endloop
endfacet
facet normal 0 0 -0.9999999999999999
outer loop
vertex 53.02176 1.34496 0
vertex 53.256 1.27392 0
vertex 2.74368 1.27392 0
endloop
endfacet
facet normal 0 0 -0.9999999999999999
outer loop
vertex 53.02176 1.34496 0
vertex 2.74368 1.27392 0
vertex 2.9784 1.34496 0
endloop
endfacet
facet normal 0 0 -1
outer loop
vertex 55.50096 1.34496 0
vertex 55.45248 1.27392 0
vertex 53.743680000000005 1.27392 0
endloop
endfacet
facet normal 0 0 -1
outer loop
vertex 55.50096 1.34496 0
vertex 53.743680000000005 1.27392 0
vertex 53.9784 1.34496 0
endloop
endfacet
facet normal 0 0 -1
outer loop
vertex 2.2560000000000002 1.27392 0
vertex 2.4998400000000003 1.2499200000000001 0
vertex 0.5640000000000001 1.2499200000000001 0
endloop
endfacet
facet normal 0 0 -1
outer loop
vertex 2.2560000000000002 1.27392 0
vertex 0.5640000000000001 1.2499200000000001 0
vertex 0.5476800000000001 1.27392 0
endloop
endfacet
facet normal 0 0 -1
outer loop
vertex 53.256 1.27392 0
vertex 53.49984 1.2499200000000001 0
vertex 2.4998400000000003 1.2499200000000001 0
endloop
endfacet
facet normal 0 0 -1
outer loop
vertex 53.256 1.27392 0
vertex 2.4998400000000003 1.2499200000000001 0
vertex 2.74368 1.27392 0
endloop
endfacet
facet normal 0 0 -1
outer loop
vertex 55.45248 1.27392 0
vertex 55.43616 1.2499200000000001 0
vertex 53.49984 1.2499200000000001 0
endloop
endfacet
facet normal 0 0 -1
outer loop
vertex 55.45248 1.27392 0
vertex 53.49984 1.2499200000000001 0
vertex 53.743680000000005 1.27392 0
endloop
endfacet
facet normal 0 0 -1
outer loop
vertex 27.99984 0.528 0
vertex 2.4998400000000003 1.2499200000000001 0
vertex 53.49984 1.2499200000000001 0
endloop
endfacet
facet normal 0 0 -1
outer loop
vertex 27.99984 0.528 0
vertex 53.49984 1.2499200000000001 0
vertex 55.43616 1.2499200000000001 0
endloop
endfacet
facet normal 0 0 -1
outer loop
vertex 27.99984 0.528 0
vertex 55.43616 1.2499200000000001 0
vertex 55.42704 1.23648 0
endloop
endfacet
facet normal 0 0 -1
outer loop
vertex 27.99984 0.528 0
vertex 55.42704 1.23648 0
vertex 55.31136 1.08768 0
endloop
endfacet
facet normal 0 0 -1
outer loop
vertex 27.99984 0.528 0
vertex 55.31136 1.08768 0
vertex 55.18704 0.9465600000000001 0
endloop
endfacet
facet normal 0 0 -1
outer loop
vertex 27.99984 0.528 0
vertex 55.18704 0.9465600000000001 0
vertex 55.0536 0.8131200000000001 0
endloop
endfacet
facet normal 0 0 -1
outer loop
vertex 27.99984 0.528 0
vertex 55.0536 0.8131200000000001 0
vertex 54.91248 0.68832 0
endloop
endfacet
facet normal 0 0 -1
outer loop
vertex 27.99984 0.528 0
vertex 54.91248 0.68832 0
vertex 54.763200000000005 0.57312 0
endloop
endfacet
facet normal 0 0 -1
outer loop
vertex 27.99984 0.528 0
vertex 54.763200000000005 0.57312 0
vertex 54.60768 0.46704 0
endloop
endfacet
facet normal 0 0 -1
outer loop
vertex 27.99984 0.528 0
vertex 54.60768 0.46704 0
vertex 54.44544 0.37104000000000004 0
endloop
endfacet
facet normal 0 0 -1
outer loop
vertex 27.99984 0.528 0
vertex 54.44544 0.37104000000000004 0
vertex 54.27744 0.2856 0
endloop
endfacet
facet normal 0 0 -1
outer loop
vertex 27.99984 0.528 0
vertex 54.27744 0.2856 0
vertex 54.10416 0.21072000000000002 0
endloop
endfacet
facet normal 0 0 -1
outer loop
vertex 27.99984 0.528 0
vertex 54.10416 0.21072000000000002 0
vertex 53.92704 0.14688 0
endloop
endfacet
facet normal 0 0 -1
outer loop
vertex 27.99984 0.528 0
vertex 53.92704 0.14688 0
vertex 53.74608 0.09408 0
endloop
endfacet
facet normal 0 0 -1
outer loop
vertex 27.99984 0.528 0
vertex 53.74608 0.09408 0
vertex 53.56224 0.05328 0
endloop
endfacet
facet normal 0 0 -1
outer loop
vertex 27.99984 0.528 0
vertex 53.56224 0.05328 0
vertex 53.376000000000005 0.02352 0
endloop
endfacet
facet normal 0 0 -1
outer loop
vertex 27.99984 0.528 0
vertex 53.376000000000005 0.02352 0
vertex 53.188320000000004 0.00576 0
endloop
endfacet
facet normal 0 0 -1
outer loop
vertex 27.99984 0.528 0
vertex 53.188320000000004 0.00576 0
vertex 53.00016 0 0
endloop
endfacet
facet normal 0 0 -1
outer loop
vertex 27.99984 0.528 0
vertex 53.00016 0 0
vertex 3 0 0
endloop
endfacet
facet normal 0 0 -1
outer loop
vertex 27.99984 0.528 0
vertex 3 0 0
vertex 2.81184 0.00576 0
endloop
endfacet
facet normal 0 0 -1
outer loop
vertex 27.99984 0.528 0
vertex 2.81184 0.00576 0
vertex 2.6241600000000003 0.02352 0
endloop
endfacet
facet normal 0 0 -1
outer loop
vertex 27.99984 0.528 0
vertex 2.6241600000000003 0.02352 0
vertex 2.43792 0.05328 0
endloop
endfacet
facet normal 0 0 -1
outer loop
vertex 27.99984 0.528 0
vertex 2.43792 0.05328 0
vertex 2.25408 0.09408 0
endloop
endfacet
facet normal 0 0 -0.9999999999999999
outer loop
vertex 27.99984 0.528 0
vertex 2.25408 0.09408 0
vertex 2.07312 0.14688 0
endloop
endfacet
facet normal 0 0 -1
outer loop
vertex 27.99984 0.528 0
vertex 2.07312 0.14688 0
vertex 1.89552 0.21072000000000002 0
endloop
endfacet
facet normal 0 0 -1
outer loop
vertex 27.99984 0.528 0
vertex 1.89552 0.21072000000000002 0
vertex 1.72272 0.2856 0
endloop
endfacet
facet normal 0 0 -1
outer loop
vertex 27.99984 0.528 0
vertex 1.72272 0.2856 0
vertex 1.55472 0.37104000000000004 0
endloop
endfacet
facet normal 0 0 -1
outer loop
vertex 27.99984 0.528 0
vertex 1.55472 0.37104000000000004 0
vertex 1.39248 0.46704 0
endloop
endfacet
facet normal 0 0 -0.9999999999999999
outer loop
vertex 27.99984 0.528 0
vertex 1.39248 0.46704 0
vertex 1.23648 0.57312 0
endloop
endfacet
facet normal 0 0 -1
outer loop
vertex 27.99984 0.528 0
vertex 1.23648 0.57312 0
vertex 1.08768 0.68832 0
endloop
endfacet
facet normal 0 0 -1
outer loop
vertex 27.99984 0.528 0
vertex 1.08768 0.68832 0
vertex 0.9465600000000001 0.8131200000000001 0
endloop
endfacet
facet normal 0 0 -1
outer loop
vertex 27.99984 0.528 0
vertex 0.9465600000000001 0.8131200000000001 0
vertex 0.8131200000000001 0.9465600000000001 0
endloop
endfacet
facet normal 0 0 -0.9999999999999999
outer loop
vertex 27.99984 0.528 0
vertex 0.8131200000000001 0.9465600000000001 0
vertex 0.68832 1.08768 0
endloop
endfacet
facet normal 0 0 -0.9999999999999999
outer loop
vertex 27.99984 0.528 0
vertex 0.68832 1.08768 0
vertex 0.57312 1.23648 0
endloop
endfacet
facet normal 0 0 -1
outer loop
vertex 27.99984 0.528 0
vertex 0.57312 1.23648 0
vertex 0.5640000000000001 1.2499200000000001 0
endloop
endfacet
facet normal 0 0 -1
outer loop
vertex 27.99984 0.528 0
vertex 0.5640000000000001 1.2499200000000001 0
vertex 2.4998400000000003 1.2499200000000001 0
endloop
endfacet
endsolid JSCAD
